I,II,III,aVR,aVL,aVF,V1,V2,V3,V4,V5,V6
0.000,-0.120,-0.120,0.060,0.060,-0.120,0.085,0.030,-0.095,-0.160,-0.170,-0.105
0.000,-0.120,-0.120,0.060,0.060,-0.120,0.085,0.030,-0.095,-0.160,-0.170,-0.105
0.000,-0.120,-0.120,0.060,0.060,-0.120,0.085,0.030,-0.095,-0.160,-0.170,-0.105
0.000,-0.120,-0.120,0.060,0.060,-0.120,0.085,0.030,-0.096,-0.161,-0.170,-0.105
0.000,-0.120,-0.120,0.060,0.060,-0.120,0.084,0.030,-0.094,-0.159,-0.169,-0.105
0.000,-0.120,-0.120,0.060,0.060,-0.120,0.085,0.030,-0.095,-0.160,-0.170,-0.105
-0.001,-0.120,-0.120,0.061,0.059,-0.120,0.098,0.019,-0.116,-0.181,-0.182,-0.112
0.004,-0.118,-0.122,0.057,0.063,-0.120,0.101,0.005,-0.123,-0.188,-0.194,-0.125
-0.012,-0.127,-0.115,0.070,0.051,-0.121,0.100,-0.004,-0.133,-0.197,-0.207,-0.133
-0.022,-0.142,-0.121,0.083,0.049,-0.131,0.100,-0.013,-0.154,-0.213,-0.216,-0.136
0.000,-0.150,-0.150,0.075,0.075,-0.150,0.100,-0.025,-0.165,-0.225,-0.220,-0.145
-0.023,-0.171,-0.147,0.097,0.062,-0.159,0.100,-0.037,-0.169,-0.242,-0.232,-0.158
-0.036,-0.180,-0.144,0.109,0.054,-0.162,0.100,-0.047,-0.172,-0.248,-0.239,-0.158
-0.035,-0.180,-0.145,0.108,0.055,-0.162,0.100,-0.053,-0.179,-0.256,-0.240,-0.155
-0.035,-0.180,-0.145,0.108,0.055,-0.162,0.100,-0.055,-0.186,-0.265,-0.241,-0.154
-0.035,-0.180,-0.145,0.108,0.055,-0.162,0.100,-0.055,-0.190,-0.260,-0.245,-0.150
-0.040,-0.184,-0.145,0.112,0.053,-0.164,0.101,-0.051,-0.195,-0.260,-0.250,-0.150
-0.039,-0.185,-0.146,0.112,0.054,-0.166,0.091,-0.050,-0.193,-0.257,-0.248,-0.151
-0.046,-0.186,-0.141,0.116,0.048,-0.163,0.098,-0.048,-0.187,-0.255,-0.242,-0.148
-0.038,-0.182,-0.144,0.110,0.053,-0.163,0.118,-0.045,-0.185,-0.254,-0.240,-0.145
-0.010,-0.175,-0.165,0.093,0.078,-0.170,0.120,-0.045,-0.185,-0.250,-0.240,-0.145
-0.038,-0.197,-0.159,0.118,0.060,-0.177,0.120,-0.041,-0.181,-0.250,-0.236,-0.145
-0.044,-0.191,-0.148,0.118,0.052,-0.169,0.120,-0.041,-0.176,-0.247,-0.235,-0.142
-0.029,-0.172,-0.143,0.101,0.057,-0.157,0.120,-0.035,-0.175,-0.245,-0.234,-0.139
-0.024,-0.162,-0.138,0.093,0.058,-0.150,0.120,-0.023,-0.174,-0.244,-0.229,-0.140
-0.020,-0.150,-0.130,0.085,0.055,-0.140,0.120,-0.015,-0.165,-0.240,-0.225,-0.140
-0.016,-0.138,-0.122,0.077,0.053,-0.129,0.120,-0.003,-0.157,-0.241,-0.225,-0.136
-0.012,-0.129,-0.116,0.071,0.052,-0.122,0.123,0.006,-0.149,-0.234,-0.222,-0.134
-0.006,-0.121,-0.115,0.064,0.055,-0.118,0.126,0.016,-0.141,-0.227,-0.220,-0.135
0.002,-0.113,-0.115,0.056,0.059,-0.114,0.125,0.028,-0.133,-0.224,-0.219,-0.134
0.010,-0.105,-0.115,0.048,0.063,-0.110,0.125,0.035,-0.125,-0.220,-0.210,-0.130
0.018,-0.097,-0.115,0.040,0.067,-0.106,0.125,0.038,-0.121,-0.216,-0.206,-0.126
0.023,-0.092,-0.115,0.035,0.069,-0.103,0.122,0.049,-0.117,-0.212,-0.199,-0.121
0.027,-0.088,-0.115,0.031,0.071,-0.101,0.120,0.059,-0.113,-0.208,-0.193,-0.120
0.030,-0.085,-0.115,0.028,0.073,-0.100,0.119,0.060,-0.109,-0.204,-0.188,-0.119
0.030,-0.085,-0.115,0.028,0.073,-0.100,0.115,0.060,-0.105,-0.200,-0.180,-0.115
0.034,-0.081,-0.115,0.024,0.075,-0.097,0.115,0.064,-0.101,-0.196,-0.175,-0.111
0.035,-0.080,-0.115,0.023,0.075,-0.097,0.116,0.068,-0.097,-0.195,-0.178,-0.110
0.036,-0.079,-0.115,0.022,0.076,-0.097,0.113,0.072,-0.093,-0.194,-0.181,-0.109
0.042,-0.074,-0.115,0.017,0.079,-0.094,0.110,0.075,-0.089,-0.189,-0.180,-0.104
0.045,-0.070,-0.115,0.013,0.080,-0.092,0.110,0.075,-0.085,-0.185,-0.180,-0.100
0.041,-0.070,-0.111,0.015,0.076,-0.091,0.110,0.075,-0.085,-0.184,-0.180,-0.100
0.043,-0.067,-0.109,0.012,0.076,-0.088,0.107,0.074,-0.086,-0.188,-0.179,-0.100
0.046,-0.065,-0.111,0.009,0.079,-0.087,0.104,0.080,-0.083,-0.191,-0.182,-0.100
0.045,-0.064,-0.109,0.010,0.077,-0.086,0.105,0.084,-0.080,-0.190,-0.185,-0.100
0.045,-0.060,-0.105,0.008,0.075,-0.082,0.105,0.070,-0.080,-0.190,-0.185,-0.100
0.049,-0.056,-0.105,0.004,0.077,-0.080,0.101,0.062,-0.080,-0.190,-0.185,-0.100
0.054,-0.052,-0.106,-0.001,0.080,-0.078,0.099,0.054,-0.084,-0.190,-0.185,-0.100
0.054,-0.049,-0.103,-0.002,0.078,-0.076,0.101,0.046,-0.098,-0.190,-0.185,-0.100
0.049,-0.051,-0.100,0.001,0.074,-0.075,0.099,0.037,-0.112,-0.191,-0.186,-0.099
0.040,-0.060,-0.100,0.010,0.070,-0.080,0.095,0.025,-0.115,-0.195,-0.190,-0.100
0.024,-0.077,-0.100,0.026,0.062,-0.088,0.095,0.017,-0.119,-0.199,-0.190,-0.112
0.014,-0.085,-0.099,0.036,0.057,-0.092,0.092,0.009,-0.124,-0.203,-0.190,-0.119
0.020,-0.083,-0.103,0.032,0.062,-0.092,0.089,0.001,-0.125,-0.207,-0.190,-0.120
0.015,-0.089,-0.104,0.037,0.060,-0.096,0.090,-0.007,-0.126,-0.211,-0.191,-0.120
-0.005,-0.110,-0.105,0.058,0.050,-0.107,0.090,-0.015,-0.130,-0.215,-0.195,-0.120
0.015,-0.115,-0.130,0.050,0.073,-0.122,0.086,-0.022,-0.133,-0.215,-0.198,-0.120
0.019,-0.117,-0.136,0.049,0.077,-0.127,0.084,-0.035,-0.144,-0.219,-0.209,-0.122
0.001,-0.123,-0.124,0.061,0.063,-0.124,0.086,-0.041,-0.153,-0.232,-0.217,-0.128
0.005,-0.125,-0.130,0.060,0.068,-0.127,0.084,-0.040,-0.156,-0.240,-0.214,-0.129
0.025,-0.130,-0.155,0.053,0.090,-0.142,0.080,-0.040,-0.160,-0.240,-0.215,-0.130
-0.003,-0.159,-0.156,0.081,0.077,-0.158,0.080,-0.040,-0.164,-0.256,-0.231,-0.151
-0.016,-0.170,-0.154,0.094,0.069,-0.162,0.081,-0.040,-0.168,-0.265,-0.240,-0.157
-0.017,-0.172,-0.155,0.095,0.069,-0.163,0.078,-0.040,-0.171,-0.265,-0.239,-0.154
-0.028,-0.183,-0.155,0.106,0.064,-0.168,0.075,-0.040,-0.169,-0.265,-0.241,-0.155
-0.035,-0.190,-0.155,0.113,0.060,-0.172,0.075,-0.040,-0.170,-0.265,-0.245,-0.155
-0.031,-0.186,-0.155,0.109,0.062,-0.170,0.071,-0.040,-0.182,-0.265,-0.244,-0.154
-0.029,-0.184,-0.155,0.107,0.063,-0.170,0.069,-0.040,-0.189,-0.268,-0.251,-0.161
-0.031,-0.186,-0.155,0.108,0.063,-0.170,0.071,-0.040,-0.190,-0.270,-0.256,-0.168
-0.020,-0.184,-0.164,0.102,0.072,-0.173,0.069,-0.040,-0.190,-0.271,-0.254,-0.170
-0.005,-0.185,-0.180,0.095,0.088,-0.182,0.065,-0.040,-0.190,-0.275,-0.255,-0.170
-0.025,-0.202,-0.177,0.114,0.076,-0.189,0.065,-0.044,-0.194,-0.275,-0.267,-0.183
-0.033,-0.207,-0.174,0.121,0.071,-0.191,0.066,-0.049,-0.196,-0.278,-0.274,-0.183
-0.028,-0.203,-0.175,0.116,0.074,-0.189,0.063,-0.048,-0.194,-0.280,-0.275,-0.179
-0.033,-0.208,-0.175,0.121,0.072,-0.191,0.060,-0.044,-0.196,-0.281,-0.275,-0.180
-0.045,-0.220,-0.175,0.133,0.065,-0.197,0.060,-0.045,-0.200,-0.285,-0.275,-0.180
-0.046,-0.221,-0.175,0.134,0.065,-0.197,0.060,-0.045,-0.201,-0.285,-0.279,-0.180
-0.045,-0.220,-0.175,0.133,0.065,-0.197,0.057,-0.045,-0.197,-0.288,-0.280,-0.180
-0.045,-0.220,-0.175,0.133,0.065,-0.197,0.054,-0.045,-0.195,-0.291,-0.280,-0.180
-0.045,-0.220,-0.175,0.133,0.065,-0.197,0.055,-0.045,-0.194,-0.290,-0.279,-0.180
-0.045,-0.220,-0.175,0.133,0.065,-0.197,0.055,-0.045,-0.190,-0.290,-0.275,-0.180
-0.045,-0.220,-0.175,0.133,0.065,-0.197,0.055,-0.045,-0.190,-0.290,-0.275,-0.180
-0.045,-0.220,-0.175,0.133,0.065,-0.197,0.055,-0.045,-0.191,-0.290,-0.275,-0.181
-0.045,-0.220,-0.175,0.133,0.065,-0.197,0.055,-0.045,-0.188,-0.290,-0.275,-0.178
-0.045,-0.220,-0.175,0.133,0.065,-0.197,0.055,-0.044,-0.185,-0.290,-0.274,-0.175
-0.045,-0.220,-0.175,0.133,0.065,-0.197,0.055,-0.040,-0.185,-0.290,-0.270,-0.175
-0.045,-0.220,-0.175,0.133,0.065,-0.197,0.051,-0.040,-0.181,-0.290,-0.270,-0.175
-0.044,-0.220,-0.176,0.133,0.066,-0.198,0.050,-0.040,-0.179,-0.290,-0.270,-0.175
-0.048,-0.220,-0.172,0.135,0.062,-0.195,0.050,-0.040,-0.181,-0.290,-0.270,-0.175
-0.057,-0.220,-0.163,0.139,0.053,-0.191,0.050,-0.040,-0.179,-0.290,-0.270,-0.175
-0.060,-0.220,-0.160,0.140,0.050,-0.190,0.050,-0.040,-0.175,-0.290,-0.270,-0.175
-0.064,-0.220,-0.156,0.142,0.046,-0.188,0.050,-0.040,-0.175,-0.290,-0.266,-0.175
-0.068,-0.220,-0.152,0.144,0.042,-0.186,0.050,-0.040,-0.172,-0.290,-0.265,-0.175
-0.071,-0.220,-0.149,0.146,0.039,-0.184,0.050,-0.040,-0.169,-0.290,-0.265,-0.175
-0.078,-0.220,-0.142,0.149,0.032,-0.181,0.049,-0.041,-0.170,-0.290,-0.265,-0.175
-0.080,-0.220,-0.140,0.150,0.030,-0.180,0.040,-0.040,-0.170,-0.290,-0.265,-0.175
-0.050,-0.220,-0.170,0.135,0.060,-0.194,0.029,-0.024,-0.166,-0.290,-0.264,-0.174
-0.051,-0.222,-0.170,0.137,0.059,-0.196,0.044,-0.009,-0.163,-0.290,-0.273,-0.183
-0.062,-0.214,-0.152,0.138,0.045,-0.183,0.063,0.013,-0.170,-0.291,-0.287,-0.196
-0.061,-0.203,-0.143,0.133,0.042,-0.173,0.090,0.078,-0.156,-0.287,-0.306,-0.218
-0.060,-0.195,-0.135,0.128,0.038,-0.165,0.140,0.195,-0.100,-0.275,-0.320,-0.245
-0.033,-0.164,-0.131,0.099,0.049,-0.147,0.163,0.315,-0.056,-0.268,-0.297,-0.229
-0.004,-0.131,-0.127,0.068,0.062,-0.129,0.169,0.438,0.034,-0.214,-0.276,-0.221
0.025,-0.098,-0.123,0.036,0.075,-0.110,0.186,0.543,0.157,-0.137,-0.231,-0.182
0.049,-0.070,-0.119,0.010,0.084,-0.094,0.183,0.607,0.291,-0.042,-0.148,-0.116
0.075,-0.040,-0.115,-0.017,0.095,-0.077,0.140,0.585,0.430,0.095,-0.045,-0.055
0.155,0.044,-0.111,-0.100,0.133,-0.033,0.111,0.391,0.518,0.257,0.108,0.070
0.256,0.149,-0.107,-0.202,0.181,0.021,0.001,0.100,0.578,0.438,0.282,0.209
0.371,0.266,-0.105,-0.318,0.237,0.081,-0.227,-0.355,0.598,0.652,0.507,0.389
0.504,0.400,-0.105,-0.451,0.304,0.147,-0.483,-0.860,0.598,0.909,0.778,0.618
0.620,0.515,-0.105,-0.567,0.362,0.205,-0.680,-1.160,0.650,1.195,1.045,0.840
0.669,0.563,-0.107,-0.615,0.388,0.228,-0.866,-1.315,0.755,1.465,1.299,1.034
0.724,0.637,-0.087,-0.680,0.405,0.275,-1.029,-1.482,0.798,1.724,1.536,1.220
0.764,0.746,-0.018,-0.755,0.391,0.364,-1.182,-1.708,0.788,2.005,1.778,1.410
0.753,0.857,0.104,-0.805,0.324,0.481,-1.331,-1.938,0.733,2.257,1.989,1.577
0.725,0.910,0.185,-0.818,0.270,0.547,-1.455,-2.090,0.605,2.335,2.070,1.670
0.734,0.791,0.058,-0.763,0.338,0.424,-1.513,-2.099,0.472,2.154,1.967,1.644
0.718,0.562,-0.156,-0.640,0.437,0.203,-1.454,-1.956,0.376,1.825,1.747,1.516
0.650,0.347,-0.303,-0.498,0.476,0.022,-1.334,-1.806,0.190,1.435,1.461,1.340
0.575,0.206,-0.369,-0.390,0.472,-0.081,-1.216,-1.711,-0.096,1.003,1.155,1.161
0.510,0.105,-0.405,-0.307,0.457,-0.150,-1.100,-1.595,-0.340,0.560,0.870,0.985
0.378,-0.008,-0.386,-0.185,0.382,-0.197,-0.972,-1.428,-0.515,0.173,0.590,0.792
0.303,-0.067,-0.369,-0.118,0.336,-0.218,-0.812,-1.227,-0.669,-0.219,0.277,0.580
0.246,-0.079,-0.325,-0.083,0.286,-0.202,-0.639,-0.996,-0.700,-0.432,0.043,0.394
0.175,-0.080,-0.255,-0.048,0.215,-0.167,-0.494,-0.776,-0.604,-0.427,-0.057,0.261
0.125,-0.080,-0.205,-0.022,0.165,-0.142,-0.395,-0.620,-0.515,-0.385,-0.100,0.165
0.068,-0.085,-0.153,0.009,0.111,-0.119,-0.312,-0.505,-0.454,-0.344,-0.128,0.099
0.058,-0.083,-0.141,0.013,0.100,-0.112,-0.251,-0.410,-0.396,-0.313,-0.159,0.047
0.052,-0.094,-0.146,0.021,0.100,-0.120,-0.197,-0.319,-0.333,-0.287,-0.173,-0.010
0.032,-0.113,-0.145,0.041,0.088,-0.128,-0.142,-0.227,-0.269,-0.267,-0.169,-0.050
0.025,-0.120,-0.145,0.048,0.085,-0.132,-0.095,-0.145,-0.210,-0.260,-0.170,-0.055
0.004,-0.141,-0.145,0.069,0.075,-0.143,-0.046,-0.089,-0.174,-0.252,-0.186,-0.074
-0.005,-0.150,-0.145,0.078,0.070,-0.147,-0.010,-0.029,-0.136,-0.244,-0.195,-0.091
-0.005,-0.151,-0.146,0.079,0.070,-0.148,0.021,0.007,-0.113,-0.236,-0.195,-0.097
-0.022,-0.166,-0.143,0.095,0.060,-0.154,0.044,0.018,-0.109,-0.228,-0.203,-0.110
-0.050,-0.190,-0.140,0.120,0.045,-0.165,0.050,0.035,-0.105,-0.220,-0.215,-0.135
-0.035,-0.191,-0.156,0.113,0.060,-0.174,0.055,0.051,-0.101,-0.216,-0.211,-0.140
-0.024,-0.189,-0.165,0.107,0.071,-0.177,0.053,0.064,-0.094,-0.212,-0.209,-0.140
-0.027,-0.190,-0.164,0.109,0.068,-0.176,0.063,0.076,-0.087,-0.210,-0.211,-0.140
-0.022,-0.190,-0.168,0.106,0.073,-0.178,0.076,0.088,-0.084,-0.209,-0.209,-0.141
-0.010,-0.190,-0.180,0.100,0.085,-0.185,0.075,0.100,-0.080,-0.205,-0.210,-0.145
-0.014,-0.190,-0.176,0.102,0.081,-0.183,0.091,0.108,-0.076,-0.205,-0.222,-0.145
-0.016,-0.190,-0.174,0.103,0.079,-0.181,0.100,0.116,-0.075,-0.202,-0.229,-0.145
-0.015,-0.191,-0.176,0.103,0.081,-0.183,0.101,0.122,-0.076,-0.200,-0.231,-0.146
-0.024,-0.198,-0.174,0.111,0.076,-0.186,0.106,0.126,-0.074,-0.199,-0.229,-0.153
-0.040,-0.210,-0.170,0.125,0.065,-0.190,0.110,0.130,-0.070,-0.195,-0.225,-0.165
-0.037,-0.207,-0.170,0.122,0.067,-0.188,0.110,0.130,-0.070,-0.195,-0.225,-0.162
-0.031,-0.201,-0.170,0.116,0.070,-0.185,0.109,0.129,-0.071,-0.192,-0.222,-0.156
-0.030,-0.200,-0.170,0.115,0.070,-0.185,0.112,0.133,-0.067,-0.190,-0.219,-0.155
-0.030,-0.199,-0.169,0.115,0.070,-0.184,0.115,0.142,-0.058,-0.189,-0.220,-0.154
-0.030,-0.195,-0.165,0.113,0.068,-0.180,0.115,0.150,-0.050,-0.185,-0.220,-0.150
-0.030,-0.195,-0.165,0.113,0.068,-0.180,0.115,0.154,-0.042,-0.185,-0.216,-0.150
-0.027,-0.193,-0.166,0.110,0.069,-0.179,0.113,0.157,-0.034,-0.182,-0.215,-0.148
-0.024,-0.187,-0.163,0.106,0.069,-0.175,0.121,0.166,-0.026,-0.180,-0.213,-0.142
-0.025,-0.185,-0.160,0.105,0.068,-0.172,0.130,0.176,-0.019,-0.179,-0.209,-0.140
-0.025,-0.185,-0.160,0.105,0.068,-0.172,0.125,0.175,-0.015,-0.170,-0.210,-0.140
-0.021,-0.181,-0.160,0.101,0.070,-0.170,0.125,0.175,-0.007,-0.166,-0.211,-0.136
-0.019,-0.179,-0.161,0.099,0.071,-0.170,0.125,0.177,0.002,-0.159,-0.204,-0.135
-0.024,-0.182,-0.158,0.103,0.067,-0.170,0.125,0.184,0.007,-0.153,-0.197,-0.133
-0.031,-0.185,-0.155,0.109,0.062,-0.170,0.125,0.192,0.012,-0.148,-0.194,-0.129
-0.030,-0.185,-0.155,0.108,0.063,-0.170,0.125,0.200,0.020,-0.140,-0.190,-0.130
-0.030,-0.185,-0.155,0.108,0.063,-0.170,0.125,0.209,0.028,-0.136,-0.182,-0.130
-0.030,-0.185,-0.155,0.108,0.063,-0.170,0.125,0.212,0.033,-0.129,-0.176,-0.127
-0.030,-0.185,-0.155,0.108,0.063,-0.170,0.125,0.221,0.037,-0.122,-0.174,-0.124
-0.031,-0.186,-0.155,0.109,0.063,-0.170,0.125,0.232,0.041,-0.119,-0.168,-0.125
-0.030,-0.185,-0.155,0.108,0.063,-0.170,0.125,0.235,0.045,-0.115,-0.160,-0.125
-0.018,-0.173,-0.155,0.096,0.068,-0.164,0.125,0.239,0.048,-0.107,-0.156,-0.117
-0.008,-0.163,-0.155,0.086,0.073,-0.159,0.126,0.241,0.063,-0.101,-0.149,-0.108
-0.002,-0.157,-0.155,0.080,0.076,-0.155,0.123,0.253,0.073,-0.099,-0.143,-0.103
0.008,-0.147,-0.155,0.070,0.082,-0.151,0.120,0.266,0.078,-0.093,-0.138,-0.098
0.020,-0.135,-0.155,0.058,0.088,-0.145,0.120,0.265,0.095,-0.080,-0.130,-0.090
0.020,-0.127,-0.147,0.054,0.084,-0.137,0.120,0.280,0.110,-0.072,-0.126,-0.081
0.022,-0.119,-0.141,0.049,0.082,-0.130,0.120,0.301,0.134,-0.065,-0.119,-0.077
0.028,-0.111,-0.139,0.041,0.084,-0.124,0.120,0.316,0.152,-0.054,-0.111,-0.071
0.030,-0.104,-0.133,0.038,0.082,-0.118,0.120,0.321,0.155,-0.042,-0.103,-0.064
0.025,-0.100,-0.125,0.038,0.075,-0.112,0.120,0.325,0.160,-0.035,-0.095,-0.060
0.024,-0.096,-0.121,0.036,0.073,-0.108,0.120,0.340,0.175,-0.028,-0.087,-0.056
0.028,-0.089,-0.117,0.031,0.073,-0.103,0.120,0.361,0.193,-0.013,-0.078,-0.052
0.030,-0.082,-0.113,0.027,0.072,-0.098,0.120,0.376,0.206,0.001,-0.073,-0.048
0.031,-0.079,-0.110,0.024,0.070,-0.094,0.120,0.389,0.219,0.014,-0.068,-0.044
0.035,-0.075,-0.110,0.020,0.073,-0.092,0.120,0.410,0.240,0.030,-0.055,-0.040
0.039,-0.067,-0.106,0.015,0.073,-0.086,0.120,0.422,0.269,0.042,-0.047,-0.032
0.045,-0.059,-0.104,0.007,0.075,-0.082,0.117,0.436,0.288,0.057,-0.036,-0.024
0.055,-0.051,-0.106,-0.001,0.081,-0.078,0.115,0.455,0.305,0.073,-0.026,-0.016
0.061,-0.043,-0.104,-0.009,0.083,-0.073,0.114,0.474,0.324,0.081,-0.017,-0.008
0.065,-0.035,-0.100,-0.015,0.083,-0.067,0.110,0.485,0.335,0.085,-0.005,0.000
0.073,-0.027,-0.100,-0.023,0.087,-0.063,0.110,0.496,0.345,0.100,0.003,0.008
0.078,-0.019,-0.097,-0.029,0.088,-0.058,0.107,0.518,0.371,0.118,0.014,0.013
0.083,-0.011,-0.094,-0.036,0.089,-0.053,0.104,0.540,0.396,0.130,0.026,0.017
0.092,-0.003,-0.095,-0.044,0.094,-0.049,0.105,0.561,0.415,0.146,0.038,0.029
0.100,0.005,-0.095,-0.052,0.097,-0.045,0.105,0.585,0.440,0.175,0.050,0.045
0.100,0.009,-0.091,-0.054,0.095,-0.041,0.101,0.602,0.465,0.196,0.062,0.049
0.102,0.015,-0.087,-0.058,0.095,-0.035,0.100,0.615,0.485,0.214,0.075,0.056
0.108,0.025,-0.083,-0.066,0.095,-0.029,0.098,0.639,0.507,0.236,0.100,0.077
0.110,0.031,-0.079,-0.070,0.094,-0.024,0.095,0.664,0.530,0.252,0.122,0.090
0.110,0.035,-0.075,-0.072,0.092,-0.020,0.095,0.675,0.545,0.260,0.125,0.085
0.126,0.055,-0.071,-0.090,0.098,-0.008,0.091,0.694,0.560,0.280,0.145,0.101
0.139,0.072,-0.067,-0.105,0.103,0.002,0.089,0.716,0.586,0.299,0.157,0.112
0.138,0.075,-0.063,-0.106,0.099,0.006,0.090,0.734,0.610,0.310,0.164,0.118
0.136,0.076,-0.060,-0.106,0.098,0.008,0.089,0.748,0.623,0.325,0.180,0.128
0.150,0.090,-0.060,-0.120,0.105,0.015,0.085,0.760,0.640,0.355,0.200,0.140
0.164,0.108,-0.056,-0.135,0.110,0.026,0.081,0.780,0.673,0.385,0.217,0.156
0.164,0.109,-0.055,-0.136,0.110,0.026,0.076,0.795,0.694,0.399,0.227,0.169
0.170,0.117,-0.053,-0.143,0.112,0.032,0.075,0.804,0.708,0.415,0.248,0.181
0.182,0.132,-0.050,-0.157,0.116,0.041,0.074,0.813,0.723,0.433,0.268,0.192
0.180,0.130,-0.050,-0.155,0.115,0.040,0.070,0.825,0.735,0.440,0.270,0.195
0.173,0.128,-0.046,-0.150,0.110,0.041,0.066,0.833,0.747,0.456,0.282,0.194
0.192,0.147,-0.045,-0.169,0.118,0.050,0.065,0.840,0.761,0.468,0.293,0.203
0.214,0.170,-0.043,-0.192,0.128,0.063,0.064,0.852,0.780,0.488,0.309,0.217
0.222,0.182,-0.040,-0.202,0.131,0.071,0.059,0.860,0.799,0.516,0.330,0.235
0.225,0.185,-0.040,-0.205,0.132,0.072,0.055,0.850,0.810,0.530,0.345,0.250
0.224,0.188,-0.036,-0.205,0.130,0.075,0.054,0.842,0.824,0.545,0.348,0.249
0.235,0.200,-0.034,-0.217,0.134,0.083,0.058,0.834,0.821,0.565,0.364,0.259
0.239,0.203,-0.036,-0.221,0.137,0.084,0.061,0.826,0.811,0.568,0.367,0.265
0.226,0.192,-0.034,-0.209,0.130,0.079,0.060,0.818,0.803,0.558,0.352,0.259
0.215,0.185,-0.030,-0.200,0.122,0.077,0.060,0.810,0.795,0.555,0.345,0.255
0.211,0.181,-0.030,-0.196,0.120,0.076,0.060,0.804,0.793,0.546,0.337,0.251
0.206,0.175,-0.031,-0.190,0.118,0.072,0.060,0.780,0.767,0.544,0.329,0.247
0.193,0.165,-0.028,-0.179,0.110,0.069,0.060,0.752,0.737,0.528,0.321,0.243
0.194,0.159,-0.034,-0.176,0.114,0.063,0.060,0.720,0.705,0.498,0.314,0.240
0.210,0.155,-0.055,-0.182,0.132,0.050,0.060,0.670,0.655,0.470,0.305,0.235
0.187,0.135,-0.052,-0.161,0.119,0.042,0.064,0.626,0.611,0.430,0.277,0.215
0.167,0.118,-0.049,-0.142,0.108,0.034,0.065,0.582,0.562,0.394,0.253,0.199
0.150,0.101,-0.049,-0.125,0.100,0.026,0.065,0.540,0.509,0.351,0.222,0.177
0.122,0.080,-0.043,-0.100,0.082,0.018,0.065,0.499,0.456,0.297,0.180,0.148
0.105,0.060,-0.045,-0.082,0.075,0.007,0.065,0.450,0.395,0.250,0.145,0.125
0.127,0.044,-0.083,-0.085,0.105,-0.020,0.065,0.402,0.339,0.210,0.117,0.101
0.119,0.028,-0.091,-0.073,0.105,-0.031,0.065,0.354,0.283,0.171,0.090,0.077
0.095,0.011,-0.083,-0.053,0.089,-0.035,0.065,0.307,0.228,0.128,0.058,0.053
0.082,-0.003,-0.085,-0.039,0.084,-0.044,0.065,0.265,0.178,0.084,0.021,0.029
0.070,-0.015,-0.085,-0.027,0.078,-0.050,0.065,0.225,0.135,0.045,-0.010,0.010
0.051,-0.034,-0.085,-0.008,0.068,-0.059,0.065,0.189,0.091,0.009,-0.035,-0.006
0.026,-0.056,-0.083,0.015,0.055,-0.069,0.067,0.155,0.050,-0.027,-0.055,-0.022
0.022,-0.071,-0.093,0.025,0.058,-0.082,0.076,0.126,0.009,-0.062,-0.076,-0.038
0.022,-0.084,-0.106,0.032,0.064,-0.095,0.087,0.098,-0.028,-0.092,-0.102,-0.054
0.000,-0.105,-0.105,0.053,0.053,-0.105,0.090,0.070,-0.055,-0.120,-0.130,-0.070
-0.002,-0.123,-0.121,0.063,0.060,-0.122,0.090,0.045,-0.087,-0.148,-0.151,-0.090
0.003,-0.127,-0.130,0.062,0.067,-0.129,0.089,0.030,-0.115,-0.172,-0.165,-0.106
-0.010,-0.138,-0.128,0.074,0.059,-0.133,0.092,0.021,-0.133,-0.186,-0.176,-0.112
-0.027,-0.160,-0.133,0.094,0.054,-0.146,0.095,0.013,-0.149,-0.199,-0.188,-0.117
-0.025,-0.175,-0.150,0.100,0.063,-0.162,0.095,0.005,-0.165,-0.215,-0.200,-0.125
-0.025,-0.180,-0.155,0.103,0.065,-0.167,0.095,-0.007,-0.170,-0.220,-0.205,-0.130
-0.024,-0.180,-0.155,0.103,0.065,-0.167,0.092,-0.016,-0.172,-0.222,-0.205,-0.130
-0.027,-0.182,-0.155,0.105,0.064,-0.168,0.090,-0.024,-0.179,-0.229,-0.206,-0.132
-0.030,-0.186,-0.156,0.108,0.064,-0.171,0.090,-0.032,-0.186,-0.237,-0.213,-0.136
-0.025,-0.185,-0.160,0.105,0.068,-0.172,0.090,-0.040,-0.190,-0.245,-0.225,-0.140
-0.021,-0.181,-0.160,0.101,0.070,-0.171,0.091,-0.044,-0.199,-0.258,-0.230,-0.153
-0.017,-0.177,-0.160,0.097,0.072,-0.168,0.084,-0.049,-0.198,-0.258,-0.230,-0.153
-0.014,-0.173,-0.158,0.094,0.072,-0.165,0.094,-0.049,-0.195,-0.255,-0.232,-0.150
-0.015,-0.170,-0.155,0.093,0.070,-0.162,0.112,-0.044,-0.194,-0.254,-0.236,-0.149
-0.015,-0.170,-0.155,0.093,0.070,-0.162,0.110,-0.040,-0.190,-0.250,-0.235,-0.145
-0.011,-0.166,-0.155,0.089,0.073,-0.161,0.110,-0.036,-0.190,-0.250,-0.231,-0.145
-0.009,-0.161,-0.152,0.086,0.071,-0.157,0.111,-0.032,-0.187,-0.247,-0.230,-0.142
-0.011,-0.160,-0.149,0.085,0.069,-0.155,0.109,-0.027,-0.185,-0.245,-0.228,-0.140
-0.009,-0.159,-0.150,0.084,0.071,-0.155,0.113,-0.025,-0.184,-0.244,-0.225,-0.139
-0.005,-0.155,-0.150,0.080,0.073,-0.152,0.125,-0.025,-0.180,-0.240,-0.225,-0.135
-0.005,-0.150,-0.146,0.078,0.071,-0.148,0.121,-0.013,-0.180,-0.240,-0.221,-0.135
-0.006,-0.151,-0.145,0.079,0.069,-0.147,0.120,-0.003,-0.177,-0.237,-0.220,-0.132
-0.002,-0.147,-0.145,0.075,0.071,-0.145,0.119,0.004,-0.175,-0.235,-0.219,-0.130
0.008,-0.138,-0.146,0.066,0.077,-0.141,0.113,0.012,-0.174,-0.234,-0.214,-0.129
0.015,-0.130,-0.145,0.058,0.080,-0.137,0.115,0.020,-0.165,-0.225,-0.210,-0.125
0.011,-0.122,-0.133,0.055,0.072,-0.128,0.136,0.028,-0.161,-0.221,-0.206,-0.125
0.009,-0.114,-0.123,0.052,0.066,-0.119,0.139,0.035,-0.154,-0.218,-0.202,-0.122
0.011,-0.106,-0.117,0.047,0.064,-0.111,0.134,0.046,-0.148,-0.211,-0.198,-0.120
0.008,-0.099,-0.107,0.045,0.058,-0.103,0.135,0.057,-0.143,-0.204,-0.194,-0.119
0.000,-0.095,-0.095,0.048,0.048,-0.095,0.135,0.060,-0.135,-0.200,-0.190,-0.115
0.000,-0.087,-0.087,0.044,0.044,-0.087,0.135,0.060,-0.131,-0.196,-0.186,-0.115
-0.002,-0.082,-0.080,0.042,0.039,-0.080,0.135,0.063,-0.127,-0.192,-0.182,-0.112
-0.008,-0.078,-0.070,0.043,0.031,-0.074,0.135,0.064,-0.123,-0.190,-0.178,-0.109
0.000,-0.074,-0.074,0.037,0.037,-0.073,0.135,0.067,-0.120,-0.190,-0.174,-0.110
0.025,-0.070,-0.095,0.023,0.060,-0.082,0.135,0.080,-0.120,-0.190,-0.170,-0.110
0.030,-0.066,-0.096,0.018,0.064,-0.081,0.131,0.081,-0.116,-0.190,-0.166,-0.110
0.032,-0.062,-0.094,0.015,0.064,-0.078,0.130,0.080,-0.115,-0.190,-0.162,-0.110
0.038,-0.058,-0.095,0.011,0.066,-0.076,0.130,0.081,-0.114,-0.190,-0.158,-0.110
0.040,-0.055,-0.095,0.008,0.068,-0.075,0.130,0.079,-0.109,-0.190,-0.155,-0.110
0.040,-0.055,-0.095,0.008,0.068,-0.075,0.130,0.080,-0.105,-0.190,-0.155,-0.110
0.040,-0.055,-0.095,0.008,0.068,-0.075,0.130,0.094,-0.105,-0.190,-0.155,-0.110
0.040,-0.055,-0.095,0.008,0.068,-0.075,0.130,0.088,-0.102,-0.190,-0.152,-0.110
0.039,-0.056,-0.095,0.009,0.068,-0.075,0.131,0.075,-0.099,-0.190,-0.150,-0.110
0.041,-0.054,-0.095,0.007,0.068,-0.074,0.127,0.067,-0.101,-0.190,-0.150,-0.110
0.040,-0.055,-0.095,0.008,0.068,-0.075,0.110,0.055,-0.105,-0.190,-0.150,-0.110
0.020,-0.076,-0.096,0.029,0.058,-0.085,0.098,0.047,-0.108,-0.190,-0.154,-0.110
0.012,-0.081,-0.092,0.035,0.052,-0.086,0.083,0.036,-0.121,-0.190,-0.158,-0.110
0.035,-0.069,-0.104,0.017,0.070,-0.087,0.068,0.026,-0.137,-0.189,-0.164,-0.110
0.047,-0.075,-0.122,0.014,0.085,-0.099,0.059,0.017,-0.147,-0.193,-0.171,-0.110
0.025,-0.105,-0.130,0.040,0.078,-0.117,0.055,0.005,-0.155,-0.205,-0.175,-0.110
0.045,-0.111,-0.156,0.033,0.100,-0.133,0.051,-0.003,-0.158,-0.204,-0.179,-0.110
0.047,-0.111,-0.158,0.032,0.103,-0.134,0.050,-0.014,-0.169,-0.214,-0.183,-0.110
0.021,-0.123,-0.143,0.051,0.083,-0.133,0.049,-0.025,-0.179,-0.222,-0.187,-0.110
0.012,-0.138,-0.150,0.063,0.082,-0.144,0.044,-0.031,-0.180,-0.220,-0.191,-0.111
0.035,-0.140,-0.175,0.053,0.105,-0.157,0.040,-0.035,-0.180,-0.220,-0.195,-0.115
0.035,-0.137,-0.172,0.051,0.104,-0.154,0.039,-0.035,-0.184,-0.223,-0.199,-0.119
0.008,-0.161,-0.169,0.076,0.089,-0.165,0.049,-0.038,-0.185,-0.237,-0.203,-0.122
0.004,-0.165,-0.168,0.081,0.086,-0.167,0.060,-0.041,-0.187,-0.249,-0.206,-0.129
0.006,-0.158,-0.164,0.077,0.086,-0.161,0.067,-0.040,-0.190,-0.250,-0.213,-0.136
-0.020,-0.185,-0.165,0.103,0.073,-0.175,0.075,-0.040,-0.190,-0.250,-0.225,-0.140
-0.013,-0.179,-0.166,0.097,0.077,-0.172,0.075,-0.040,-0.194,-0.250,-0.230,-0.144
-0.007,-0.168,-0.162,0.088,0.078,-0.165,0.075,-0.040,-0.195,-0.249,-0.230,-0.148
-0.017,-0.177,-0.160,0.096,0.072,-0.168,0.075,-0.040,-0.197,-0.252,-0.232,-0.152
-0.035,-0.194,-0.159,0.114,0.062,-0.177,0.074,-0.040,-0.200,-0.255,-0.235,-0.156
-0.050,-0.205,-0.155,0.128,0.053,-0.180,0.075,-0.040,-0.200,-0.255,-0.235,-0.160
-0.054,-0.209,-0.155,0.132,0.051,-0.182,0.088,-0.040,-0.204,-0.259,-0.235,-0.160
-0.058,-0.211,-0.153,0.135,0.048,-0.182,0.088,-0.040,-0.209,-0.261,-0.236,-0.160
-0.047,-0.208,-0.161,0.127,0.057,-0.184,0.084,-0.039,-0.209,-0.258,-0.233,-0.160
-0.044,-0.214,-0.170,0.129,0.063,-0.192,0.084,-0.042,-0.212,-0.264,-0.239,-0.160
-0.065,-0.235,-0.170,0.150,0.053,-0.202,0.080,-0.055,-0.225,-0.285,-0.255,-0.160
-0.045,-0.232,-0.187,0.138,0.071,-0.209,0.080,-0.056,-0.230,-0.282,-0.252,-0.160
-0.040,-0.229,-0.189,0.135,0.074,-0.209,0.081,-0.055,-0.230,-0.279,-0.249,-0.160
-0.047,-0.230,-0.184,0.139,0.069,-0.207,0.078,-0.055,-0.230,-0.280,-0.250,-0.160
-0.045,-0.230,-0.185,0.138,0.070,-0.207,0.075,-0.055,-0.230,-0.280,-0.250,-0.160
-0.045,-0.230,-0.185,0.138,0.070,-0.207,0.075,-0.055,-0.230,-0.280,-0.250,-0.160
-0.045,-0.230,-0.185,0.138,0.070,-0.207,0.071,-0.055,-0.230,-0.280,-0.250,-0.160
-0.042,-0.227,-0.185,0.135,0.072,-0.206,0.069,-0.055,-0.230,-0.280,-0.250,-0.160
-0.039,-0.224,-0.185,0.132,0.073,-0.205,0.071,-0.055,-0.230,-0.280,-0.250,-0.160
-0.040,-0.225,-0.185,0.133,0.073,-0.205,0.069,-0.055,-0.230,-0.280,-0.250,-0.160
-0.040,-0.225,-0.185,0.133,0.073,-0.205,0.065,-0.055,-0.230,-0.280,-0.250,-0.160
-0.040,-0.225,-0.185,0.133,0.073,-0.205,0.065,-0.055,-0.230,-0.280,-0.250,-0.160
-0.039,-0.225,-0.186,0.133,0.074,-0.205,0.062,-0.055,-0.233,-0.280,-0.250,-0.160
-0.042,-0.225,-0.183,0.134,0.071,-0.204,0.059,-0.055,-0.236,-0.280,-0.250,-0.160
-0.045,-0.224,-0.180,0.134,0.068,-0.201,0.060,-0.055,-0.235,-0.280,-0.250,-0.160
-0.040,-0.220,-0.180,0.130,0.070,-0.200,0.060,-0.055,-0.235,-0.280,-0.250,-0.160
-0.040,-0.220,-0.180,0.130,0.070,-0.200,0.056,-0.055,-0.235,-0.280,-0.250,-0.160
-0.040,-0.220,-0.180,0.130,0.070,-0.200,0.054,-0.055,-0.235,-0.280,-0.250,-0.160
-0.040,-0.220,-0.180,0.130,0.070,-0.200,0.055,-0.055,-0.235,-0.280,-0.250,-0.160
-0.040,-0.220,-0.180,0.130,0.070,-0.200,0.054,-0.055,-0.235,-0.280,-0.250,-0.160
-0.040,-0.220,-0.180,0.130,0.070,-0.200,0.050,-0.055,-0.235,-0.280,-0.250,-0.160
-0.036,-0.216,-0.180,0.126,0.073,-0.198,0.046,-0.055,-0.235,-0.280,-0.250,-0.160
-0.035,-0.215,-0.180,0.125,0.073,-0.197,0.042,-0.057,-0.237,-0.280,-0.250,-0.162
-0.034,-0.215,-0.181,0.125,0.074,-0.198,0.037,-0.047,-0.229,-0.280,-0.248,-0.168
-0.037,-0.215,-0.178,0.126,0.071,-0.196,0.035,-0.025,-0.211,-0.280,-0.244,-0.170
-0.050,-0.215,-0.165,0.133,0.058,-0.190,0.045,-0.005,-0.195,-0.280,-0.245,-0.170
-0.058,-0.214,-0.156,0.137,0.050,-0.185,0.072,0.026,-0.178,-0.279,-0.263,-0.188
-0.067,-0.218,-0.151,0.143,0.043,-0.184,0.104,0.102,-0.170,-0.285,-0.290,-0.217
-0.053,-0.203,-0.150,0.128,0.049,-0.176,0.152,0.228,-0.136,-0.263,-0.288,-0.224
-0.025,-0.174,-0.149,0.099,0.062,-0.161,0.188,0.369,-0.059,-0.221,-0.266,-0.221
-0.005,-0.150,-0.145,0.078,0.070,-0.147,0.185,0.495,0.040,-0.185,-0.245,-0.220
0.035,-0.110,-0.145,0.038,0.090,-0.127,0.200,0.599,0.159,-0.109,-0.185,-0.167
0.070,-0.071,-0.142,0.001,0.106,-0.106,0.182,0.624,0.280,-0.007,-0.100,-0.099
0.117,-0.023,-0.140,-0.047,0.129,-0.081,0.166,0.538,0.402,0.127,0.022,-0.011
0.190,0.050,-0.139,-0.120,0.164,-0.044,0.124,0.348,0.506,0.285,0.173,0.106
0.280,0.145,-0.135,-0.212,0.207,0.005,-0.030,0.025,0.560,0.460,0.340,0.245
0.397,0.262,-0.135,-0.329,0.266,0.063,-0.259,-0.475,0.582,0.679,0.566,0.427
0.532,0.401,-0.131,-0.466,0.331,0.135,-0.494,-0.946,0.597,0.934,0.831,0.654
0.632,0.500,-0.133,-0.566,0.383,0.183,-0.697,-1.228,0.663,1.193,1.095,0.876
0.678,0.554,-0.124,-0.616,0.401,0.215,-0.881,-1.375,0.762,1.441,1.339,1.065
0.715,0.625,-0.090,-0.670,0.402,0.267,-1.055,-1.550,0.800,1.690,1.570,1.245
0.791,0.724,-0.067,-0.757,0.428,0.328,-1.199,-1.791,0.756,1.959,1.800,1.434
0.815,0.854,0.039,-0.834,0.388,0.446,-1.350,-1.995,0.724,2.191,1.997,1.602
0.777,0.877,0.100,-0.827,0.338,0.489,-1.473,-2.112,0.636,2.213,2.052,1.674
0.749,0.724,-0.024,-0.737,0.386,0.350,-1.500,-2.083,0.520,1.989,1.924,1.622
0.745,0.490,-0.255,-0.617,0.500,0.117,-1.420,-1.915,0.430,1.645,1.675,1.480
0.663,0.289,-0.375,-0.476,0.519,-0.043,-1.305,-1.800,0.183,1.251,1.378,1.293
0.551,0.161,-0.391,-0.355,0.471,-0.114,-1.184,-1.690,-0.094,0.815,1.064,1.105
0.471,0.057,-0.414,-0.264,0.443,-0.178,-1.069,-1.571,-0.342,0.402,0.778,0.926
0.406,-0.024,-0.430,-0.190,0.418,-0.227,-0.938,-1.411,-0.569,0.026,0.502,0.734
0.315,-0.060,-0.375,-0.127,0.345,-0.217,-0.775,-1.185,-0.705,-0.300,0.215,0.525
0.231,-0.102,-0.333,-0.064,0.282,-0.218,-0.622,-0.981,-0.653,-0.443,0.014,0.345
0.146,-0.117,-0.262,-0.014,0.204,-0.190,-0.479,-0.769,-0.583,-0.426,-0.055,0.234
0.086,-0.114,-0.201,0.014,0.144,-0.157,-0.376,-0.606,-0.533,-0.371,-0.079,0.155
0.050,-0.115,-0.165,0.033,0.108,-0.140,-0.307,-0.505,-0.468,-0.337,-0.113,0.085
0.010,-0.115,-0.125,0.053,0.068,-0.120,-0.235,-0.400,-0.400,-0.300,-0.135,0.035
-0.003,-0.115,-0.112,0.059,0.055,-0.113,-0.175,-0.294,-0.340,-0.262,-0.148,-0.020
-0.013,-0.116,-0.103,0.064,0.046,-0.109,-0.113,-0.206,-0.277,-0.246,-0.151,-0.046
-0.012,-0.112,-0.100,0.062,0.045,-0.106,-0.064,-0.139,-0.230,-0.243,-0.148,-0.054
-0.004,-0.120,-0.116,0.062,0.057,-0.118,-0.032,-0.080,-0.195,-0.239,-0.153,-0.071
-0.005,-0.150,-0.145,0.078,0.070,-0.147,0.000,-0.025,-0.160,-0.235,-0.170,-0.095
-0.010,-0.169,-0.159,0.089,0.075,-0.164,0.028,0.004,-0.150,-0.227,-0.175,-0.104
-0.010,-0.169,-0.159,0.090,0.074,-0.164,0.056,0.033,-0.147,-0.222,-0.179,-0.107
-0.026,-0.176,-0.150,0.101,0.062,-0.162,0.065,0.050,-0.143,-0.218,-0.192,-0.117
-0.032,-0.186,-0.154,0.109,0.062,-0.169,0.052,0.050,-0.138,-0.214,-0.200,-0.133
-0.010,-0.185,-0.175,0.098,0.083,-0.180,0.050,0.055,-0.130,-0.210,-0.195,-0.140
-0.026,-0.198,-0.172,0.112,0.073,-0.185,0.075,0.071,-0.126,-0.210,-0.195,-0.136
-0.029,-0.198,-0.170,0.113,0.071,-0.184,0.085,0.082,-0.123,-0.207,-0.196,-0.134
-0.025,-0.194,-0.168,0.110,0.072,-0.181,0.087,0.087,-0.116,-0.205,-0.193,-0.136
-0.031,-0.195,-0.164,0.114,0.067,-0.180,0.090,0.091,-0.109,-0.204,-0.198,-0.134
-0.030,-0.195,-0.165,0.113,0.068,-0.180,0.090,0.095,-0.105,-0.200,-0.215,-0.130
-0.025,-0.191,-0.166,0.109,0.070,-0.178,0.106,0.106,-0.101,-0.200,-0.212,-0.130
-0.028,-0.190,-0.162,0.109,0.067,-0.175,0.115,0.120,-0.094,-0.197,-0.206,-0.130
-0.030,-0.190,-0.160,0.110,0.065,-0.175,0.115,0.128,-0.087,-0.195,-0.205,-0.130
-0.031,-0.190,-0.159,0.111,0.064,-0.175,0.115,0.131,-0.084,-0.194,-0.204,-0.129
-0.035,-0.190,-0.155,0.113,0.060,-0.172,0.115,0.135,-0.080,-0.190,-0.200,-0.125
-0.031,-0.186,-0.155,0.109,0.062,-0.170,0.115,0.139,-0.076,-0.190,-0.200,-0.125
-0.029,-0.184,-0.156,0.107,0.064,-0.170,0.115,0.143,-0.072,-0.187,-0.198,-0.125
-0.033,-0.186,-0.153,0.109,0.061,-0.169,0.115,0.147,-0.068,-0.185,-0.192,-0.125
-0.034,-0.184,-0.150,0.109,0.058,-0.167,0.116,0.151,-0.064,-0.184,-0.190,-0.124
-0.030,-0.180,-0.150,0.105,0.060,-0.165,0.120,0.155,-0.060,-0.180,-0.190,-0.120
-0.034,-0.180,-0.146,0.107,0.056,-0.162,0.125,0.155,-0.055,-0.180,-0.186,-0.120
-0.036,-0.180,-0.144,0.108,0.054,-0.162,0.122,0.156,-0.056,-0.175,-0.185,-0.121
-0.035,-0.180,-0.146,0.108,0.055,-0.163,0.119,0.168,-0.050,-0.165,-0.184,-0.118
-0.035,-0.179,-0.144,0.108,0.055,-0.161,0.120,0.182,-0.037,-0.159,-0.179,-0.115
-0.035,-0.175,-0.140,0.105,0.053,-0.157,0.120,0.185,-0.030,-0.155,-0.175,-0.115
-0.035,-0.175,-0.140,0.105,0.053,-0.157,0.120,0.189,-0.023,-0.147,-0.171,-0.115
-0.034,-0.175,-0.141,0.104,0.054,-0.157,0.120,0.193,-0.011,-0.138,-0.167,-0.116
-0.038,-0.176,-0.138,0.107,0.051,-0.157,0.120,0.197,-0.001,-0.133,-0.163,-0.113
-0.039,-0.174,-0.135,0.107,0.049,-0.154,0.120,0.200,0.007,-0.128,-0.159,-0.110
-0.030,-0.165,-0.135,0.098,0.053,-0.150,0.120,0.205,0.015,-0.120,-0.155,-0.110
-0.030,-0.161,-0.130,0.096,0.050,-0.146,0.120,0.222,0.019,-0.116,-0.147,-0.110
-0.025,-0.158,-0.132,0.091,0.054,-0.145,0.120,0.229,0.026,-0.109,-0.141,-0.110
-0.030,-0.151,-0.121,0.091,0.046,-0.136,0.120,0.232,0.032,-0.103,-0.139,-0.108
-0.023,-0.144,-0.120,0.084,0.049,-0.132,0.120,0.236,0.037,-0.098,-0.133,-0.104
0.015,-0.140,-0.155,0.063,0.085,-0.147,0.120,0.240,0.050,-0.090,-0.125,-0.100
0.017,-0.136,-0.153,0.060,0.085,-0.144,0.116,0.252,0.058,-0.086,-0.121,-0.096
0.017,-0.129,-0.146,0.056,0.082,-0.137,0.115,0.264,0.068,-0.079,-0.118,-0.092
0.021,-0.122,-0.143,0.051,0.082,-0.133,0.115,0.277,0.082,-0.071,-0.111,-0.087
0.020,-0.119,-0.139,0.050,0.079,-0.129,0.115,0.285,0.091,-0.063,-0.104,-0.085
0.020,-0.115,-0.135,0.048,0.078,-0.125,0.115,0.285,0.095,-0.055,-0.100,-0.085
0.020,-0.111,-0.131,0.046,0.075,-0.121,0.115,0.297,0.111,-0.047,-0.092,-0.077
0.023,-0.107,-0.130,0.042,0.077,-0.118,0.115,0.308,0.125,-0.039,-0.087,-0.068
0.025,-0.103,-0.128,0.039,0.077,-0.115,0.115,0.326,0.136,-0.032,-0.081,-0.063
0.026,-0.098,-0.125,0.037,0.076,-0.111,0.115,0.342,0.148,-0.021,-0.074,-0.058
0.035,-0.090,-0.125,0.028,0.080,-0.107,0.115,0.345,0.165,-0.005,-0.070,-0.050
0.039,-0.082,-0.121,0.022,0.080,-0.101,0.115,0.369,0.190,0.007,-0.058,-0.042
0.045,-0.074,-0.119,0.014,0.082,-0.097,0.115,0.388,0.207,0.022,-0.046,-0.037
0.055,-0.066,-0.121,0.006,0.088,-0.093,0.115,0.405,0.225,0.036,-0.034,-0.032
0.061,-0.058,-0.119,-0.001,0.090,-0.088,0.116,0.423,0.244,0.049,-0.023,-0.023
0.065,-0.050,-0.115,-0.007,0.090,-0.082,0.120,0.435,0.260,0.065,-0.015,-0.015
0.073,-0.042,-0.115,-0.015,0.094,-0.078,0.119,0.455,0.280,0.077,-0.003,-0.007
0.079,-0.033,-0.112,-0.022,0.095,-0.073,0.126,0.471,0.297,0.089,0.009,0.001
0.081,-0.028,-0.109,-0.027,0.095,-0.069,0.130,0.492,0.314,0.100,0.021,0.009
0.087,-0.023,-0.111,-0.032,0.099,-0.066,0.123,0.514,0.336,0.114,0.032,0.017
0.095,-0.015,-0.110,-0.040,0.103,-0.062,0.120,0.525,0.360,0.135,0.040,0.025
0.091,-0.011,-0.102,-0.040,0.096,-0.057,0.120,0.540,0.381,0.156,0.053,0.038
0.093,-0.004,-0.096,-0.044,0.095,-0.050,0.117,0.562,0.396,0.165,0.060,0.039
0.095,0.002,-0.093,-0.048,0.094,-0.045,0.115,0.588,0.417,0.179,0.075,0.046
0.096,0.007,-0.089,-0.052,0.092,-0.040,0.115,0.609,0.440,0.199,0.092,0.056
0.105,0.020,-0.085,-0.062,0.095,-0.032,0.110,0.620,0.460,0.210,0.095,0.055
0.109,0.028,-0.081,-0.068,0.095,-0.027,0.105,0.639,0.488,0.229,0.114,0.074
0.116,0.039,-0.077,-0.077,0.096,-0.019,0.105,0.663,0.511,0.254,0.139,0.094
0.122,0.049,-0.073,-0.085,0.097,-0.012,0.103,0.686,0.529,0.274,0.158,0.102
0.127,0.058,-0.069,-0.092,0.097,-0.005,0.100,0.703,0.551,0.289,0.166,0.107
0.135,0.070,-0.065,-0.102,0.100,0.002,0.100,0.715,0.575,0.310,0.175,0.120
0.142,0.077,-0.065,-0.109,0.104,0.005,0.096,0.739,0.595,0.334,0.199,0.136
0.158,0.096,-0.062,-0.127,0.110,0.017,0.091,0.758,0.618,0.356,0.218,0.149
0.167,0.108,-0.060,-0.138,0.113,0.023,0.090,0.774,0.639,0.373,0.233,0.163
0.164,0.104,-0.060,-0.134,0.111,0.022,0.089,0.787,0.654,0.389,0.249,0.177
0.160,0.105,-0.055,-0.132,0.107,0.025,0.085,0.790,0.670,0.405,0.260,0.180
0.159,0.108,-0.050,-0.133,0.104,0.029,0.081,0.797,0.686,0.412,0.267,0.183
0.169,0.119,-0.050,-0.144,0.109,0.034,0.080,0.813,0.703,0.427,0.282,0.196
0.176,0.128,-0.048,-0.152,0.112,0.039,0.079,0.824,0.713,0.440,0.294,0.198
0.175,0.130,-0.045,-0.152,0.110,0.043,0.074,0.833,0.726,0.456,0.304,0.197
0.180,0.135,-0.045,-0.157,0.112,0.045,0.070,0.845,0.755,0.485,0.320,0.215
0.192,0.147,-0.045,-0.169,0.118,0.050,0.066,0.844,0.772,0.497,0.328,0.228
0.203,0.158,-0.045,-0.180,0.124,0.056,0.061,0.855,0.782,0.512,0.341,0.232
0.220,0.175,-0.045,-0.197,0.132,0.065,0.060,0.857,0.786,0.527,0.357,0.241
0.238,0.193,-0.045,-0.215,0.142,0.074,0.059,0.842,0.793,0.538,0.367,0.252
0.240,0.195,-0.045,-0.217,0.142,0.075,0.055,0.835,0.805,0.550,0.375,0.260
0.232,0.187,-0.045,-0.209,0.138,0.071,0.051,0.823,0.798,0.559,0.393,0.274
0.227,0.182,-0.045,-0.204,0.136,0.068,0.047,0.814,0.789,0.558,0.388,0.270
0.223,0.178,-0.045,-0.200,0.134,0.066,0.043,0.804,0.780,0.553,0.375,0.262
0.219,0.174,-0.045,-0.196,0.132,0.064,0.040,0.794,0.775,0.549,0.367,0.259
0.215,0.170,-0.045,-0.192,0.130,0.062,0.040,0.785,0.770,0.545,0.355,0.255
0.211,0.166,-0.045,-0.188,0.127,0.060,0.036,0.750,0.735,0.548,0.347,0.247
0.208,0.163,-0.045,-0.185,0.126,0.059,0.035,0.716,0.699,0.523,0.335,0.241
0.199,0.153,-0.046,-0.176,0.123,0.053,0.034,0.680,0.656,0.489,0.327,0.240
0.188,0.137,-0.051,-0.162,0.120,0.043,0.029,0.634,0.602,0.455,0.314,0.231
0.180,0.125,-0.055,-0.152,0.117,0.035,0.030,0.590,0.550,0.405,0.280,0.205
0.162,0.109,-0.053,-0.135,0.107,0.028,0.046,0.546,0.494,0.356,0.248,0.181
0.163,0.097,-0.066,-0.130,0.114,0.015,0.054,0.503,0.438,0.312,0.213,0.154
0.145,0.080,-0.066,-0.112,0.105,0.007,0.056,0.455,0.383,0.268,0.179,0.127
0.116,0.053,-0.063,-0.085,0.090,-0.005,0.061,0.402,0.333,0.224,0.147,0.105
0.115,0.030,-0.085,-0.072,0.100,-0.027,0.065,0.355,0.285,0.185,0.115,0.085
0.093,0.010,-0.083,-0.052,0.088,-0.036,0.065,0.311,0.229,0.149,0.087,0.065
0.061,-0.012,-0.072,-0.024,0.066,-0.042,0.068,0.269,0.175,0.110,0.057,0.044
0.063,-0.024,-0.087,-0.019,0.075,-0.055,0.070,0.231,0.126,0.070,0.024,0.027
0.073,-0.034,-0.107,-0.019,0.090,-0.070,0.070,0.197,0.078,0.030,-0.007,0.010
0.045,-0.055,-0.100,0.005,0.073,-0.077,0.075,0.165,0.035,-0.010,-0.035,-0.010
0.031,-0.068,-0.099,0.018,0.065,-0.084,0.082,0.133,-0.001,-0.046,-0.060,-0.031
0.026,-0.075,-0.101,0.025,0.063,-0.088,0.094,0.101,-0.038,-0.081,-0.077,-0.047
0.011,-0.087,-0.097,0.038,0.054,-0.092,0.103,0.071,-0.070,-0.106,-0.096,-0.065
0.000,-0.105,-0.105,0.052,0.052,-0.105,0.105,0.043,-0.097,-0.125,-0.121,-0.084
0.010,-0.120,-0.130,0.055,0.070,-0.125,0.105,0.020,-0.120,-0.145,-0.140,-0.095
0.009,-0.122,-0.131,0.057,0.071,-0.126,0.105,0.011,-0.136,-0.156,-0.148,-0.098
-0.014,-0.143,-0.129,0.079,0.058,-0.136,0.108,0.004,-0.155,-0.179,-0.162,-0.112
-0.030,-0.160,-0.130,0.095,0.051,-0.145,0.111,-0.004,-0.175,-0.196,-0.175,-0.124
-0.030,-0.160,-0.130,0.095,0.050,-0.145,0.110,-0.012,-0.186,-0.202,-0.181,-0.126
-0.035,-0.165,-0.130,0.100,0.048,-0.147,0.110,-0.020,-0.190,-0.215,-0.185,-0.130
-0.039,-0.169,-0.130,0.104,0.045,-0.150,0.115,-0.028,-0.202,-0.228,-0.189,-0.134
-0.040,-0.170,-0.130,0.105,0.045,-0.150,0.114,-0.036,-0.209,-0.234,-0.193,-0.138
-0.040,-0.170,-0.130,0.105,0.045,-0.150,0.120,-0.045,-0.210,-0.235,-0.197,-0.142
-0.040,-0.170,-0.130,0.105,0.045,-0.150,0.132,-0.050,-0.210,-0.235,-0.201,-0.145
-0.040,-0.170,-0.130,0.105,0.045,-0.150,0.135,-0.045,-0.210,-0.235,-0.205,-0.145
-0.048,-0.178,-0.130,0.113,0.041,-0.154,0.135,-0.045,-0.210,-0.234,-0.209,-0.149
-0.054,-0.182,-0.128,0.118,0.037,-0.155,0.135,-0.042,-0.212,-0.244,-0.214,-0.151
-0.041,-0.177,-0.136,0.109,0.048,-0.156,0.135,-0.040,-0.218,-0.253,-0.213,-0.148
-0.040,-0.185,-0.146,0.113,0.053,-0.165,0.135,-0.039,-0.220,-0.256,-0.210,-0.145
-0.070,-0.210,-0.140,0.140,0.035,-0.175,0.135,-0.035,-0.215,-0.260,-0.210,-0.145
-0.068,-0.203,-0.135,0.136,0.034,-0.169,0.139,-0.035,-0.210,-0.256,-0.206,-0.141
-0.061,-0.196,-0.135,0.129,0.037,-0.166,0.140,-0.032,-0.210,-0.252,-0.205,-0.139
-0.058,-0.191,-0.133,0.125,0.038,-0.162,0.140,-0.030,-0.209,-0.248,-0.203,-0.141
-0.054,-0.184,-0.130,0.119,0.038,-0.156,0.140,-0.029,-0.204,-0.244,-0.200,-0.139
-0.050,-0.180,-0.130,0.115,0.040,-0.155,0.140,-0.025,-0.200,-0.240,-0.200,-0.135
-0.045,-0.172,-0.126,0.109,0.041,-0.149,0.140,-0.025,-0.201,-0.236,-0.196,-0.135
-0.047,-0.168,-0.121,0.108,0.038,-0.144,0.137,-0.020,-0.195,-0.233,-0.195,-0.132
-0.037,-0.157,-0.120,0.097,0.042,-0.138,0.133,-0.011,-0.186,-0.226,-0.193,-0.129
-0.016,-0.135,-0.119,0.075,0.052,-0.127,0.129,-0.003,-0.178,-0.219,-0.190,-0.130
-0.005,-0.120,-0.115,0.063,0.055,-0.117,0.135,0.005,-0.170,-0.215,-0.190,-0.130
0.003,-0.112,-0.115,0.055,0.059,-0.113,0.157,0.013,-0.162,-0.211,-0.182,-0.122
0.008,-0.104,-0.112,0.048,0.060,-0.108,0.159,0.021,-0.154,-0.204,-0.177,-0.116
0.013,-0.096,-0.109,0.041,0.061,-0.103,0.154,0.029,-0.147,-0.197,-0.171,-0.114
0.022,-0.088,-0.110,0.033,0.066,-0.099,0.155,0.036,-0.145,-0.194,-0.164,-0.108
0.030,-0.080,-0.110,0.025,0.070,-0.095,0.155,0.040,-0.145,-0.190,-0.160,-0.100
0.038,-0.072,-0.110,0.017,0.074,-0.091,0.155,0.040,-0.145,-0.182,-0.152,-0.096
0.046,-0.064,-0.110,0.009,0.078,-0.087,0.155,0.038,-0.145,-0.177,-0.146,-0.091
0.053,-0.057,-0.110,0.002,0.082,-0.083,0.155,0.046,-0.145,-0.173,-0.147,-0.091
0.055,-0.055,-0.110,0.000,0.083,-0.082,0.155,0.056,-0.145,-0.169,-0.150,-0.096
0.055,-0.055,-0.110,0.000,0.083,-0.082,0.155,0.050,-0.145,-0.165,-0.150,-0.095
0.055,-0.055,-0.110,0.000,0.083,-0.082,0.151,0.046,-0.145,-0.161,-0.150,-0.095
0.056,-0.055,-0.111,0.000,0.084,-0.082,0.150,0.042,-0.145,-0.157,-0.150,-0.095
0.053,-0.055,-0.108,0.001,0.081,-0.081,0.150,0.038,-0.145,-0.155,-0.150,-0.095
0.050,-0.055,-0.105,0.003,0.078,-0.080,0.150,0.035,-0.145,-0.155,-0.150,-0.095
0.050,-0.055,-0.105,0.003,0.078,-0.080,0.150,0.035,-0.145,-0.155,-0.150,-0.095
0.050,-0.055,-0.105,0.003,0.078,-0.080,0.150,0.031,-0.145,-0.155,-0.150,-0.095
0.050,-0.055,-0.105,0.003,0.078,-0.080,0.150,0.027,-0.145,-0.155,-0.150,-0.095
0.050,-0.055,-0.105,0.003,0.078,-0.080,0.151,0.023,-0.145,-0.155,-0.150,-0.095
0.050,-0.055,-0.105,0.003,0.078,-0.080,0.147,0.019,-0.145,-0.155,-0.150,-0.095
0.050,-0.055,-0.105,0.003,0.078,-0.080,0.130,0.015,-0.145,-0.155,-0.150,-0.095
0.042,-0.063,-0.105,0.011,0.074,-0.084,0.118,0.016,-0.145,-0.163,-0.150,-0.095
0.038,-0.068,-0.106,0.015,0.072,-0.086,0.103,0.007,-0.147,-0.172,-0.150,-0.095
0.028,-0.075,-0.103,0.024,0.065,-0.089,0.088,-0.004,-0.154,-0.176,-0.150,-0.095
0.022,-0.088,-0.109,0.033,0.066,-0.098,0.078,-0.013,-0.161,-0.174,-0.150,-0.095
0.035,-0.095,-0.130,0.030,0.083,-0.112,0.075,-0.025,-0.165,-0.175,-0.150,-0.095
0.025,-0.103,-0.128,0.039,0.077,-0.115,0.075,-0.033,-0.173,-0.187,-0.154,-0.099
0.006,-0.111,-0.118,0.053,0.063,-0.114,0.072,-0.044,-0.178,-0.193,-0.158,-0.103
0.013,-0.118,-0.131,0.052,0.073,-0.124,0.070,-0.055,-0.183,-0.200,-0.162,-0.107
0.024,-0.130,-0.153,0.053,0.089,-0.141,0.069,-0.061,-0.185,-0.212,-0.166,-0.111
0.005,-0.150,-0.155,0.073,0.080,-0.152,0.065,-0.060,-0.185,-0.215,-0.170,-0.115
0.000,-0.155,-0.155,0.078,0.078,-0.155,0.064,-0.060,-0.197,-0.218,-0.179,-0.124
-0.001,-0.156,-0.155,0.079,0.077,-0.155,0.071,-0.058,-0.203,-0.229,-0.182,-0.126
-0.011,-0.166,-0.155,0.089,0.072,-0.160,0.076,-0.066,-0.210,-0.238,-0.193,-0.139
-0.021,-0.176,-0.155,0.099,0.067,-0.166,0.084,-0.075,-0.222,-0.240,-0.206,-0.158
-0.020,-0.175,-0.155,0.098,0.068,-0.165,0.100,-0.070,-0.225,-0.240,-0.200,-0.160
-0.020,-0.175,-0.155,0.098,0.068,-0.165,0.097,-0.070,-0.225,-0.240,-0.199,-0.160
-0.021,-0.176,-0.155,0.099,0.068,-0.165,0.095,-0.070,-0.225,-0.240,-0.201,-0.160
-0.018,-0.173,-0.155,0.096,0.069,-0.164,0.093,-0.070,-0.225,-0.242,-0.199,-0.160
-0.024,-0.179,-0.155,0.102,0.066,-0.167,0.089,-0.070,-0.225,-0.246,-0.202,-0.160
-0.045,-0.200,-0.155,0.123,0.055,-0.177,0.090,-0.070,-0.225,-0.250,-0.215,-0.160
-0.043,-0.198,-0.155,0.121,0.057,-0.177,0.090,-0.070,-0.225,-0.251,-0.216,-0.160
-0.035,-0.188,-0.153,0.111,0.059,-0.170,0.087,-0.070,-0.228,-0.248,-0.213,-0.163
-0.054,-0.202,-0.147,0.128,0.046,-0.174,0.084,-0.070,-0.231,-0.256,-0.221,-0.165
-0.068,-0.222,-0.154,0.145,0.044,-0.188,0.085,-0.070,-0.230,-0.266,-0.230,-0.166
-0.040,-0.215,-0.175,0.128,0.068,-0.195,0.085,-0.070,-0.230,-0.265,-0.225,-0.170
-0.041,-0.213,-0.172,0.127,0.066,-0.192,0.081,-0.070,-0.230,-0.265,-0.225,-0.170
-0.059,-0.228,-0.169,0.143,0.056,-0.198,0.079,-0.071,-0.227,-0.265,-0.225,-0.170
-0.067,-0.237,-0.170,0.152,0.052,-0.203,0.081,-0.068,-0.224,-0.265,-0.225,-0.170
-0.064,-0.235,-0.170,0.149,0.053,-0.202,0.079,-0.065,-0.225,-0.265,-0.225,-0.170
-0.065,-0.235,-0.170,0.150,0.053,-0.202,0.075,-0.065,-0.225,-0.265,-0.225,-0.170
-0.069,-0.235,-0.166,0.153,0.049,-0.200,0.075,-0.065,-0.225,-0.265,-0.225,-0.170
-0.070,-0.235,-0.165,0.153,0.048,-0.200,0.072,-0.065,-0.225,-0.265,-0.225,-0.170
-0.070,-0.235,-0.165,0.153,0.048,-0.200,0.069,-0.065,-0.225,-0.265,-0.225,-0.170
-0.070,-0.235,-0.165,0.153,0.048,-0.200,0.070,-0.065,-0.225,-0.265,-0.225,-0.170
-0.070,-0.235,-0.165,0.153,0.048,-0.200,0.070,-0.065,-0.225,-0.265,-0.225,-0.170
-0.070,-0.235,-0.165,0.153,0.048,-0.200,0.066,-0.065,-0.225,-0.265,-0.221,-0.170
-0.073,-0.235,-0.162,0.154,0.045,-0.198,0.064,-0.065,-0.226,-0.265,-0.220,-0.170
-0.076,-0.235,-0.159,0.155,0.042,-0.197,0.066,-0.065,-0.223,-0.265,-0.220,-0.170
-0.075,-0.235,-0.160,0.155,0.043,-0.197,0.064,-0.065,-0.220,-0.265,-0.220,-0.170
-0.075,-0.235,-0.160,0.155,0.043,-0.197,0.060,-0.065,-0.220,-0.265,-0.220,-0.170
-0.075,-0.235,-0.160,0.155,0.043,-0.197,0.060,-0.065,-0.220,-0.265,-0.220,-0.170
-0.078,-0.235,-0.157,0.157,0.040,-0.196,0.061,-0.065,-0.220,-0.265,-0.220,-0.170
-0.080,-0.235,-0.154,0.158,0.038,-0.195,0.058,-0.065,-0.220,-0.265,-0.220,-0.170
-0.080,-0.235,-0.155,0.158,0.038,-0.195,0.055,-0.065,-0.220,-0.265,-0.220,-0.170
-0.080,-0.235,-0.155,0.158,0.038,-0.195,0.055,-0.065,-0.220,-0.265,-0.220,-0.170
-0.079,-0.235,-0.156,0.158,0.039,-0.195,0.055,-0.063,-0.220,-0.265,-0.220,-0.170
-0.083,-0.235,-0.152,0.159,0.035,-0.194,0.055,-0.077,-0.220,-0.265,-0.223,-0.170
-0.071,-0.235,-0.164,0.153,0.047,-0.199,0.056,-0.072,-0.221,-0.265,-0.225,-0.169
-0.061,-0.235,-0.174,0.149,0.057,-0.205,0.053,-0.052,-0.218,-0.265,-0.225,-0.171
-0.080,-0.235,-0.155,0.158,0.038,-0.195,0.055,-0.035,-0.205,-0.265,-0.230,-0.180
-0.084,-0.227,-0.143,0.156,0.030,-0.184,0.091,0.021,-0.196,-0.263,-0.240,-0.191
-0.091,-0.221,-0.131,0.156,0.021,-0.176,0.120,0.067,-0.160,-0.279,-0.267,-0.211
-0.081,-0.201,-0.120,0.142,0.020,-0.161,0.156,0.157,-0.126,-0.265,-0.271,-0.238
-0.054,-0.167,-0.113,0.111,0.030,-0.140,0.199,0.309,-0.076,-0.221,-0.251,-0.240
-0.035,-0.140,-0.105,0.088,0.035,-0.122,0.215,0.455,0.035,-0.185,-0.235,-0.205
-0.019,-0.115,-0.096,0.068,0.038,-0.105,0.208,0.581,0.155,-0.112,-0.186,-0.179
0.005,-0.098,-0.103,0.046,0.055,-0.100,0.231,0.649,0.277,-0.018,-0.113,-0.128
0.083,-0.063,-0.146,-0.010,0.115,-0.104,0.216,0.623,0.418,0.110,-0.005,-0.046
0.179,0.004,-0.175,-0.091,0.177,-0.085,0.140,0.475,0.538,0.263,0.138,0.058
0.235,0.095,-0.140,-0.165,0.187,-0.022,0.035,0.190,0.590,0.430,0.310,0.195
0.319,0.209,-0.109,-0.264,0.214,0.050,-0.148,-0.229,0.624,0.651,0.534,0.385
0.463,0.365,-0.098,-0.413,0.280,0.133,-0.390,-0.723,0.641,0.920,0.814,0.618
0.572,0.482,-0.090,-0.527,0.331,0.196,-0.614,-1.086,0.682,1.197,1.085,0.843
0.642,0.547,-0.094,-0.594,0.368,0.226,-0.784,-1.259,0.760,1.460,1.333,1.045
0.735,0.630,-0.105,-0.682,0.420,0.262,-0.930,-1.400,0.805,1.725,1.590,1.245
0.767,0.735,-0.031,-0.751,0.399,0.351,-1.074,-1.619,0.750,2.013,1.832,1.436
0.748,0.890,0.141,-0.819,0.304,0.515,-1.214,-1.858,0.704,2.276,2.051,1.625
0.726,0.968,0.242,-0.847,0.241,0.605,-1.340,-2.053,0.589,2.355,2.137,1.665
0.702,0.860,0.159,-0.782,0.271,0.510,-1.380,-2.109,0.419,2.163,2.026,1.592
0.645,0.625,-0.020,-0.635,0.332,0.302,-1.305,-2.005,0.280,1.790,1.785,1.535
0.561,0.420,-0.141,-0.490,0.351,0.138,-1.247,-1.904,0.045,1.395,1.501,1.361
0.516,0.286,-0.229,-0.400,0.372,0.029,-1.157,-1.804,-0.207,0.952,1.185,1.167
0.429,0.168,-0.261,-0.298,0.345,-0.046,-1.044,-1.694,-0.454,0.510,0.871,0.979
0.340,0.066,-0.274,-0.202,0.307,-0.104,-0.922,-1.536,-0.656,0.106,0.578,0.779
0.320,0.015,-0.305,-0.167,0.312,-0.145,-0.780,-1.310,-0.760,-0.245,0.295,0.570
0.199,-0.040,-0.239,-0.079,0.219,-0.140,-0.632,-1.096,-0.791,-0.443,0.045,0.363
0.128,-0.058,-0.186,-0.035,0.157,-0.122,-0.486,-0.862,-0.696,-0.442,-0.045,0.222
0.096,-0.053,-0.150,-0.021,0.124,-0.101,-0.379,-0.688,-0.582,-0.377,-0.074,0.137
0.066,-0.057,-0.122,-0.004,0.095,-0.090,-0.306,-0.583,-0.512,-0.342,-0.119,0.076
0.060,-0.070,-0.130,0.005,0.095,-0.100,-0.230,-0.470,-0.440,-0.310,-0.135,0.025
0.039,-0.092,-0.131,0.027,0.085,-0.111,-0.169,-0.375,-0.380,-0.278,-0.136,-0.026
0.035,-0.095,-0.130,0.030,0.083,-0.112,-0.111,-0.271,-0.318,-0.247,-0.133,-0.047
0.028,-0.102,-0.130,0.037,0.079,-0.116,-0.065,-0.193,-0.251,-0.211,-0.141,-0.057
0.005,-0.125,-0.130,0.060,0.067,-0.128,-0.031,-0.141,-0.202,-0.188,-0.152,-0.074
-0.010,-0.140,-0.130,0.075,0.060,-0.135,0.000,-0.085,-0.190,-0.190,-0.155,-0.085
-0.020,-0.150,-0.130,0.085,0.055,-0.140,0.017,-0.056,-0.178,-0.189,-0.162,-0.092
-0.045,-0.175,-0.130,0.110,0.043,-0.152,0.031,-0.028,-0.166,-0.203,-0.178,-0.110
-0.040,-0.186,-0.146,0.114,0.053,-0.166,0.049,-0.007,-0.154,-0.210,-0.189,-0.126
-0.018,-0.179,-0.161,0.098,0.072,-0.170,0.063,0.002,-0.142,-0.204,-0.190,-0.131
-0.025,-0.180,-0.155,0.103,0.065,-0.167,0.075,0.010,-0.135,-0.205,-0.190,-0.135
-0.026,-0.181,-0.154,0.104,0.064,-0.167,0.092,0.018,-0.131,-0.205,-0.190,-0.136
-0.021,-0.177,-0.156,0.100,0.068,-0.166,0.100,0.029,-0.128,-0.205,-0.190,-0.133
-0.021,-0.174,-0.153,0.098,0.066,-0.164,0.100,0.039,-0.121,-0.205,-0.191,-0.141
-0.026,-0.175,-0.150,0.101,0.062,-0.162,0.101,0.047,-0.114,-0.204,-0.196,-0.150
-0.025,-0.175,-0.150,0.100,0.063,-0.162,0.105,0.055,-0.110,-0.200,-0.200,-0.145
-0.020,-0.171,-0.150,0.096,0.065,-0.161,0.109,0.062,-0.106,-0.200,-0.196,-0.145
-0.023,-0.169,-0.147,0.096,0.062,-0.158,0.113,0.075,-0.099,-0.200,-0.194,-0.145
-0.026,-0.171,-0.144,0.099,0.059,-0.157,0.117,0.081,-0.092,-0.200,-0.196,-0.145
-0.024,-0.169,-0.145,0.097,0.061,-0.157,0.120,0.080,-0.089,-0.200,-0.194,-0.145
-0.020,-0.165,-0.145,0.093,0.063,-0.155,0.120,0.080,-0.085,-0.200,-0.190,-0.145
-0.024,-0.165,-0.141,0.094,0.059,-0.152,0.119,0.083,-0.081,-0.196,-0.190,-0.145
-0.026,-0.166,-0.139,0.096,0.057,-0.152,0.126,0.094,-0.077,-0.192,-0.191,-0.146
-0.023,-0.163,-0.141,0.093,0.059,-0.152,0.133,0.103,-0.073,-0.188,-0.188,-0.143
-0.020,-0.160,-0.139,0.090,0.059,-0.149,0.135,0.106,-0.068,-0.184,-0.185,-0.140
-0.025,-0.160,-0.135,0.093,0.055,-0.147,0.135,0.110,-0.060,-0.180,-0.185,-0.140
-0.026,-0.160,-0.135,0.094,0.054,-0.147,0.139,0.113,-0.056,-0.176,-0.185,-0.140
-0.021,-0.157,-0.136,0.090,0.057,-0.146,0.140,0.122,-0.053,-0.172,-0.186,-0.140
-0.021,-0.154,-0.133,0.088,0.056,-0.144,0.140,0.124,-0.046,-0.166,-0.182,-0.140
-0.026,-0.155,-0.130,0.091,0.052,-0.142,0.140,0.119,-0.039,-0.158,-0.173,-0.140
-0.025,-0.155,-0.130,0.090,0.053,-0.142,0.140,0.120,-0.035,-0.150,-0.170,-0.140
-0.020,-0.151,-0.130,0.086,0.055,-0.141,0.140,0.137,-0.031,-0.142,-0.166,-0.140
-0.023,-0.150,-0.127,0.087,0.052,-0.138,0.140,0.144,-0.024,-0.134,-0.159,-0.137
-0.025,-0.150,-0.125,0.088,0.050,-0.137,0.140,0.149,-0.016,-0.126,-0.152,-0.133
-0.025,-0.150,-0.125,0.088,0.050,-0.137,0.140,0.156,-0.008,-0.118,-0.149,-0.129
-0.025,-0.150,-0.125,0.088,0.050,-0.137,0.140,0.160,0.000,-0.110,-0.145,-0.125
-0.016,-0.142,-0.126,0.080,0.055,-0.133,0.140,0.173,0.008,-0.102,-0.137,-0.121
-0.017,-0.136,-0.120,0.077,0.052,-0.127,0.140,0.174,0.017,-0.097,-0.132,-0.116
-0.006,-0.134,-0.127,0.070,0.061,-0.130,0.140,0.168,0.022,-0.094,-0.128,-0.115
0.013,-0.128,-0.141,0.058,0.077,-0.135,0.140,0.172,0.027,-0.088,-0.124,-0.114
0.015,-0.120,-0.135,0.053,0.075,-0.127,0.140,0.185,0.035,-0.080,-0.120,-0.110
0.015,-0.116,-0.131,0.050,0.073,-0.123,0.140,0.196,0.046,-0.076,-0.116,-0.106
0.015,-0.112,-0.127,0.049,0.071,-0.119,0.138,0.216,0.065,-0.073,-0.113,-0.102
0.017,-0.108,-0.125,0.046,0.071,-0.116,0.146,0.229,0.082,-0.066,-0.106,-0.098
0.020,-0.104,-0.124,0.042,0.073,-0.114,0.155,0.231,0.093,-0.058,-0.099,-0.094
0.020,-0.100,-0.120,0.040,0.070,-0.110,0.150,0.235,0.105,-0.050,-0.095,-0.090
0.020,-0.096,-0.116,0.039,0.068,-0.106,0.150,0.239,0.110,-0.042,-0.091,-0.086
0.023,-0.092,-0.115,0.035,0.069,-0.103,0.147,0.245,0.111,-0.034,-0.087,-0.079
0.026,-0.088,-0.114,0.031,0.070,-0.100,0.144,0.256,0.123,-0.026,-0.083,-0.072
0.024,-0.085,-0.109,0.031,0.067,-0.096,0.145,0.267,0.145,-0.018,-0.079,-0.069
0.020,-0.085,-0.105,0.033,0.063,-0.095,0.145,0.275,0.160,-0.010,-0.075,-0.065
0.024,-0.081,-0.105,0.029,0.065,-0.093,0.141,0.290,0.170,0.005,-0.063,-0.057
0.025,-0.077,-0.102,0.026,0.064,-0.089,0.139,0.311,0.198,0.025,-0.053,-0.051
0.026,-0.073,-0.099,0.023,0.063,-0.086,0.141,0.324,0.214,0.028,-0.046,-0.049
0.031,-0.069,-0.100,0.019,0.066,-0.085,0.139,0.333,0.227,0.036,-0.038,-0.042
0.035,-0.065,-0.100,0.015,0.068,-0.082,0.135,0.355,0.260,0.070,-0.030,-0.030
0.035,-0.061,-0.096,0.013,0.065,-0.078,0.135,0.378,0.265,0.076,-0.022,-0.022
0.037,-0.058,-0.094,0.011,0.066,-0.076,0.136,0.379,0.272,0.074,-0.015,-0.014
0.046,-0.050,-0.095,0.002,0.071,-0.072,0.133,0.390,0.289,0.079,-0.003,-0.006
0.057,-0.037,-0.094,-0.009,0.076,-0.065,0.130,0.414,0.311,0.095,0.015,0.002
0.060,-0.030,-0.090,-0.015,0.075,-0.060,0.130,0.425,0.335,0.115,0.030,0.010
0.063,-0.022,-0.086,-0.020,0.075,-0.054,0.126,0.448,0.354,0.126,0.032,0.016
0.071,-0.011,-0.082,-0.030,0.077,-0.046,0.124,0.472,0.385,0.151,0.057,0.038
0.078,0.000,-0.078,-0.039,0.078,-0.039,0.126,0.484,0.407,0.173,0.072,0.042
0.080,0.007,-0.074,-0.043,0.076,-0.034,0.124,0.494,0.420,0.192,0.073,0.037
0.085,0.015,-0.070,-0.050,0.077,-0.027,0.120,0.520,0.450,0.225,0.095,0.060
0.098,0.028,-0.070,-0.063,0.084,-0.021,0.120,0.544,0.475,0.242,0.112,0.073
0.100,0.033,-0.068,-0.066,0.084,-0.017,0.121,0.565,0.493,0.253,0.125,0.081
0.103,0.040,-0.062,-0.071,0.082,-0.011,0.118,0.570,0.505,0.269,0.134,0.087
0.112,0.052,-0.060,-0.082,0.086,-0.004,0.114,0.572,0.520,0.282,0.143,0.092
0.115,0.055,-0.060,-0.085,0.087,-0.002,0.115,0.590,0.540,0.285,0.155,0.100
0.112,0.056,-0.056,-0.084,0.084,0.000,0.116,0.611,0.556,0.299,0.169,0.111
0.136,0.081,-0.055,-0.108,0.095,0.013,0.110,0.625,0.577,0.327,0.198,0.132
0.156,0.102,-0.054,-0.129,0.104,0.024,0.100,0.634,0.602,0.350,0.215,0.140
0.155,0.106,-0.049,-0.130,0.101,0.028,0.094,0.643,0.626,0.372,0.224,0.143
0.160,0.115,-0.045,-0.137,0.102,0.035,0.090,0.660,0.645,0.400,0.250,0.165
0.177,0.131,-0.045,-0.153,0.110,0.043,0.082,0.682,0.657,0.416,0.268,0.178
0.185,0.143,-0.042,-0.163,0.113,0.050,0.074,0.687,0.670,0.434,0.273,0.186
0.185,0.145,-0.040,-0.165,0.112,0.052,0.067,0.684,0.675,0.440,0.278,0.193
0.184,0.145,-0.039,-0.165,0.111,0.053,0.066,0.685,0.676,0.443,0.287,0.196
0.180,0.145,-0.035,-0.162,0.107,0.055,0.070,0.685,0.690,0.460,0.295,0.200
0.177,0.143,-0.035,-0.159,0.106,0.054,0.070,0.683,0.706,0.471,0.310,0.208
0.198,0.163,-0.035,-0.180,0.116,0.064,0.070,0.698,0.720,0.494,0.332,0.216
0.216,0.180,-0.035,-0.197,0.125,0.072,0.070,0.704,0.729,0.510,0.342,0.224
0.214,0.179,-0.034,-0.196,0.124,0.072,0.070,0.693,0.738,0.519,0.349,0.232
0.210,0.180,-0.030,-0.195,0.120,0.075,0.070,0.690,0.745,0.540,0.370,0.240
0.214,0.185,-0.030,-0.200,0.122,0.077,0.070,0.682,0.737,0.554,0.363,0.244
0.214,0.184,-0.030,-0.199,0.121,0.076,0.070,0.677,0.732,0.550,0.356,0.249
0.221,0.191,-0.030,-0.206,0.125,0.080,0.070,0.671,0.726,0.541,0.353,0.247
0.230,0.200,-0.030,-0.215,0.130,0.085,0.070,0.665,0.720,0.533,0.349,0.238
0.220,0.190,-0.030,-0.205,0.125,0.080,0.070,0.660,0.715,0.525,0.345,0.230
0.208,0.182,-0.026,-0.194,0.117,0.078,0.074,0.629,0.684,0.523,0.341,0.226
0.199,0.174,-0.025,-0.186,0.112,0.074,0.075,0.596,0.651,0.500,0.338,0.220
0.191,0.166,-0.025,-0.178,0.108,0.070,0.075,0.563,0.616,0.473,0.328,0.210
0.183,0.158,-0.025,-0.170,0.104,0.066,0.075,0.533,0.576,0.447,0.312,0.205
0.175,0.150,-0.025,-0.162,0.100,0.062,0.075,0.505,0.535,0.410,0.295,0.200
0.173,0.148,-0.025,-0.160,0.099,0.061,0.075,0.461,0.476,0.375,0.256,0.173
0.152,0.128,-0.024,-0.139,0.087,0.052,0.075,0.420,0.417,0.330,0.217,0.146
0.135,0.104,-0.030,-0.119,0.082,0.037,0.075,0.379,0.364,0.281,0.182,0.123
0.127,0.085,-0.042,-0.106,0.084,0.021,0.075,0.334,0.312,0.233,0.146,0.100
0.105,0.060,-0.045,-0.082,0.075,0.007,0.075,0.290,0.260,0.185,0.110,0.080
0.083,0.035,-0.048,-0.059,0.066,-0.006,0.075,0.253,0.211,0.141,0.082,0.056
0.077,0.017,-0.060,-0.046,0.068,-0.021,0.078,0.221,0.167,0.099,0.054,0.035
0.071,0.004,-0.067,-0.037,0.069,-0.031,0.081,0.187,0.123,0.062,0.026,0.015
0.056,-0.008,-0.065,-0.023,0.061,-0.036,0.088,0.152,0.080,0.026,-0.001,-0.005
0.045,-0.020,-0.065,-0.012,0.055,-0.042,0.105,0.120,0.040,-0.010,-0.025,-0.020
0.037,-0.029,-0.065,-0.003,0.051,-0.047,0.110,0.088,-0.003,-0.040,-0.052,-0.031
-0.003,-0.066,-0.063,0.035,0.031,-0.065,0.110,0.055,-0.048,-0.085,-0.089,-0.054
-0.021,-0.092,-0.071,0.057,0.025,-0.081,0.110,0.027,-0.074,-0.115,-0.114,-0.070
-0.008,-0.090,-0.081,0.049,0.037,-0.086,0.111,0.005,-0.091,-0.131,-0.130,-0.078
-0.015,-0.095,-0.080,0.055,0.033,-0.087,0.115,-0.015,-0.120,-0.165,-0.155,-0.095
-0.025,-0.103,-0.078,0.064,0.027,-0.090,0.115,-0.031,-0.141,-0.187,-0.169,-0.108
-0.018,-0.108,-0.090,0.063,0.036,-0.098,0.115,-0.047,-0.154,-0.195,-0.172,-0.115
-0.019,-0.114,-0.095,0.066,0.038,-0.104,0.114,-0.064,-0.167,-0.208,-0.181,-0.126
-0.033,-0.122,-0.089,0.078,0.028,-0.105,0.117,-0.077,-0.176,-0.222,-0.192,-0.136
-0.040,-0.125,-0.085,0.083,0.023,-0.105,0.130,-0.080,-0.180,-0.225,-0.195,-0.135
-0.042,-0.124,-0.082,0.083,0.020,-0.102,0.135,-0.079,-0.192,-0.227,-0.197,-0.133
-0.061,-0.136,-0.076,0.098,0.008,-0.105,0.135,-0.086,-0.203,-0.244,-0.215,-0.147
-0.057,-0.151,-0.094,0.104,0.019,-0.122,0.135,-0.092,-0.219,-0.265,-0.229,-0.157
-0.039,-0.156,-0.117,0.098,0.040,-0.137,0.135,-0.096,-0.231,-0.277,-0.230,-0.154
-0.050,-0.160,-0.110,0.105,0.030,-0.135,0.135,-0.100,-0.225,-0.280,-0.230,-0.155
-0.055,-0.164,-0.110,0.109,0.028,-0.137,0.135,-0.096,-0.224,-0.280,-0.230,-0.155
-0.058,-0.165,-0.107,0.112,0.025,-0.136,0.135,-0.094,-0.226,-0.279,-0.230,-0.153
-0.061,-0.165,-0.104,0.113,0.022,-0.135,0.135,-0.096,-0.223,-0.282,-0.230,-0.161
-0.060,-0.165,-0.105,0.113,0.023,-0.135,0.136,-0.094,-0.220,-0.285,-0.230,-0.170
-0.060,-0.165,-0.105,0.113,0.023,-0.135,0.140,-0.090,-0.220,-0.285,-0.230,-0.165
-0.064,-0.165,-0.101,0.114,0.019,-0.132,0.140,-0.090,-0.220,-0.285,-0.228,-0.165
-0.066,-0.166,-0.099,0.116,0.017,-0.132,0.140,-0.091,-0.217,-0.282,-0.246,-0.165
-0.061,-0.162,-0.101,0.112,0.020,-0.131,0.140,-0.088,-0.215,-0.278,-0.255,-0.165
-0.054,-0.153,-0.099,0.103,0.023,-0.126,0.140,-0.085,-0.215,-0.274,-0.242,-0.165
-0.050,-0.145,-0.095,0.098,0.023,-0.120,0.140,-0.085,-0.215,-0.270,-0.235,-0.165
-0.042,-0.137,-0.095,0.090,0.027,-0.116,0.140,-0.085,-0.216,-0.266,-0.231,-0.166
-0.034,-0.129,-0.096,0.082,0.032,-0.112,0.140,-0.086,-0.207,-0.261,-0.224,-0.160
-0.027,-0.120,-0.093,0.074,0.033,-0.107,0.142,-0.080,-0.195,-0.260,-0.216,-0.150
-0.025,-0.114,-0.089,0.069,0.033,-0.101,0.146,-0.067,-0.188,-0.259,-0.209,-0.144
-0.020,-0.110,-0.090,0.065,0.035,-0.100,0.150,-0.060,-0.180,-0.250,-0.205,-0.140
-0.007,-0.098,-0.091,0.053,0.042,-0.094,0.154,-0.052,-0.172,-0.246,-0.201,-0.132
-0.004,-0.089,-0.085,0.047,0.041,-0.086,0.159,-0.044,-0.164,-0.242,-0.197,-0.124
-0.003,-0.079,-0.076,0.041,0.036,-0.077,0.159,-0.036,-0.156,-0.238,-0.193,-0.117
0.000,-0.068,-0.068,0.034,0.034,-0.068,0.154,-0.028,-0.148,-0.234,-0.190,-0.116
0.000,-0.060,-0.060,0.030,0.030,-0.060,0.155,-0.020,-0.145,-0.230,-0.190,-0.120
0.004,-0.048,-0.052,0.022,0.028,-0.050,0.155,-0.016,-0.145,-0.226,-0.186,-0.120
0.006,-0.038,-0.045,0.016,0.026,-0.041,0.156,-0.012,-0.142,-0.222,-0.181,-0.120
0.002,-0.032,-0.034,0.015,0.018,-0.033,0.153,-0.008,-0.140,-0.218,-0.180,-0.120
0.001,-0.030,-0.031,0.014,0.016,-0.031,0.150,-0.005,-0.139,-0.214,-0.179,-0.120
0.010,-0.030,-0.040,0.010,0.025,-0.035,0.150,-0.005,-0.135,-0.210,-0.175,-0.120
0.006,-0.030,-0.036,0.012,0.021,-0.033,0.150,-0.001,-0.135,-0.206,-0.171,-0.120
0.005,-0.030,-0.035,0.013,0.020,-0.032,0.150,0.004,-0.136,-0.201,-0.170,-0.120
0.003,-0.030,-0.033,0.014,0.018,-0.031,0.150,0.005,-0.133,-0.200,-0.169,-0.120
0.000,-0.030,-0.030,0.015,0.015,-0.030,0.149,0.006,-0.130,-0.199,-0.164,-0.120
0.000,-0.030,-0.030,0.015,0.015,-0.030,0.145,0.010,-0.130,-0.195,-0.160,-0.120
0.000,-0.026,-0.026,0.013,0.013,-0.026,0.145,0.014,-0.126,-0.195,-0.160,-0.120
0.001,-0.025,-0.025,0.013,0.013,-0.025,0.145,0.016,-0.125,-0.196,-0.158,-0.120
-0.002,-0.025,-0.023,0.014,0.011,-0.024,0.145,0.012,-0.123,-0.193,-0.153,-0.120
-0.005,-0.025,-0.020,0.015,0.008,-0.022,0.146,0.003,-0.120,-0.190,-0.150,-0.120
-0.005,-0.025,-0.020,0.015,0.008,-0.022,0.145,-0.005,-0.120,-0.190,-0.150,-0.120
-0.009,-0.025,-0.016,0.017,0.004,-0.021,0.133,-0.014,-0.118,-0.189,-0.153,-0.120
-0.012,-0.024,-0.012,0.019,0.001,-0.018,0.123,-0.018,-0.133,-0.201,-0.167,-0.120
-0.004,-0.028,-0.024,0.017,0.011,-0.026,0.117,-0.040,-0.156,-0.216,-0.180,-0.120
0.015,-0.037,-0.052,0.011,0.034,-0.044,0.107,-0.070,-0.166,-0.221,-0.186,-0.120
0.025,-0.045,-0.070,0.010,0.048,-0.057,0.095,-0.080,-0.165,-0.225,-0.190,-0.120
0.014,-0.059,-0.073,0.023,0.043,-0.065,0.087,-0.093,-0.177,-0.229,-0.190,-0.120
0.035,-0.056,-0.090,0.011,0.063,-0.073,0.078,-0.095,-0.185,-0.230,-0.190,-0.120
0.041,-0.061,-0.103,0.010,0.073,-0.082,0.076,-0.100,-0.185,-0.230,-0.190,-0.120
0.022,-0.077,-0.099,0.028,0.061,-0.088,0.081,-0.111,-0.186,-0.230,-0.190,-0.120
0.020,-0.080,-0.100,0.030,0.060,-0.090,0.080,-0.110,-0.190,-0.230,-0.190,-0.120
0.015,-0.085,-0.100,0.035,0.058,-0.092,0.080,-0.110,-0.194,-0.237,-0.197,-0.119
0.017,-0.083,-0.100,0.033,0.059,-0.091,0.083,-0.110,-0.199,-0.250,-0.209,-0.128
0.006,-0.094,-0.100,0.044,0.053,-0.097,0.086,-0.110,-0.200,-0.259,-0.221,-0.141
-0.014,-0.114,-0.100,0.064,0.043,-0.107,0.084,-0.110,-0.201,-0.268,-0.233,-0.153
-0.025,-0.125,-0.100,0.075,0.038,-0.112,0.085,-0.110,-0.205,-0.280,-0.240,-0.160
-0.042,-0.142,-0.100,0.092,0.030,-0.120,0.098,-0.110,-0.209,-0.276,-0.236,-0.156
-0.050,-0.150,-0.100,0.100,0.025,-0.125,0.098,-0.110,-0.210,-0.274,-0.235,-0.154
-0.050,-0.150,-0.100,0.100,0.025,-0.125,0.094,-0.110,-0.210,-0.275,-0.233,-0.155
-0.050,-0.150,-0.100,0.100,0.025,-0.125,0.094,-0.110,-0.209,-0.275,-0.229,-0.155
-0.050,-0.150,-0.100,0.100,0.025,-0.125,0.090,-0.110,-0.210,-0.275,-0.230,-0.155
-0.048,-0.148,-0.100,0.098,0.026,-0.124,0.090,-0.110,-0.222,-0.283,-0.237,-0.166
-0.062,-0.162,-0.100,0.112,0.019,-0.131,0.091,-0.112,-0.226,-0.288,-0.250,-0.181
-0.074,-0.174,-0.100,0.124,0.013,-0.137,0.088,-0.118,-0.224,-0.292,-0.258,-0.184
-0.075,-0.175,-0.100,0.125,0.013,-0.137,0.085,-0.120,-0.226,-0.296,-0.261,-0.179
-0.075,-0.175,-0.100,0.125,0.013,-0.137,0.085,-0.120,-0.230,-0.300,-0.265,-0.180
-0.071,-0.175,-0.105,0.123,0.018,-0.140,0.085,-0.132,-0.230,-0.313,-0.261,-0.180
-0.072,-0.175,-0.103,0.124,0.016,-0.139,0.082,-0.139,-0.230,-0.313,-0.259,-0.180
-0.077,-0.175,-0.098,0.126,0.011,-0.136,0.079,-0.140,-0.230,-0.309,-0.260,-0.180
-0.072,-0.174,-0.102,0.123,0.016,-0.138,0.080,-0.140,-0.230,-0.310,-0.260,-0.180
-0.060,-0.175,-0.115,0.118,0.028,-0.145,0.080,-0.140,-0.230,-0.310,-0.260,-0.180
-0.068,-0.188,-0.120,0.128,0.026,-0.154,0.076,-0.140,-0.230,-0.310,-0.260,-0.180
-0.068,-0.188,-0.120,0.128,0.026,-0.154,0.075,-0.140,-0.230,-0.310,-0.260,-0.180
-0.065,-0.184,-0.120,0.125,0.028,-0.152,0.073,-0.140,-0.230,-0.310,-0.260,-0.180
-0.064,-0.184,-0.120,0.124,0.028,-0.152,0.069,-0.140,-0.230,-0.310,-0.260,-0.180
-0.060,-0.180,-0.120,0.120,0.030,-0.150,0.070,-0.140,-0.230,-0.310,-0.260,-0.180
-0.063,-0.180,-0.116,0.122,0.026,-0.147,0.070,-0.140,-0.230,-0.310,-0.260,-0.180
-0.069,-0.181,-0.112,0.125,0.022,-0.146,0.067,-0.140,-0.230,-0.310,-0.260,-0.180
-0.070,-0.178,-0.108,0.124,0.019,-0.143,0.064,-0.140,-0.229,-0.310,-0.260,-0.180
-0.071,-0.175,-0.104,0.123,0.017,-0.139,0.065,-0.140,-0.224,-0.310,-0.260,-0.180
-0.075,-0.175,-0.100,0.125,0.013,-0.137,0.065,-0.140,-0.225,-0.310,-0.260,-0.180
-0.075,-0.171,-0.096,0.123,0.011,-0.133,0.061,-0.140,-0.242,-0.306,-0.260,-0.180
-0.076,-0.169,-0.093,0.123,0.008,-0.131,0.059,-0.140,-0.244,-0.305,-0.260,-0.180
-0.070,-0.171,-0.100,0.121,0.015,-0.135,0.061,-0.140,-0.239,-0.305,-0.261,-0.181
-0.057,-0.169,-0.112,0.113,0.028,-0.141,0.059,-0.140,-0.240,-0.305,-0.266,-0.179
-0.050,-0.165,-0.115,0.108,0.033,-0.140,0.055,-0.140,-0.240,-0.305,-0.270,-0.180
-0.048,-0.165,-0.117,0.107,0.035,-0.141,0.055,-0.140,-0.240,-0.305,-0.266,-0.197
-0.028,-0.162,-0.134,0.095,0.053,-0.148,0.052,-0.139,-0.240,-0.305,-0.262,-0.196
-0.022,-0.159,-0.137,0.091,0.057,-0.148,0.049,-0.142,-0.241,-0.305,-0.273,-0.187
-0.038,-0.160,-0.122,0.100,0.042,-0.141,0.051,-0.136,-0.238,-0.305,-0.286,-0.185
-0.045,-0.160,-0.115,0.103,0.035,-0.137,0.060,-0.110,-0.225,-0.305,-0.275,-0.180
-0.053,-0.156,-0.103,0.104,0.026,-0.129,0.077,-0.089,-0.214,-0.305,-0.264,-0.173
-0.061,-0.154,-0.093,0.107,0.017,-0.123,0.084,-0.036,-0.193,-0.304,-0.282,-0.195
-0.069,-0.157,-0.088,0.113,0.010,-0.122,0.105,0.020,-0.169,-0.308,-0.304,-0.218
-0.068,-0.152,-0.084,0.111,0.008,-0.118,0.145,0.097,-0.141,-0.300,-0.320,-0.237
-0.055,-0.135,-0.080,0.095,0.013,-0.107,0.180,0.235,-0.080,-0.270,-0.330,-0.260
-0.044,-0.120,-0.076,0.082,0.017,-0.098,0.203,0.355,0.023,-0.244,-0.287,-0.237
-0.023,-0.094,-0.072,0.059,0.025,-0.083,0.203,0.445,0.126,-0.193,-0.248,-0.219
0.002,-0.068,-0.070,0.033,0.036,-0.069,0.200,0.525,0.257,-0.094,-0.186,-0.174
0.045,-0.042,-0.088,-0.001,0.066,-0.065,0.199,0.559,0.412,0.048,-0.065,-0.079
0.125,0.015,-0.110,-0.070,0.117,-0.047,0.170,0.475,0.525,0.215,0.095,0.040
0.202,0.130,-0.073,-0.166,0.138,0.028,0.066,0.241,0.577,0.403,0.274,0.184
0.274,0.245,-0.029,-0.259,0.152,0.108,-0.132,-0.163,0.604,0.631,0.498,0.364
0.395,0.389,-0.006,-0.392,0.201,0.191,-0.365,-0.633,0.608,0.912,0.773,0.588
0.534,0.535,0.001,-0.534,0.266,0.268,-0.574,-0.997,0.617,1.213,1.068,0.829
0.600,0.610,0.010,-0.605,0.295,0.310,-0.745,-1.195,0.645,1.485,1.335,1.040
0.628,0.666,0.038,-0.647,0.295,0.352,-0.886,-1.363,0.621,1.739,1.564,1.219
0.691,0.802,0.111,-0.747,0.290,0.456,-1.022,-1.573,0.609,2.051,1.827,1.415
0.680,0.972,0.291,-0.826,0.194,0.631,-1.155,-1.837,0.523,2.344,2.059,1.604
0.600,1.058,0.458,-0.829,0.071,0.758,-1.272,-2.083,0.318,2.459,2.160,1.672
0.575,0.985,0.410,-0.780,0.082,0.697,-1.330,-2.190,0.105,2.310,2.090,1.595
0.556,0.774,0.217,-0.665,0.169,0.495,-1.281,-2.118,-0.038,1.958,1.865,1.540
0.490,0.558,0.068,-0.524,0.211,0.312,-1.229,-2.020,-0.251,1.542,1.570,1.386
0.403,0.396,-0.007,-0.400,0.205,0.194,-1.154,-1.923,-0.467,1.099,1.260,1.195
0.344,0.279,-0.065,-0.312,0.204,0.106,-1.034,-1.785,-0.614,0.660,0.964,1.025
0.300,0.175,-0.125,-0.237,0.212,0.025,-0.905,-1.600,-0.740,0.235,0.670,0.820
0.210,0.059,-0.151,-0.135,0.181,-0.046,-0.769,-1.394,-0.846,-0.227,0.322,0.587
0.153,0.023,-0.130,-0.088,0.141,-0.053,-0.633,-1.170,-0.858,-0.487,0.042,0.375
0.112,0.021,-0.090,-0.067,0.101,-0.034,-0.497,-0.944,-0.758,-0.508,-0.094,0.223
0.074,0.007,-0.067,-0.041,0.071,-0.030,-0.379,-0.760,-0.627,-0.439,-0.131,0.132
0.065,0.000,-0.065,-0.032,0.065,-0.032,-0.295,-0.630,-0.545,-0.395,-0.150,0.070
0.049,-0.012,-0.061,-0.019,0.055,-0.036,-0.234,-0.510,-0.472,-0.359,-0.170,0.008
0.035,-0.025,-0.060,-0.005,0.048,-0.042,-0.177,-0.424,-0.409,-0.321,-0.189,-0.032
0.025,-0.033,-0.058,0.005,0.041,-0.046,-0.127,-0.340,-0.349,-0.296,-0.198,-0.060
0.011,-0.044,-0.054,0.017,0.033,-0.048,-0.084,-0.259,-0.283,-0.288,-0.200,-0.085
-0.015,-0.065,-0.050,0.040,0.018,-0.057,-0.045,-0.210,-0.225,-0.280,-0.200,-0.095
-0.045,-0.090,-0.045,0.067,0.001,-0.067,-0.016,-0.161,-0.207,-0.272,-0.200,-0.093
-0.024,-0.108,-0.085,0.066,0.031,-0.096,0.009,-0.127,-0.194,-0.261,-0.200,-0.109
-0.011,-0.120,-0.109,0.066,0.050,-0.114,0.028,-0.101,-0.176,-0.251,-0.200,-0.128
-0.028,-0.126,-0.098,0.077,0.036,-0.112,0.045,-0.075,-0.162,-0.243,-0.200,-0.137
-0.030,-0.130,-0.100,0.080,0.035,-0.115,0.065,-0.060,-0.150,-0.235,-0.200,-0.140
-0.034,-0.135,-0.100,0.084,0.033,-0.117,0.062,-0.048,-0.142,-0.230,-0.200,-0.140
-0.033,-0.133,-0.100,0.083,0.034,-0.116,0.055,-0.036,-0.134,-0.230,-0.200,-0.143
-0.027,-0.128,-0.100,0.077,0.037,-0.114,0.059,-0.024,-0.128,-0.228,-0.200,-0.145
-0.034,-0.134,-0.099,0.084,0.032,-0.116,0.075,-0.013,-0.123,-0.224,-0.200,-0.146
-0.055,-0.150,-0.095,0.103,0.020,-0.122,0.095,-0.005,-0.115,-0.225,-0.200,-0.150
-0.052,-0.147,-0.095,0.100,0.022,-0.121,0.100,0.003,-0.106,-0.226,-0.207,-0.149
-0.049,-0.144,-0.095,0.097,0.024,-0.120,0.099,0.011,-0.102,-0.222,-0.217,-0.160
-0.051,-0.146,-0.095,0.099,0.023,-0.120,0.104,0.019,-0.096,-0.220,-0.219,-0.165
-0.049,-0.144,-0.095,0.097,0.023,-0.119,0.119,0.027,-0.089,-0.219,-0.214,-0.159
-0.045,-0.140,-0.095,0.093,0.025,-0.117,0.130,0.035,-0.085,-0.215,-0.210,-0.160
-0.044,-0.140,-0.095,0.093,0.025,-0.117,0.126,0.039,-0.081,-0.215,-0.206,-0.156
-0.048,-0.140,-0.092,0.094,0.022,-0.116,0.124,0.041,-0.077,-0.216,-0.205,-0.154
-0.051,-0.140,-0.089,0.096,0.019,-0.115,0.125,0.039,-0.073,-0.213,-0.204,-0.156
-0.049,-0.139,-0.090,0.094,0.021,-0.115,0.125,0.043,-0.069,-0.210,-0.199,-0.154
-0.045,-0.135,-0.090,0.090,0.023,-0.112,0.125,0.055,-0.065,-0.210,-0.195,-0.150
-0.045,-0.135,-0.090,0.090,0.023,-0.112,0.125,0.055,-0.061,-0.206,-0.195,-0.150
-0.045,-0.136,-0.091,0.090,0.023,-0.113,0.125,0.055,-0.057,-0.205,-0.193,-0.147
-0.045,-0.133,-0.088,0.089,0.022,-0.110,0.125,0.053,-0.053,-0.203,-0.187,-0.144
-0.045,-0.130,-0.085,0.088,0.020,-0.107,0.124,0.059,-0.049,-0.200,-0.185,-0.145
-0.045,-0.130,-0.085,0.088,0.020,-0.107,0.120,0.080,-0.045,-0.200,-0.185,-0.145
-0.045,-0.130,-0.085,0.088,0.020,-0.107,0.120,0.081,-0.040,-0.192,-0.177,-0.141
-0.046,-0.131,-0.085,0.089,0.020,-0.107,0.120,0.079,-0.041,-0.186,-0.171,-0.140
-0.043,-0.128,-0.085,0.086,0.021,-0.106,0.120,0.082,-0.035,-0.184,-0.168,-0.138
-0.040,-0.125,-0.085,0.083,0.023,-0.105,0.120,0.094,-0.022,-0.178,-0.164,-0.134
-0.040,-0.125,-0.085,0.083,0.023,-0.105,0.120,0.110,-0.015,-0.170,-0.160,-0.135
-0.040,-0.121,-0.081,0.080,0.021,-0.101,0.120,0.107,-0.007,-0.166,-0.156,-0.135
-0.041,-0.120,-0.080,0.080,0.019,-0.100,0.121,0.100,0.001,-0.163,-0.153,-0.132
-0.038,-0.118,-0.080,0.078,0.021,-0.099,0.118,0.104,0.009,-0.154,-0.146,-0.129
-0.035,-0.115,-0.080,0.075,0.023,-0.097,0.115,0.119,0.017,-0.142,-0.139,-0.130
-0.035,-0.115,-0.080,0.075,0.023,-0.097,0.115,0.135,0.025,-0.135,-0.135,-0.130
-0.023,-0.103,-0.080,0.063,0.028,-0.092,0.115,0.144,0.037,-0.127,-0.131,-0.126
-0.013,-0.093,-0.080,0.053,0.033,-0.087,0.115,0.147,0.045,-0.119,-0.124,-0.122
-0.007,-0.087,-0.080,0.047,0.037,-0.083,0.115,0.155,0.059,-0.111,-0.117,-0.118
0.003,-0.077,-0.080,0.037,0.042,-0.078,0.115,0.169,0.080,-0.103,-0.114,-0.114
0.015,-0.065,-0.080,0.025,0.048,-0.072,0.115,0.180,0.090,-0.095,-0.110,-0.110
0.022,-0.057,-0.080,0.018,0.052,-0.068,0.115,0.184,0.092,-0.083,-0.098,-0.105
0.035,-0.046,-0.081,0.005,0.059,-0.063,0.116,0.189,0.111,-0.071,-0.088,-0.106
0.024,-0.052,-0.077,0.014,0.051,-0.064,0.113,0.190,0.121,-0.059,-0.081,-0.102
0.003,-0.066,-0.068,0.032,0.036,-0.067,0.110,0.200,0.123,-0.047,-0.073,-0.093
0.010,-0.055,-0.065,0.023,0.038,-0.060,0.110,0.225,0.145,-0.035,-0.065,-0.085
0.015,-0.046,-0.061,0.016,0.038,-0.053,0.106,0.233,0.157,-0.023,-0.057,-0.077
0.015,-0.042,-0.057,0.014,0.036,-0.049,0.104,0.244,0.172,-0.011,-0.049,-0.069
0.016,-0.037,-0.053,0.010,0.035,-0.045,0.106,0.254,0.186,0.001,-0.039,-0.061
0.021,-0.028,-0.049,0.003,0.035,-0.038,0.104,0.263,0.199,0.013,-0.027,-0.053
0.025,-0.020,-0.045,-0.002,0.035,-0.032,0.100,0.280,0.220,0.025,-0.015,-0.045
0.024,-0.016,-0.041,-0.004,0.033,-0.028,0.100,0.297,0.244,0.031,-0.003,-0.037
0.031,-0.009,-0.040,-0.011,0.036,-0.024,0.101,0.305,0.267,0.055,0.006,-0.028
0.037,-0.001,-0.038,-0.018,0.038,-0.019,0.098,0.319,0.279,0.066,0.016,-0.023
0.042,0.007,-0.035,-0.024,0.038,-0.014,0.095,0.339,0.289,0.069,0.027,-0.019
0.050,0.015,-0.035,-0.032,0.042,-0.010,0.095,0.350,0.310,0.090,0.035,-0.010
0.054,0.023,-0.031,-0.038,0.042,-0.003,0.096,0.371,0.321,0.093,0.043,-0.001
0.061,0.031,-0.030,-0.046,0.045,0.000,0.092,0.383,0.345,0.113,0.050,0.002
0.067,0.039,-0.028,-0.053,0.047,0.005,0.090,0.402,0.372,0.132,0.063,0.010
0.071,0.047,-0.025,-0.058,0.048,0.011,0.089,0.433,0.398,0.154,0.086,0.023
0.075,0.050,-0.025,-0.062,0.050,0.012,0.085,0.455,0.430,0.190,0.105,0.035
0.073,0.052,-0.021,-0.062,0.046,0.015,0.085,0.459,0.437,0.189,0.104,0.047
0.092,0.072,-0.020,-0.082,0.056,0.026,0.086,0.472,0.459,0.208,0.118,0.059
0.097,0.079,-0.018,-0.088,0.058,0.031,0.083,0.499,0.487,0.237,0.140,0.070
0.091,0.077,-0.015,-0.084,0.053,0.031,0.080,0.518,0.504,0.254,0.153,0.076
0.110,0.095,-0.015,-0.102,0.062,0.040,0.080,0.525,0.520,0.270,0.165,0.085
0.119,0.108,-0.011,-0.113,0.065,0.049,0.080,0.538,0.533,0.287,0.182,0.108
0.124,0.113,-0.010,-0.119,0.066,0.051,0.077,0.537,0.542,0.297,0.191,0.104
0.125,0.117,-0.008,-0.121,0.066,0.054,0.074,0.553,0.564,0.319,0.202,0.107
0.126,0.121,-0.005,-0.123,0.065,0.058,0.075,0.578,0.589,0.344,0.219,0.130
0.130,0.125,-0.005,-0.127,0.067,0.060,0.075,0.580,0.595,0.355,0.235,0.140
0.133,0.132,-0.001,-0.132,0.066,0.065,0.067,0.592,0.614,0.378,0.250,0.143
0.148,0.148,0.000,-0.148,0.074,0.073,0.058,0.602,0.639,0.407,0.271,0.157
0.155,0.158,0.002,-0.157,0.076,0.080,0.053,0.608,0.659,0.429,0.286,0.171
0.148,0.153,0.005,-0.151,0.071,0.079,0.048,0.609,0.665,0.436,0.290,0.176
0.150,0.155,0.005,-0.153,0.072,0.080,0.040,0.610,0.665,0.440,0.295,0.180
0.160,0.180,0.020,-0.171,0.070,0.100,0.032,0.635,0.677,0.460,0.316,0.193
0.149,0.189,0.039,-0.169,0.055,0.114,0.024,0.640,0.689,0.473,0.326,0.193
0.152,0.197,0.045,-0.174,0.053,0.121,0.031,0.632,0.703,0.492,0.340,0.206
0.175,0.213,0.038,-0.194,0.068,0.126,0.040,0.630,0.718,0.512,0.357,0.228
0.175,0.215,0.040,-0.195,0.067,0.127,0.035,0.630,0.725,0.515,0.360,0.230
0.155,0.213,0.057,-0.184,0.049,0.134,0.035,0.626,0.721,0.532,0.372,0.234
0.172,0.231,0.059,-0.202,0.056,0.145,0.032,0.621,0.717,0.531,0.379,0.238
0.187,0.239,0.052,-0.214,0.068,0.145,0.030,0.621,0.712,0.522,0.383,0.243
0.178,0.228,0.050,-0.203,0.064,0.139,0.029,0.618,0.710,0.519,0.383,0.244
0.175,0.225,0.050,-0.200,0.062,0.137,0.025,0.605,0.705,0.515,0.370,0.235
0.171,0.217,0.046,-0.194,0.062,0.131,0.025,0.594,0.677,0.507,0.357,0.227
0.167,0.212,0.045,-0.190,0.061,0.128,0.022,0.570,0.653,0.501,0.349,0.219
0.162,0.206,0.044,-0.184,0.059,0.124,0.020,0.541,0.623,0.501,0.340,0.211
0.160,0.199,0.039,-0.180,0.061,0.119,0.019,0.512,0.587,0.489,0.326,0.203
0.160,0.195,0.035,-0.178,0.062,0.115,0.015,0.480,0.555,0.450,0.315,0.195
0.144,0.180,0.035,-0.162,0.054,0.107,0.014,0.449,0.507,0.414,0.309,0.193
0.131,0.163,0.032,-0.147,0.049,0.097,0.018,0.411,0.463,0.372,0.281,0.173
0.117,0.147,0.030,-0.132,0.043,0.088,0.021,0.370,0.412,0.330,0.241,0.149
0.103,0.131,0.029,-0.117,0.036,0.079,0.028,0.330,0.350,0.288,0.207,0.129
0.095,0.115,0.020,-0.105,0.037,0.067,0.040,0.290,0.295,0.235,0.175,0.105
0.079,0.095,0.016,-0.087,0.032,0.055,0.037,0.250,0.243,0.182,0.143,0.085
0.066,0.078,0.012,-0.072,0.027,0.045,0.033,0.210,0.193,0.137,0.111,0.063
0.053,0.061,0.008,-0.057,0.022,0.034,0.041,0.171,0.148,0.093,0.079,0.038
0.036,0.040,0.004,-0.038,0.016,0.022,0.052,0.137,0.104,0.050,0.047,0.014
0.020,0.020,0.000,-0.020,0.010,0.010,0.055,0.105,0.060,0.010,0.015,-0.005
0.010,0.008,-0.002,-0.008,0.005,0.003,0.058,0.073,0.020,-0.030,-0.012,-0.020
0.019,-0.004,-0.023,-0.007,0.021,-0.013,0.069,0.044,-0.018,-0.071,-0.047,-0.046
0.025,-0.016,-0.041,-0.004,0.033,-0.027,0.078,0.015,-0.050,-0.107,-0.081,-0.070
0.010,-0.029,-0.039,0.009,0.025,-0.033,0.081,-0.010,-0.076,-0.138,-0.105,-0.083
0.000,-0.040,-0.040,0.020,0.020,-0.040,0.090,-0.025,-0.100,-0.165,-0.120,-0.090
0.016,-0.042,-0.057,0.013,0.037,-0.049,0.102,-0.037,-0.119,-0.179,-0.126,-0.092
-0.009,-0.067,-0.059,0.038,0.025,-0.062,0.109,-0.052,-0.148,-0.214,-0.149,-0.113
-0.028,-0.082,-0.054,0.056,0.013,-0.067,0.110,-0.066,-0.166,-0.235,-0.165,-0.130
-0.027,-0.082,-0.055,0.055,0.014,-0.068,0.110,-0.079,-0.172,-0.237,-0.165,-0.130
-0.045,-0.100,-0.055,0.073,0.005,-0.077,0.110,-0.095,-0.185,-0.255,-0.170,-0.130
-0.051,-0.101,-0.051,0.076,0.000,-0.076,0.110,-0.095,-0.193,-0.263,-0.182,-0.133
-0.048,-0.097,-0.049,0.072,0.001,-0.073,0.110,-0.103,-0.201,-0.274,-0.194,-0.147
-0.058,-0.108,-0.051,0.083,-0.004,-0.079,0.110,-0.115,-0.207,-0.284,-0.207,-0.158
-0.072,-0.121,-0.049,0.096,-0.011,-0.085,0.111,-0.121,-0.212,-0.293,-0.215,-0.161
-0.070,-0.115,-0.045,0.093,-0.012,-0.080,0.115,-0.120,-0.220,-0.305,-0.210,-0.165
-0.070,-0.115,-0.045,0.093,-0.012,-0.080,0.115,-0.119,-0.216,-0.306,-0.208,-0.161
-0.067,-0.112,-0.045,0.090,-0.011,-0.078,0.115,-0.129,-0.214,-0.305,-0.223,-0.160
-0.065,-0.109,-0.045,0.087,-0.010,-0.076,0.115,-0.137,-0.215,-0.305,-0.231,-0.158
-0.065,-0.110,-0.045,0.088,-0.010,-0.077,0.115,-0.135,-0.215,-0.305,-0.223,-0.155
-0.070,-0.120,-0.050,0.095,-0.010,-0.085,0.115,-0.135,-0.215,-0.305,-0.220,-0.155
-0.085,-0.147,-0.061,0.116,-0.012,-0.104,0.115,-0.135,-0.215,-0.305,-0.220,-0.151
-0.068,-0.144,-0.076,0.106,0.004,-0.109,0.114,-0.135,-0.212,-0.304,-0.217,-0.150
-0.050,-0.130,-0.080,0.090,0.015,-0.104,0.117,-0.135,-0.209,-0.307,-0.215,-0.148
-0.049,-0.122,-0.074,0.086,0.013,-0.098,0.120,-0.136,-0.210,-0.310,-0.215,-0.145
-0.040,-0.110,-0.070,0.075,0.015,-0.090,0.120,-0.135,-0.210,-0.305,-0.210,-0.145
-0.036,-0.102,-0.066,0.070,0.015,-0.084,0.120,-0.123,-0.210,-0.301,-0.205,-0.141
-0.029,-0.091,-0.062,0.060,0.017,-0.076,0.120,-0.114,-0.211,-0.297,-0.205,-0.140
-0.022,-0.080,-0.058,0.052,0.018,-0.069,0.120,-0.104,-0.205,-0.293,-0.203,-0.138
-0.019,-0.073,-0.054,0.047,0.018,-0.064,0.120,-0.093,-0.192,-0.289,-0.200,-0.135
-0.015,-0.065,-0.050,0.040,0.018,-0.057,0.120,-0.085,-0.185,-0.285,-0.200,-0.135
-0.015,-0.057,-0.042,0.036,0.014,-0.049,0.120,-0.073,-0.177,-0.281,-0.196,-0.131
-0.016,-0.052,-0.036,0.034,0.011,-0.044,0.118,-0.063,-0.169,-0.274,-0.191,-0.130
-0.013,-0.047,-0.034,0.030,0.010,-0.040,0.128,-0.058,-0.161,-0.268,-0.190,-0.128
-0.010,-0.038,-0.028,0.024,0.009,-0.033,0.141,-0.054,-0.152,-0.263,-0.189,-0.125
-0.010,-0.030,-0.020,0.020,0.005,-0.025,0.135,-0.050,-0.145,-0.255,-0.185,-0.125
-0.010,-0.026,-0.016,0.019,0.003,-0.021,0.135,-0.050,-0.149,-0.251,-0.181,-0.121
-0.007,-0.020,-0.012,0.014,0.003,-0.015,0.132,-0.047,-0.151,-0.244,-0.180,-0.119
-0.002,-0.010,-0.008,0.007,0.003,-0.009,0.130,-0.045,-0.150,-0.238,-0.179,-0.121
0.000,-0.004,-0.004,0.002,0.002,-0.004,0.129,-0.045,-0.150,-0.234,-0.174,-0.119
0.000,0.000,0.000,0.000,0.000,0.000,0.125,-0.040,-0.150,-0.230,-0.170,-0.115
0.008,0.008,0.000,-0.008,0.004,0.004,0.125,-0.035,-0.150,-0.230,-0.166,-0.115
0.013,0.016,0.003,-0.015,0.005,0.009,0.122,-0.035,-0.150,-0.231,-0.162,-0.112
0.019,0.024,0.005,-0.022,0.006,0.014,0.120,-0.033,-0.150,-0.228,-0.158,-0.110
0.017,0.023,0.005,-0.021,0.006,0.014,0.119,-0.030,-0.150,-0.225,-0.155,-0.110
0.010,0.020,0.010,-0.015,0.000,0.015,0.115,-0.030,-0.150,-0.225,-0.155,-0.110
0.035,0.049,0.015,-0.042,0.010,0.032,0.115,-0.026,-0.150,-0.225,-0.151,-0.114
0.041,0.055,0.015,-0.049,0.013,0.035,0.112,-0.022,-0.150,-0.222,-0.150,-0.115
0.030,0.047,0.017,-0.038,0.006,0.031,0.110,-0.018,-0.150,-0.219,-0.150,-0.115
0.025,0.044,0.020,-0.034,0.002,0.032,0.109,-0.015,-0.150,-0.220,-0.150,-0.115
0.020,0.040,0.020,-0.030,0.000,0.030,0.105,-0.015,-0.150,-0.220,-0.150,-0.115
-0.001,0.036,0.037,-0.017,-0.020,0.036,0.106,-0.020,-0.150,-0.219,-0.150,-0.115
-0.005,0.032,0.036,-0.014,-0.021,0.034,0.097,-0.050,-0.151,-0.226,-0.150,-0.118
0.003,0.028,0.025,-0.016,-0.011,0.027,0.085,-0.071,-0.148,-0.232,-0.151,-0.121
0.005,0.023,0.018,-0.014,-0.007,0.020,0.078,-0.079,-0.153,-0.238,-0.156,-0.120
0.005,0.015,0.010,-0.010,-0.003,0.012,0.070,-0.100,-0.170,-0.250,-0.160,-0.120
0.005,0.007,0.002,-0.006,0.001,0.004,0.058,-0.109,-0.171,-0.254,-0.159,-0.120
0.004,-0.001,-0.006,-0.002,0.005,-0.003,0.049,-0.113,-0.169,-0.258,-0.169,-0.120
0.007,-0.008,-0.015,0.000,0.012,-0.011,0.041,-0.115,-0.174,-0.262,-0.179,-0.120
0.001,-0.019,-0.020,0.009,0.011,-0.019,0.033,-0.115,-0.181,-0.266,-0.179,-0.119
-0.025,-0.040,-0.015,0.033,-0.005,-0.027,0.025,-0.120,-0.185,-0.270,-0.180,-0.120
-0.045,-0.057,-0.012,0.052,-0.017,-0.034,0.014,-0.133,-0.189,-0.282,-0.193,-0.132
-0.029,-0.065,-0.036,0.047,0.004,-0.050,0.029,-0.133,-0.193,-0.289,-0.195,-0.139
-0.008,-0.064,-0.056,0.036,0.024,-0.059,0.045,-0.129,-0.197,-0.290,-0.200,-0.140
-0.013,-0.068,-0.055,0.041,0.021,-0.061,0.044,-0.130,-0.201,-0.291,-0.212,-0.140
-0.025,-0.080,-0.055,0.053,0.015,-0.067,0.050,-0.130,-0.205,-0.295,-0.215,-0.140
-0.019,-0.074,-0.055,0.047,0.018,-0.065,0.076,-0.126,-0.209,-0.295,-0.216,-0.137
-0.035,-0.090,-0.055,0.063,0.010,-0.072,0.079,-0.125,-0.210,-0.298,-0.212,-0.159
-0.047,-0.102,-0.054,0.075,0.004,-0.078,0.074,-0.125,-0.211,-0.301,-0.210,-0.171
-0.036,-0.092,-0.056,0.065,0.010,-0.074,0.074,-0.125,-0.209,-0.300,-0.209,-0.164
-0.040,-0.095,-0.055,0.068,0.008,-0.075,0.070,-0.130,-0.210,-0.305,-0.210,-0.165
-0.089,-0.128,-0.039,0.108,-0.024,-0.083,0.070,-0.152,-0.239,-0.321,-0.235,-0.165
-0.081,-0.141,-0.061,0.111,-0.010,-0.100,0.067,-0.154,-0.251,-0.330,-0.246,-0.165
-0.062,-0.139,-0.078,0.101,0.008,-0.108,0.065,-0.149,-0.249,-0.330,-0.245,-0.165
-0.073,-0.140,-0.068,0.106,-0.002,-0.104,0.064,-0.150,-0.250,-0.330,-0.245,-0.165
-0.070,-0.140,-0.070,0.105,0.000,-0.105,0.060,-0.150,-0.250,-0.330,-0.245,-0.165
-0.049,-0.140,-0.091,0.095,0.021,-0.115,0.060,-0.150,-0.250,-0.330,-0.245,-0.165
-0.046,-0.140,-0.094,0.093,0.024,-0.117,0.061,-0.150,-0.253,-0.329,-0.244,-0.165
-0.053,-0.140,-0.087,0.097,0.017,-0.113,0.058,-0.150,-0.256,-0.332,-0.247,-0.165
-0.056,-0.140,-0.084,0.098,0.014,-0.112,0.055,-0.150,-0.255,-0.335,-0.250,-0.165
-0.060,-0.140,-0.080,0.100,0.010,-0.110,0.055,-0.150,-0.255,-0.335,-0.250,-0.165
-0.064,-0.140,-0.076,0.102,0.006,-0.108,0.051,-0.150,-0.255,-0.335,-0.250,-0.165
-0.068,-0.140,-0.072,0.104,0.002,-0.106,0.050,-0.150,-0.255,-0.335,-0.250,-0.165
-0.072,-0.140,-0.068,0.107,-0.002,-0.104,0.048,-0.150,-0.255,-0.335,-0.250,-0.165
-0.075,-0.139,-0.064,0.108,-0.005,-0.101,0.045,-0.150,-0.255,-0.335,-0.249,-0.165
-0.075,-0.135,-0.060,0.105,-0.007,-0.097,0.045,-0.150,-0.255,-0.335,-0.245,-0.165
-0.079,-0.135,-0.056,0.107,-0.011,-0.095,0.041,-0.146,-0.255,-0.335,-0.245,-0.168
-0.080,-0.135,-0.055,0.108,-0.012,-0.095,0.039,-0.145,-0.255,-0.335,-0.245,-0.180
-0.081,-0.135,-0.054,0.108,-0.013,-0.094,0.041,-0.145,-0.255,-0.335,-0.245,-0.185
-0.086,-0.135,-0.049,0.111,-0.018,-0.091,0.039,-0.145,-0.255,-0.335,-0.245,-0.179
-0.095,-0.140,-0.045,0.118,-0.025,-0.092,0.035,-0.145,-0.255,-0.335,-0.245,-0.180
-0.109,-0.153,-0.044,0.132,-0.032,-0.099,0.035,-0.145,-0.255,-0.335,-0.245,-0.180
-0.105,-0.153,-0.048,0.129,-0.028,-0.101,0.032,-0.145,-0.255,-0.335,-0.245,-0.180
-0.099,-0.149,-0.050,0.124,-0.024,-0.100,0.030,-0.145,-0.255,-0.335,-0.245,-0.180
-0.100,-0.150,-0.051,0.125,-0.025,-0.101,0.029,-0.145,-0.255,-0.335,-0.245,-0.180
-0.090,-0.150,-0.060,0.120,-0.015,-0.105,0.025,-0.145,-0.255,-0.335,-0.245,-0.180
-0.068,-0.146,-0.078,0.107,0.005,-0.111,0.025,-0.145,-0.255,-0.335,-0.243,-0.180
-0.069,-0.144,-0.076,0.107,0.004,-0.109,0.022,-0.145,-0.255,-0.335,-0.258,-0.180
-0.078,-0.146,-0.067,0.112,-0.005,-0.106,0.020,-0.146,-0.256,-0.335,-0.265,-0.180
-0.081,-0.144,-0.063,0.113,-0.008,-0.104,0.019,-0.142,-0.253,-0.335,-0.251,-0.179
-0.085,-0.140,-0.055,0.113,-0.015,-0.097,0.015,-0.130,-0.240,-0.335,-0.245,-0.180
-0.089,-0.140,-0.051,0.114,-0.019,-0.095,0.014,-0.126,-0.228,-0.336,-0.265,-0.196
-0.095,-0.139,-0.044,0.117,-0.026,-0.092,0.024,-0.080,-0.215,-0.332,-0.277,-0.206
-0.105,-0.143,-0.037,0.124,-0.034,-0.090,0.052,-0.028,-0.207,-0.343,-0.301,-0.218
-0.100,-0.135,-0.034,0.118,-0.033,-0.084,0.098,0.039,-0.186,-0.346,-0.320,-0.242
-0.070,-0.100,-0.030,0.085,-0.020,-0.065,0.145,0.165,-0.125,-0.315,-0.300,-0.255
-0.046,-0.072,-0.026,0.059,-0.010,-0.049,0.164,0.278,-0.041,-0.290,-0.290,-0.228
-0.020,-0.044,-0.023,0.032,0.002,-0.033,0.165,0.391,0.075,-0.227,-0.250,-0.204
-0.004,-0.018,-0.014,0.011,0.005,-0.016,0.166,0.492,0.220,-0.128,-0.173,-0.165
0.038,0.016,-0.022,-0.027,0.030,-0.003,0.162,0.540,0.381,0.010,-0.055,-0.079
0.130,0.080,-0.050,-0.105,0.090,0.015,0.120,0.470,0.515,0.190,0.105,0.040
0.190,0.171,-0.020,-0.181,0.105,0.076,0.006,0.210,0.560,0.369,0.263,0.166
0.295,0.305,0.009,-0.300,0.143,0.157,-0.183,-0.190,0.582,0.603,0.485,0.350
0.401,0.452,0.051,-0.427,0.175,0.251,-0.426,-0.655,0.574,0.882,0.759,0.572
0.473,0.571,0.097,-0.522,0.187,0.334,-0.655,-1.035,0.572,1.173,1.040,0.796
0.560,0.655,0.095,-0.608,0.232,0.375,-0.815,-1.230,0.615,1.460,1.310,1.010
0.657,0.740,0.083,-0.699,0.286,0.412,-0.960,-1.376,0.596,1.736,1.559,1.204
0.669,0.855,0.186,-0.763,0.241,0.520,-1.097,-1.587,0.585,2.050,1.805,1.382
0.647,1.014,0.367,-0.831,0.140,0.690,-1.236,-1.860,0.511,2.352,2.036,1.557
0.636,1.131,0.495,-0.884,0.069,0.813,-1.372,-2.110,0.320,2.506,2.174,1.680
0.600,1.075,0.475,-0.838,0.062,0.775,-1.455,-2.230,0.105,2.405,2.130,1.680
0.546,0.847,0.302,-0.697,0.121,0.574,-1.428,-2.160,-0.038,2.074,1.921,1.568
0.514,0.626,0.112,-0.571,0.201,0.368,-1.344,-2.046,-0.214,1.673,1.647,1.409
0.459,0.464,0.005,-0.462,0.227,0.234,-1.244,-1.929,-0.410,1.232,1.345,1.239
0.367,0.326,-0.042,-0.346,0.205,0.142,-1.128,-1.795,-0.581,0.765,1.034,1.057
0.295,0.190,-0.105,-0.242,0.200,0.042,-0.985,-1.630,-0.725,0.310,0.735,0.860
0.251,0.081,-0.171,-0.165,0.211,-0.045,-0.833,-1.407,-0.812,-0.145,0.421,0.659
0.197,0.052,-0.145,-0.124,0.170,-0.046,-0.687,-1.189,-0.841,-0.470,0.108,0.435
0.135,0.053,-0.082,-0.094,0.108,-0.014,-0.557,-0.979,-0.768,-0.539,-0.047,0.260
0.083,0.042,-0.040,-0.063,0.061,0.002,-0.442,-0.778,-0.642,-0.456,-0.067,0.166
0.030,0.035,0.005,-0.033,0.012,0.020,-0.345,-0.625,-0.555,-0.410,-0.115,0.105
-0.027,0.027,0.054,0.000,-0.041,0.040,-0.284,-0.534,-0.477,-0.375,-0.150,0.049
-0.037,0.019,0.055,0.009,-0.046,0.037,-0.224,-0.454,-0.416,-0.335,-0.163,-0.008
-0.027,0.012,0.039,0.007,-0.033,0.026,-0.171,-0.364,-0.363,-0.313,-0.166,-0.044
-0.033,0.001,0.033,0.016,-0.033,0.017,-0.130,-0.283,-0.314,-0.308,-0.165,-0.058
-0.050,-0.025,0.025,0.037,-0.037,0.000,-0.090,-0.225,-0.270,-0.300,-0.165,-0.070
-0.068,-0.051,0.017,0.059,-0.042,-0.017,-0.061,-0.163,-0.223,-0.296,-0.173,-0.082
-0.071,-0.062,0.009,0.066,-0.039,-0.027,-0.036,-0.123,-0.203,-0.290,-0.181,-0.097
-0.071,-0.070,0.001,0.070,-0.036,-0.034,-0.017,-0.095,-0.197,-0.280,-0.189,-0.112
-0.076,-0.083,-0.007,0.080,-0.035,-0.045,-0.008,-0.070,-0.188,-0.274,-0.196,-0.121
-0.080,-0.095,-0.015,0.088,-0.032,-0.055,0.000,-0.060,-0.180,-0.270,-0.200,-0.125
-0.078,-0.100,-0.022,0.089,-0.028,-0.061,0.012,-0.052,-0.172,-0.266,-0.204,-0.137
-0.064,-0.100,-0.036,0.082,-0.014,-0.067,0.021,-0.041,-0.164,-0.265,-0.205,-0.144
-0.063,-0.102,-0.039,0.082,-0.012,-0.070,0.031,-0.031,-0.156,-0.263,-0.207,-0.145
-0.079,-0.105,-0.027,0.092,-0.025,-0.066,0.043,-0.022,-0.149,-0.260,-0.210,-0.146
-0.080,-0.105,-0.025,0.093,-0.027,-0.065,0.050,-0.010,-0.145,-0.260,-0.210,-0.150
-0.058,-0.109,-0.050,0.084,-0.004,-0.079,0.055,-0.002,-0.141,-0.256,-0.217,-0.149
-0.060,-0.114,-0.054,0.087,-0.002,-0.084,0.055,0.006,-0.137,-0.255,-0.231,-0.157
-0.064,-0.113,-0.049,0.089,-0.007,-0.081,0.057,0.012,-0.133,-0.253,-0.235,-0.159
-0.060,-0.110,-0.049,0.085,-0.006,-0.079,0.060,0.016,-0.129,-0.250,-0.228,-0.155
-0.065,-0.110,-0.045,0.088,-0.010,-0.077,0.060,0.020,-0.125,-0.250,-0.225,-0.155
-0.061,-0.106,-0.045,0.084,-0.007,-0.075,0.076,0.024,-0.121,-0.246,-0.225,-0.151
-0.063,-0.105,-0.042,0.084,-0.010,-0.073,0.085,0.028,-0.117,-0.245,-0.223,-0.150
-0.063,-0.103,-0.040,0.083,-0.011,-0.071,0.085,0.032,-0.113,-0.243,-0.217,-0.148
-0.061,-0.100,-0.039,0.080,-0.011,-0.069,0.085,0.036,-0.109,-0.240,-0.215,-0.144
-0.060,-0.100,-0.040,0.080,-0.010,-0.070,0.085,0.040,-0.105,-0.240,-0.215,-0.145
-0.030,-0.096,-0.065,0.063,0.018,-0.080,0.085,0.044,-0.101,-0.236,-0.207,-0.146
-0.025,-0.095,-0.070,0.061,0.023,-0.082,0.085,0.048,-0.096,-0.236,-0.201,-0.142
-0.031,-0.093,-0.062,0.062,0.016,-0.078,0.085,0.053,-0.095,-0.232,-0.199,-0.140
-0.031,-0.090,-0.059,0.060,0.014,-0.074,0.085,0.064,-0.094,-0.224,-0.193,-0.139
-0.035,-0.090,-0.055,0.063,0.010,-0.072,0.085,0.080,-0.085,-0.220,-0.185,-0.135
-0.035,-0.086,-0.051,0.060,0.009,-0.068,0.089,0.085,-0.077,-0.212,-0.181,-0.135
-0.038,-0.085,-0.047,0.062,0.005,-0.066,0.090,0.088,-0.069,-0.207,-0.177,-0.132
-0.040,-0.083,-0.043,0.062,0.002,-0.063,0.090,0.093,-0.061,-0.201,-0.173,-0.129
-0.041,-0.080,-0.039,0.061,-0.001,-0.059,0.090,0.095,-0.053,-0.194,-0.169,-0.130
-0.045,-0.080,-0.035,0.063,-0.005,-0.057,0.090,0.095,-0.045,-0.190,-0.165,-0.130
-0.033,-0.068,-0.035,0.051,0.002,-0.052,0.090,0.100,-0.042,-0.178,-0.161,-0.126
-0.026,-0.058,-0.032,0.043,0.003,-0.045,0.090,0.097,-0.031,-0.168,-0.157,-0.125
-0.022,-0.051,-0.029,0.037,0.004,-0.040,0.090,0.113,-0.021,-0.161,-0.153,-0.123
-0.013,-0.043,-0.030,0.028,0.009,-0.036,0.089,0.138,-0.012,-0.153,-0.150,-0.120
-0.005,-0.035,-0.030,0.020,0.013,-0.032,0.085,0.135,0.000,-0.145,-0.150,-0.120
-0.001,-0.027,-0.026,0.015,0.013,-0.026,0.085,0.146,0.008,-0.137,-0.146,-0.116
0.007,-0.019,-0.025,0.007,0.016,-0.022,0.085,0.161,0.019,-0.129,-0.141,-0.115
0.011,-0.013,-0.023,0.001,0.017,-0.018,0.085,0.166,0.030,-0.121,-0.140,-0.113
0.010,-0.009,-0.019,-0.001,0.015,-0.014,0.084,0.165,0.036,-0.113,-0.140,-0.110
0.015,-0.005,-0.020,-0.005,0.018,-0.012,0.080,0.165,0.040,-0.105,-0.135,-0.110
0.020,-0.001,-0.021,-0.010,0.021,-0.011,0.080,0.168,0.056,-0.101,-0.130,-0.106
0.014,0.000,-0.014,-0.007,0.014,-0.007,0.080,0.178,0.067,-0.095,-0.131,-0.105
0.009,0.001,-0.007,-0.005,0.008,-0.003,0.080,0.194,0.075,-0.085,-0.125,-0.102
0.010,0.006,-0.004,-0.008,0.007,0.001,0.079,0.215,0.088,-0.079,-0.112,-0.093
0.010,0.010,0.000,-0.010,0.005,0.005,0.075,0.235,0.105,-0.075,-0.105,-0.085
0.006,0.010,0.004,-0.008,0.001,0.007,0.075,0.248,0.129,-0.063,-0.097,-0.077
0.005,0.012,0.008,-0.009,-0.002,0.009,0.075,0.256,0.149,-0.051,-0.089,-0.069
0.005,0.018,0.013,-0.012,-0.004,0.015,0.075,0.266,0.159,-0.039,-0.081,-0.061
0.005,0.019,0.014,-0.013,-0.004,0.016,0.075,0.277,0.167,-0.027,-0.073,-0.053
0.015,0.020,0.005,-0.018,0.005,0.012,0.075,0.285,0.180,-0.015,-0.065,-0.045
0.037,0.037,0.000,-0.037,0.019,0.018,0.071,0.295,0.200,0.001,-0.053,-0.037
0.035,0.040,0.006,-0.037,0.015,0.023,0.070,0.321,0.216,0.014,-0.041,-0.029
0.032,0.045,0.013,-0.039,0.009,0.029,0.070,0.344,0.237,0.026,-0.029,-0.021
0.041,0.057,0.016,-0.049,0.012,0.036,0.070,0.359,0.260,0.038,-0.017,-0.013
0.035,0.055,0.020,-0.045,0.007,0.037,0.070,0.380,0.275,0.050,-0.005,-0.005
0.024,0.052,0.028,-0.038,-0.003,0.040,0.066,0.397,0.299,0.065,0.007,0.003
0.040,0.073,0.033,-0.057,0.003,0.053,0.065,0.408,0.321,0.089,0.019,0.011
0.054,0.091,0.037,-0.073,0.008,0.064,0.065,0.425,0.339,0.108,0.032,0.019
0.048,0.088,0.040,-0.068,0.004,0.064,0.065,0.444,0.353,0.117,0.042,0.028
0.055,0.090,0.035,-0.073,0.010,0.062,0.065,0.455,0.370,0.130,0.050,0.040
0.092,0.123,0.032,-0.108,0.030,0.077,0.065,0.470,0.398,0.154,0.066,0.049
0.076,0.133,0.057,-0.105,0.010,0.095,0.062,0.494,0.422,0.171,0.077,0.053
0.056,0.129,0.072,-0.093,-0.008,0.100,0.057,0.513,0.435,0.177,0.084,0.058
0.068,0.131,0.063,-0.100,0.002,0.096,0.055,0.531,0.450,0.191,0.101,0.069
0.065,0.130,0.065,-0.098,0.000,0.097,0.055,0.555,0.475,0.220,0.120,0.080
0.045,0.126,0.081,-0.086,-0.018,0.103,0.051,0.562,0.498,0.234,0.122,0.078
0.067,0.157,0.090,-0.112,-0.012,0.123,0.050,0.586,0.531,0.272,0.149,0.096
0.093,0.183,0.090,-0.138,0.001,0.136,0.049,0.607,0.552,0.295,0.172,0.121
0.096,0.186,0.090,-0.141,0.003,0.137,0.044,0.611,0.556,0.297,0.176,0.132
0.105,0.195,0.090,-0.150,0.007,0.142,0.040,0.620,0.570,0.320,0.190,0.140
0.118,0.212,0.094,-0.165,0.011,0.153,0.040,0.632,0.599,0.341,0.212,0.157
0.124,0.220,0.095,-0.172,0.014,0.157,0.037,0.640,0.613,0.351,0.215,0.164
0.125,0.220,0.095,-0.173,0.015,0.157,0.035,0.652,0.619,0.361,0.220,0.166
0.125,0.220,0.095,-0.173,0.015,0.157,0.034,0.669,0.635,0.380,0.240,0.171
0.120,0.220,0.100,-0.170,0.010,0.160,0.025,0.680,0.655,0.400,0.255,0.175
0.105,0.218,0.113,-0.162,-0.004,0.165,0.021,0.685,0.667,0.415,0.253,0.174
0.118,0.231,0.113,-0.175,0.003,0.172,0.018,0.686,0.684,0.439,0.273,0.187
0.136,0.246,0.110,-0.191,0.013,0.178,0.011,0.683,0.690,0.455,0.289,0.199
0.142,0.251,0.109,-0.197,0.016,0.180,0.004,0.679,0.693,0.464,0.293,0.209
0.155,0.260,0.105,-0.208,0.025,0.182,0.000,0.675,0.710,0.485,0.310,0.225
0.172,0.278,0.105,-0.225,0.034,0.191,-0.004,0.671,0.699,0.499,0.315,0.226
0.176,0.278,0.102,-0.228,0.037,0.190,-0.009,0.667,0.689,0.496,0.318,0.223
0.175,0.274,0.100,-0.224,0.037,0.187,-0.010,0.662,0.679,0.485,0.320,0.232
0.175,0.274,0.099,-0.225,0.038,0.186,-0.011,0.661,0.668,0.479,0.329,0.239
0.175,0.270,0.095,-0.223,0.040,0.182,-0.015,0.660,0.660,0.475,0.345,0.225
0.175,0.270,0.095,-0.223,0.040,0.182,-0.016,0.633,0.647,0.468,0.330,0.216
0.175,0.267,0.092,-0.221,0.041,0.179,-0.012,0.604,0.643,0.457,0.312,0.210
0.176,0.266,0.090,-0.221,0.043,0.177,-0.008,0.573,0.616,0.456,0.297,0.199
0.173,0.262,0.089,-0.218,0.041,0.175,-0.004,0.536,0.569,0.443,0.282,0.187
0.160,0.245,0.085,-0.203,0.037,0.165,0.000,0.500,0.530,0.400,0.265,0.180
0.148,0.233,0.085,-0.191,0.031,0.159,0.000,0.456,0.482,0.364,0.233,0.174
0.134,0.216,0.082,-0.175,0.026,0.148,0.002,0.414,0.434,0.320,0.203,0.153
0.115,0.195,0.081,-0.155,0.017,0.138,0.008,0.377,0.384,0.270,0.176,0.129
0.096,0.174,0.078,-0.135,0.009,0.126,0.010,0.341,0.333,0.223,0.148,0.110
0.085,0.150,0.065,-0.118,0.010,0.107,0.010,0.305,0.285,0.180,0.120,0.090
0.073,0.130,0.057,-0.102,0.008,0.093,0.014,0.261,0.233,0.141,0.084,0.070
0.060,0.110,0.050,-0.085,0.005,0.079,0.019,0.216,0.184,0.094,0.050,0.047
0.053,0.092,0.039,-0.073,0.007,0.065,0.020,0.175,0.133,0.047,0.019,0.023
0.047,0.075,0.028,-0.061,0.010,0.052,0.021,0.135,0.076,0.005,-0.013,-0.001
0.035,0.055,0.020,-0.045,0.007,0.037,0.025,0.095,0.025,-0.035,-0.045,-0.020
0.029,0.039,0.010,-0.034,0.009,0.023,0.025,0.063,-0.012,-0.071,-0.074,-0.036
0.003,0.025,0.022,-0.014,-0.010,0.024,0.027,0.030,-0.046,-0.109,-0.097,-0.054
-0.014,0.016,0.030,-0.001,-0.022,0.023,0.034,0.002,-0.086,-0.151,-0.125,-0.078
-0.017,0.007,0.024,0.004,-0.021,0.015,0.042,-0.022,-0.123,-0.188,-0.149,-0.099
-0.030,-0.005,0.025,0.017,-0.027,0.010,0.045,-0.045,-0.145,-0.210,-0.160,-0.110
-0.034,-0.013,0.021,0.023,-0.027,0.004,0.048,-0.053,-0.153,-0.227,-0.181,-0.118
-0.044,-0.024,0.020,0.034,-0.032,-0.002,0.063,-0.065,-0.168,-0.239,-0.188,-0.123
-0.053,-0.035,0.018,0.044,-0.036,-0.008,0.072,-0.086,-0.193,-0.252,-0.197,-0.129
-0.056,-0.041,0.015,0.048,-0.036,-0.013,0.070,-0.102,-0.214,-0.270,-0.213,-0.136
-0.060,-0.045,0.015,0.052,-0.037,-0.015,0.070,-0.105,-0.225,-0.285,-0.220,-0.140
-0.052,-0.045,0.007,0.048,-0.029,-0.019,0.070,-0.112,-0.229,-0.293,-0.228,-0.147
-0.050,-0.049,0.001,0.049,-0.026,-0.024,0.070,-0.125,-0.235,-0.306,-0.235,-0.160
-0.047,-0.048,-0.002,0.048,-0.022,-0.025,0.070,-0.132,-0.247,-0.324,-0.247,-0.168
-0.048,-0.054,-0.006,0.051,-0.021,-0.030,0.070,-0.129,-0.255,-0.337,-0.254,-0.170
-0.070,-0.080,-0.010,0.075,-0.030,-0.045,0.070,-0.130,-0.250,-0.340,-0.250,-0.170
-0.084,-0.098,-0.014,0.092,-0.035,-0.056,0.070,-0.143,-0.250,-0.340,-0.267,-0.166
-0.081,-0.098,-0.018,0.090,-0.031,-0.058,0.070,-0.144,-0.250,-0.340,-0.269,-0.164
-0.070,-0.092,-0.022,0.081,-0.023,-0.057,0.070,-0.137,-0.250,-0.340,-0.264,-0.166
-0.065,-0.090,-0.025,0.078,-0.020,-0.057,0.070,-0.135,-0.250,-0.340,-0.264,-0.164
-0.065,-0.090,-0.025,0.078,-0.020,-0.057,0.070,-0.135,-0.250,-0.340,-0.260,-0.160
-0.061,-0.086,-0.025,0.074,-0.018,-0.056,0.070,-0.131,-0.246,-0.340,-0.260,-0.160
-0.056,-0.081,-0.025,0.069,-0.015,-0.053,0.070,-0.126,-0.245,-0.337,-0.257,-0.161
-0.055,-0.080,-0.025,0.068,-0.015,-0.052,0.070,-0.125,-0.245,-0.332,-0.255,-0.158
-0.054,-0.079,-0.025,0.067,-0.014,-0.051,0.070,-0.124,-0.245,-0.330,-0.254,-0.155
-0.045,-0.070,-0.025,0.058,-0.010,-0.047,0.070,-0.115,-0.245,-0.330,-0.250,-0.155
-0.037,-0.062,-0.025,0.050,-0.006,-0.043,0.070,-0.107,-0.246,-0.326,-0.250,-0.155
-0.028,-0.054,-0.026,0.042,-0.001,-0.039,0.070,-0.099,-0.240,-0.321,-0.247,-0.155
-0.024,-0.046,-0.022,0.036,-0.001,-0.034,0.070,-0.091,-0.231,-0.320,-0.245,-0.153
-0.025,-0.038,-0.013,0.032,-0.006,-0.025,0.070,-0.083,-0.223,-0.319,-0.244,-0.149
-0.025,-0.030,-0.005,0.028,-0.010,-0.017,0.070,-0.075,-0.215,-0.310,-0.240,-0.145
-0.025,-0.026,-0.001,0.025,-0.011,-0.013,0.072,-0.067,-0.207,-0.306,-0.236,-0.141
-0.027,-0.022,0.005,0.025,-0.016,-0.008,0.091,-0.059,-0.199,-0.303,-0.232,-0.137
-0.033,-0.018,0.015,0.025,-0.024,-0.002,0.101,-0.053,-0.193,-0.296,-0.228,-0.133
-0.035,-0.014,0.021,0.024,-0.027,0.003,0.094,-0.049,-0.189,-0.289,-0.224,-0.129
-0.035,-0.010,0.025,0.022,-0.030,0.007,0.095,-0.045,-0.185,-0.285,-0.220,-0.125
-0.048,-0.007,0.041,0.027,-0.044,0.017,0.091,-0.041,-0.181,-0.281,-0.220,-0.121
-0.046,0.004,0.050,0.021,-0.048,0.027,0.089,-0.037,-0.177,-0.277,-0.217,-0.120
-0.035,0.015,0.050,0.010,-0.043,0.032,0.091,-0.032,-0.173,-0.273,-0.213,-0.121
-0.028,0.022,0.050,0.003,-0.039,0.036,0.089,-0.030,-0.169,-0.269,-0.209,-0.119
-0.020,0.030,0.050,-0.005,-0.035,0.040,0.085,-0.035,-0.165,-0.265,-0.205,-0.115
-0.008,0.042,0.050,-0.017,-0.029,0.046,0.085,-0.035,-0.165,-0.261,-0.201,-0.115
0.001,0.051,0.050,-0.026,-0.025,0.050,0.086,-0.035,-0.162,-0.256,-0.197,-0.115
0.009,0.060,0.051,-0.034,-0.022,0.055,0.083,-0.035,-0.160,-0.255,-0.193,-0.115
0.017,0.066,0.048,-0.042,-0.016,0.057,0.080,-0.035,-0.159,-0.254,-0.189,-0.115
0.020,0.065,0.045,-0.043,-0.013,0.055,0.080,-0.035,-0.155,-0.250,-0.185,-0.115
0.003,0.065,0.062,-0.035,-0.030,0.063,0.080,-0.035,-0.155,-0.250,-0.185,-0.115
0.001,0.065,0.064,-0.033,-0.032,0.064,0.077,-0.035,-0.152,-0.247,-0.185,-0.115
0.008,0.065,0.057,-0.037,-0.025,0.061,0.074,-0.035,-0.149,-0.245,-0.185,-0.115
0.011,0.065,0.054,-0.038,-0.022,0.059,0.076,-0.035,-0.151,-0.244,-0.185,-0.115
0.015,0.065,0.050,-0.040,-0.018,0.057,0.075,-0.035,-0.155,-0.240,-0.185,-0.115
0.020,0.066,0.046,-0.043,-0.014,0.056,0.063,-0.034,-0.159,-0.239,-0.185,-0.115
0.018,0.060,0.042,-0.039,-0.013,0.051,0.053,-0.041,-0.161,-0.249,-0.188,-0.115
0.013,0.051,0.038,-0.032,-0.013,0.044,0.047,-0.064,-0.174,-0.259,-0.190,-0.115
0.009,0.043,0.034,-0.027,-0.013,0.038,0.037,-0.089,-0.193,-0.268,-0.191,-0.114
0.005,0.035,0.030,-0.020,-0.013,0.032,0.025,-0.100,-0.200,-0.280,-0.200,-0.115
-0.003,0.027,0.030,-0.012,-0.017,0.028,0.017,-0.117,-0.205,-0.281,-0.221,-0.127
-0.012,0.019,0.031,-0.004,-0.022,0.024,0.009,-0.125,-0.204,-0.280,-0.230,-0.135
-0.017,0.011,0.028,0.003,-0.023,0.019,0.001,-0.125,-0.208,-0.280,-0.229,-0.135
-0.022,0.003,0.025,0.009,-0.023,0.014,-0.007,-0.125,-0.217,-0.289,-0.231,-0.136
-0.030,-0.005,0.025,0.017,-0.027,0.010,-0.010,-0.125,-0.220,-0.305,-0.235,-0.140
-0.038,-0.013,0.025,0.025,-0.031,0.006,-0.002,-0.125,-0.224,-0.310,-0.235,-0.139
-0.043,-0.021,0.022,0.032,-0.032,0.001,0.003,-0.128,-0.230,-0.312,-0.238,-0.146
-0.049,-0.029,0.020,0.039,-0.034,-0.004,0.009,-0.131,-0.242,-0.321,-0.242,-0.152
-0.057,-0.037,0.020,0.047,-0.038,-0.008,0.016,-0.130,-0.250,-0.332,-0.246,-0.157
-0.065,-0.045,0.020,0.055,-0.042,-0.012,0.020,-0.130,-0.245,-0.335,-0.255,-0.165
-0.074,-0.053,0.021,0.064,-0.047,-0.016,0.028,-0.130,-0.245,-0.335,-0.267,-0.170
-0.073,-0.059,0.014,0.066,-0.044,-0.022,0.034,-0.130,-0.245,-0.338,-0.274,-0.170
-0.068,-0.060,0.007,0.064,-0.037,-0.027,0.033,-0.130,-0.244,-0.340,-0.275,-0.172
-0.073,-0.069,0.004,0.071,-0.038,-0.032,0.029,-0.131,-0.247,-0.341,-0.275,-0.176
-0.090,-0.090,0.000,0.090,-0.045,-0.045,0.030,-0.135,-0.255,-0.345,-0.275,-0.180
-0.096,-0.104,-0.008,0.100,-0.043,-0.056,0.030,-0.135,-0.256,-0.349,-0.279,-0.184
-0.089,-0.103,-0.014,0.097,-0.037,-0.058,0.027,-0.135,-0.253,-0.353,-0.281,-0.185
-0.082,-0.097,-0.015,0.090,-0.033,-0.056,0.025,-0.134,-0.261,-0.355,-0.279,-0.184
-0.080,-0.104,-0.024,0.092,-0.028,-0.064,0.025,-0.136,-0.270,-0.355,-0.281,-0.186
-0.080,-0.120,-0.040,0.100,-0.020,-0.080,0.025,-0.140,-0.265,-0.355,-0.285,-0.190
-0.080,-0.117,-0.037,0.099,-0.021,-0.077,0.025,-0.136,-0.265,-0.355,-0.285,-0.190
-0.081,-0.115,-0.034,0.098,-0.023,-0.074,0.022,-0.134,-0.266,-0.358,-0.285,-0.190
-0.078,-0.113,-0.035,0.096,-0.021,-0.074,0.019,-0.135,-0.263,-0.361,-0.285,-0.188
-0.075,-0.110,-0.035,0.093,-0.020,-0.072,0.020,-0.135,-0.260,-0.360,-0.285,-0.184
-0.075,-0.110,-0.035,0.093,-0.020,-0.072,0.020,-0.135,-0.260,-0.360,-0.285,-0.185
-0.071,-0.106,-0.035,0.089,-0.018,-0.070,0.020,-0.135,-0.260,-0.360,-0.285,-0.186
-0.069,-0.104,-0.035,0.087,-0.016,-0.069,0.017,-0.135,-0.257,-0.360,-0.288,-0.182
-0.073,-0.108,-0.035,0.091,-0.019,-0.071,0.014,-0.135,-0.254,-0.360,-0.291,-0.180
-0.074,-0.109,-0.035,0.092,-0.020,-0.072,0.015,-0.135,-0.255,-0.360,-0.290,-0.179
-0.075,-0.110,-0.035,0.093,-0.020,-0.072,0.015,-0.135,-0.255,-0.360,-0.290,-0.180
-0.096,-0.131,-0.035,0.114,-0.030,-0.083,0.011,-0.135,-0.251,-0.360,-0.290,-0.201
-0.099,-0.134,-0.035,0.117,-0.032,-0.084,0.010,-0.135,-0.249,-0.360,-0.290,-0.204
-0.093,-0.129,-0.036,0.111,-0.029,-0.082,0.010,-0.135,-0.251,-0.360,-0.290,-0.199
-0.096,-0.130,-0.034,0.114,-0.031,-0.082,0.010,-0.135,-0.249,-0.360,-0.290,-0.200
-0.095,-0.130,-0.035,0.113,-0.030,-0.082,0.010,-0.135,-0.245,-0.360,-0.290,-0.200
-0.074,-0.130,-0.056,0.102,-0.009,-0.093,0.006,-0.135,-0.245,-0.360,-0.290,-0.200
-0.072,-0.131,-0.059,0.101,-0.006,-0.094,0.005,-0.135,-0.246,-0.360,-0.290,-0.201
-0.074,-0.128,-0.054,0.102,-0.010,-0.091,0.005,-0.135,-0.243,-0.360,-0.290,-0.198
-0.070,-0.125,-0.054,0.098,-0.007,-0.089,0.005,-0.135,-0.240,-0.360,-0.290,-0.195
-0.075,-0.125,-0.050,0.100,-0.012,-0.087,0.005,-0.135,-0.240,-0.360,-0.290,-0.195
-0.075,-0.125,-0.050,0.100,-0.012,-0.087,0.001,-0.135,-0.241,-0.360,-0.290,-0.195
-0.078,-0.125,-0.047,0.102,-0.015,-0.086,0.000,-0.137,-0.237,-0.360,-0.290,-0.195
-0.081,-0.126,-0.045,0.104,-0.018,-0.085,-0.001,-0.129,-0.235,-0.360,-0.290,-0.194
-0.079,-0.124,-0.045,0.102,-0.017,-0.084,-0.006,-0.119,-0.235,-0.361,-0.291,-0.196
-0.070,-0.115,-0.045,0.093,-0.012,-0.080,-0.005,-0.110,-0.235,-0.365,-0.295,-0.200
-0.059,-0.107,-0.048,0.084,-0.005,-0.078,0.015,-0.062,-0.238,-0.366,-0.298,-0.202
-0.077,-0.098,-0.021,0.088,-0.028,-0.059,0.030,-0.022,-0.215,-0.363,-0.312,-0.227
-0.112,-0.093,0.019,0.102,-0.065,-0.036,0.073,0.067,-0.189,-0.370,-0.341,-0.258
-0.124,-0.079,0.045,0.102,-0.084,-0.017,0.121,0.200,-0.150,-0.354,-0.345,-0.263
-0.110,-0.050,0.060,0.080,-0.085,0.005,0.125,0.305,-0.060,-0.290,-0.305,-0.245
-0.102,-0.024,0.078,0.063,-0.089,0.027,0.143,0.420,0.050,-0.237,-0.277,-0.233
-0.055,0.020,0.076,0.018,-0.066,0.048,0.137,0.499,0.180,-0.148,-0.205,-0.181
0.000,0.066,0.066,-0.033,-0.034,0.066,0.130,0.530,0.334,-0.015,-0.090,-0.095
0.059,0.124,0.065,-0.092,-0.004,0.094,0.107,0.445,0.466,0.149,0.055,0.017
0.160,0.220,0.060,-0.190,0.050,0.140,0.000,0.170,0.530,0.340,0.235,0.160
0.278,0.328,0.050,-0.304,0.114,0.188,-0.181,-0.225,0.558,0.555,0.436,0.322
0.373,0.470,0.097,-0.422,0.138,0.283,-0.441,-0.708,0.558,0.815,0.701,0.538
0.476,0.596,0.119,-0.536,0.178,0.357,-0.675,-1.099,0.575,1.093,0.980,0.765
0.591,0.670,0.079,-0.631,0.256,0.374,-0.857,-1.303,0.640,1.371,1.241,0.971
0.660,0.725,0.065,-0.693,0.297,0.395,-1.040,-1.445,0.695,1.655,1.495,1.165
0.667,0.811,0.144,-0.740,0.261,0.478,-1.174,-1.679,0.641,1.936,1.717,1.336
0.697,0.972,0.276,-0.835,0.210,0.624,-1.309,-1.932,0.594,2.235,1.957,1.520
0.704,1.095,0.391,-0.900,0.157,0.743,-1.460,-2.144,0.479,2.406,2.108,1.654
0.665,1.041,0.376,-0.853,0.144,0.708,-1.524,-2.225,0.309,2.309,2.066,1.666
0.635,0.820,0.185,-0.728,0.225,0.502,-1.455,-2.125,0.190,1.990,1.865,1.565
0.617,0.594,-0.023,-0.605,0.320,0.285,-1.403,-1.984,0.021,1.616,1.606,1.408
0.541,0.422,-0.119,-0.481,0.330,0.152,-1.300,-1.858,-0.195,1.186,1.309,1.231
0.444,0.294,-0.150,-0.369,0.296,0.072,-1.175,-1.756,-0.438,0.723,1.004,1.049
0.367,0.174,-0.193,-0.271,0.280,-0.010,-1.050,-1.606,-0.622,0.278,0.714,0.863
0.300,0.075,-0.225,-0.187,0.262,-0.075,-0.895,-1.375,-0.710,-0.130,0.420,0.660
0.232,0.059,-0.173,-0.145,0.202,-0.057,-0.739,-1.172,-0.820,-0.471,0.105,0.438
0.165,0.056,-0.110,-0.110,0.138,-0.026,-0.583,-0.947,-0.749,-0.517,-0.057,0.282
0.108,0.046,-0.062,-0.076,0.085,-0.008,-0.461,-0.757,-0.624,-0.452,-0.104,0.186
0.049,0.037,-0.011,-0.043,0.030,0.013,-0.382,-0.639,-0.566,-0.434,-0.139,0.114
-0.010,0.025,0.035,-0.008,-0.023,0.030,-0.315,-0.540,-0.505,-0.400,-0.175,0.050
-0.027,0.017,0.044,0.005,-0.036,0.030,-0.258,-0.444,-0.436,-0.367,-0.197,-0.017
-0.046,0.010,0.056,0.018,-0.051,0.033,-0.205,-0.350,-0.378,-0.339,-0.204,-0.052
-0.058,-0.003,0.055,0.030,-0.057,0.026,-0.156,-0.261,-0.321,-0.311,-0.205,-0.069
-0.054,-0.019,0.035,0.036,-0.044,0.008,-0.107,-0.191,-0.270,-0.292,-0.205,-0.090
-0.050,-0.030,0.020,0.040,-0.035,-0.005,-0.060,-0.145,-0.235,-0.290,-0.205,-0.105
-0.046,-0.042,0.004,0.044,-0.025,-0.019,-0.043,-0.095,-0.197,-0.291,-0.203,-0.108
-0.043,-0.054,-0.010,0.049,-0.016,-0.031,-0.029,-0.070,-0.184,-0.287,-0.217,-0.124
-0.050,-0.068,-0.018,0.059,-0.016,-0.042,-0.011,-0.058,-0.184,-0.285,-0.229,-0.143
-0.063,-0.084,-0.021,0.074,-0.021,-0.053,0.003,-0.041,-0.179,-0.284,-0.230,-0.151
-0.070,-0.095,-0.025,0.083,-0.022,-0.060,0.015,-0.025,-0.175,-0.280,-0.230,-0.150
-0.070,-0.091,-0.021,0.081,-0.024,-0.056,0.040,-0.013,-0.175,-0.280,-0.234,-0.150
-0.070,-0.089,-0.019,0.080,-0.025,-0.054,0.051,-0.003,-0.173,-0.281,-0.235,-0.150
-0.070,-0.090,-0.021,0.080,-0.024,-0.055,0.049,0.002,-0.167,-0.278,-0.237,-0.149
-0.071,-0.090,-0.019,0.081,-0.026,-0.055,0.051,0.007,-0.165,-0.275,-0.240,-0.152
-0.075,-0.090,-0.015,0.083,-0.030,-0.052,0.055,0.015,-0.165,-0.275,-0.240,-0.160
-0.071,-0.086,-0.015,0.079,-0.028,-0.050,0.054,0.019,-0.161,-0.271,-0.249,-0.156
-0.070,-0.085,-0.015,0.078,-0.027,-0.050,0.061,0.026,-0.156,-0.270,-0.248,-0.154
-0.070,-0.085,-0.015,0.078,-0.027,-0.050,0.068,0.033,-0.155,-0.268,-0.245,-0.155
-0.071,-0.085,-0.014,0.078,-0.028,-0.049,0.070,0.036,-0.154,-0.264,-0.244,-0.155
-0.075,-0.085,-0.010,0.080,-0.032,-0.047,0.070,0.040,-0.145,-0.265,-0.240,-0.155
-0.076,-0.085,-0.010,0.081,-0.032,-0.047,0.070,0.047,-0.141,-0.265,-0.240,-0.155
-0.072,-0.082,-0.010,0.077,-0.031,-0.046,0.073,0.059,-0.134,-0.262,-0.241,-0.156
-0.069,-0.079,-0.010,0.074,-0.029,-0.045,0.076,0.068,-0.128,-0.257,-0.238,-0.153
-0.071,-0.080,-0.009,0.076,-0.031,-0.045,0.075,0.070,-0.123,-0.255,-0.235,-0.150
-0.075,-0.080,-0.005,0.078,-0.035,-0.042,0.075,0.070,-0.115,-0.255,-0.235,-0.150
-0.076,-0.080,-0.005,0.079,-0.036,-0.042,0.079,0.074,-0.111,-0.251,-0.231,-0.150
-0.071,-0.077,-0.006,0.075,-0.032,-0.041,0.080,0.078,-0.105,-0.246,-0.229,-0.150
-0.071,-0.074,-0.003,0.073,-0.034,-0.039,0.080,0.083,-0.095,-0.245,-0.230,-0.150
-0.076,-0.075,0.000,0.075,-0.037,-0.037,0.080,0.085,-0.089,-0.244,-0.229,-0.150
-0.075,-0.075,0.000,0.075,-0.037,-0.037,0.080,0.085,-0.085,-0.235,-0.225,-0.150
-0.075,-0.075,0.000,0.075,-0.037,-0.037,0.080,0.098,-0.077,-0.231,-0.221,-0.146
-0.076,-0.076,-0.001,0.076,-0.037,-0.038,0.083,0.099,-0.068,-0.228,-0.217,-0.145
-0.073,-0.071,0.002,0.072,-0.037,-0.034,0.086,0.107,-0.063,-0.221,-0.213,-0.145
-0.069,-0.064,0.005,0.066,-0.037,-0.029,0.085,0.122,-0.058,-0.213,-0.209,-0.145
-0.065,-0.060,0.005,0.062,-0.035,-0.027,0.085,0.120,-0.045,-0.210,-0.205,-0.145
-0.057,-0.052,0.005,0.054,-0.031,-0.023,0.085,0.119,-0.037,-0.207,-0.206,-0.145
-0.052,-0.047,0.005,0.049,-0.028,-0.021,0.086,0.125,-0.029,-0.196,-0.200,-0.146
-0.048,-0.041,0.007,0.044,-0.027,-0.017,0.083,0.136,-0.021,-0.185,-0.191,-0.142
-0.045,-0.034,0.011,0.039,-0.028,-0.011,0.080,0.147,-0.013,-0.178,-0.183,-0.133
-0.045,-0.030,0.015,0.037,-0.030,-0.007,0.080,0.150,-0.005,-0.170,-0.175,-0.130
-0.041,-0.022,0.019,0.031,-0.030,-0.001,0.080,0.152,0.003,-0.162,-0.167,-0.126
-0.040,-0.017,0.023,0.028,-0.031,0.003,0.080,0.170,0.014,-0.154,-0.159,-0.119
-0.039,-0.013,0.025,0.025,-0.032,0.006,0.080,0.186,0.026,-0.146,-0.151,-0.112
-0.034,-0.009,0.025,0.021,-0.029,0.008,0.079,0.192,0.038,-0.137,-0.143,-0.109
-0.030,-0.005,0.025,0.017,-0.027,0.010,0.075,0.200,0.050,-0.125,-0.135,-0.105
-0.026,-0.001,0.025,0.013,-0.025,0.012,0.075,0.208,0.057,-0.117,-0.127,-0.097
-0.022,0.003,0.025,0.009,-0.024,0.014,0.075,0.219,0.072,-0.109,-0.119,-0.092
-0.016,0.009,0.025,0.003,-0.021,0.017,0.075,0.231,0.084,-0.101,-0.111,-0.088
-0.008,0.017,0.025,-0.005,-0.017,0.021,0.075,0.244,0.094,-0.092,-0.103,-0.084
0.000,0.025,0.025,-0.013,-0.013,0.025,0.075,0.260,0.115,-0.080,-0.095,-0.080
0.010,0.033,0.023,-0.022,-0.007,0.028,0.075,0.276,0.132,-0.068,-0.092,-0.076
0.001,0.041,0.040,-0.021,-0.020,0.040,0.072,0.289,0.144,-0.056,-0.081,-0.073
-0.004,0.049,0.053,-0.023,-0.029,0.050,0.069,0.301,0.158,-0.044,-0.071,-0.066
0.007,0.057,0.049,-0.032,-0.021,0.053,0.070,0.322,0.182,-0.031,-0.062,-0.059
0.010,0.060,0.050,-0.035,-0.020,0.055,0.070,0.350,0.210,-0.015,-0.050,-0.055
0.008,0.058,0.050,-0.033,-0.021,0.054,0.070,0.362,0.222,0.001,-0.042,-0.047
0.023,0.073,0.050,-0.048,-0.014,0.061,0.071,0.376,0.236,0.017,-0.031,-0.042
0.031,0.080,0.050,-0.055,-0.010,0.065,0.068,0.394,0.253,0.032,-0.021,-0.036
0.024,0.074,0.050,-0.049,-0.014,0.061,0.065,0.408,0.269,0.043,-0.012,-0.029
0.025,0.075,0.050,-0.050,-0.013,0.062,0.065,0.420,0.285,0.055,0.000,-0.025
0.034,0.083,0.049,-0.059,-0.008,0.065,0.065,0.440,0.309,0.071,0.012,-0.013
0.031,0.091,0.060,-0.061,-0.015,0.075,0.065,0.459,0.330,0.090,0.024,-0.001
0.036,0.101,0.065,-0.069,-0.015,0.083,0.065,0.483,0.350,0.110,0.036,0.011
0.054,0.112,0.058,-0.083,-0.002,0.085,0.065,0.502,0.369,0.129,0.047,0.022
0.055,0.115,0.060,-0.085,-0.003,0.087,0.065,0.510,0.390,0.145,0.055,0.030
0.040,0.117,0.077,-0.079,-0.018,0.097,0.061,0.538,0.423,0.165,0.066,0.037
0.054,0.135,0.082,-0.094,-0.014,0.108,0.056,0.558,0.441,0.186,0.082,0.049
0.070,0.150,0.079,-0.110,-0.005,0.114,0.055,0.574,0.451,0.202,0.097,0.058
0.069,0.150,0.080,-0.109,-0.006,0.115,0.054,0.587,0.470,0.213,0.107,0.060
0.075,0.155,0.080,-0.115,-0.003,0.117,0.050,0.595,0.495,0.230,0.115,0.065
0.101,0.179,0.078,-0.140,0.011,0.128,0.050,0.623,0.524,0.258,0.134,0.089
0.100,0.193,0.093,-0.147,0.003,0.143,0.047,0.647,0.546,0.282,0.156,0.106
0.096,0.196,0.100,-0.147,-0.002,0.148,0.045,0.661,0.564,0.295,0.171,0.115
0.108,0.202,0.094,-0.155,0.007,0.147,0.045,0.673,0.586,0.311,0.185,0.128
0.115,0.210,0.095,-0.163,0.010,0.152,0.040,0.685,0.610,0.340,0.205,0.140
0.122,0.218,0.095,-0.170,0.014,0.156,0.035,0.697,0.627,0.357,0.213,0.144
0.134,0.229,0.095,-0.182,0.019,0.162,0.035,0.706,0.636,0.370,0.227,0.148
0.143,0.239,0.095,-0.191,0.024,0.167,0.033,0.714,0.645,0.379,0.239,0.152
0.145,0.240,0.094,-0.193,0.025,0.167,0.030,0.723,0.658,0.389,0.241,0.157
0.150,0.245,0.095,-0.198,0.027,0.170,0.030,0.735,0.675,0.410,0.250,0.170
0.167,0.274,0.107,-0.221,0.030,0.190,0.026,0.744,0.697,0.435,0.270,0.187
0.167,0.286,0.119,-0.227,0.024,0.202,0.025,0.747,0.703,0.449,0.285,0.194
0.152,0.284,0.132,-0.219,0.009,0.208,0.025,0.757,0.713,0.464,0.295,0.198
0.145,0.285,0.140,-0.215,0.002,0.212,0.025,0.764,0.735,0.485,0.309,0.208
0.150,0.285,0.135,-0.218,0.007,0.210,0.025,0.750,0.745,0.500,0.325,0.220
0.153,0.284,0.131,-0.218,0.010,0.207,0.025,0.742,0.733,0.509,0.333,0.228
0.168,0.295,0.127,-0.232,0.020,0.211,0.025,0.734,0.723,0.508,0.346,0.238
0.176,0.298,0.123,-0.238,0.027,0.210,0.025,0.727,0.716,0.503,0.348,0.238
0.168,0.287,0.120,-0.227,0.024,0.204,0.025,0.715,0.709,0.499,0.338,0.228
0.160,0.280,0.120,-0.220,0.020,0.200,0.025,0.690,0.700,0.495,0.330,0.220
0.156,0.272,0.116,-0.214,0.020,0.194,0.025,0.667,0.669,0.493,0.322,0.212
0.152,0.264,0.112,-0.208,0.020,0.188,0.025,0.634,0.637,0.471,0.315,0.204
0.147,0.255,0.108,-0.201,0.020,0.182,0.025,0.597,0.599,0.442,0.301,0.195
0.145,0.249,0.104,-0.198,0.021,0.176,0.025,0.560,0.554,0.411,0.280,0.189
0.145,0.245,0.100,-0.195,0.022,0.172,0.025,0.515,0.510,0.370,0.260,0.185
0.129,0.229,0.101,-0.179,0.014,0.165,0.025,0.471,0.458,0.335,0.228,0.162
0.118,0.213,0.095,-0.166,0.011,0.153,0.025,0.424,0.406,0.287,0.197,0.137
0.110,0.195,0.086,-0.153,0.012,0.140,0.025,0.377,0.352,0.235,0.161,0.111
0.097,0.175,0.078,-0.136,0.009,0.127,0.025,0.334,0.296,0.189,0.120,0.083
0.085,0.155,0.070,-0.120,0.007,0.112,0.025,0.290,0.240,0.145,0.085,0.060
0.069,0.131,0.062,-0.100,0.003,0.096,0.029,0.246,0.184,0.101,0.052,0.039
0.056,0.109,0.054,-0.082,0.001,0.081,0.030,0.205,0.130,0.057,0.024,0.023
0.044,0.092,0.048,-0.068,-0.002,0.069,0.032,0.164,0.081,0.012,-0.006,0.005
0.032,0.076,0.044,-0.054,-0.006,0.060,0.035,0.126,0.033,-0.028,-0.037,-0.015
0.020,0.060,0.040,-0.040,-0.010,0.050,0.035,0.095,-0.010,-0.060,-0.065,-0.035
0.009,0.044,0.036,-0.027,-0.014,0.039,0.047,0.063,-0.043,-0.104,-0.094,-0.059
-0.008,0.028,0.035,-0.011,-0.021,0.031,0.054,0.034,-0.072,-0.140,-0.112,-0.079
-0.020,0.013,0.033,0.003,-0.027,0.023,0.055,0.006,-0.110,-0.171,-0.131,-0.090
-0.027,0.003,0.030,0.012,-0.029,0.016,0.055,-0.022,-0.148,-0.202,-0.157,-0.105
-0.035,-0.005,0.030,0.020,-0.032,0.012,0.055,-0.045,-0.170,-0.220,-0.180,-0.125
-0.039,-0.013,0.026,0.025,-0.032,0.007,0.055,-0.061,-0.189,-0.231,-0.197,-0.124
-0.045,-0.024,0.021,0.034,-0.033,-0.001,0.058,-0.078,-0.214,-0.250,-0.209,-0.137
-0.055,-0.035,0.020,0.045,-0.037,-0.007,0.062,-0.090,-0.231,-0.267,-0.222,-0.149
-0.061,-0.042,0.019,0.051,-0.040,-0.011,0.066,-0.097,-0.236,-0.277,-0.230,-0.151
-0.065,-0.050,0.015,0.057,-0.040,-0.017,0.070,-0.105,-0.240,-0.285,-0.230,-0.160
-0.074,-0.059,0.015,0.066,-0.045,-0.021,0.074,-0.108,-0.243,-0.296,-0.242,-0.165
-0.075,-0.063,0.012,0.068,-0.043,-0.025,0.078,-0.120,-0.253,-0.313,-0.250,-0.164
-0.079,-0.069,0.009,0.074,-0.043,-0.030,0.080,-0.125,-0.266,-0.322,-0.248,-0.169
-0.085,-0.075,0.010,0.080,-0.048,-0.032,0.080,-0.119,-0.270,-0.320,-0.253,-0.175
-0.080,-0.070,0.010,0.075,-0.045,-0.030,0.080,-0.120,-0.265,-0.320,-0.270,-0.170
-0.072,-0.066,0.006,0.068,-0.038,-0.030,0.080,-0.116,-0.265,-0.320,-0.267,-0.170
-0.066,-0.062,0.004,0.063,-0.035,-0.028,0.080,-0.114,-0.266,-0.320,-0.262,-0.167
-0.065,-0.060,0.006,0.062,-0.036,-0.027,0.080,-0.116,-0.263,-0.320,-0.258,-0.165
-0.064,-0.059,0.004,0.061,-0.034,-0.027,0.081,-0.114,-0.259,-0.320,-0.255,-0.164
-0.055,-0.055,0.000,0.055,-0.027,-0.027,0.085,-0.110,-0.260,-0.320,-0.255,-0.160
-0.050,-0.051,0.000,0.050,-0.025,-0.025,0.085,-0.110,-0.261,-0.320,-0.251,-0.160
-0.050,-0.050,0.000,0.050,-0.026,-0.025,0.085,-0.107,-0.255,-0.320,-0.246,-0.157
-0.048,-0.049,-0.001,0.048,-0.023,-0.025,0.085,-0.104,-0.245,-0.320,-0.245,-0.155
-0.045,-0.044,0.002,0.044,-0.023,-0.021,0.086,-0.106,-0.239,-0.320,-0.244,-0.154
-0.050,-0.040,0.010,0.045,-0.030,-0.015,0.090,-0.105,-0.235,-0.320,-0.240,-0.150
-0.055,-0.041,0.014,0.047,-0.034,-0.013,0.094,-0.093,-0.227,-0.312,-0.236,-0.150
-0.053,-0.032,0.021,0.041,-0.037,-0.005,0.098,-0.081,-0.218,-0.303,-0.235,-0.147
-0.048,-0.021,0.027,0.034,-0.037,0.003,0.100,-0.069,-0.213,-0.298,-0.234,-0.145
-0.044,-0.012,0.032,0.028,-0.037,0.009,0.100,-0.057,-0.208,-0.293,-0.229,-0.144
-0.040,0.000,0.040,0.020,-0.040,0.020,0.105,-0.045,-0.200,-0.285,-0.225,-0.140
-0.037,0.008,0.045,0.014,-0.041,0.026,0.110,-0.036,-0.196,-0.276,-0.221,-0.140
-0.027,0.019,0.045,0.003,-0.036,0.032,0.107,-0.032,-0.193,-0.272,-0.217,-0.137
-0.014,0.030,0.045,-0.008,-0.030,0.038,0.104,-0.028,-0.186,-0.266,-0.213,-0.134
-0.010,0.035,0.045,-0.013,-0.028,0.040,0.105,-0.024,-0.179,-0.259,-0.210,-0.135
-0.005,0.040,0.045,-0.018,-0.025,0.042,0.105,-0.020,-0.175,-0.255,-0.210,-0.135
0.016,0.061,0.045,-0.039,-0.015,0.053,0.105,-0.016,-0.171,-0.251,-0.206,-0.135
0.019,0.064,0.045,-0.042,-0.013,0.054,0.105,-0.012,-0.170,-0.247,-0.202,-0.135
0.014,0.059,0.045,-0.037,-0.016,0.051,0.105,-0.008,-0.170,-0.243,-0.198,-0.135
0.015,0.060,0.045,-0.038,-0.015,0.052,0.105,-0.005,-0.170,-0.239,-0.194,-0.135
0.015,0.060,0.045,-0.038,-0.015,0.052,0.105,-0.005,-0.170,-0.235,-0.190,-0.135
0.015,0.060,0.045,-0.038,-0.015,0.052,0.105,-0.001,-0.170,-0.231,-0.186,-0.135
0.014,0.060,0.046,-0.038,-0.016,0.052,0.105,0.000,-0.170,-0.230,-0.185,-0.135
0.017,0.060,0.043,-0.039,-0.013,0.051,0.105,0.002,-0.170,-0.228,-0.183,-0.135
0.011,0.060,0.049,-0.036,-0.019,0.054,0.105,0.006,-0.170,-0.225,-0.179,-0.135
-0.005,0.060,0.065,-0.028,-0.035,0.062,0.105,0.005,-0.170,-0.225,-0.180,-0.135
0.002,0.060,0.058,-0.032,-0.028,0.058,0.105,-0.003,-0.170,-0.221,-0.181,-0.135
0.009,0.060,0.051,-0.034,-0.021,0.055,0.104,-0.011,-0.170,-0.219,-0.177,-0.135
0.013,0.061,0.048,-0.037,-0.018,0.055,0.107,-0.020,-0.169,-0.222,-0.175,-0.135
0.014,0.058,0.044,-0.036,-0.015,0.050,0.102,-0.025,-0.171,-0.226,-0.175,-0.135
0.005,0.045,0.040,-0.025,-0.018,0.042,0.080,-0.030,-0.180,-0.230,-0.175,-0.135
0.001,0.037,0.036,-0.020,-0.018,0.037,0.058,-0.054,-0.192,-0.241,-0.187,-0.135
-0.006,0.026,0.032,-0.010,-0.019,0.029,0.050,-0.074,-0.205,-0.255,-0.194,-0.135
-0.012,0.016,0.028,-0.002,-0.020,0.022,0.050,-0.084,-0.213,-0.263,-0.196,-0.135
-0.016,0.007,0.024,0.004,-0.020,0.015,0.050,-0.092,-0.216,-0.266,-0.203,-0.135
-0.025,-0.005,0.020,0.015,-0.022,0.007,0.050,-0.100,-0.220,-0.270,-0.215,-0.135
-0.034,-0.014,0.020,0.024,-0.027,0.003,0.046,-0.104,-0.224,-0.274,-0.216,-0.135
-0.033,-0.016,0.017,0.024,-0.024,0.000,0.044,-0.105,-0.228,-0.275,-0.215,-0.135
-0.029,-0.014,0.015,0.021,-0.021,0.001,0.046,-0.105,-0.231,-0.277,-0.216,-0.134
-0.032,-0.017,0.015,0.024,-0.023,-0.001,0.044,-0.106,-0.230,-0.280,-0.214,-0.137
-0.040,-0.030,0.010,0.035,-0.025,-0.010,0.040,-0.110,-0.230,-0.280,-0.215,-0.145
-0.047,-0.042,0.005,0.044,-0.026,-0.018,0.040,-0.110,-0.238,-0.282,-0.231,-0.148
-0.060,-0.055,0.005,0.057,-0.033,-0.024,0.041,-0.109,-0.244,-0.298,-0.242,-0.159
-0.066,-0.063,0.003,0.064,-0.034,-0.029,0.038,-0.112,-0.245,-0.307,-0.247,-0.170
-0.066,-0.066,0.000,0.066,-0.032,-0.033,0.035,-0.115,-0.246,-0.305,-0.251,-0.176
-0.070,-0.070,0.000,0.070,-0.035,-0.035,0.035,-0.115,-0.250,-0.305,-0.255,-0.180
-0.066,-0.074,-0.008,0.070,-0.029,-0.040,0.035,-0.119,-0.249,-0.304,-0.259,-0.180
-0.062,-0.078,-0.016,0.070,-0.023,-0.047,0.032,-0.121,-0.259,-0.314,-0.263,-0.183
-0.057,-0.081,-0.024,0.069,-0.017,-0.052,0.029,-0.118,-0.269,-0.324,-0.267,-0.186
-0.047,-0.079,-0.032,0.063,-0.008,-0.056,0.030,-0.115,-0.270,-0.325,-0.270,-0.185
-0.040,-0.080,-0.040,0.060,0.000,-0.060,0.030,-0.115,-0.270,-0.325,-0.270,-0.185
-0.048,-0.092,-0.045,0.071,-0.001,-0.068,0.026,-0.115,-0.270,-0.329,-0.270,-0.185
-0.052,-0.097,-0.045,0.075,-0.003,-0.071,0.024,-0.115,-0.269,-0.330,-0.269,-0.184
-0.048,-0.093,-0.045,0.071,-0.001,-0.069,0.026,-0.115,-0.275,-0.332,-0.273,-0.188
-0.053,-0.098,-0.045,0.076,-0.004,-0.072,0.024,-0.115,-0.287,-0.335,-0.282,-0.197
-0.070,-0.115,-0.045,0.093,-0.012,-0.080,0.020,-0.115,-0.290,-0.335,-0.285,-0.200
-0.075,-0.120,-0.045,0.098,-0.015,-0.082,0.020,-0.115,-0.290,-0.335,-0.285,-0.200
-0.075,-0.120,-0.045,0.098,-0.015,-0.082,0.020,-0.115,-0.290,-0.335,-0.285,-0.200
-0.075,-0.120,-0.045,0.098,-0.015,-0.082,0.019,-0.115,-0.290,-0.335,-0.285,-0.200
-0.075,-0.120,-0.045,0.098,-0.015,-0.082,0.022,-0.115,-0.290,-0.335,-0.285,-0.200
-0.075,-0.120,-0.045,0.098,-0.015,-0.082,0.035,-0.115,-0.290,-0.335,-0.285,-0.200
-0.075,-0.120,-0.045,0.098,-0.015,-0.082,0.049,-0.115,-0.290,-0.335,-0.285,-0.200
-0.075,-0.120,-0.045,0.098,-0.015,-0.082,0.048,-0.112,-0.290,-0.335,-0.285,-0.200
-0.075,-0.120,-0.045,0.098,-0.015,-0.082,0.045,-0.109,-0.290,-0.335,-0.285,-0.200
-0.075,-0.120,-0.045,0.098,-0.015,-0.082,0.044,-0.110,-0.290,-0.335,-0.285,-0.200
-0.075,-0.120,-0.045,0.098,-0.015,-0.082,0.040,-0.110,-0.290,-0.335,-0.285,-0.200
-0.075,-0.120,-0.045,0.098,-0.015,-0.082,0.040,-0.110,-0.290,-0.335,-0.285,-0.204
-0.078,-0.123,-0.045,0.101,-0.016,-0.084,0.037,-0.110,-0.290,-0.335,-0.285,-0.205
-0.081,-0.126,-0.045,0.104,-0.017,-0.085,0.035,-0.110,-0.290,-0.335,-0.285,-0.205
-0.080,-0.125,-0.045,0.103,-0.017,-0.085,0.034,-0.110,-0.290,-0.335,-0.285,-0.205
-0.080,-0.125,-0.045,0.103,-0.017,-0.085,0.030,-0.110,-0.290,-0.335,-0.285,-0.205
-0.080,-0.125,-0.045,0.103,-0.017,-0.085,0.030,-0.110,-0.290,-0.335,-0.285,-0.205
-0.080,-0.125,-0.045,0.103,-0.017,-0.085,0.027,-0.110,-0.290,-0.335,-0.285,-0.205
-0.080,-0.125,-0.045,0.103,-0.017,-0.085,0.025,-0.110,-0.290,-0.335,-0.285,-0.205
-0.080,-0.125,-0.045,0.103,-0.017,-0.085,0.024,-0.110,-0.290,-0.335,-0.285,-0.205
-0.080,-0.125,-0.045,0.103,-0.017,-0.085,0.020,-0.110,-0.290,-0.335,-0.285,-0.205
-0.080,-0.125,-0.045,0.103,-0.017,-0.085,0.020,-0.109,-0.291,-0.331,-0.285,-0.205
-0.080,-0.127,-0.046,0.104,-0.016,-0.087,0.018,-0.114,-0.279,-0.326,-0.287,-0.207
-0.079,-0.118,-0.040,0.099,-0.019,-0.079,0.012,-0.096,-0.262,-0.325,-0.293,-0.213
-0.074,-0.101,-0.028,0.088,-0.023,-0.064,0.020,-0.064,-0.245,-0.325,-0.295,-0.215
-0.075,-0.090,-0.015,0.083,-0.030,-0.052,0.055,-0.030,-0.230,-0.320,-0.300,-0.220
-0.097,-0.078,0.019,0.087,-0.058,-0.029,0.090,0.064,-0.222,-0.314,-0.319,-0.242
-0.127,-0.068,0.059,0.098,-0.093,-0.004,0.136,0.197,-0.174,-0.322,-0.307,-0.237
-0.117,-0.046,0.071,0.081,-0.094,0.012,0.164,0.328,-0.090,-0.288,-0.289,-0.228
-0.076,-0.012,0.064,0.043,-0.070,0.025,0.165,0.443,0.012,-0.211,-0.265,-0.211
-0.050,0.015,0.065,0.017,-0.058,0.040,0.170,0.530,0.125,-0.140,-0.205,-0.160
-0.022,0.044,0.066,-0.012,-0.044,0.055,0.174,0.531,0.244,-0.043,-0.127,-0.121
0.042,0.103,0.061,-0.072,-0.010,0.082,0.138,0.428,0.370,0.109,0.005,-0.029
0.132,0.193,0.061,-0.162,0.035,0.126,0.048,0.212,0.465,0.279,0.164,0.100
0.247,0.305,0.058,-0.276,0.094,0.181,-0.124,-0.162,0.497,0.467,0.346,0.254
0.375,0.435,0.060,-0.405,0.157,0.247,-0.370,-0.665,0.495,0.710,0.590,0.465
0.461,0.560,0.099,-0.511,0.180,0.330,-0.584,-1.088,0.529,0.982,0.879,0.699
0.544,0.640,0.095,-0.593,0.224,0.367,-0.789,-1.324,0.607,1.250,1.144,0.908
0.651,0.704,0.054,-0.678,0.298,0.379,-0.968,-1.463,0.687,1.510,1.386,1.102
0.724,0.787,0.063,-0.756,0.330,0.424,-1.118,-1.645,0.697,1.779,1.622,1.282
0.725,0.895,0.170,-0.810,0.277,0.532,-1.270,-1.895,0.630,2.055,1.840,1.445
0.733,1.020,0.286,-0.876,0.223,0.652,-1.412,-2.101,0.581,2.254,2.014,1.604
0.729,1.009,0.280,-0.869,0.224,0.644,-1.529,-2.211,0.462,2.211,2.019,1.585
0.693,0.825,0.131,-0.759,0.280,0.478,-1.528,-2.133,0.362,1.952,1.860,1.515
0.643,0.577,-0.067,-0.610,0.355,0.254,-1.423,-1.966,0.236,1.590,1.604,1.430
0.585,0.390,-0.195,-0.487,0.390,0.097,-1.320,-1.865,-0.030,1.185,1.300,1.230
0.488,0.271,-0.217,-0.379,0.352,0.027,-1.203,-1.730,-0.265,0.747,1.000,1.056
0.413,0.167,-0.246,-0.290,0.329,-0.040,-1.064,-1.595,-0.487,0.334,0.728,0.882
0.338,0.097,-0.241,-0.217,0.289,-0.072,-0.917,-1.413,-0.690,-0.064,0.441,0.683
0.241,0.052,-0.189,-0.147,0.215,-0.068,-0.766,-1.192,-0.771,-0.383,0.154,0.473
0.160,0.010,-0.150,-0.085,0.155,-0.070,-0.610,-0.990,-0.700,-0.505,-0.040,0.295
0.106,0.019,-0.087,-0.063,0.096,-0.033,-0.477,-0.779,-0.643,-0.470,-0.103,0.191
0.061,0.037,-0.023,-0.049,0.042,0.007,-0.382,-0.642,-0.586,-0.425,-0.136,0.107
0.006,0.038,0.031,-0.023,-0.012,0.034,-0.311,-0.547,-0.526,-0.392,-0.172,0.043
-0.028,0.028,0.056,0.000,-0.042,0.041,-0.250,-0.445,-0.462,-0.349,-0.193,-0.002
-0.020,0.020,0.040,0.000,-0.030,0.030,-0.195,-0.345,-0.390,-0.315,-0.195,-0.045
-0.020,0.012,0.032,0.004,-0.026,0.022,-0.142,-0.254,-0.338,-0.306,-0.195,-0.061
-0.017,0.005,0.021,0.006,-0.019,0.013,-0.097,-0.188,-0.282,-0.302,-0.196,-0.084
-0.017,-0.006,0.011,0.011,-0.014,0.002,-0.053,-0.130,-0.249,-0.298,-0.192,-0.101
-0.020,-0.017,0.002,0.018,-0.011,-0.007,-0.019,-0.080,-0.244,-0.293,-0.200,-0.116
-0.015,-0.025,-0.010,0.020,-0.002,-0.017,-0.005,-0.055,-0.235,-0.285,-0.225,-0.145
-0.018,-0.037,-0.019,0.028,0.001,-0.028,0.011,-0.030,-0.223,-0.281,-0.226,-0.158
-0.028,-0.046,-0.017,0.038,-0.006,-0.031,0.027,-0.014,-0.214,-0.277,-0.224,-0.167
-0.041,-0.056,-0.014,0.049,-0.013,-0.035,0.042,-0.006,-0.204,-0.273,-0.225,-0.171
-0.052,-0.068,-0.015,0.060,-0.018,-0.041,0.052,0.003,-0.192,-0.269,-0.225,-0.170
-0.060,-0.075,-0.015,0.068,-0.022,-0.045,0.055,0.015,-0.185,-0.265,-0.225,-0.170
-0.064,-0.079,-0.015,0.072,-0.025,-0.047,0.054,0.023,-0.181,-0.265,-0.225,-0.170
-0.065,-0.080,-0.015,0.073,-0.025,-0.047,0.060,0.034,-0.177,-0.263,-0.223,-0.170
-0.065,-0.080,-0.015,0.073,-0.025,-0.047,0.069,0.044,-0.173,-0.257,-0.231,-0.170
-0.065,-0.080,-0.015,0.073,-0.025,-0.047,0.077,0.052,-0.169,-0.255,-0.240,-0.170
-0.065,-0.080,-0.015,0.073,-0.025,-0.047,0.085,0.060,-0.165,-0.255,-0.235,-0.170
-0.069,-0.080,-0.011,0.075,-0.029,-0.045,0.089,0.064,-0.160,-0.247,-0.235,-0.179
-0.071,-0.081,-0.010,0.076,-0.031,-0.045,0.090,0.068,-0.160,-0.242,-0.236,-0.178
-0.068,-0.078,-0.010,0.073,-0.029,-0.044,0.089,0.072,-0.157,-0.236,-0.233,-0.174
-0.065,-0.075,-0.010,0.070,-0.027,-0.042,0.091,0.076,-0.148,-0.229,-0.230,-0.175
-0.065,-0.075,-0.010,0.070,-0.027,-0.042,0.095,0.080,-0.140,-0.225,-0.230,-0.175
-0.061,-0.071,-0.010,0.066,-0.025,-0.040,0.095,0.088,-0.136,-0.217,-0.230,-0.175
-0.060,-0.069,-0.010,0.064,-0.025,-0.040,0.094,0.094,-0.130,-0.211,-0.227,-0.176
-0.060,-0.071,-0.010,0.065,-0.025,-0.040,0.097,0.095,-0.120,-0.211,-0.225,-0.173
-0.060,-0.069,-0.009,0.065,-0.025,-0.039,0.100,0.096,-0.114,-0.217,-0.225,-0.170
-0.060,-0.065,-0.005,0.063,-0.027,-0.035,0.100,0.105,-0.110,-0.220,-0.225,-0.170
-0.060,-0.065,-0.005,0.063,-0.027,-0.035,0.100,0.109,-0.102,-0.212,-0.226,-0.170
-0.061,-0.066,-0.005,0.064,-0.027,-0.035,0.100,0.113,-0.097,-0.206,-0.219,-0.170
-0.058,-0.063,-0.005,0.061,-0.026,-0.034,0.100,0.117,-0.091,-0.204,-0.212,-0.170
-0.055,-0.060,-0.005,0.058,-0.025,-0.032,0.100,0.122,-0.084,-0.198,-0.209,-0.169
-0.055,-0.060,-0.005,0.058,-0.025,-0.032,0.100,0.130,-0.080,-0.190,-0.205,-0.165
-0.055,-0.060,-0.005,0.058,-0.025,-0.032,0.100,0.135,-0.072,-0.186,-0.201,-0.161
-0.052,-0.057,-0.005,0.055,-0.023,-0.031,0.100,0.133,-0.068,-0.182,-0.197,-0.157
-0.049,-0.054,-0.005,0.052,-0.021,-0.030,0.100,0.144,-0.060,-0.176,-0.193,-0.153
-0.051,-0.056,-0.004,0.054,-0.023,-0.030,0.100,0.163,-0.047,-0.168,-0.188,-0.149
-0.055,-0.055,0.000,0.055,-0.027,-0.027,0.100,0.165,-0.040,-0.160,-0.180,-0.145
-0.051,-0.047,0.005,0.049,-0.027,-0.021,0.100,0.169,-0.032,-0.156,-0.176,-0.146
-0.047,-0.042,0.005,0.044,-0.026,-0.018,0.100,0.174,-0.024,-0.150,-0.173,-0.139
-0.043,-0.036,0.007,0.039,-0.025,-0.014,0.100,0.176,-0.016,-0.140,-0.166,-0.132
-0.039,-0.029,0.010,0.034,-0.025,-0.009,0.100,0.183,-0.008,-0.134,-0.159,-0.129
-0.035,-0.025,0.010,0.030,-0.022,-0.007,0.100,0.200,0.000,-0.130,-0.155,-0.125
-0.030,-0.017,0.014,0.023,-0.021,-0.001,0.100,0.208,0.012,-0.122,-0.151,-0.117
-0.031,-0.012,0.019,0.021,-0.025,0.003,0.100,0.218,0.024,-0.114,-0.144,-0.111
-0.026,-0.006,0.020,0.016,-0.023,0.007,0.100,0.234,0.036,-0.106,-0.137,-0.109
-0.019,0.002,0.021,0.009,-0.020,0.011,0.100,0.248,0.048,-0.098,-0.134,-0.103
-0.020,0.005,0.025,0.007,-0.023,0.015,0.100,0.255,0.060,-0.090,-0.130,-0.095
-0.016,0.009,0.025,0.003,-0.021,0.016,0.104,0.267,0.067,-0.081,-0.122,-0.091
-0.012,0.016,0.028,-0.002,-0.020,0.022,0.106,0.278,0.082,-0.078,-0.116,-0.087
-0.008,0.023,0.030,-0.007,-0.019,0.026,0.103,0.295,0.096,-0.067,-0.114,-0.083
-0.005,0.026,0.031,-0.011,-0.018,0.028,0.100,0.313,0.109,-0.045,-0.107,-0.079
-0.005,0.030,0.035,-0.013,-0.020,0.032,0.100,0.320,0.130,-0.030,-0.095,-0.075
0.000,0.034,0.035,-0.018,-0.018,0.034,0.100,0.335,0.145,-0.018,-0.087,-0.071
-0.002,0.036,0.038,-0.017,-0.020,0.037,0.097,0.358,0.169,-0.006,-0.076,-0.064
0.008,0.048,0.040,-0.028,-0.016,0.043,0.094,0.379,0.187,0.006,-0.066,-0.058
0.012,0.063,0.051,-0.038,-0.020,0.056,0.095,0.393,0.200,0.017,-0.057,-0.053
-0.015,0.065,0.080,-0.025,-0.048,0.072,0.095,0.405,0.220,0.025,-0.045,-0.045
-0.021,0.064,0.086,-0.022,-0.054,0.075,0.091,0.425,0.231,0.035,-0.038,-0.041
-0.016,0.069,0.085,-0.027,-0.050,0.077,0.089,0.446,0.257,0.060,-0.023,-0.034
-0.017,0.068,0.085,-0.026,-0.051,0.076,0.091,0.463,0.275,0.073,-0.009,-0.028
-0.011,0.074,0.085,-0.032,-0.048,0.079,0.089,0.479,0.285,0.079,0.004,-0.023
0.010,0.095,0.085,-0.053,-0.038,0.090,0.085,0.495,0.315,0.105,0.020,-0.010
0.005,0.090,0.085,-0.048,-0.040,0.087,0.085,0.514,0.336,0.121,0.032,-0.002
0.018,0.103,0.085,-0.061,-0.034,0.094,0.086,0.538,0.355,0.140,0.045,0.009
0.039,0.124,0.085,-0.082,-0.023,0.105,0.083,0.561,0.374,0.158,0.054,0.019
0.053,0.138,0.085,-0.096,-0.016,0.112,0.080,0.579,0.397,0.175,0.063,0.028
0.065,0.150,0.085,-0.108,-0.010,0.117,0.080,0.595,0.425,0.195,0.080,0.045
0.069,0.154,0.085,-0.112,-0.008,0.119,0.080,0.619,0.446,0.202,0.097,0.062
0.075,0.160,0.085,-0.118,-0.006,0.123,0.077,0.638,0.461,0.219,0.106,0.073
0.087,0.171,0.084,-0.129,0.002,0.127,0.074,0.652,0.480,0.239,0.116,0.076
0.104,0.183,0.079,-0.144,0.013,0.131,0.075,0.670,0.507,0.262,0.136,0.084
0.115,0.195,0.080,-0.155,0.017,0.137,0.075,0.690,0.535,0.290,0.160,0.105
0.110,0.207,0.097,-0.159,0.006,0.152,0.071,0.706,0.551,0.306,0.177,0.118
0.118,0.218,0.100,-0.168,0.009,0.158,0.070,0.722,0.573,0.325,0.189,0.127
0.130,0.219,0.090,-0.175,0.020,0.154,0.070,0.737,0.594,0.342,0.200,0.132
0.119,0.213,0.094,-0.166,0.012,0.153,0.070,0.748,0.609,0.354,0.206,0.136
0.100,0.215,0.115,-0.158,-0.008,0.165,0.070,0.760,0.625,0.370,0.215,0.145
0.119,0.240,0.120,-0.180,-0.001,0.179,0.062,0.777,0.642,0.381,0.235,0.157
0.131,0.251,0.120,-0.191,0.005,0.185,0.056,0.783,0.654,0.401,0.251,0.166
0.129,0.249,0.120,-0.189,0.004,0.184,0.053,0.790,0.669,0.415,0.257,0.175
0.140,0.260,0.120,-0.200,0.010,0.190,0.049,0.802,0.691,0.432,0.271,0.189
0.160,0.280,0.120,-0.220,0.020,0.200,0.045,0.805,0.710,0.465,0.300,0.205
0.151,0.270,0.120,-0.210,0.015,0.195,0.041,0.808,0.717,0.477,0.313,0.214
0.164,0.284,0.121,-0.224,0.021,0.202,0.036,0.821,0.734,0.492,0.320,0.217
0.179,0.297,0.118,-0.238,0.030,0.207,0.036,0.822,0.737,0.503,0.332,0.226
0.173,0.288,0.115,-0.231,0.029,0.201,0.041,0.806,0.722,0.506,0.340,0.236
0.175,0.290,0.115,-0.233,0.030,0.202,0.040,0.795,0.715,0.510,0.330,0.230
0.197,0.308,0.111,-0.252,0.043,0.209,0.040,0.783,0.703,0.502,0.326,0.225
0.197,0.306,0.109,-0.252,0.044,0.208,0.040,0.773,0.694,0.497,0.322,0.225
0.185,0.295,0.111,-0.240,0.037,0.203,0.040,0.752,0.683,0.493,0.318,0.224
0.179,0.288,0.109,-0.234,0.035,0.199,0.040,0.723,0.674,0.490,0.314,0.219
0.175,0.280,0.105,-0.228,0.035,0.192,0.040,0.695,0.665,0.485,0.310,0.215
0.167,0.272,0.105,-0.220,0.031,0.188,0.040,0.655,0.622,0.454,0.308,0.216
0.162,0.264,0.102,-0.213,0.030,0.183,0.040,0.618,0.577,0.421,0.288,0.204
0.158,0.257,0.099,-0.207,0.029,0.178,0.040,0.578,0.530,0.386,0.263,0.187
0.146,0.246,0.100,-0.196,0.022,0.173,0.040,0.535,0.478,0.345,0.237,0.170
0.125,0.225,0.100,-0.175,0.012,0.162,0.040,0.495,0.430,0.305,0.200,0.145
0.113,0.205,0.092,-0.159,0.010,0.149,0.040,0.443,0.370,0.261,0.164,0.121
0.099,0.182,0.083,-0.140,0.008,0.133,0.040,0.393,0.312,0.217,0.128,0.095
0.082,0.160,0.078,-0.121,0.002,0.119,0.040,0.346,0.257,0.174,0.091,0.065
0.066,0.139,0.073,-0.103,-0.004,0.106,0.040,0.299,0.202,0.135,0.057,0.040
0.050,0.115,0.065,-0.083,-0.008,0.090,0.040,0.255,0.150,0.095,0.030,0.025
0.038,0.094,0.057,-0.067,-0.009,0.075,0.044,0.211,0.098,0.047,0.002,0.010
0.026,0.078,0.052,-0.052,-0.013,0.065,0.045,0.169,0.045,0.001,-0.026,-0.013
0.014,0.062,0.048,-0.038,-0.017,0.055,0.047,0.132,-0.003,-0.039,-0.054,-0.035
0.002,0.046,0.044,-0.025,-0.021,0.045,0.050,0.096,-0.045,-0.074,-0.082,-0.055
-0.010,0.030,0.040,-0.010,-0.025,0.035,0.050,0.065,-0.085,-0.110,-0.110,-0.075
-0.022,0.013,0.036,0.004,-0.029,0.024,0.066,0.041,-0.119,-0.144,-0.135,-0.088
-0.032,0.003,0.035,0.013,-0.033,0.019,0.075,0.017,-0.139,-0.161,-0.152,-0.097
-0.038,-0.004,0.034,0.021,-0.036,0.014,0.075,-0.005,-0.167,-0.185,-0.171,-0.118
-0.040,-0.011,0.029,0.026,-0.034,0.009,0.076,-0.025,-0.194,-0.207,-0.187,-0.136
-0.040,-0.015,0.025,0.027,-0.032,0.005,0.080,-0.045,-0.200,-0.210,-0.190,-0.135
-0.048,-0.022,0.025,0.034,-0.036,0.001,0.080,-0.061,-0.224,-0.238,-0.206,-0.151
-0.055,-0.032,0.023,0.044,-0.038,-0.005,0.083,-0.077,-0.242,-0.258,-0.215,-0.157
-0.052,-0.035,0.017,0.043,-0.034,-0.008,0.087,-0.077,-0.246,-0.259,-0.215,-0.153
-0.061,-0.046,0.015,0.053,-0.038,-0.015,0.082,-0.079,-0.254,-0.264,-0.224,-0.157
-0.090,-0.075,0.015,0.082,-0.052,-0.030,0.075,-0.100,-0.275,-0.285,-0.240,-0.170
-0.083,-0.072,0.011,0.077,-0.047,-0.031,0.095,-0.097,-0.280,-0.290,-0.245,-0.175
-0.080,-0.069,0.010,0.075,-0.045,-0.030,0.105,-0.094,-0.280,-0.290,-0.248,-0.175
-0.076,-0.068,0.008,0.072,-0.042,-0.030,0.105,-0.096,-0.280,-0.290,-0.252,-0.176
-0.069,-0.065,0.005,0.067,-0.037,-0.030,0.105,-0.094,-0.280,-0.289,-0.255,-0.181
-0.070,-0.065,0.005,0.067,-0.037,-0.030,0.105,-0.090,-0.280,-0.290,-0.255,-0.185
-0.062,-0.061,0.001,0.061,-0.031,-0.030,0.105,-0.090,-0.276,-0.303,-0.255,-0.181
-0.060,-0.060,0.000,0.060,-0.030,-0.030,0.105,-0.091,-0.275,-0.303,-0.255,-0.180
-0.056,-0.058,-0.002,0.057,-0.027,-0.030,0.105,-0.088,-0.275,-0.299,-0.255,-0.178
-0.050,-0.055,-0.005,0.053,-0.022,-0.030,0.105,-0.085,-0.275,-0.300,-0.255,-0.174
-0.050,-0.055,-0.005,0.053,-0.022,-0.030,0.105,-0.085,-0.275,-0.300,-0.255,-0.175
-0.041,-0.051,-0.009,0.046,-0.016,-0.030,0.105,-0.085,-0.275,-0.300,-0.251,-0.176
-0.041,-0.050,-0.009,0.045,-0.016,-0.030,0.105,-0.086,-0.276,-0.300,-0.247,-0.172
-0.034,-0.048,-0.015,0.041,-0.009,-0.031,0.105,-0.080,-0.270,-0.301,-0.243,-0.170
-0.016,-0.045,-0.028,0.031,0.006,-0.037,0.105,-0.067,-0.257,-0.298,-0.239,-0.169
-0.010,-0.045,-0.035,0.028,0.013,-0.040,0.105,-0.060,-0.250,-0.285,-0.235,-0.165
-0.013,-0.041,-0.028,0.027,0.007,-0.034,0.105,-0.052,-0.242,-0.277,-0.231,-0.165
-0.023,-0.041,-0.019,0.032,-0.002,-0.029,0.106,-0.044,-0.234,-0.269,-0.228,-0.166
-0.023,-0.034,-0.011,0.029,-0.006,-0.022,0.103,-0.036,-0.226,-0.261,-0.221,-0.162
-0.012,-0.015,-0.003,0.014,-0.005,-0.009,0.108,-0.028,-0.218,-0.253,-0.214,-0.153
-0.005,0.000,0.005,0.002,-0.005,0.002,0.125,-0.020,-0.210,-0.245,-0.210,-0.150
-0.001,0.012,0.014,-0.006,-0.008,0.013,0.124,-0.012,-0.205,-0.236,-0.202,-0.147
0.005,0.024,0.019,-0.015,-0.007,0.021,0.134,-0.007,-0.205,-0.237,-0.197,-0.139
-0.001,0.036,0.037,-0.017,-0.019,0.036,0.140,-0.004,-0.205,-0.241,-0.191,-0.133
0.000,0.049,0.049,-0.024,-0.025,0.048,0.134,0.002,-0.205,-0.240,-0.184,-0.129
0.020,0.060,0.040,-0.040,-0.010,0.050,0.130,0.010,-0.205,-0.240,-0.180,-0.125
-0.009,0.056,0.065,-0.024,-0.037,0.060,0.126,0.014,-0.201,-0.240,-0.176,-0.129
-0.015,0.055,0.070,-0.020,-0.043,0.062,0.122,0.018,-0.200,-0.240,-0.175,-0.131
-0.010,0.053,0.063,-0.022,-0.037,0.058,0.118,0.022,-0.200,-0.240,-0.175,-0.130
-0.016,0.050,0.066,-0.017,-0.041,0.057,0.114,0.025,-0.200,-0.240,-0.175,-0.130
-0.015,0.050,0.065,-0.018,-0.040,0.057,0.115,0.025,-0.200,-0.240,-0.175,-0.130
-0.015,0.046,0.061,-0.016,-0.038,0.053,0.128,0.024,-0.200,-0.240,-0.175,-0.130
-0.015,0.044,0.059,-0.015,-0.038,0.051,0.126,0.028,-0.197,-0.240,-0.175,-0.130
-0.015,0.046,0.061,-0.015,-0.038,0.053,0.117,0.030,-0.194,-0.240,-0.175,-0.130
-0.015,0.044,0.059,-0.015,-0.038,0.051,0.114,0.031,-0.195,-0.240,-0.175,-0.130
-0.015,0.040,0.055,-0.013,-0.035,0.047,0.110,0.030,-0.195,-0.240,-0.175,-0.130
-0.015,0.040,0.055,-0.013,-0.035,0.047,0.102,0.015,-0.195,-0.240,-0.175,-0.130
-0.018,0.037,0.055,-0.010,-0.037,0.046,0.097,-0.002,-0.194,-0.240,-0.175,-0.131
-0.021,0.035,0.056,-0.007,-0.039,0.045,0.093,-0.018,-0.198,-0.240,-0.174,-0.128
-0.019,0.034,0.054,-0.008,-0.037,0.044,0.089,-0.033,-0.207,-0.240,-0.177,-0.125
-0.015,0.030,0.045,-0.008,-0.030,0.037,0.085,-0.045,-0.215,-0.240,-0.190,-0.125
-0.011,0.030,0.041,-0.009,-0.026,0.035,0.085,-0.066,-0.232,-0.240,-0.195,-0.125
-0.006,0.031,0.038,-0.013,-0.022,0.034,0.086,-0.075,-0.237,-0.240,-0.193,-0.123
-0.006,0.025,0.031,-0.010,-0.019,0.028,0.083,-0.076,-0.234,-0.240,-0.201,-0.132
-0.012,0.012,0.024,0.000,-0.018,0.018,0.080,-0.081,-0.235,-0.239,-0.211,-0.148
-0.020,0.000,0.020,0.010,-0.020,0.010,0.080,-0.085,-0.240,-0.240,-0.210,-0.150
-0.024,-0.008,0.016,0.015,-0.020,0.004,0.080,-0.089,-0.256,-0.252,-0.210,-0.150
-0.030,-0.018,0.012,0.024,-0.021,-0.003,0.081,-0.093,-0.265,-0.260,-0.211,-0.150
-0.040,-0.032,0.008,0.035,-0.023,-0.011,0.078,-0.095,-0.265,-0.259,-0.208,-0.150
-0.046,-0.042,0.004,0.044,-0.025,-0.019,0.075,-0.095,-0.265,-0.261,-0.213,-0.151
-0.050,-0.050,0.000,0.050,-0.025,-0.025,0.075,-0.095,-0.265,-0.270,-0.230,-0.155
-0.059,-0.062,-0.004,0.061,-0.027,-0.033,0.075,-0.095,-0.265,-0.274,-0.235,-0.158
-0.060,-0.069,-0.009,0.064,-0.025,-0.039,0.075,-0.095,-0.265,-0.279,-0.237,-0.169
-0.062,-0.072,-0.010,0.067,-0.026,-0.041,0.073,-0.095,-0.265,-0.279,-0.243,-0.179
-0.055,-0.076,-0.020,0.066,-0.017,-0.048,0.070,-0.095,-0.266,-0.274,-0.245,-0.180
-0.035,-0.080,-0.045,0.058,0.005,-0.062,0.070,-0.095,-0.270,-0.275,-0.245,-0.180
-0.050,-0.092,-0.042,0.071,-0.004,-0.067,0.070,-0.095,-0.273,-0.282,-0.249,-0.184
-0.061,-0.099,-0.039,0.080,-0.011,-0.069,0.067,-0.095,-0.285,-0.296,-0.250,-0.185
-0.059,-0.100,-0.041,0.080,-0.009,-0.070,0.065,-0.095,-0.292,-0.299,-0.252,-0.187
-0.070,-0.109,-0.039,0.089,-0.015,-0.074,0.065,-0.096,-0.290,-0.294,-0.255,-0.190
-0.090,-0.125,-0.035,0.108,-0.027,-0.080,0.065,-0.100,-0.290,-0.295,-0.255,-0.190
-0.087,-0.122,-0.035,0.105,-0.026,-0.078,0.065,-0.100,-0.290,-0.295,-0.259,-0.194
-0.084,-0.119,-0.035,0.102,-0.024,-0.077,0.062,-0.100,-0.290,-0.295,-0.259,-0.195
-0.086,-0.120,-0.035,0.103,-0.026,-0.077,0.059,-0.100,-0.290,-0.295,-0.266,-0.197
-0.075,-0.120,-0.045,0.098,-0.015,-0.082,0.060,-0.100,-0.290,-0.295,-0.276,-0.200
-0.055,-0.120,-0.065,0.088,0.005,-0.092,0.060,-0.100,-0.290,-0.295,-0.270,-0.200
-0.058,-0.120,-0.062,0.089,0.002,-0.091,0.060,-0.100,-0.290,-0.295,-0.270,-0.200
-0.061,-0.120,-0.059,0.091,-0.001,-0.089,0.057,-0.100,-0.290,-0.295,-0.270,-0.200
-0.059,-0.120,-0.061,0.090,0.001,-0.090,0.054,-0.100,-0.290,-0.295,-0.270,-0.200
-0.061,-0.120,-0.059,0.091,-0.001,-0.089,0.055,-0.100,-0.290,-0.295,-0.270,-0.200
-0.065,-0.120,-0.055,0.093,-0.005,-0.087,0.055,-0.100,-0.290,-0.295,-0.270,-0.200
-0.065,-0.120,-0.055,0.093,-0.005,-0.087,0.055,-0.100,-0.290,-0.295,-0.270,-0.200
-0.064,-0.120,-0.056,0.093,-0.004,-0.087,0.055,-0.100,-0.290,-0.295,-0.270,-0.200
-0.067,-0.120,-0.053,0.094,-0.007,-0.086,0.055,-0.100,-0.290,-0.295,-0.270,-0.200
-0.071,-0.120,-0.050,0.095,-0.011,-0.085,0.055,-0.100,-0.290,-0.295,-0.270,-0.200
-0.070,-0.120,-0.050,0.095,-0.010,-0.085,0.055,-0.100,-0.290,-0.295,-0.270,-0.200
-0.069,-0.120,-0.050,0.094,-0.009,-0.085,0.055,-0.100,-0.290,-0.295,-0.266,-0.200
-0.074,-0.121,-0.047,0.098,-0.014,-0.084,0.056,-0.100,-0.290,-0.295,-0.265,-0.200
-0.071,-0.116,-0.044,0.094,-0.013,-0.080,0.053,-0.100,-0.290,-0.295,-0.265,-0.200
-0.074,-0.119,-0.045,0.097,-0.014,-0.082,0.050,-0.100,-0.290,-0.295,-0.265,-0.200
-0.095,-0.140,-0.045,0.118,-0.025,-0.092,0.050,-0.100,-0.290,-0.295,-0.265,-0.200
-0.096,-0.137,-0.041,0.116,-0.027,-0.088,0.050,-0.100,-0.290,-0.295,-0.265,-0.200
-0.095,-0.135,-0.039,0.115,-0.027,-0.086,0.050,-0.100,-0.290,-0.295,-0.265,-0.200
-0.093,-0.133,-0.041,0.113,-0.026,-0.087,0.050,-0.101,-0.290,-0.295,-0.265,-0.200
-0.091,-0.130,-0.039,0.110,-0.026,-0.084,0.050,-0.098,-0.291,-0.295,-0.265,-0.200
-0.095,-0.130,-0.035,0.113,-0.030,-0.082,0.050,-0.090,-0.290,-0.295,-0.265,-0.200
-0.091,-0.126,-0.034,0.109,-0.028,-0.080,0.050,-0.088,-0.274,-0.299,-0.265,-0.204
-0.088,-0.126,-0.038,0.108,-0.024,-0.082,0.051,-0.064,-0.261,-0.301,-0.264,-0.208
-0.096,-0.120,-0.024,0.108,-0.036,-0.072,0.046,-0.042,-0.248,-0.299,-0.270,-0.214
-0.116,-0.108,0.007,0.112,-0.061,-0.050,0.058,-0.004,-0.239,-0.302,-0.291,-0.230
-0.130,-0.100,0.030,0.115,-0.080,-0.035,0.115,0.105,-0.225,-0.300,-0.305,-0.245
-0.119,-0.073,0.046,0.096,-0.082,-0.013,0.163,0.248,-0.166,-0.265,-0.285,-0.233
-0.106,-0.045,0.061,0.075,-0.083,0.008,0.178,0.393,-0.070,-0.231,-0.271,-0.228
-0.077,-0.012,0.064,0.044,-0.071,0.025,0.185,0.519,0.041,-0.177,-0.238,-0.198
-0.036,0.023,0.059,0.007,-0.048,0.041,0.180,0.591,0.163,-0.086,-0.164,-0.142
-0.005,0.055,0.060,-0.025,-0.033,0.057,0.150,0.570,0.295,0.025,-0.065,-0.090
0.047,0.107,0.060,-0.077,-0.007,0.083,0.128,0.434,0.403,0.166,0.051,-0.003
0.135,0.195,0.060,-0.165,0.037,0.127,0.040,0.197,0.480,0.331,0.204,0.122
0.249,0.308,0.060,-0.278,0.095,0.184,-0.142,-0.208,0.521,0.530,0.410,0.290
0.371,0.432,0.061,-0.401,0.155,0.246,-0.382,-0.721,0.540,0.766,0.660,0.500
0.485,0.545,0.060,-0.515,0.212,0.302,-0.615,-1.135,0.580,1.020,0.925,0.725
0.580,0.615,0.035,-0.598,0.272,0.325,-0.798,-1.341,0.675,1.281,1.183,0.930
0.683,0.679,-0.005,-0.681,0.344,0.337,-0.968,-1.481,0.757,1.535,1.423,1.127
0.732,0.756,0.024,-0.744,0.353,0.390,-1.126,-1.681,0.758,1.803,1.657,1.306
0.742,0.877,0.135,-0.810,0.303,0.506,-1.263,-1.914,0.727,2.084,1.886,1.481
0.775,1.005,0.230,-0.890,0.272,0.617,-1.395,-2.090,0.695,2.265,2.045,1.635
0.755,0.965,0.210,-0.860,0.272,0.587,-1.518,-2.174,0.549,2.163,2.016,1.647
0.716,0.756,0.039,-0.736,0.338,0.397,-1.498,-2.058,0.447,1.858,1.820,1.547
0.668,0.518,-0.150,-0.593,0.409,0.184,-1.389,-1.908,0.276,1.475,1.540,1.382
0.584,0.350,-0.234,-0.467,0.409,0.058,-1.277,-1.815,-0.005,1.055,1.231,1.192
0.470,0.230,-0.240,-0.350,0.355,-0.005,-1.160,-1.700,-0.270,0.610,0.920,1.005
0.382,0.114,-0.269,-0.248,0.325,-0.077,-1.026,-1.568,-0.521,0.210,0.644,0.823
0.319,0.078,-0.241,-0.198,0.279,-0.081,-0.877,-1.367,-0.704,-0.156,0.363,0.620
0.261,0.077,-0.184,-0.169,0.222,-0.054,-0.725,-1.154,-0.789,-0.410,0.101,0.417
0.199,0.061,-0.137,-0.130,0.168,-0.038,-0.579,-0.951,-0.753,-0.481,-0.061,0.264
0.130,0.050,-0.080,-0.090,0.105,-0.015,-0.450,-0.745,-0.635,-0.425,-0.105,0.170
0.063,0.038,-0.025,-0.050,0.044,0.007,-0.358,-0.611,-0.572,-0.379,-0.132,0.092
0.023,0.023,0.001,-0.023,0.010,0.012,-0.290,-0.510,-0.518,-0.343,-0.164,0.034
-0.002,0.007,0.009,-0.003,-0.006,0.008,-0.230,-0.409,-0.450,-0.306,-0.178,-0.016
-0.035,-0.009,0.026,0.022,-0.030,0.008,-0.170,-0.312,-0.386,-0.281,-0.174,-0.059
-0.070,-0.025,0.045,0.047,-0.057,0.010,-0.115,-0.230,-0.335,-0.275,-0.175,-0.080
-0.069,-0.043,0.026,0.056,-0.047,-0.008,-0.074,-0.170,-0.280,-0.267,-0.183,-0.092
-0.053,-0.046,0.007,0.050,-0.030,-0.020,-0.036,-0.110,-0.254,-0.262,-0.187,-0.107
-0.053,-0.061,-0.009,0.057,-0.022,-0.035,-0.010,-0.068,-0.245,-0.257,-0.196,-0.122
-0.052,-0.083,-0.031,0.068,-0.010,-0.057,0.003,-0.043,-0.232,-0.248,-0.207,-0.132
-0.035,-0.085,-0.050,0.060,0.008,-0.067,0.015,-0.015,-0.220,-0.240,-0.210,-0.140
-0.038,-0.085,-0.047,0.062,0.005,-0.066,0.027,-0.002,-0.208,-0.236,-0.210,-0.153
-0.041,-0.085,-0.045,0.063,0.003,-0.065,0.040,0.005,-0.198,-0.232,-0.209,-0.156
-0.041,-0.085,-0.043,0.063,0.002,-0.064,0.046,0.016,-0.193,-0.228,-0.212,-0.155
-0.046,-0.086,-0.039,0.066,-0.003,-0.062,0.054,0.027,-0.188,-0.225,-0.216,-0.155
-0.050,-0.090,-0.040,0.070,-0.005,-0.065,0.075,0.035,-0.180,-0.225,-0.215,-0.155
-0.054,-0.095,-0.041,0.075,-0.006,-0.067,0.088,0.047,-0.176,-0.221,-0.214,-0.155
-0.055,-0.092,-0.037,0.074,-0.009,-0.064,0.094,0.058,-0.169,-0.220,-0.225,-0.159
-0.055,-0.090,-0.035,0.073,-0.010,-0.062,0.095,0.059,-0.163,-0.219,-0.230,-0.172
-0.055,-0.089,-0.034,0.073,-0.010,-0.061,0.095,0.062,-0.158,-0.214,-0.224,-0.180
-0.055,-0.085,-0.030,0.070,-0.012,-0.057,0.095,0.075,-0.150,-0.210,-0.225,-0.175
-0.055,-0.085,-0.030,0.070,-0.012,-0.057,0.095,0.079,-0.146,-0.210,-0.221,-0.175
-0.055,-0.086,-0.031,0.070,-0.012,-0.058,0.098,0.084,-0.142,-0.207,-0.219,-0.176
-0.055,-0.083,-0.028,0.069,-0.013,-0.055,0.100,0.084,-0.138,-0.205,-0.221,-0.173
-0.055,-0.080,-0.025,0.068,-0.015,-0.052,0.101,0.087,-0.134,-0.204,-0.219,-0.170
-0.055,-0.080,-0.025,0.068,-0.015,-0.052,0.105,0.100,-0.130,-0.200,-0.215,-0.170
-0.055,-0.076,-0.021,0.066,-0.017,-0.048,0.106,0.101,-0.126,-0.200,-0.215,-0.170
-0.055,-0.074,-0.019,0.065,-0.017,-0.046,0.102,0.099,-0.119,-0.197,-0.212,-0.167
-0.055,-0.076,-0.021,0.065,-0.017,-0.048,0.100,0.104,-0.112,-0.195,-0.209,-0.164
-0.055,-0.074,-0.019,0.065,-0.017,-0.046,0.100,0.112,-0.109,-0.194,-0.210,-0.165
-0.055,-0.070,-0.015,0.063,-0.020,-0.042,0.100,0.115,-0.105,-0.190,-0.210,-0.165
-0.056,-0.070,-0.015,0.063,-0.021,-0.042,0.100,0.119,-0.101,-0.191,-0.206,-0.161
-0.051,-0.067,-0.016,0.060,-0.017,-0.041,0.100,0.123,-0.097,-0.184,-0.202,-0.159
-0.053,-0.064,-0.012,0.059,-0.020,-0.038,0.100,0.127,-0.094,-0.177,-0.198,-0.161
-0.062,-0.065,-0.003,0.064,-0.029,-0.034,0.100,0.132,-0.088,-0.174,-0.194,-0.159
-0.070,-0.065,0.005,0.067,-0.037,-0.030,0.100,0.140,-0.075,-0.170,-0.190,-0.155
-0.074,-0.061,0.013,0.067,-0.043,-0.023,0.096,0.148,-0.067,-0.166,-0.186,-0.155
-0.079,-0.059,0.019,0.069,-0.049,-0.020,0.095,0.153,-0.060,-0.162,-0.183,-0.156
-0.080,-0.061,0.019,0.070,-0.049,-0.021,0.095,0.157,-0.049,-0.158,-0.176,-0.153
-0.072,-0.059,0.014,0.065,-0.043,-0.022,0.095,0.161,-0.038,-0.153,-0.169,-0.149
-0.060,-0.050,0.010,0.055,-0.035,-0.020,0.095,0.165,-0.030,-0.145,-0.165,-0.150
-0.051,-0.046,0.006,0.048,-0.028,-0.020,0.095,0.177,-0.023,-0.137,-0.161,-0.151
-0.046,-0.043,0.003,0.044,-0.024,-0.020,0.095,0.184,-0.011,-0.129,-0.154,-0.145
-0.030,-0.036,-0.006,0.033,-0.012,-0.021,0.095,0.185,-0.001,-0.121,-0.147,-0.135
-0.013,-0.029,-0.016,0.021,0.001,-0.022,0.094,0.193,0.008,-0.113,-0.144,-0.129
-0.015,-0.025,-0.010,0.020,-0.002,-0.017,0.090,0.210,0.020,-0.105,-0.140,-0.125
-0.016,-0.021,-0.005,0.019,-0.005,-0.013,0.090,0.218,0.027,-0.097,-0.132,-0.117
-0.009,-0.014,-0.005,0.012,-0.002,-0.009,0.090,0.232,0.045,-0.086,-0.127,-0.108
-0.002,-0.005,-0.004,0.004,0.001,-0.004,0.090,0.244,0.061,-0.076,-0.121,-0.103
0.000,0.001,0.002,-0.001,-0.001,0.001,0.090,0.253,0.075,-0.068,-0.114,-0.098
0.000,0.005,0.005,-0.003,-0.003,0.005,0.090,0.270,0.095,-0.060,-0.110,-0.090
0.010,0.013,0.003,-0.012,0.003,0.008,0.090,0.278,0.103,-0.053,-0.102,-0.086
0.002,0.021,0.020,-0.012,-0.010,0.020,0.091,0.291,0.113,-0.038,-0.098,-0.083
-0.007,0.028,0.035,-0.010,-0.021,0.031,0.088,0.308,0.127,-0.023,-0.090,-0.076
-0.004,0.030,0.035,-0.014,-0.019,0.032,0.094,0.324,0.145,-0.012,-0.077,-0.069
-0.005,0.030,0.035,-0.013,-0.020,0.032,0.110,0.340,0.165,0.000,-0.070,-0.065
-0.011,0.028,0.039,-0.009,-0.025,0.034,0.107,0.351,0.181,0.011,-0.062,-0.061
0.001,0.040,0.040,-0.020,-0.020,0.040,0.105,0.370,0.200,0.028,-0.054,-0.054
0.001,0.043,0.042,-0.022,-0.021,0.042,0.103,0.387,0.218,0.037,-0.046,-0.046
-0.002,0.043,0.045,-0.021,-0.024,0.044,0.100,0.397,0.235,0.044,-0.038,-0.038
0.015,0.060,0.045,-0.038,-0.015,0.052,0.100,0.410,0.260,0.065,-0.030,-0.030
0.006,0.056,0.049,-0.031,-0.022,0.052,0.096,0.433,0.285,0.077,-0.014,-0.022
0.014,0.064,0.050,-0.039,-0.019,0.056,0.095,0.459,0.303,0.095,-0.001,-0.013
0.035,0.087,0.052,-0.061,-0.009,0.069,0.093,0.480,0.316,0.113,0.013,-0.008
0.046,0.102,0.055,-0.075,-0.004,0.078,0.090,0.500,0.337,0.131,0.028,-0.003
0.045,0.100,0.055,-0.073,-0.005,0.077,0.090,0.520,0.370,0.155,0.040,0.010
0.042,0.098,0.055,-0.071,-0.006,0.076,0.086,0.540,0.391,0.171,0.061,0.022
0.062,0.114,0.053,-0.088,0.004,0.083,0.085,0.557,0.410,0.191,0.072,0.034
0.069,0.132,0.063,-0.101,0.003,0.097,0.083,0.572,0.430,0.206,0.080,0.046
0.067,0.143,0.076,-0.105,-0.005,0.109,0.080,0.590,0.450,0.220,0.094,0.058
0.085,0.155,0.070,-0.120,0.007,0.112,0.080,0.610,0.470,0.245,0.110,0.070
0.094,0.160,0.066,-0.127,0.014,0.112,0.076,0.623,0.494,0.258,0.127,0.075
0.098,0.160,0.062,-0.129,0.018,0.111,0.075,0.632,0.513,0.267,0.135,0.073
0.103,0.162,0.059,-0.132,0.022,0.110,0.073,0.652,0.527,0.286,0.149,0.084
0.104,0.165,0.062,-0.135,0.020,0.113,0.070,0.674,0.545,0.310,0.169,0.103
0.095,0.170,0.075,-0.133,0.010,0.122,0.070,0.685,0.570,0.330,0.185,0.110
0.101,0.189,0.089,-0.145,0.006,0.138,0.066,0.706,0.600,0.351,0.206,0.126
0.122,0.210,0.088,-0.166,0.016,0.149,0.065,0.715,0.612,0.364,0.218,0.135
0.131,0.215,0.084,-0.174,0.023,0.150,0.063,0.714,0.620,0.377,0.220,0.136
0.131,0.217,0.085,-0.174,0.022,0.151,0.060,0.717,0.634,0.394,0.230,0.143
0.145,0.230,0.085,-0.188,0.030,0.157,0.060,0.730,0.650,0.410,0.255,0.160
0.160,0.242,0.083,-0.202,0.038,0.163,0.056,0.750,0.674,0.430,0.268,0.182
0.152,0.251,0.099,-0.202,0.026,0.175,0.055,0.769,0.696,0.450,0.281,0.184
0.157,0.258,0.101,-0.208,0.028,0.179,0.053,0.778,0.712,0.470,0.301,0.194
0.162,0.260,0.098,-0.211,0.032,0.178,0.050,0.781,0.723,0.490,0.318,0.213
0.140,0.260,0.120,-0.200,0.010,0.190,0.050,0.785,0.735,0.505,0.330,0.215
0.154,0.271,0.117,-0.213,0.018,0.194,0.050,0.773,0.747,0.517,0.348,0.219
0.175,0.286,0.111,-0.231,0.032,0.199,0.050,0.764,0.755,0.529,0.350,0.224
0.181,0.290,0.108,-0.236,0.036,0.199,0.050,0.754,0.752,0.540,0.356,0.226
0.180,0.284,0.104,-0.232,0.037,0.194,0.050,0.743,0.743,0.545,0.365,0.233
0.180,0.280,0.100,-0.230,0.040,0.190,0.050,0.735,0.735,0.540,0.355,0.245
0.181,0.276,0.095,-0.229,0.042,0.186,0.050,0.722,0.726,0.536,0.347,0.238
0.177,0.272,0.096,-0.225,0.040,0.184,0.050,0.716,0.722,0.531,0.339,0.229
0.176,0.267,0.092,-0.222,0.042,0.179,0.050,0.698,0.701,0.532,0.331,0.221
0.182,0.265,0.083,-0.224,0.049,0.174,0.050,0.669,0.667,0.525,0.323,0.213
0.185,0.265,0.080,-0.225,0.052,0.172,0.050,0.645,0.635,0.495,0.315,0.205
0.173,0.249,0.076,-0.212,0.048,0.163,0.050,0.609,0.591,0.468,0.313,0.197
0.164,0.236,0.072,-0.200,0.046,0.154,0.050,0.574,0.548,0.428,0.288,0.191
0.154,0.222,0.068,-0.188,0.043,0.145,0.050,0.530,0.498,0.383,0.254,0.176
0.143,0.207,0.064,-0.175,0.039,0.135,0.050,0.477,0.442,0.338,0.221,0.156
0.135,0.195,0.060,-0.165,0.037,0.127,0.050,0.430,0.390,0.290,0.185,0.140
0.119,0.175,0.056,-0.148,0.032,0.115,0.050,0.382,0.334,0.246,0.153,0.109
0.103,0.155,0.052,-0.129,0.025,0.103,0.050,0.333,0.277,0.204,0.121,0.075
0.087,0.135,0.048,-0.111,0.019,0.091,0.050,0.289,0.224,0.167,0.091,0.048
0.071,0.115,0.044,-0.093,0.013,0.079,0.050,0.250,0.172,0.130,0.062,0.031
0.055,0.095,0.040,-0.075,0.007,0.067,0.050,0.210,0.120,0.085,0.030,0.015
0.042,0.078,0.036,-0.061,0.003,0.057,0.050,0.174,0.072,0.041,0.002,-0.009
0.034,0.066,0.032,-0.050,0.001,0.049,0.049,0.138,0.026,-0.003,-0.028,-0.030
0.025,0.053,0.028,-0.039,-0.001,0.040,0.053,0.102,-0.015,-0.047,-0.062,-0.051
0.011,0.036,0.025,-0.024,-0.007,0.030,0.062,0.066,-0.055,-0.081,-0.091,-0.068
-0.005,0.020,0.025,-0.008,-0.015,0.022,0.065,0.035,-0.095,-0.105,-0.110,-0.075
-0.020,0.005,0.025,0.007,-0.023,0.014,0.066,0.011,-0.133,-0.146,-0.138,-0.094
-0.040,-0.015,0.025,0.027,-0.032,0.005,0.059,-0.015,-0.154,-0.171,-0.160,-0.118
-0.043,-0.018,0.025,0.030,-0.034,0.003,0.069,-0.030,-0.165,-0.176,-0.165,-0.125
-0.043,-0.018,0.025,0.030,-0.034,0.004,0.086,-0.038,-0.180,-0.183,-0.168,-0.128
-0.065,-0.040,0.025,0.052,-0.045,-0.007,0.080,-0.055,-0.200,-0.200,-0.185,-0.145
-0.075,-0.054,0.021,0.065,-0.048,-0.016,0.079,-0.064,-0.213,-0.212,-0.194,-0.150
-0.071,-0.054,0.017,0.062,-0.043,-0.018,0.080,-0.067,-0.221,-0.224,-0.196,-0.152
-0.074,-0.061,0.013,0.067,-0.043,-0.024,0.080,-0.077,-0.229,-0.237,-0.209,-0.158
-0.079,-0.071,0.009,0.075,-0.044,-0.031,0.080,-0.085,-0.236,-0.247,-0.221,-0.160
-0.075,-0.070,0.005,0.072,-0.040,-0.032,0.080,-0.085,-0.245,-0.255,-0.220,-0.160
-0.088,-0.082,0.005,0.084,-0.046,-0.039,0.080,-0.106,-0.262,-0.268,-0.237,-0.173
-0.089,-0.086,0.002,0.087,-0.045,-0.042,0.081,-0.109,-0.263,-0.268,-0.239,-0.173
-0.082,-0.084,-0.002,0.084,-0.040,-0.043,0.095,-0.104,-0.259,-0.265,-0.234,-0.169
-0.079,-0.085,-0.006,0.083,-0.036,-0.045,0.113,-0.104,-0.259,-0.264,-0.235,-0.170
-0.075,-0.085,-0.010,0.080,-0.032,-0.047,0.115,-0.100,-0.255,-0.260,-0.235,-0.170
-0.070,-0.084,-0.014,0.078,-0.027,-0.049,0.115,-0.100,-0.255,-0.260,-0.235,-0.170
-0.073,-0.089,-0.015,0.082,-0.029,-0.052,0.115,-0.097,-0.252,-0.257,-0.235,-0.170
-0.074,-0.089,-0.015,0.081,-0.029,-0.052,0.115,-0.095,-0.250,-0.255,-0.235,-0.170
-0.061,-0.084,-0.023,0.072,-0.018,-0.053,0.115,-0.094,-0.249,-0.254,-0.235,-0.170
-0.045,-0.080,-0.035,0.063,-0.005,-0.057,0.115,-0.090,-0.245,-0.250,-0.235,-0.170
-0.044,-0.076,-0.032,0.060,-0.006,-0.053,0.115,-0.090,-0.245,-0.250,-0.235,-0.170
-0.045,-0.072,-0.027,0.059,-0.009,-0.049,0.115,-0.087,-0.242,-0.247,-0.235,-0.170
-0.045,-0.067,-0.023,0.056,-0.011,-0.045,0.115,-0.085,-0.240,-0.245,-0.236,-0.171
-0.045,-0.065,-0.020,0.055,-0.012,-0.042,0.115,-0.083,-0.239,-0.244,-0.234,-0.168
-0.045,-0.065,-0.020,0.055,-0.012,-0.042,0.115,-0.070,-0.230,-0.240,-0.225,-0.160
-0.037,-0.053,-0.016,0.046,-0.010,-0.034,0.115,-0.058,-0.222,-0.240,-0.221,-0.156
-0.032,-0.043,-0.011,0.038,-0.010,-0.027,0.113,-0.046,-0.214,-0.237,-0.218,-0.149
-0.026,-0.036,-0.010,0.031,-0.008,-0.023,0.121,-0.035,-0.206,-0.235,-0.211,-0.143
-0.018,-0.028,-0.010,0.023,-0.004,-0.019,0.130,-0.029,-0.198,-0.234,-0.204,-0.138
-0.015,-0.020,-0.005,0.018,-0.005,-0.012,0.125,-0.025,-0.190,-0.225,-0.200,-0.130
-0.012,-0.012,0.000,0.012,-0.006,-0.006,0.125,-0.021,-0.182,-0.221,-0.196,-0.125
-0.003,-0.004,-0.001,0.003,-0.001,-0.003,0.122,-0.017,-0.176,-0.217,-0.192,-0.128
-0.002,0.004,0.006,-0.001,-0.004,0.005,0.119,-0.013,-0.175,-0.213,-0.188,-0.131
-0.013,0.012,0.025,0.000,-0.019,0.019,0.120,-0.009,-0.175,-0.209,-0.185,-0.130
-0.020,0.020,0.040,0.000,-0.030,0.030,0.120,-0.005,-0.175,-0.205,-0.185,-0.130
-0.013,0.024,0.037,-0.006,-0.025,0.030,0.116,-0.001,-0.175,-0.201,-0.181,-0.130
-0.002,0.030,0.032,-0.015,-0.018,0.031,0.114,0.003,-0.175,-0.197,-0.176,-0.130
-0.003,0.040,0.042,-0.019,-0.023,0.041,0.116,0.007,-0.175,-0.195,-0.175,-0.130
-0.011,0.046,0.057,-0.018,-0.035,0.052,0.114,0.010,-0.175,-0.195,-0.175,-0.130
-0.010,0.050,0.060,-0.020,-0.035,0.055,0.110,0.010,-0.175,-0.195,-0.175,-0.130
-0.006,0.054,0.060,-0.024,-0.033,0.057,0.110,0.014,-0.175,-0.195,-0.175,-0.130
-0.005,0.055,0.060,-0.025,-0.033,0.057,0.111,0.018,-0.175,-0.196,-0.175,-0.130
-0.005,0.055,0.060,-0.025,-0.033,0.057,0.108,0.022,-0.175,-0.193,-0.175,-0.130
-0.005,0.055,0.060,-0.025,-0.033,0.057,0.104,0.018,-0.175,-0.190,-0.175,-0.130
-0.005,0.055,0.060,-0.025,-0.033,0.057,0.105,0.005,-0.175,-0.190,-0.175,-0.130
-0.006,0.055,0.061,-0.024,-0.034,0.057,0.106,-0.003,-0.175,-0.190,-0.175,-0.134
0.005,0.056,0.052,-0.031,-0.024,0.054,0.097,-0.014,-0.175,-0.191,-0.175,-0.135
0.010,0.050,0.040,-0.030,-0.016,0.045,0.085,-0.024,-0.174,-0.188,-0.175,-0.135
0.004,0.038,0.033,-0.022,-0.014,0.035,0.078,-0.033,-0.177,-0.194,-0.175,-0.135
0.005,0.030,0.025,-0.018,-0.010,0.027,0.070,-0.045,-0.190,-0.215,-0.175,-0.135
0.001,0.018,0.017,-0.010,-0.008,0.017,0.062,-0.051,-0.195,-0.220,-0.174,-0.135
0.000,0.009,0.009,-0.005,-0.005,0.009,0.054,-0.074,-0.195,-0.220,-0.184,-0.135
-0.001,-0.001,0.000,0.001,-0.001,0.000,0.045,-0.090,-0.194,-0.220,-0.194,-0.135
-0.008,-0.013,-0.005,0.011,-0.001,-0.008,0.040,-0.090,-0.197,-0.220,-0.195,-0.135
-0.020,-0.020,0.000,0.020,-0.010,-0.010,0.045,-0.090,-0.205,-0.220,-0.195,-0.135
-0.029,-0.025,0.004,0.026,-0.016,-0.010,0.045,-0.094,-0.209,-0.224,-0.195,-0.135
-0.032,-0.024,0.008,0.028,-0.019,-0.008,0.048,-0.096,-0.213,-0.227,-0.195,-0.135
-0.042,-0.030,0.012,0.036,-0.026,-0.009,0.050,-0.093,-0.216,-0.235,-0.196,-0.134
-0.050,-0.042,0.008,0.046,-0.029,-0.017,0.050,-0.090,-0.223,-0.249,-0.202,-0.136
-0.045,-0.050,-0.005,0.048,-0.020,-0.027,0.055,-0.090,-0.240,-0.265,-0.215,-0.145
-0.054,-0.067,-0.013,0.061,-0.020,-0.039,0.060,-0.090,-0.245,-0.270,-0.228,-0.153
-0.049,-0.072,-0.024,0.061,-0.013,-0.048,0.057,-0.090,-0.245,-0.270,-0.231,-0.164
-0.032,-0.067,-0.036,0.050,0.002,-0.052,0.070,-0.090,-0.245,-0.270,-0.230,-0.173
-0.034,-0.074,-0.040,0.054,0.003,-0.057,0.086,-0.090,-0.245,-0.270,-0.230,-0.175
-0.060,-0.095,-0.035,0.078,-0.012,-0.065,0.080,-0.090,-0.245,-0.270,-0.230,-0.175
-0.069,-0.100,-0.031,0.085,-0.019,-0.065,0.080,-0.098,-0.245,-0.270,-0.229,-0.175
-0.075,-0.103,-0.028,0.089,-0.023,-0.065,0.077,-0.101,-0.244,-0.268,-0.236,-0.175
-0.087,-0.107,-0.020,0.097,-0.033,-0.063,0.075,-0.100,-0.250,-0.275,-0.243,-0.175
-0.087,-0.112,-0.025,0.099,-0.031,-0.069,0.074,-0.100,-0.262,-0.287,-0.245,-0.175
-0.060,-0.115,-0.055,0.088,-0.002,-0.085,0.070,-0.100,-0.265,-0.290,-0.245,-0.175
-0.044,-0.105,-0.061,0.074,0.009,-0.082,0.070,-0.098,-0.265,-0.294,-0.248,-0.173
-0.060,-0.119,-0.060,0.089,0.000,-0.089,0.071,-0.116,-0.268,-0.295,-0.260,-0.191
-0.074,-0.134,-0.060,0.104,-0.007,-0.097,0.068,-0.126,-0.271,-0.295,-0.265,-0.201
-0.076,-0.136,-0.060,0.106,-0.007,-0.097,0.065,-0.119,-0.269,-0.295,-0.259,-0.194
-0.080,-0.140,-0.060,0.110,-0.010,-0.100,0.065,-0.120,-0.265,-0.295,-0.260,-0.195
-0.076,-0.136,-0.060,0.106,-0.008,-0.098,0.061,-0.120,-0.265,-0.295,-0.260,-0.195
-0.074,-0.134,-0.060,0.104,-0.007,-0.097,0.060,-0.120,-0.265,-0.295,-0.260,-0.195
-0.075,-0.135,-0.060,0.105,-0.007,-0.097,0.058,-0.120,-0.265,-0.295,-0.260,-0.195
-0.075,-0.135,-0.060,0.105,-0.007,-0.097,0.055,-0.120,-0.265,-0.295,-0.260,-0.195
-0.075,-0.135,-0.060,0.105,-0.007,-0.097,0.055,-0.120,-0.265,-0.295,-0.260,-0.195
-0.075,-0.135,-0.060,0.105,-0.007,-0.097,0.055,-0.120,-0.265,-0.295,-0.260,-0.191
-0.075,-0.135,-0.060,0.105,-0.007,-0.097,0.055,-0.120,-0.262,-0.295,-0.260,-0.190
-0.075,-0.135,-0.060,0.105,-0.007,-0.097,0.055,-0.120,-0.259,-0.295,-0.260,-0.190
-0.074,-0.135,-0.061,0.105,-0.006,-0.097,0.055,-0.120,-0.260,-0.295,-0.260,-0.190
-0.070,-0.135,-0.065,0.103,-0.002,-0.100,0.055,-0.120,-0.260,-0.295,-0.260,-0.190
-0.070,-0.135,-0.065,0.103,-0.002,-0.100,0.055,-0.120,-0.260,-0.295,-0.260,-0.190
-0.070,-0.135,-0.065,0.103,-0.002,-0.100,0.055,-0.120,-0.260,-0.295,-0.260,-0.191
-0.070,-0.135,-0.065,0.103,-0.002,-0.100,0.055,-0.120,-0.260,-0.295,-0.260,-0.188
-0.070,-0.135,-0.065,0.103,-0.002,-0.100,0.055,-0.120,-0.259,-0.295,-0.260,-0.185
-0.070,-0.135,-0.065,0.103,-0.002,-0.100,0.055,-0.120,-0.255,-0.295,-0.260,-0.185
-0.070,-0.135,-0.065,0.103,-0.002,-0.100,0.055,-0.120,-0.255,-0.295,-0.260,-0.185
-0.070,-0.135,-0.065,0.103,-0.002,-0.100,0.055,-0.120,-0.255,-0.295,-0.260,-0.185
-0.070,-0.135,-0.065,0.103,-0.002,-0.100,0.056,-0.120,-0.255,-0.295,-0.260,-0.185
-0.070,-0.135,-0.065,0.103,-0.002,-0.100,0.054,-0.121,-0.255,-0.295,-0.260,-0.185
-0.070,-0.135,-0.065,0.103,-0.002,-0.100,0.045,-0.120,-0.255,-0.295,-0.260,-0.185
-0.070,-0.135,-0.065,0.103,-0.002,-0.100,0.036,-0.103,-0.257,-0.295,-0.256,-0.189
-0.070,-0.136,-0.066,0.104,-0.001,-0.101,0.041,-0.094,-0.244,-0.295,-0.254,-0.190
-0.070,-0.130,-0.060,0.100,-0.004,-0.095,0.062,-0.051,-0.229,-0.296,-0.258,-0.193
-0.071,-0.118,-0.047,0.094,-0.012,-0.082,0.084,0.013,-0.207,-0.294,-0.278,-0.211
-0.075,-0.110,-0.035,0.093,-0.020,-0.072,0.110,0.075,-0.165,-0.290,-0.305,-0.240
-0.081,-0.098,-0.016,0.090,-0.032,-0.056,0.165,0.218,-0.129,-0.289,-0.293,-0.256
-0.099,-0.090,0.009,0.094,-0.054,-0.040,0.181,0.347,-0.051,-0.254,-0.288,-0.236
-0.086,-0.075,0.011,0.080,-0.048,-0.032,0.187,0.469,0.068,-0.179,-0.256,-0.208
-0.039,-0.049,-0.010,0.044,-0.014,-0.029,0.192,0.575,0.206,-0.086,-0.179,-0.173
0.000,-0.025,-0.025,0.013,0.013,-0.025,0.165,0.595,0.350,0.025,-0.080,-0.100
0.056,0.016,-0.040,-0.035,0.048,-0.012,0.147,0.508,0.472,0.174,0.051,0.005
0.179,0.119,-0.060,-0.149,0.119,0.029,0.063,0.310,0.542,0.342,0.221,0.138
0.295,0.249,-0.046,-0.272,0.170,0.101,-0.098,-0.046,0.587,0.556,0.444,0.316
0.386,0.387,0.002,-0.387,0.192,0.195,-0.322,-0.523,0.612,0.817,0.715,0.537
0.495,0.530,0.035,-0.513,0.230,0.282,-0.565,-0.950,0.620,1.095,1.000,0.770
0.569,0.610,0.041,-0.590,0.263,0.325,-0.728,-1.180,0.681,1.392,1.268,0.991
0.636,0.673,0.037,-0.655,0.299,0.355,-0.887,-1.340,0.712,1.641,1.502,1.171
0.700,0.771,0.071,-0.736,0.314,0.421,-1.030,-1.533,0.719,1.926,1.748,1.361
0.716,0.922,0.206,-0.819,0.255,0.564,-1.144,-1.765,0.679,2.241,1.998,1.560
0.660,1.055,0.395,-0.858,0.132,0.725,-1.265,-1.995,0.530,2.410,2.150,1.685
0.594,1.012,0.417,-0.803,0.088,0.714,-1.363,-2.142,0.335,2.314,2.114,1.692
0.576,0.828,0.252,-0.702,0.162,0.539,-1.337,-2.099,0.169,1.986,1.904,1.588
0.534,0.622,0.088,-0.578,0.223,0.354,-1.275,-1.990,-0.032,1.572,1.622,1.423
0.442,0.458,0.016,-0.450,0.212,0.236,-1.213,-1.901,-0.282,1.136,1.314,1.238
0.365,0.325,-0.040,-0.345,0.202,0.142,-1.095,-1.785,-0.500,0.685,0.995,1.050
0.315,0.212,-0.102,-0.263,0.208,0.055,-0.978,-1.640,-0.667,0.292,0.720,0.864
0.243,0.140,-0.103,-0.191,0.173,0.018,-0.828,-1.439,-0.808,-0.136,0.391,0.627
0.161,0.077,-0.084,-0.118,0.122,-0.004,-0.681,-1.212,-0.858,-0.437,0.087,0.399
0.095,0.028,-0.067,-0.061,0.081,-0.020,-0.551,-0.981,-0.782,-0.497,-0.076,0.243
0.040,0.020,-0.020,-0.030,0.030,0.000,-0.420,-0.765,-0.650,-0.435,-0.115,0.150
-0.015,0.008,0.023,0.003,-0.019,0.015,-0.328,-0.627,-0.558,-0.385,-0.131,0.094
-0.044,-0.001,0.042,0.023,-0.043,0.020,-0.264,-0.523,-0.488,-0.346,-0.146,0.035
-0.071,-0.010,0.061,0.041,-0.066,0.025,-0.204,-0.431,-0.423,-0.304,-0.150,-0.004
-0.090,-0.024,0.066,0.057,-0.078,0.022,-0.148,-0.342,-0.359,-0.276,-0.143,-0.019
-0.065,-0.035,0.030,0.050,-0.047,-0.002,-0.105,-0.255,-0.300,-0.270,-0.140,-0.040
-0.036,-0.040,-0.004,0.038,-0.015,-0.022,-0.064,-0.206,-0.263,-0.262,-0.150,-0.064
-0.050,-0.070,-0.020,0.060,-0.014,-0.045,-0.033,-0.158,-0.229,-0.254,-0.171,-0.087
-0.060,-0.090,-0.030,0.075,-0.014,-0.060,-0.007,-0.117,-0.208,-0.246,-0.184,-0.097
-0.057,-0.100,-0.043,0.078,-0.006,-0.071,0.013,-0.087,-0.204,-0.238,-0.186,-0.103
-0.070,-0.125,-0.055,0.098,-0.007,-0.090,0.020,-0.055,-0.195,-0.230,-0.190,-0.120
-0.060,-0.122,-0.062,0.091,0.001,-0.092,0.028,-0.042,-0.187,-0.226,-0.190,-0.125
-0.043,-0.119,-0.075,0.081,0.016,-0.097,0.036,-0.034,-0.179,-0.222,-0.190,-0.128
-0.041,-0.121,-0.080,0.081,0.019,-0.100,0.044,-0.026,-0.171,-0.220,-0.190,-0.131
-0.045,-0.119,-0.074,0.083,0.015,-0.096,0.052,-0.018,-0.164,-0.219,-0.190,-0.130
-0.040,-0.115,-0.075,0.078,0.018,-0.095,0.060,-0.010,-0.160,-0.215,-0.190,-0.130
-0.039,-0.115,-0.076,0.077,0.019,-0.095,0.065,-0.002,-0.152,-0.215,-0.192,-0.137
-0.044,-0.116,-0.072,0.080,0.015,-0.093,0.060,0.006,-0.147,-0.216,-0.211,-0.148
-0.044,-0.113,-0.069,0.078,0.013,-0.091,0.068,0.014,-0.143,-0.213,-0.221,-0.149
-0.039,-0.110,-0.070,0.074,0.016,-0.090,0.088,0.022,-0.139,-0.210,-0.214,-0.145
-0.040,-0.110,-0.070,0.075,0.015,-0.090,0.090,0.030,-0.135,-0.210,-0.215,-0.145
-0.045,-0.110,-0.066,0.078,0.011,-0.088,0.089,0.038,-0.131,-0.206,-0.211,-0.141
-0.042,-0.107,-0.064,0.075,0.011,-0.085,0.093,0.046,-0.128,-0.204,-0.210,-0.139
-0.039,-0.104,-0.066,0.072,0.014,-0.085,0.096,0.054,-0.121,-0.205,-0.208,-0.141
-0.041,-0.105,-0.064,0.074,0.012,-0.085,0.095,0.062,-0.114,-0.204,-0.205,-0.139
-0.045,-0.105,-0.060,0.075,0.008,-0.082,0.095,0.070,-0.110,-0.200,-0.205,-0.135
-0.041,-0.101,-0.060,0.071,0.009,-0.080,0.099,0.075,-0.106,-0.196,-0.201,-0.135
-0.039,-0.099,-0.061,0.069,0.011,-0.080,0.100,0.074,-0.102,-0.195,-0.200,-0.132
-0.042,-0.101,-0.058,0.072,0.008,-0.079,0.100,0.080,-0.098,-0.194,-0.198,-0.129
-0.045,-0.099,-0.055,0.072,0.005,-0.076,0.100,0.092,-0.094,-0.189,-0.195,-0.130
-0.040,-0.095,-0.055,0.068,0.008,-0.075,0.100,0.095,-0.090,-0.185,-0.195,-0.130
-0.039,-0.095,-0.055,0.067,0.009,-0.075,0.100,0.095,-0.078,-0.186,-0.187,-0.126
-0.044,-0.096,-0.052,0.070,0.005,-0.073,0.101,0.097,-0.069,-0.180,-0.181,-0.125
-0.044,-0.093,-0.049,0.068,0.003,-0.071,0.112,0.106,-0.059,-0.171,-0.178,-0.123
-0.039,-0.090,-0.050,0.064,0.005,-0.070,0.120,0.118,-0.048,-0.163,-0.174,-0.119
-0.040,-0.090,-0.050,0.065,0.005,-0.070,0.115,0.125,-0.040,-0.155,-0.170,-0.120
-0.044,-0.090,-0.046,0.067,0.001,-0.067,0.115,0.130,-0.028,-0.147,-0.166,-0.120
-0.045,-0.091,-0.045,0.069,0.000,-0.067,0.115,0.129,-0.019,-0.138,-0.162,-0.117
-0.045,-0.088,-0.043,0.067,-0.001,-0.065,0.115,0.135,-0.011,-0.133,-0.156,-0.114
-0.045,-0.085,-0.040,0.065,-0.002,-0.062,0.114,0.148,-0.003,-0.128,-0.148,-0.115
-0.045,-0.085,-0.040,0.065,-0.002,-0.062,0.110,0.155,0.005,-0.115,-0.140,-0.115
-0.045,-0.081,-0.036,0.063,-0.005,-0.058,0.110,0.159,0.013,-0.107,-0.132,-0.111
-0.045,-0.080,-0.035,0.063,-0.005,-0.057,0.110,0.164,0.021,-0.100,-0.124,-0.107
-0.045,-0.078,-0.033,0.062,-0.006,-0.055,0.110,0.164,0.030,-0.089,-0.116,-0.103
-0.045,-0.075,-0.030,0.060,-0.007,-0.052,0.109,0.168,0.036,-0.078,-0.108,-0.099
-0.045,-0.075,-0.030,0.060,-0.007,-0.052,0.105,0.190,0.040,-0.070,-0.100,-0.095
-0.042,-0.068,-0.026,0.055,-0.007,-0.047,0.105,0.204,0.056,-0.062,-0.092,-0.090
-0.034,-0.058,-0.024,0.047,-0.004,-0.041,0.105,0.204,0.067,-0.054,-0.087,-0.091
-0.027,-0.053,-0.026,0.041,-0.001,-0.039,0.105,0.210,0.075,-0.046,-0.083,-0.087
-0.024,-0.048,-0.024,0.037,0.000,-0.036,0.105,0.223,0.088,-0.038,-0.079,-0.078
-0.020,-0.040,-0.020,0.030,0.000,-0.030,0.105,0.230,0.100,-0.030,-0.075,-0.070
-0.011,-0.032,-0.020,0.021,0.004,-0.026,0.101,0.238,0.107,-0.022,-0.071,-0.062
-0.010,-0.027,-0.017,0.018,0.004,-0.022,0.100,0.245,0.124,-0.013,-0.067,-0.054
-0.009,-0.023,-0.014,0.017,0.003,-0.019,0.100,0.259,0.144,-0.008,-0.061,-0.046
-0.003,-0.019,-0.015,0.012,0.006,-0.017,0.100,0.280,0.159,-0.003,-0.053,-0.039
0.000,-0.015,-0.015,0.008,0.008,-0.015,0.100,0.295,0.175,0.010,-0.045,-0.035
-0.004,-0.015,-0.011,0.010,0.004,-0.012,0.096,0.302,0.185,0.022,-0.037,-0.027
-0.003,-0.013,-0.010,0.007,0.004,-0.011,0.095,0.320,0.212,0.034,-0.029,-0.018
0.001,-0.007,-0.008,0.003,0.005,-0.008,0.095,0.337,0.231,0.046,-0.021,-0.013
-0.001,-0.005,-0.004,0.004,0.002,-0.005,0.095,0.349,0.238,0.058,-0.014,-0.008
0.000,-0.005,-0.005,0.003,0.003,-0.005,0.095,0.365,0.255,0.070,-0.005,0.000
0.012,0.007,-0.005,-0.009,0.009,0.000,0.095,0.372,0.273,0.081,0.015,0.008
0.019,0.017,-0.002,-0.017,0.010,0.007,0.092,0.390,0.306,0.104,0.034,0.014
0.023,0.024,0.001,-0.024,0.011,0.012,0.090,0.405,0.325,0.121,0.043,0.015
0.032,0.032,0.000,-0.032,0.016,0.016,0.089,0.422,0.335,0.136,0.055,0.025
0.040,0.040,0.000,-0.040,0.020,0.020,0.085,0.455,0.370,0.165,0.080,0.050
0.044,0.048,0.004,-0.047,0.020,0.026,0.085,0.472,0.396,0.186,0.093,0.055
0.046,0.054,0.008,-0.050,0.019,0.031,0.082,0.487,0.408,0.202,0.099,0.059
0.058,0.070,0.012,-0.064,0.022,0.041,0.079,0.503,0.426,0.218,0.115,0.072
0.072,0.088,0.015,-0.081,0.028,0.052,0.080,0.520,0.450,0.235,0.133,0.081
0.070,0.090,0.020,-0.080,0.025,0.055,0.080,0.540,0.470,0.255,0.140,0.085
0.056,0.093,0.037,-0.074,0.009,0.065,0.076,0.557,0.495,0.271,0.150,0.097
0.065,0.104,0.039,-0.085,0.013,0.071,0.075,0.569,0.510,0.290,0.174,0.109
0.081,0.113,0.032,-0.098,0.025,0.072,0.073,0.581,0.522,0.308,0.192,0.122
0.085,0.115,0.030,-0.100,0.027,0.072,0.070,0.593,0.540,0.325,0.205,0.139
0.090,0.120,0.030,-0.105,0.030,0.075,0.070,0.605,0.560,0.345,0.225,0.150
0.103,0.129,0.026,-0.116,0.038,0.077,0.066,0.608,0.577,0.362,0.230,0.149
0.108,0.130,0.022,-0.119,0.043,0.075,0.064,0.620,0.589,0.374,0.234,0.161
0.131,0.149,0.018,-0.140,0.056,0.083,0.065,0.640,0.602,0.387,0.250,0.178
0.149,0.172,0.023,-0.161,0.063,0.098,0.064,0.652,0.620,0.405,0.268,0.186
0.130,0.170,0.040,-0.150,0.045,0.105,0.060,0.655,0.640,0.425,0.275,0.190
0.144,0.181,0.038,-0.163,0.053,0.110,0.056,0.667,0.657,0.437,0.283,0.197
0.164,0.192,0.028,-0.178,0.068,0.109,0.052,0.674,0.667,0.452,0.294,0.209
0.158,0.199,0.041,-0.178,0.057,0.120,0.048,0.676,0.673,0.465,0.307,0.219
0.144,0.206,0.062,-0.176,0.041,0.134,0.045,0.683,0.684,0.481,0.326,0.227
0.155,0.210,0.055,-0.183,0.050,0.132,0.045,0.695,0.705,0.510,0.350,0.240
0.158,0.211,0.052,-0.185,0.053,0.131,0.041,0.688,0.715,0.528,0.364,0.254
0.136,0.208,0.071,-0.172,0.033,0.139,0.037,0.679,0.710,0.532,0.367,0.250
0.137,0.218,0.081,-0.178,0.028,0.150,0.033,0.671,0.701,0.542,0.377,0.258
0.157,0.230,0.073,-0.194,0.042,0.151,0.029,0.663,0.693,0.550,0.385,0.270
0.150,0.220,0.070,-0.185,0.040,0.145,0.025,0.655,0.685,0.540,0.375,0.260
0.149,0.215,0.066,-0.183,0.041,0.141,0.025,0.646,0.677,0.536,0.367,0.255
0.151,0.213,0.062,-0.182,0.044,0.137,0.022,0.644,0.668,0.529,0.359,0.253
0.148,0.206,0.058,-0.177,0.045,0.132,0.018,0.628,0.664,0.524,0.351,0.246
0.144,0.198,0.054,-0.172,0.045,0.126,0.014,0.598,0.648,0.516,0.343,0.238
0.145,0.195,0.050,-0.170,0.047,0.122,0.010,0.570,0.605,0.490,0.335,0.235
0.146,0.192,0.046,-0.170,0.050,0.119,0.012,0.530,0.565,0.467,0.329,0.232
0.136,0.178,0.042,-0.158,0.047,0.110,-0.003,0.493,0.519,0.431,0.305,0.219
0.126,0.164,0.038,-0.145,0.044,0.101,-0.009,0.457,0.473,0.392,0.278,0.202
0.117,0.151,0.034,-0.135,0.041,0.092,0.003,0.422,0.427,0.354,0.252,0.185
0.105,0.135,0.030,-0.120,0.037,0.082,0.010,0.390,0.370,0.305,0.210,0.160
0.093,0.124,0.030,-0.108,0.032,0.077,0.018,0.342,0.317,0.261,0.173,0.136
0.078,0.105,0.027,-0.092,0.025,0.067,0.026,0.296,0.269,0.217,0.143,0.115
0.063,0.086,0.023,-0.075,0.020,0.054,0.034,0.255,0.221,0.173,0.116,0.096
0.052,0.071,0.019,-0.062,0.016,0.045,0.042,0.216,0.172,0.129,0.087,0.074
0.040,0.055,0.015,-0.048,0.012,0.035,0.050,0.180,0.120,0.085,0.055,0.050
0.029,0.039,0.010,-0.034,0.009,0.024,0.051,0.144,0.071,0.045,0.022,0.030
0.012,0.023,0.010,-0.018,0.000,0.016,0.048,0.106,0.029,0.007,-0.004,0.010
0.000,0.007,0.007,-0.004,-0.004,0.007,0.058,0.078,-0.009,-0.026,-0.027,-0.009
-0.007,-0.009,-0.002,0.008,-0.002,-0.005,0.079,0.061,-0.042,-0.059,-0.050,-0.023
-0.015,-0.025,-0.010,0.020,-0.002,-0.017,0.090,0.040,-0.070,-0.095,-0.075,-0.035
-0.023,-0.037,-0.014,0.030,-0.004,-0.025,0.095,0.013,-0.102,-0.129,-0.108,-0.060
-0.032,-0.052,-0.020,0.042,-0.006,-0.036,0.095,-0.017,-0.129,-0.149,-0.126,-0.073
-0.037,-0.066,-0.030,0.052,-0.003,-0.048,0.095,-0.040,-0.150,-0.176,-0.136,-0.077
-0.042,-0.078,-0.036,0.060,-0.002,-0.057,0.095,-0.052,-0.162,-0.197,-0.147,-0.081
-0.050,-0.090,-0.040,0.070,-0.005,-0.065,0.095,-0.060,-0.170,-0.195,-0.150,-0.085
-0.053,-0.097,-0.044,0.075,-0.004,-0.070,0.095,-0.072,-0.190,-0.209,-0.160,-0.096
-0.067,-0.112,-0.045,0.090,-0.011,-0.078,0.093,-0.080,-0.207,-0.230,-0.180,-0.110
-0.064,-0.110,-0.047,0.087,-0.008,-0.078,0.101,-0.078,-0.210,-0.234,-0.181,-0.118
-0.058,-0.108,-0.051,0.083,-0.003,-0.079,0.110,-0.083,-0.212,-0.240,-0.178,-0.121
-0.080,-0.130,-0.050,0.105,-0.015,-0.090,0.105,-0.100,-0.225,-0.265,-0.200,-0.125
-0.081,-0.127,-0.046,0.104,-0.017,-0.086,0.105,-0.097,-0.221,-0.267,-0.202,-0.121
-0.080,-0.124,-0.045,0.103,-0.017,-0.085,0.105,-0.095,-0.220,-0.263,-0.198,-0.120
-0.078,-0.123,-0.045,0.101,-0.016,-0.084,0.105,-0.093,-0.218,-0.271,-0.206,-0.118
-0.075,-0.120,-0.045,0.098,-0.015,-0.082,0.105,-0.090,-0.215,-0.281,-0.215,-0.115
-0.075,-0.120,-0.045,0.098,-0.015,-0.082,0.105,-0.090,-0.215,-0.275,-0.210,-0.115
-0.070,-0.116,-0.046,0.093,-0.012,-0.081,0.105,-0.086,-0.211,-0.270,-0.210,-0.111
-0.073,-0.115,-0.042,0.095,-0.015,-0.079,0.107,-0.085,-0.210,-0.270,-0.211,-0.109
-0.058,-0.113,-0.055,0.086,-0.001,-0.084,0.115,-0.083,-0.208,-0.269,-0.208,-0.111
-0.038,-0.110,-0.071,0.074,0.017,-0.091,0.120,-0.080,-0.205,-0.264,-0.204,-0.109
-0.045,-0.110,-0.065,0.078,0.010,-0.087,0.115,-0.080,-0.205,-0.260,-0.205,-0.105
-0.045,-0.106,-0.061,0.075,0.008,-0.083,0.113,-0.076,-0.201,-0.261,-0.206,-0.105
-0.049,-0.105,-0.057,0.077,0.004,-0.081,0.128,-0.076,-0.200,-0.255,-0.197,-0.102
-0.047,-0.102,-0.055,0.075,0.004,-0.079,0.135,-0.072,-0.197,-0.245,-0.185,-0.100
-0.038,-0.093,-0.055,0.066,0.009,-0.074,0.129,-0.064,-0.188,-0.239,-0.178,-0.099
-0.035,-0.085,-0.050,0.060,0.008,-0.067,0.130,-0.060,-0.185,-0.235,-0.170,-0.095
-0.032,-0.077,-0.046,0.055,0.008,-0.061,0.127,-0.052,-0.182,-0.227,-0.162,-0.095
-0.024,-0.069,-0.045,0.047,0.011,-0.057,0.121,-0.047,-0.174,-0.218,-0.155,-0.096
-0.017,-0.061,-0.044,0.039,0.014,-0.052,0.137,-0.041,-0.167,-0.213,-0.144,-0.093
-0.014,-0.053,-0.039,0.034,0.013,-0.045,0.157,-0.034,-0.164,-0.209,-0.141,-0.090
-0.010,-0.045,-0.035,0.028,0.013,-0.040,0.150,-0.030,-0.160,-0.205,-0.150,-0.090
-0.001,-0.037,-0.035,0.020,0.017,-0.036,0.150,-0.026,-0.156,-0.205,-0.146,-0.086
0.001,-0.032,-0.033,0.016,0.017,-0.032,0.147,-0.021,-0.155,-0.202,-0.144,-0.085
-0.001,-0.028,-0.027,0.015,0.014,-0.028,0.145,-0.020,-0.156,-0.200,-0.145,-0.083
0.001,-0.024,-0.025,0.012,0.013,-0.024,0.144,-0.019,-0.154,-0.199,-0.145,-0.080
0.005,-0.020,-0.025,0.008,0.015,-0.022,0.140,-0.015,-0.150,-0.195,-0.145,-0.080
0.005,-0.016,-0.021,0.005,0.014,-0.018,0.140,-0.011,-0.150,-0.195,-0.145,-0.076
0.004,-0.012,-0.016,0.004,0.011,-0.014,0.141,-0.010,-0.150,-0.192,-0.145,-0.075
0.007,-0.008,-0.015,0.001,0.011,-0.011,0.138,-0.009,-0.150,-0.190,-0.145,-0.073
0.011,-0.004,-0.014,-0.003,0.013,-0.009,0.135,-0.004,-0.149,-0.189,-0.145,-0.070
0.010,0.000,-0.010,-0.005,0.010,-0.005,0.135,0.000,-0.145,-0.185,-0.145,-0.070
0.005,0.000,-0.006,-0.002,0.005,-0.002,0.131,0.000,-0.145,-0.185,-0.145,-0.066
0.008,0.003,-0.005,-0.004,0.006,-0.001,0.130,0.003,-0.146,-0.182,-0.142,-0.065
0.011,0.007,-0.004,-0.009,0.007,0.002,0.128,0.007,-0.143,-0.179,-0.139,-0.065
0.009,0.011,0.001,-0.010,0.004,0.006,0.124,0.011,-0.140,-0.180,-0.140,-0.065
0.005,0.010,0.005,-0.008,0.000,0.007,0.125,0.010,-0.140,-0.180,-0.140,-0.065
-0.002,0.002,0.004,-0.001,-0.003,0.002,0.126,-0.005,-0.140,-0.180,-0.140,-0.065
-0.019,-0.004,0.015,0.011,-0.016,0.005,0.117,-0.022,-0.139,-0.181,-0.140,-0.064
-0.025,-0.006,0.018,0.016,-0.021,0.006,0.103,-0.039,-0.145,-0.178,-0.140,-0.067
-0.019,-0.012,0.007,0.015,-0.013,-0.002,0.093,-0.053,-0.157,-0.183,-0.140,-0.071
-0.020,-0.020,0.000,0.020,-0.010,-0.010,0.085,-0.065,-0.165,-0.200,-0.140,-0.075
-0.017,-0.025,-0.008,0.021,-0.004,-0.016,0.073,-0.087,-0.179,-0.201,-0.140,-0.087
-0.008,-0.024,-0.016,0.016,0.004,-0.020,0.061,-0.090,-0.176,-0.197,-0.139,-0.094
-0.022,-0.046,-0.024,0.034,0.001,-0.035,0.049,-0.097,-0.181,-0.210,-0.145,-0.095
-0.041,-0.073,-0.032,0.057,-0.004,-0.053,0.045,-0.113,-0.198,-0.227,-0.157,-0.095
-0.025,-0.065,-0.040,0.045,0.008,-0.052,0.050,-0.115,-0.200,-0.225,-0.160,-0.095
-0.024,-0.061,-0.037,0.043,0.007,-0.049,0.050,-0.115,-0.200,-0.224,-0.160,-0.095
-0.060,-0.091,-0.031,0.076,-0.014,-0.061,0.054,-0.115,-0.199,-0.231,-0.160,-0.095
-0.059,-0.107,-0.048,0.083,-0.005,-0.077,0.054,-0.115,-0.202,-0.238,-0.159,-0.094
-0.035,-0.108,-0.074,0.072,0.020,-0.091,0.058,-0.115,-0.205,-0.241,-0.162,-0.098
-0.055,-0.130,-0.075,0.093,0.010,-0.102,0.075,-0.115,-0.205,-0.245,-0.175,-0.115
-0.052,-0.127,-0.075,0.090,0.012,-0.101,0.075,-0.119,-0.205,-0.249,-0.180,-0.128
-0.048,-0.123,-0.075,0.086,0.014,-0.099,0.084,-0.120,-0.202,-0.253,-0.180,-0.134
-0.055,-0.130,-0.075,0.093,0.010,-0.102,0.092,-0.120,-0.199,-0.257,-0.180,-0.135
-0.069,-0.144,-0.075,0.107,0.003,-0.109,0.090,-0.120,-0.200,-0.260,-0.180,-0.135
-0.080,-0.155,-0.075,0.118,-0.002,-0.115,0.090,-0.120,-0.205,-0.260,-0.180,-0.135
-0.076,-0.151,-0.075,0.114,-0.001,-0.113,0.090,-0.120,-0.217,-0.264,-0.188,-0.139
-0.074,-0.149,-0.075,0.112,0.000,-0.112,0.088,-0.123,-0.224,-0.269,-0.194,-0.140
-0.076,-0.151,-0.075,0.114,0.000,-0.112,0.097,-0.126,-0.225,-0.270,-0.195,-0.140
-0.074,-0.149,-0.075,0.112,0.001,-0.112,0.105,-0.125,-0.226,-0.270,-0.196,-0.139
-0.070,-0.145,-0.075,0.108,0.003,-0.110,0.095,-0.125,-0.230,-0.275,-0.205,-0.140
-0.072,-0.145,-0.073,0.109,0.001,-0.109,0.090,-0.125,-0.234,-0.291,-0.223,-0.153
-0.055,-0.143,-0.088,0.100,0.017,-0.116,0.088,-0.125,-0.238,-0.300,-0.223,-0.153
-0.057,-0.152,-0.095,0.105,0.020,-0.123,0.081,-0.125,-0.241,-0.300,-0.219,-0.149
-0.078,-0.168,-0.089,0.123,0.006,-0.128,0.074,-0.125,-0.239,-0.300,-0.220,-0.150
-0.080,-0.170,-0.090,0.125,0.005,-0.130,0.070,-0.125,-0.235,-0.300,-0.220,-0.150
-0.080,-0.170,-0.090,0.125,0.005,-0.130,0.066,-0.125,-0.235,-0.300,-0.220,-0.150
-0.079,-0.169,-0.090,0.124,0.005,-0.130,0.062,-0.125,-0.236,-0.300,-0.220,-0.150
-0.082,-0.172,-0.090,0.127,0.004,-0.131,0.060,-0.125,-0.233,-0.300,-0.220,-0.150
-0.085,-0.175,-0.091,0.130,0.003,-0.132,0.060,-0.125,-0.230,-0.300,-0.220,-0.150
-0.085,-0.175,-0.090,0.130,0.003,-0.132,0.060,-0.125,-0.230,-0.300,-0.220,-0.150
-0.091,-0.175,-0.083,0.133,-0.004,-0.129,0.060,-0.125,-0.230,-0.300,-0.220,-0.150
-0.074,-0.178,-0.103,0.126,0.015,-0.140,0.060,-0.125,-0.230,-0.300,-0.220,-0.150
-0.065,-0.182,-0.117,0.124,0.026,-0.149,0.060,-0.125,-0.228,-0.300,-0.220,-0.150
-0.078,-0.186,-0.108,0.132,0.016,-0.146,0.060,-0.125,-0.225,-0.300,-0.220,-0.150
-0.080,-0.185,-0.105,0.133,0.013,-0.145,0.060,-0.125,-0.225,-0.300,-0.220,-0.150
-0.078,-0.184,-0.105,0.131,0.014,-0.144,0.056,-0.125,-0.225,-0.300,-0.220,-0.150
-0.093,-0.195,-0.102,0.144,0.005,-0.148,0.055,-0.125,-0.222,-0.300,-0.220,-0.150
-0.100,-0.200,-0.100,0.150,0.000,-0.150,0.055,-0.125,-0.220,-0.300,-0.220,-0.150
-0.094,-0.194,-0.100,0.144,0.003,-0.146,0.055,-0.124,-0.220,-0.300,-0.220,-0.150
-0.095,-0.190,-0.095,0.143,0.000,-0.142,0.055,-0.120,-0.220,-0.300,-0.220,-0.150
-0.095,-0.186,-0.090,0.141,-0.002,-0.138,0.055,-0.116,-0.220,-0.300,-0.220,-0.150
-0.095,-0.185,-0.090,0.140,-0.002,-0.137,0.055,-0.112,-0.217,-0.300,-0.220,-0.150
-0.096,-0.184,-0.088,0.140,-0.004,-0.135,0.055,-0.108,-0.215,-0.301,-0.220,-0.150
-0.094,-0.179,-0.085,0.137,-0.004,-0.131,0.056,-0.103,-0.215,-0.299,-0.220,-0.149
-0.090,-0.175,-0.085,0.133,-0.002,-0.130,0.060,-0.100,-0.215,-0.290,-0.220,-0.145
-0.098,-0.175,-0.077,0.137,-0.010,-0.126,0.061,-0.101,-0.217,-0.283,-0.219,-0.143
-0.101,-0.173,-0.071,0.137,-0.015,-0.122,0.058,-0.058,-0.204,-0.302,-0.231,-0.158
-0.098,-0.167,-0.069,0.133,-0.015,-0.118,0.084,-0.010,-0.189,-0.308,-0.247,-0.181
-0.103,-0.166,-0.063,0.135,-0.019,-0.115,0.130,0.053,-0.167,-0.300,-0.267,-0.208
-0.110,-0.165,-0.055,0.138,-0.027,-0.110,0.160,0.180,-0.110,-0.295,-0.280,-0.230
-0.084,-0.134,-0.051,0.109,-0.016,-0.092,0.178,0.302,-0.016,-0.236,-0.237,-0.203
-0.053,-0.101,-0.048,0.078,-0.002,-0.075,0.182,0.413,0.092,-0.178,-0.197,-0.179
-0.025,-0.066,-0.040,0.046,0.008,-0.053,0.193,0.514,0.229,-0.097,-0.141,-0.141
0.019,-0.034,-0.053,0.008,0.036,-0.043,0.197,0.573,0.390,0.038,-0.034,-0.062
0.085,0.000,-0.085,-0.042,0.085,-0.042,0.150,0.520,0.520,0.205,0.110,0.045
0.149,0.097,-0.052,-0.123,0.100,0.022,0.053,0.291,0.572,0.381,0.277,0.177
0.219,0.207,-0.012,-0.213,0.115,0.097,-0.107,-0.076,0.606,0.597,0.489,0.347
0.354,0.362,0.008,-0.358,0.172,0.185,-0.339,-0.542,0.612,0.881,0.770,0.579
0.496,0.521,0.025,-0.509,0.236,0.273,-0.570,-0.944,0.618,1.198,1.079,0.828
0.555,0.595,0.040,-0.575,0.257,0.317,-0.735,-1.150,0.655,1.485,1.345,1.030
0.617,0.657,0.039,-0.637,0.289,0.347,-0.902,-1.315,0.635,1.743,1.579,1.212
0.682,0.779,0.097,-0.731,0.293,0.438,-1.039,-1.517,0.629,2.058,1.840,1.412
0.667,0.942,0.275,-0.804,0.196,0.608,-1.163,-1.776,0.552,2.359,2.082,1.594
0.595,1.051,0.456,-0.824,0.069,0.754,-1.292,-2.032,0.355,2.506,2.213,1.704
0.565,1.010,0.445,-0.788,0.060,0.727,-1.370,-2.170,0.145,2.410,2.170,1.710
0.544,0.800,0.257,-0.672,0.143,0.528,-1.322,-2.126,-0.001,2.076,1.953,1.603
0.464,0.579,0.115,-0.522,0.175,0.347,-1.272,-2.018,-0.187,1.666,1.676,1.438
0.407,0.414,0.007,-0.411,0.200,0.210,-1.200,-1.916,-0.398,1.224,1.377,1.265
0.377,0.283,-0.093,-0.330,0.235,0.095,-1.078,-1.803,-0.576,0.768,1.070,1.088
0.290,0.155,-0.135,-0.222,0.212,0.010,-0.945,-1.635,-0.715,0.325,0.770,0.885
0.198,0.034,-0.164,-0.116,0.181,-0.065,-0.801,-1.412,-0.813,-0.123,0.442,0.666
0.139,-0.003,-0.141,-0.068,0.140,-0.072,-0.658,-1.192,-0.852,-0.435,0.139,0.446
0.089,-0.001,-0.090,-0.043,0.090,-0.045,-0.526,-0.975,-0.774,-0.497,-0.004,0.274
0.048,-0.013,-0.061,-0.017,0.055,-0.037,-0.414,-0.775,-0.634,-0.417,-0.028,0.176
0.035,-0.025,-0.060,-0.005,0.048,-0.042,-0.330,-0.630,-0.540,-0.375,-0.075,0.120
0.023,-0.033,-0.056,0.005,0.040,-0.044,-0.269,-0.529,-0.467,-0.339,-0.102,0.062
0.010,-0.044,-0.055,0.018,0.033,-0.049,-0.209,-0.430,-0.404,-0.302,-0.109,0.025
0.000,-0.053,-0.054,0.027,0.027,-0.053,-0.155,-0.348,-0.346,-0.269,-0.112,-0.008
-0.016,-0.065,-0.049,0.040,0.017,-0.057,-0.108,-0.275,-0.293,-0.236,-0.116,-0.034
-0.045,-0.090,-0.045,0.068,0.000,-0.067,-0.060,-0.195,-0.245,-0.210,-0.120,-0.040
-0.066,-0.109,-0.043,0.088,-0.011,-0.075,-0.024,-0.146,-0.194,-0.213,-0.125,-0.057
-0.049,-0.107,-0.058,0.078,0.004,-0.082,0.012,-0.097,-0.176,-0.216,-0.122,-0.061
-0.059,-0.125,-0.066,0.092,0.003,-0.095,0.030,-0.063,-0.172,-0.216,-0.136,-0.078
-0.087,-0.154,-0.067,0.121,-0.010,-0.110,0.031,-0.052,-0.163,-0.221,-0.158,-0.104
-0.075,-0.155,-0.080,0.115,0.003,-0.117,0.040,-0.040,-0.155,-0.220,-0.160,-0.105
-0.084,-0.155,-0.071,0.120,-0.006,-0.113,0.052,-0.028,-0.147,-0.216,-0.160,-0.109
-0.107,-0.155,-0.049,0.131,-0.029,-0.102,0.060,-0.016,-0.139,-0.215,-0.160,-0.114
-0.086,-0.155,-0.068,0.121,-0.009,-0.111,0.059,-0.006,-0.133,-0.213,-0.160,-0.115
-0.051,-0.155,-0.104,0.103,0.027,-0.129,0.062,0.002,-0.129,-0.210,-0.161,-0.116
-0.060,-0.155,-0.095,0.108,0.018,-0.125,0.075,0.010,-0.125,-0.210,-0.165,-0.120
-0.061,-0.155,-0.094,0.109,0.017,-0.125,0.079,0.018,-0.121,-0.206,-0.170,-0.124
-0.056,-0.152,-0.096,0.104,0.020,-0.124,0.083,0.026,-0.117,-0.205,-0.169,-0.129
-0.057,-0.149,-0.093,0.103,0.018,-0.121,0.086,0.034,-0.113,-0.203,-0.176,-0.129
-0.061,-0.150,-0.090,0.105,0.015,-0.120,0.092,0.042,-0.109,-0.200,-0.186,-0.124
-0.060,-0.150,-0.090,0.105,0.015,-0.120,0.100,0.050,-0.105,-0.200,-0.180,-0.125
-0.060,-0.150,-0.090,0.105,0.015,-0.120,0.096,0.049,-0.106,-0.196,-0.176,-0.125
-0.060,-0.150,-0.091,0.105,0.015,-0.120,0.094,0.059,-0.099,-0.195,-0.172,-0.122
-0.062,-0.150,-0.088,0.106,0.013,-0.119,0.095,0.069,-0.092,-0.193,-0.168,-0.119
-0.066,-0.151,-0.085,0.109,0.009,-0.117,0.095,0.070,-0.089,-0.190,-0.164,-0.120
-0.070,-0.155,-0.085,0.113,0.008,-0.120,0.095,0.070,-0.085,-0.190,-0.160,-0.120
-0.075,-0.160,-0.085,0.118,0.005,-0.122,0.095,0.074,-0.081,-0.186,-0.156,-0.116
-0.072,-0.158,-0.085,0.115,0.007,-0.121,0.094,0.076,-0.077,-0.186,-0.152,-0.114
-0.070,-0.153,-0.083,0.112,0.007,-0.118,0.099,0.075,-0.074,-0.182,-0.148,-0.116
-0.070,-0.149,-0.080,0.109,0.005,-0.114,0.106,0.084,-0.067,-0.174,-0.144,-0.114
-0.065,-0.145,-0.080,0.105,0.008,-0.112,0.105,0.105,-0.055,-0.170,-0.140,-0.110
-0.061,-0.141,-0.080,0.101,0.010,-0.111,0.104,0.110,-0.047,-0.162,-0.140,-0.110
-0.060,-0.137,-0.077,0.099,0.009,-0.107,0.112,0.110,-0.036,-0.157,-0.138,-0.111
-0.059,-0.133,-0.075,0.096,0.008,-0.104,0.114,0.111,-0.026,-0.151,-0.132,-0.108
-0.054,-0.129,-0.075,0.092,0.011,-0.101,0.109,0.117,-0.017,-0.144,-0.130,-0.105
-0.050,-0.125,-0.075,0.088,0.013,-0.100,0.110,0.125,-0.005,-0.140,-0.130,-0.105
-0.050,-0.125,-0.075,0.088,0.013,-0.100,0.110,0.129,0.003,-0.132,-0.126,-0.105
-0.050,-0.122,-0.072,0.086,0.011,-0.097,0.110,0.132,0.014,-0.127,-0.121,-0.102
-0.050,-0.120,-0.069,0.085,0.009,-0.095,0.110,0.139,0.025,-0.123,-0.120,-0.099
-0.049,-0.119,-0.070,0.084,0.011,-0.095,0.110,0.147,0.032,-0.119,-0.119,-0.100
-0.045,-0.115,-0.070,0.080,0.013,-0.092,0.110,0.155,0.040,-0.115,-0.110,-0.100
-0.045,-0.115,-0.070,0.080,0.013,-0.092,0.110,0.163,0.048,-0.111,-0.101,-0.092
-0.045,-0.112,-0.067,0.079,0.011,-0.089,0.107,0.171,0.056,-0.108,-0.097,-0.086
-0.045,-0.108,-0.063,0.077,0.009,-0.085,0.104,0.178,0.064,-0.099,-0.092,-0.084
-0.045,-0.104,-0.059,0.075,0.007,-0.081,0.105,0.180,0.072,-0.088,-0.083,-0.078
-0.045,-0.100,-0.055,0.073,0.005,-0.077,0.105,0.185,0.080,-0.080,-0.075,-0.070
-0.041,-0.096,-0.055,0.069,0.008,-0.076,0.105,0.201,0.096,-0.068,-0.071,-0.066
-0.039,-0.091,-0.053,0.065,0.007,-0.072,0.105,0.216,0.111,-0.059,-0.064,-0.063
-0.043,-0.090,-0.047,0.067,0.002,-0.069,0.105,0.221,0.117,-0.049,-0.056,-0.056
-0.044,-0.089,-0.045,0.067,0.000,-0.066,0.105,0.229,0.122,-0.038,-0.048,-0.049
-0.035,-0.080,-0.045,0.058,0.005,-0.062,0.105,0.250,0.140,-0.030,-0.040,-0.045
-0.030,-0.071,-0.041,0.051,0.006,-0.056,0.101,0.263,0.166,-0.014,-0.032,-0.041
-0.031,-0.067,-0.036,0.049,0.003,-0.052,0.100,0.270,0.171,-0.001,-0.023,-0.034
-0.027,-0.062,-0.035,0.045,0.005,-0.048,0.100,0.284,0.174,0.013,-0.018,-0.027
-0.018,-0.053,-0.034,0.036,0.008,-0.043,0.100,0.305,0.197,0.029,-0.013,-0.024
-0.015,-0.045,-0.030,0.030,0.008,-0.037,0.100,0.320,0.225,0.040,0.000,-0.020
-0.011,-0.042,-0.030,0.026,0.009,-0.036,0.100,0.332,0.247,0.048,0.008,-0.012
-0.004,-0.031,-0.027,0.018,0.011,-0.029,0.100,0.344,0.256,0.059,0.019,-0.003
0.005,-0.020,-0.025,0.008,0.015,-0.023,0.100,0.357,0.266,0.068,0.029,0.002
0.011,-0.013,-0.024,0.002,0.018,-0.019,0.100,0.375,0.285,0.079,0.038,0.006
0.015,-0.005,-0.020,-0.005,0.018,-0.012,0.100,0.395,0.310,0.105,0.050,0.015
0.027,0.007,-0.020,-0.017,0.023,-0.006,0.096,0.416,0.336,0.127,0.059,0.024
0.037,0.016,-0.021,-0.027,0.029,-0.002,0.094,0.431,0.343,0.131,0.062,0.026
0.042,0.024,-0.018,-0.033,0.030,0.003,0.096,0.452,0.367,0.149,0.086,0.040
0.046,0.031,-0.015,-0.038,0.030,0.007,0.094,0.475,0.400,0.180,0.113,0.057
0.045,0.030,-0.015,-0.037,0.030,0.007,0.090,0.490,0.410,0.190,0.110,0.060
0.039,0.028,-0.011,-0.034,0.025,0.009,0.090,0.501,0.439,0.205,0.121,0.071
0.051,0.041,-0.010,-0.046,0.031,0.016,0.090,0.524,0.452,0.224,0.135,0.085
0.064,0.056,-0.008,-0.060,0.036,0.023,0.090,0.542,0.462,0.233,0.144,0.093
0.065,0.061,-0.004,-0.062,0.034,0.028,0.089,0.554,0.486,0.245,0.152,0.096
0.070,0.065,-0.005,-0.067,0.037,0.030,0.085,0.575,0.510,0.270,0.165,0.105
0.086,0.078,-0.008,-0.082,0.047,0.035,0.085,0.587,0.526,0.287,0.182,0.117
0.062,0.079,0.017,-0.070,0.023,0.047,0.086,0.605,0.545,0.301,0.190,0.126
0.055,0.089,0.034,-0.072,0.010,0.061,0.083,0.623,0.563,0.319,0.206,0.136
0.079,0.108,0.029,-0.094,0.024,0.068,0.080,0.631,0.579,0.341,0.230,0.146
0.085,0.115,0.030,-0.100,0.027,0.072,0.080,0.635,0.600,0.360,0.240,0.150
0.098,0.128,0.030,-0.113,0.034,0.079,0.080,0.651,0.621,0.371,0.248,0.161
0.099,0.129,0.030,-0.114,0.034,0.079,0.081,0.662,0.631,0.391,0.259,0.175
0.091,0.121,0.030,-0.106,0.030,0.075,0.077,0.670,0.642,0.404,0.270,0.183
0.093,0.123,0.030,-0.108,0.031,0.077,0.068,0.684,0.660,0.414,0.277,0.186
0.115,0.145,0.030,-0.130,0.042,0.087,0.065,0.700,0.680,0.440,0.290,0.195
0.138,0.166,0.028,-0.152,0.055,0.097,0.061,0.714,0.698,0.466,0.315,0.213
0.132,0.175,0.043,-0.153,0.044,0.109,0.057,0.714,0.701,0.472,0.325,0.215
0.124,0.174,0.050,-0.149,0.036,0.112,0.053,0.722,0.717,0.485,0.341,0.222
0.132,0.176,0.044,-0.155,0.043,0.110,0.049,0.729,0.737,0.511,0.363,0.238
0.135,0.180,0.045,-0.158,0.045,0.112,0.045,0.715,0.730,0.525,0.365,0.240
0.136,0.177,0.042,-0.156,0.047,0.109,0.041,0.707,0.726,0.528,0.367,0.238
0.165,0.202,0.037,-0.183,0.064,0.119,0.040,0.696,0.722,0.541,0.384,0.253
0.167,0.217,0.050,-0.192,0.058,0.133,0.041,0.686,0.718,0.542,0.389,0.259
0.142,0.208,0.067,-0.175,0.037,0.137,0.039,0.677,0.714,0.526,0.377,0.248
0.145,0.205,0.060,-0.175,0.042,0.132,0.035,0.665,0.710,0.515,0.370,0.245
0.146,0.201,0.055,-0.174,0.045,0.128,0.035,0.658,0.708,0.507,0.366,0.241
0.142,0.197,0.055,-0.170,0.043,0.126,0.036,0.638,0.685,0.497,0.360,0.237
0.139,0.192,0.054,-0.166,0.042,0.123,0.033,0.614,0.659,0.483,0.350,0.233
0.142,0.190,0.049,-0.166,0.047,0.119,0.030,0.586,0.630,0.474,0.345,0.230
0.145,0.190,0.045,-0.168,0.050,0.117,0.030,0.540,0.580,0.465,0.340,0.225
0.128,0.174,0.046,-0.152,0.041,0.109,0.030,0.495,0.537,0.422,0.313,0.205
0.123,0.162,0.040,-0.143,0.041,0.101,0.029,0.455,0.481,0.377,0.285,0.189
0.111,0.141,0.031,-0.126,0.039,0.086,0.032,0.415,0.421,0.332,0.252,0.167
0.084,0.107,0.023,-0.096,0.030,0.065,0.036,0.374,0.367,0.283,0.209,0.138
0.065,0.080,0.015,-0.073,0.025,0.047,0.040,0.330,0.315,0.235,0.170,0.115
0.056,0.064,0.007,-0.061,0.025,0.035,0.052,0.286,0.267,0.190,0.141,0.095
0.050,0.048,-0.002,-0.049,0.026,0.023,0.059,0.245,0.216,0.150,0.115,0.075
0.038,0.032,-0.006,-0.035,0.022,0.012,0.060,0.205,0.165,0.108,0.084,0.055
0.029,0.016,-0.013,-0.023,0.021,0.002,0.060,0.165,0.119,0.065,0.052,0.036
0.025,0.000,-0.025,-0.012,0.025,-0.012,0.060,0.125,0.075,0.025,0.025,0.020
0.002,-0.017,-0.019,0.007,0.011,-0.018,0.058,0.087,0.030,-0.015,0.001,0.000
0.008,-0.027,-0.035,0.010,0.022,-0.031,0.072,0.064,-0.008,-0.053,-0.023,-0.017
-0.001,-0.047,-0.046,0.025,0.023,-0.046,0.084,0.046,-0.041,-0.087,-0.048,-0.035
-0.029,-0.068,-0.039,0.048,0.005,-0.053,0.086,0.024,-0.074,-0.117,-0.078,-0.055
-0.030,-0.070,-0.040,0.050,0.005,-0.055,0.090,0.000,-0.105,-0.140,-0.105,-0.070
-0.040,-0.081,-0.041,0.060,0.001,-0.060,0.094,-0.025,-0.121,-0.160,-0.117,-0.082
-0.061,-0.098,-0.037,0.080,-0.012,-0.067,0.098,-0.040,-0.139,-0.180,-0.133,-0.091
-0.074,-0.109,-0.034,0.092,-0.020,-0.071,0.100,-0.049,-0.160,-0.200,-0.143,-0.099
-0.075,-0.110,-0.035,0.093,-0.020,-0.072,0.100,-0.057,-0.171,-0.211,-0.146,-0.106
-0.080,-0.115,-0.035,0.098,-0.022,-0.075,0.100,-0.065,-0.175,-0.215,-0.155,-0.110
-0.094,-0.131,-0.037,0.113,-0.028,-0.084,0.100,-0.082,-0.191,-0.235,-0.172,-0.122
-0.086,-0.140,-0.053,0.113,-0.016,-0.096,0.100,-0.089,-0.205,-0.250,-0.179,-0.129
-0.080,-0.140,-0.060,0.110,-0.010,-0.100,0.100,-0.091,-0.215,-0.262,-0.183,-0.132
-0.086,-0.140,-0.054,0.114,-0.016,-0.096,0.100,-0.096,-0.220,-0.271,-0.192,-0.136
-0.085,-0.140,-0.055,0.113,-0.015,-0.097,0.100,-0.100,-0.215,-0.270,-0.195,-0.140
-0.085,-0.140,-0.055,0.113,-0.015,-0.097,0.108,-0.100,-0.211,-0.270,-0.195,-0.140
-0.087,-0.141,-0.054,0.114,-0.016,-0.097,0.114,-0.104,-0.207,-0.271,-0.196,-0.143
-0.079,-0.138,-0.059,0.109,-0.010,-0.098,0.115,-0.104,-0.205,-0.269,-0.193,-0.146
-0.069,-0.144,-0.074,0.107,0.002,-0.109,0.115,-0.109,-0.204,-0.273,-0.199,-0.144
-0.075,-0.160,-0.085,0.118,0.005,-0.122,0.115,-0.125,-0.200,-0.285,-0.215,-0.140
-0.076,-0.153,-0.077,0.115,0.001,-0.115,0.119,-0.114,-0.196,-0.282,-0.208,-0.136
-0.071,-0.143,-0.072,0.107,0.000,-0.107,0.121,-0.103,-0.195,-0.277,-0.201,-0.132
-0.072,-0.138,-0.066,0.105,-0.003,-0.102,0.119,-0.097,-0.194,-0.273,-0.198,-0.128
-0.075,-0.133,-0.059,0.104,-0.008,-0.096,0.121,-0.087,-0.189,-0.269,-0.194,-0.124
-0.070,-0.125,-0.055,0.098,-0.007,-0.090,0.125,-0.075,-0.185,-0.265,-0.190,-0.120
-0.069,-0.116,-0.047,0.093,-0.010,-0.082,0.121,-0.067,-0.186,-0.260,-0.186,-0.120
-0.073,-0.113,-0.039,0.093,-0.017,-0.076,0.119,-0.059,-0.179,-0.261,-0.182,-0.118
-0.058,-0.105,-0.046,0.082,-0.006,-0.075,0.120,-0.051,-0.172,-0.257,-0.178,-0.112
-0.038,-0.092,-0.055,0.066,0.009,-0.074,0.120,-0.044,-0.169,-0.248,-0.174,-0.110
-0.040,-0.085,-0.045,0.063,0.003,-0.065,0.120,-0.040,-0.165,-0.245,-0.170,-0.110
-0.037,-0.078,-0.040,0.057,0.002,-0.059,0.120,-0.032,-0.157,-0.241,-0.166,-0.106
-0.028,-0.066,-0.038,0.047,0.005,-0.051,0.120,-0.027,-0.152,-0.237,-0.162,-0.102
-0.025,-0.056,-0.031,0.041,0.003,-0.043,0.120,-0.021,-0.147,-0.233,-0.157,-0.099
-0.024,-0.048,-0.024,0.037,0.000,-0.035,0.120,-0.014,-0.145,-0.229,-0.155,-0.101
-0.020,-0.040,-0.020,0.030,0.000,-0.030,0.120,-0.010,-0.150,-0.225,-0.155,-0.105
-0.019,-0.035,-0.016,0.028,-0.001,-0.026,0.120,-0.006,-0.150,-0.221,-0.147,-0.105
-0.024,-0.035,-0.012,0.030,-0.006,-0.023,0.120,-0.002,-0.150,-0.217,-0.141,-0.105
-0.023,-0.033,-0.010,0.028,-0.007,-0.021,0.120,0.002,-0.150,-0.213,-0.139,-0.105
-0.020,-0.030,-0.010,0.025,-0.005,-0.020,0.120,0.005,-0.150,-0.209,-0.133,-0.105
-0.020,-0.030,-0.010,0.025,-0.005,-0.020,0.120,0.005,-0.150,-0.205,-0.125,-0.105
-0.016,-0.026,-0.010,0.021,-0.003,-0.017,0.120,0.009,-0.150,-0.201,-0.121,-0.105
-0.015,-0.025,-0.011,0.020,-0.001,-0.017,0.120,0.014,-0.150,-0.196,-0.116,-0.105
-0.015,-0.023,-0.008,0.019,-0.003,-0.015,0.120,0.015,-0.150,-0.196,-0.116,-0.105
-0.015,-0.020,-0.005,0.018,-0.005,-0.012,0.120,0.016,-0.150,-0.201,-0.121,-0.105
-0.015,-0.020,-0.005,0.018,-0.005,-0.012,0.120,0.020,-0.150,-0.200,-0.120,-0.105
-0.015,-0.020,-0.005,0.018,-0.005,-0.012,0.120,0.024,-0.150,-0.200,-0.120,-0.105
-0.015,-0.020,-0.005,0.018,-0.005,-0.012,0.121,0.027,-0.150,-0.200,-0.123,-0.104
-0.016,-0.020,-0.004,0.019,-0.006,-0.012,0.115,0.017,-0.150,-0.200,-0.126,-0.107
-0.013,-0.019,-0.006,0.017,-0.003,-0.012,0.103,-0.006,-0.150,-0.199,-0.125,-0.110
-0.005,-0.020,-0.015,0.013,0.005,-0.017,0.095,-0.025,-0.150,-0.200,-0.125,-0.110
-0.013,-0.036,-0.023,0.025,0.005,-0.029,0.083,-0.041,-0.150,-0.212,-0.129,-0.110
-0.013,-0.044,-0.031,0.029,0.009,-0.037,0.074,-0.058,-0.152,-0.219,-0.129,-0.110
-0.009,-0.048,-0.039,0.029,0.016,-0.044,0.064,-0.070,-0.161,-0.222,-0.133,-0.110
-0.010,-0.057,-0.047,0.034,0.019,-0.052,0.052,-0.076,-0.172,-0.226,-0.142,-0.110
-0.010,-0.065,-0.055,0.038,0.023,-0.060,0.045,-0.080,-0.175,-0.230,-0.145,-0.110
-0.008,-0.068,-0.060,0.038,0.026,-0.064,0.045,-0.080,-0.175,-0.230,-0.145,-0.110
-0.022,-0.079,-0.057,0.051,0.018,-0.068,0.043,-0.082,-0.175,-0.230,-0.145,-0.110
-0.033,-0.087,-0.054,0.060,0.011,-0.070,0.052,-0.088,-0.175,-0.229,-0.144,-0.110
-0.038,-0.093,-0.055,0.066,0.009,-0.074,0.068,-0.090,-0.176,-0.231,-0.146,-0.110
-0.055,-0.110,-0.055,0.083,0.000,-0.082,0.070,-0.085,-0.180,-0.240,-0.155,-0.110
-0.068,-0.119,-0.051,0.094,-0.009,-0.085,0.070,-0.085,-0.184,-0.252,-0.159,-0.110
-0.071,-0.121,-0.050,0.096,-0.010,-0.085,0.071,-0.086,-0.188,-0.259,-0.162,-0.108
-0.084,-0.133,-0.049,0.108,-0.017,-0.090,0.084,-0.083,-0.192,-0.260,-0.171,-0.117
-0.095,-0.147,-0.053,0.121,-0.021,-0.100,0.096,-0.080,-0.196,-0.261,-0.182,-0.132
-0.085,-0.150,-0.065,0.118,-0.010,-0.107,0.090,-0.080,-0.200,-0.265,-0.185,-0.135
-0.091,-0.152,-0.062,0.122,-0.014,-0.107,0.089,-0.080,-0.204,-0.264,-0.188,-0.139
-0.111,-0.168,-0.057,0.139,-0.026,-0.112,0.091,-0.084,-0.208,-0.270,-0.199,-0.143
-0.110,-0.177,-0.067,0.143,-0.021,-0.122,0.088,-0.097,-0.212,-0.278,-0.208,-0.147
-0.092,-0.175,-0.083,0.133,-0.004,-0.128,0.085,-0.105,-0.216,-0.280,-0.210,-0.151
-0.090,-0.175,-0.085,0.133,-0.002,-0.130,0.085,-0.100,-0.220,-0.280,-0.210,-0.155
-0.090,-0.175,-0.085,0.133,-0.002,-0.130,0.085,-0.100,-0.224,-0.292,-0.210,-0.155
-0.090,-0.175,-0.085,0.133,-0.002,-0.130,0.082,-0.100,-0.228,-0.296,-0.210,-0.155
-0.091,-0.175,-0.084,0.134,-0.003,-0.129,0.079,-0.100,-0.233,-0.294,-0.212,-0.155
-0.087,-0.175,-0.088,0.132,0.001,-0.131,0.080,-0.100,-0.235,-0.295,-0.216,-0.155
-0.075,-0.175,-0.100,0.125,0.013,-0.137,0.080,-0.100,-0.230,-0.295,-0.220,-0.155
-0.077,-0.174,-0.096,0.126,0.010,-0.135,0.076,-0.100,-0.230,-0.294,-0.224,-0.155
-0.090,-0.184,-0.094,0.138,0.002,-0.139,0.074,-0.100,-0.230,-0.305,-0.225,-0.155
-0.096,-0.192,-0.095,0.144,-0.001,-0.143,0.076,-0.100,-0.230,-0.310,-0.225,-0.155
-0.095,-0.190,-0.095,0.143,0.000,-0.142,0.074,-0.100,-0.230,-0.304,-0.225,-0.155
-0.095,-0.190,-0.095,0.143,0.000,-0.142,0.070,-0.100,-0.230,-0.305,-0.225,-0.155
-0.095,-0.190,-0.095,0.143,0.000,-0.142,0.070,-0.100,-0.230,-0.305,-0.225,-0.155
-0.095,-0.190,-0.095,0.143,0.000,-0.142,0.071,-0.100,-0.230,-0.305,-0.225,-0.155
-0.095,-0.190,-0.095,0.143,0.000,-0.142,0.068,-0.100,-0.230,-0.303,-0.225,-0.155
-0.095,-0.190,-0.095,0.143,0.000,-0.142,0.065,-0.100,-0.230,-0.300,-0.225,-0.155
-0.095,-0.190,-0.095,0.143,0.000,-0.142,0.065,-0.100,-0.230,-0.300,-0.225,-0.155
-0.095,-0.190,-0.095,0.143,0.000,-0.142,0.065,-0.100,-0.230,-0.300,-0.225,-0.155
-0.095,-0.190,-0.095,0.143,0.000,-0.142,0.062,-0.100,-0.230,-0.300,-0.228,-0.155
-0.095,-0.190,-0.095,0.143,0.000,-0.142,0.060,-0.100,-0.230,-0.300,-0.231,-0.155
-0.095,-0.190,-0.095,0.143,0.000,-0.142,0.060,-0.100,-0.230,-0.299,-0.230,-0.155
-0.095,-0.190,-0.095,0.143,0.000,-0.142,0.060,-0.100,-0.230,-0.295,-0.230,-0.155
-0.100,-0.195,-0.095,0.148,-0.002,-0.145,0.060,-0.100,-0.230,-0.295,-0.230,-0.155
-0.099,-0.193,-0.094,0.146,-0.002,-0.144,0.057,-0.100,-0.230,-0.295,-0.230,-0.153
-0.106,-0.203,-0.097,0.155,-0.004,-0.150,0.054,-0.100,-0.230,-0.295,-0.230,-0.161
-0.116,-0.215,-0.100,0.165,-0.007,-0.157,0.055,-0.100,-0.230,-0.294,-0.230,-0.171
-0.105,-0.205,-0.100,0.155,-0.002,-0.152,0.055,-0.100,-0.230,-0.290,-0.230,-0.170
-0.087,-0.200,-0.114,0.144,0.014,-0.157,0.055,-0.102,-0.232,-0.290,-0.230,-0.170
-0.092,-0.198,-0.106,0.145,0.007,-0.151,0.053,-0.085,-0.219,-0.290,-0.231,-0.170
-0.105,-0.191,-0.086,0.149,-0.009,-0.139,0.062,-0.069,-0.204,-0.291,-0.227,-0.170
-0.112,-0.183,-0.071,0.148,-0.020,-0.127,0.078,-0.045,-0.190,-0.289,-0.226,-0.171
-0.125,-0.180,-0.055,0.153,-0.035,-0.117,0.090,0.015,-0.170,-0.290,-0.245,-0.185
-0.136,-0.179,-0.043,0.157,-0.046,-0.110,0.128,0.098,-0.158,-0.311,-0.273,-0.220
-0.123,-0.153,-0.030,0.138,-0.046,-0.091,0.172,0.220,-0.104,-0.282,-0.260,-0.219
-0.112,-0.120,-0.009,0.116,-0.051,-0.064,0.189,0.344,-0.012,-0.233,-0.234,-0.207
-0.090,-0.092,-0.002,0.091,-0.044,-0.047,0.192,0.452,0.092,-0.185,-0.205,-0.184
-0.030,-0.060,-0.030,0.045,0.000,-0.045,0.195,0.550,0.215,-0.100,-0.140,-0.120
0.019,-0.034,-0.054,0.008,0.037,-0.044,0.162,0.578,0.365,0.027,-0.033,-0.068
0.064,0.019,-0.045,-0.041,0.055,-0.014,0.142,0.466,0.485,0.192,0.112,0.033
0.138,0.110,-0.028,-0.123,0.083,0.041,0.068,0.228,0.553,0.366,0.269,0.168
0.251,0.234,-0.017,-0.243,0.134,0.108,-0.123,-0.163,0.586,0.568,0.469,0.332
0.380,0.375,-0.005,-0.377,0.192,0.185,-0.380,-0.675,0.600,0.835,0.740,0.550
0.486,0.493,0.006,-0.489,0.239,0.249,-0.601,-1.051,0.612,1.114,1.007,0.771
0.543,0.566,0.022,-0.555,0.260,0.294,-0.786,-1.249,0.692,1.398,1.284,0.984
0.608,0.629,0.021,-0.619,0.293,0.325,-0.951,-1.402,0.725,1.666,1.532,1.179
0.677,0.731,0.054,-0.705,0.312,0.392,-1.100,-1.615,0.697,1.946,1.760,1.361
0.695,0.880,0.185,-0.788,0.255,0.532,-1.235,-1.870,0.675,2.250,2.000,1.540
0.692,1.003,0.311,-0.848,0.190,0.657,-1.373,-2.086,0.544,2.431,2.154,1.674
0.647,0.946,0.299,-0.797,0.174,0.622,-1.478,-2.187,0.370,2.331,2.115,1.684
0.601,0.731,0.130,-0.666,0.236,0.431,-1.460,-2.103,0.249,2.034,1.921,1.589
0.571,0.498,-0.073,-0.535,0.322,0.212,-1.347,-1.934,0.114,1.662,1.662,1.439
0.515,0.335,-0.180,-0.425,0.347,0.077,-1.240,-1.830,-0.130,1.235,1.370,1.260
0.429,0.214,-0.215,-0.321,0.321,-0.001,-1.120,-1.715,-0.362,0.765,1.053,1.074
0.369,0.100,-0.269,-0.234,0.318,-0.084,-1.005,-1.556,-0.529,0.358,0.781,0.900
0.299,0.026,-0.273,-0.162,0.286,-0.123,-0.861,-1.355,-0.687,-0.072,0.476,0.695
0.201,-0.017,-0.218,-0.092,0.210,-0.117,-0.687,-1.135,-0.773,-0.416,0.171,0.474
0.120,-0.060,-0.180,-0.030,0.150,-0.120,-0.530,-0.920,-0.695,-0.470,0.010,0.315
0.072,-0.058,-0.130,-0.007,0.101,-0.094,-0.405,-0.733,-0.591,-0.432,-0.038,0.216
0.017,-0.053,-0.070,0.018,0.044,-0.062,-0.318,-0.607,-0.521,-0.389,-0.073,0.134
-0.013,-0.056,-0.043,0.035,0.016,-0.049,-0.254,-0.513,-0.468,-0.352,-0.117,0.074
-0.009,-0.054,-0.045,0.032,0.019,-0.050,-0.195,-0.415,-0.401,-0.316,-0.144,0.028
-0.015,-0.055,-0.040,0.035,0.013,-0.047,-0.140,-0.315,-0.325,-0.285,-0.145,-0.020
-0.039,-0.075,-0.036,0.057,-0.002,-0.055,-0.096,-0.232,-0.273,-0.276,-0.144,-0.047
-0.057,-0.091,-0.033,0.074,-0.011,-0.062,-0.050,-0.172,-0.218,-0.273,-0.149,-0.056
-0.059,-0.099,-0.040,0.080,-0.009,-0.070,-0.015,-0.115,-0.184,-0.266,-0.149,-0.067
-0.054,-0.116,-0.062,0.085,0.004,-0.088,0.004,-0.066,-0.179,-0.259,-0.152,-0.083
-0.055,-0.140,-0.085,0.098,0.015,-0.112,0.025,-0.045,-0.170,-0.255,-0.165,-0.095
-0.068,-0.149,-0.082,0.109,0.007,-0.116,0.054,-0.020,-0.158,-0.247,-0.170,-0.108
-0.071,-0.150,-0.079,0.111,0.004,-0.115,0.071,-0.004,-0.149,-0.242,-0.170,-0.114
-0.069,-0.149,-0.080,0.109,0.006,-0.115,0.079,0.004,-0.139,-0.238,-0.172,-0.117
-0.071,-0.151,-0.080,0.111,0.004,-0.116,0.086,0.013,-0.127,-0.234,-0.175,-0.120
-0.080,-0.160,-0.080,0.120,0.000,-0.120,0.090,0.025,-0.120,-0.230,-0.175,-0.120
-0.089,-0.165,-0.076,0.127,-0.006,-0.120,0.091,0.033,-0.116,-0.230,-0.179,-0.124
-0.091,-0.165,-0.075,0.128,-0.007,-0.120,0.088,0.044,-0.115,-0.227,-0.183,-0.125
-0.090,-0.165,-0.075,0.128,-0.007,-0.120,0.097,0.055,-0.116,-0.225,-0.187,-0.126
-0.090,-0.165,-0.075,0.128,-0.007,-0.120,0.113,0.062,-0.114,-0.225,-0.191,-0.131
-0.090,-0.165,-0.075,0.128,-0.007,-0.120,0.115,0.070,-0.110,-0.220,-0.195,-0.135
-0.093,-0.164,-0.071,0.128,-0.010,-0.117,0.115,0.075,-0.110,-0.215,-0.191,-0.140
-0.105,-0.175,-0.070,0.140,-0.018,-0.122,0.115,0.074,-0.111,-0.215,-0.190,-0.137
-0.110,-0.180,-0.070,0.145,-0.020,-0.125,0.114,0.080,-0.107,-0.213,-0.188,-0.135
-0.104,-0.174,-0.070,0.139,-0.017,-0.121,0.117,0.092,-0.098,-0.210,-0.184,-0.134
-0.105,-0.175,-0.070,0.140,-0.017,-0.122,0.130,0.095,-0.090,-0.210,-0.185,-0.130
-0.105,-0.176,-0.070,0.140,-0.017,-0.122,0.131,0.099,-0.086,-0.206,-0.186,-0.130
-0.105,-0.172,-0.067,0.139,-0.019,-0.119,0.130,0.103,-0.080,-0.204,-0.182,-0.127
-0.105,-0.169,-0.064,0.138,-0.020,-0.116,0.130,0.107,-0.070,-0.206,-0.180,-0.125
-0.105,-0.170,-0.065,0.138,-0.020,-0.117,0.130,0.111,-0.064,-0.204,-0.179,-0.124
-0.105,-0.170,-0.065,0.138,-0.020,-0.117,0.130,0.115,-0.060,-0.200,-0.175,-0.120
-0.097,-0.162,-0.065,0.130,-0.016,-0.113,0.130,0.115,-0.052,-0.200,-0.175,-0.120
-0.092,-0.154,-0.062,0.123,-0.015,-0.108,0.130,0.119,-0.044,-0.201,-0.176,-0.117
-0.087,-0.146,-0.059,0.116,-0.014,-0.103,0.130,0.118,-0.036,-0.197,-0.171,-0.115
-0.078,-0.138,-0.060,0.108,-0.009,-0.099,0.130,0.124,-0.028,-0.188,-0.163,-0.114
-0.070,-0.130,-0.060,0.100,-0.005,-0.095,0.130,0.145,-0.020,-0.180,-0.160,-0.110
-0.062,-0.122,-0.060,0.092,-0.001,-0.091,0.130,0.144,-0.012,-0.176,-0.156,-0.110
-0.056,-0.116,-0.060,0.086,0.002,-0.087,0.130,0.156,-0.004,-0.170,-0.152,-0.107
-0.054,-0.116,-0.062,0.085,0.004,-0.088,0.130,0.169,0.004,-0.160,-0.148,-0.105
-0.056,-0.122,-0.066,0.089,0.005,-0.093,0.130,0.170,0.012,-0.154,-0.144,-0.104
-0.060,-0.125,-0.065,0.093,0.003,-0.095,0.130,0.170,0.020,-0.150,-0.140,-0.100
-0.057,-0.117,-0.061,0.087,0.003,-0.088,0.130,0.174,0.024,-0.138,-0.128,-0.096
-0.051,-0.111,-0.060,0.081,0.005,-0.085,0.129,0.179,0.030,-0.128,-0.118,-0.092
-0.051,-0.109,-0.058,0.080,0.004,-0.083,0.132,0.180,0.040,-0.122,-0.111,-0.088
-0.048,-0.103,-0.055,0.076,0.004,-0.079,0.135,0.189,0.046,-0.112,-0.103,-0.084
-0.040,-0.095,-0.055,0.068,0.008,-0.075,0.135,0.210,0.050,-0.100,-0.095,-0.080
-0.040,-0.091,-0.051,0.065,0.006,-0.071,0.148,0.218,0.065,-0.092,-0.087,-0.080
-0.039,-0.088,-0.049,0.063,0.006,-0.068,0.148,0.232,0.084,-0.085,-0.079,-0.077
-0.030,-0.081,-0.051,0.055,0.011,-0.065,0.144,0.243,0.092,-0.074,-0.071,-0.073
-0.034,-0.084,-0.049,0.059,0.007,-0.066,0.144,0.247,0.099,-0.063,-0.064,-0.069
-0.055,-0.100,-0.045,0.078,-0.005,-0.072,0.140,0.260,0.115,-0.055,-0.060,-0.065
-0.044,-0.089,-0.045,0.067,0.001,-0.067,0.140,0.268,0.114,-0.043,-0.056,-0.061
-0.036,-0.078,-0.042,0.057,0.004,-0.060,0.137,0.275,0.125,-0.034,-0.049,-0.057
-0.032,-0.072,-0.040,0.052,0.004,-0.055,0.135,0.287,0.143,-0.024,-0.042,-0.054
-0.023,-0.062,-0.039,0.043,0.009,-0.050,0.134,0.304,0.160,-0.013,-0.040,-0.048
-0.015,-0.050,-0.035,0.033,0.010,-0.042,0.130,0.320,0.180,-0.005,-0.035,-0.035
-0.007,-0.042,-0.035,0.025,0.014,-0.038,0.130,0.336,0.200,0.007,-0.023,-0.027
0.002,-0.034,-0.036,0.016,0.019,-0.035,0.131,0.354,0.220,0.019,-0.014,-0.019
0.005,-0.026,-0.031,0.011,0.018,-0.028,0.128,0.376,0.238,0.031,-0.004,-0.011
0.006,-0.018,-0.023,0.006,0.015,-0.020,0.125,0.393,0.254,0.043,0.007,-0.003
0.010,-0.010,-0.020,0.000,0.015,-0.015,0.125,0.405,0.275,0.055,0.015,0.005
0.010,-0.006,-0.016,-0.001,0.013,-0.011,0.121,0.434,0.296,0.071,0.027,0.013
0.013,0.001,-0.012,-0.006,0.012,-0.005,0.120,0.447,0.308,0.085,0.037,0.019
0.017,0.009,-0.008,-0.013,0.012,0.001,0.118,0.456,0.325,0.095,0.043,0.018
0.021,0.017,-0.004,-0.018,0.012,0.006,0.115,0.476,0.351,0.118,0.055,0.024
0.020,0.020,0.000,-0.020,0.010,0.010,0.115,0.500,0.375,0.150,0.075,0.045
0.010,0.014,0.004,-0.012,0.003,0.009,0.111,0.524,0.395,0.158,0.083,0.049
0.022,0.030,0.009,-0.026,0.006,0.019,0.109,0.546,0.415,0.174,0.094,0.062
0.032,0.042,0.010,-0.037,0.011,0.026,0.111,0.562,0.436,0.192,0.105,0.074
0.022,0.032,0.011,-0.027,0.005,0.021,0.109,0.573,0.453,0.203,0.112,0.075
0.020,0.035,0.015,-0.028,0.002,0.025,0.105,0.590,0.465,0.220,0.125,0.080
0.049,0.069,0.019,-0.059,0.015,0.044,0.105,0.619,0.493,0.241,0.154,0.105
0.057,0.077,0.021,-0.067,0.017,0.048,0.105,0.637,0.513,0.255,0.172,0.116
0.059,0.078,0.019,-0.069,0.020,0.048,0.105,0.640,0.530,0.265,0.177,0.114
0.081,0.094,0.013,-0.088,0.034,0.054,0.105,0.651,0.557,0.288,0.190,0.125
0.090,0.105,0.015,-0.098,0.037,0.060,0.105,0.680,0.580,0.320,0.210,0.145
0.063,0.099,0.036,-0.081,0.013,0.068,0.101,0.692,0.592,0.328,0.208,0.145
0.074,0.114,0.039,-0.095,0.017,0.077,0.100,0.710,0.609,0.347,0.227,0.155
0.099,0.131,0.032,-0.115,0.033,0.081,0.100,0.725,0.631,0.369,0.246,0.173
0.107,0.137,0.029,-0.122,0.038,0.083,0.100,0.733,0.648,0.385,0.253,0.182
0.120,0.145,0.025,-0.133,0.047,0.085,0.100,0.750,0.660,0.405,0.270,0.190
0.127,0.149,0.022,-0.139,0.052,0.085,0.101,0.763,0.680,0.413,0.286,0.203
0.109,0.153,0.044,-0.131,0.032,0.098,0.095,0.770,0.694,0.427,0.300,0.209
0.100,0.158,0.058,-0.129,0.020,0.108,0.086,0.768,0.707,0.442,0.310,0.212
0.114,0.168,0.054,-0.142,0.029,0.111,0.078,0.774,0.724,0.462,0.324,0.224
0.125,0.180,0.055,-0.153,0.035,0.117,0.070,0.790,0.735,0.490,0.340,0.240
0.124,0.179,0.055,-0.152,0.035,0.117,0.062,0.783,0.742,0.497,0.342,0.248
0.134,0.190,0.056,-0.163,0.039,0.123,0.054,0.773,0.755,0.516,0.364,0.255
0.157,0.209,0.051,-0.183,0.053,0.130,0.046,0.768,0.760,0.528,0.376,0.265
0.161,0.214,0.053,-0.188,0.054,0.133,0.047,0.764,0.754,0.533,0.378,0.270
0.135,0.205,0.070,-0.170,0.032,0.137,0.060,0.755,0.750,0.550,0.395,0.265
0.133,0.201,0.067,-0.167,0.033,0.133,0.056,0.746,0.745,0.543,0.388,0.260
0.136,0.198,0.061,-0.167,0.037,0.129,0.054,0.745,0.745,0.534,0.382,0.260
0.133,0.191,0.058,-0.162,0.037,0.124,0.055,0.726,0.728,0.526,0.376,0.259
0.130,0.183,0.054,-0.157,0.038,0.119,0.055,0.693,0.699,0.519,0.369,0.253
0.130,0.180,0.050,-0.155,0.040,0.115,0.055,0.665,0.675,0.510,0.365,0.250
0.127,0.177,0.050,-0.152,0.038,0.113,0.055,0.625,0.632,0.475,0.341,0.252
0.117,0.164,0.047,-0.141,0.034,0.106,0.052,0.589,0.588,0.439,0.321,0.237
0.104,0.147,0.043,-0.126,0.030,0.095,0.049,0.546,0.537,0.397,0.294,0.215
0.092,0.131,0.039,-0.112,0.026,0.085,0.050,0.492,0.475,0.348,0.256,0.194
0.080,0.115,0.035,-0.098,0.022,0.075,0.050,0.445,0.420,0.305,0.225,0.170
0.069,0.099,0.030,-0.084,0.019,0.064,0.050,0.401,0.368,0.261,0.189,0.150
0.052,0.083,0.031,-0.068,0.010,0.056,0.048,0.357,0.319,0.217,0.155,0.127
0.041,0.067,0.027,-0.054,0.007,0.047,0.057,0.314,0.270,0.174,0.127,0.105
0.032,0.050,0.018,-0.041,0.006,0.034,0.073,0.276,0.217,0.136,0.105,0.085
0.015,0.030,0.015,-0.023,0.000,0.022,0.075,0.240,0.165,0.100,0.080,0.060
0.003,0.014,0.011,-0.009,-0.004,0.012,0.075,0.200,0.117,0.056,0.048,0.035
-0.011,-0.004,0.007,0.008,-0.009,0.002,0.078,0.159,0.069,0.014,0.019,0.017
-0.028,-0.026,0.002,0.027,-0.015,-0.012,0.082,0.123,0.022,-0.025,-0.011,0.002
-0.044,-0.043,0.001,0.043,-0.022,-0.021,0.086,0.092,-0.020,-0.065,-0.043,-0.014
-0.050,-0.055,-0.005,0.053,-0.022,-0.030,0.090,0.060,-0.060,-0.105,-0.070,-0.030
-0.040,-0.079,-0.039,0.060,0.000,-0.059,0.094,0.036,-0.094,-0.139,-0.090,-0.046
-0.051,-0.096,-0.045,0.073,-0.003,-0.071,0.098,0.011,-0.112,-0.157,-0.113,-0.061
-0.065,-0.103,-0.038,0.084,-0.013,-0.071,0.100,-0.007,-0.133,-0.177,-0.134,-0.081
-0.064,-0.104,-0.041,0.084,-0.011,-0.072,0.100,-0.018,-0.161,-0.200,-0.148,-0.098
-0.065,-0.105,-0.040,0.085,-0.012,-0.072,0.100,-0.030,-0.180,-0.215,-0.160,-0.100
-0.088,-0.125,-0.038,0.107,-0.025,-0.081,0.100,-0.038,-0.196,-0.236,-0.168,-0.103
-0.079,-0.135,-0.056,0.107,-0.011,-0.096,0.100,-0.048,-0.210,-0.247,-0.176,-0.111
-0.071,-0.136,-0.065,0.104,-0.003,-0.100,0.100,-0.062,-0.218,-0.254,-0.184,-0.118
-0.090,-0.142,-0.051,0.116,-0.019,-0.096,0.101,-0.072,-0.221,-0.262,-0.191,-0.120
-0.095,-0.145,-0.050,0.120,-0.022,-0.097,0.105,-0.080,-0.225,-0.270,-0.195,-0.120
-0.067,-0.143,-0.075,0.105,0.005,-0.109,0.109,-0.089,-0.229,-0.283,-0.202,-0.123
-0.081,-0.161,-0.079,0.121,-0.001,-0.119,0.114,-0.088,-0.233,-0.286,-0.215,-0.135
-0.098,-0.172,-0.074,0.136,-0.012,-0.122,0.115,-0.082,-0.238,-0.285,-0.220,-0.140
-0.087,-0.162,-0.075,0.125,-0.005,-0.119,0.116,-0.080,-0.240,-0.284,-0.213,-0.133
-0.085,-0.160,-0.075,0.123,-0.005,-0.117,0.120,-0.080,-0.240,-0.285,-0.210,-0.130
-0.107,-0.182,-0.075,0.145,-0.016,-0.128,0.120,-0.076,-0.253,-0.298,-0.210,-0.130
-0.106,-0.181,-0.076,0.144,-0.014,-0.128,0.119,-0.075,-0.250,-0.299,-0.207,-0.127
-0.099,-0.172,-0.073,0.136,-0.013,-0.123,0.122,-0.074,-0.242,-0.292,-0.205,-0.125
-0.099,-0.168,-0.070,0.134,-0.015,-0.119,0.125,-0.069,-0.238,-0.289,-0.205,-0.125
-0.090,-0.160,-0.070,0.125,-0.010,-0.115,0.125,-0.065,-0.230,-0.285,-0.200,-0.120
-0.086,-0.156,-0.070,0.121,-0.008,-0.113,0.125,-0.065,-0.226,-0.281,-0.195,-0.115
-0.079,-0.149,-0.070,0.114,-0.004,-0.109,0.123,-0.062,-0.219,-0.276,-0.195,-0.115
-0.073,-0.143,-0.070,0.108,-0.001,-0.107,0.118,-0.060,-0.213,-0.275,-0.193,-0.113
-0.068,-0.137,-0.069,0.103,0.001,-0.103,0.124,-0.059,-0.208,-0.274,-0.190,-0.110
-0.055,-0.120,-0.065,0.088,0.005,-0.092,0.140,-0.050,-0.200,-0.265,-0.190,-0.110
-0.043,-0.104,-0.061,0.074,0.009,-0.082,0.137,-0.042,-0.196,-0.261,-0.186,-0.106
-0.028,-0.088,-0.060,0.058,0.016,-0.074,0.134,-0.034,-0.193,-0.257,-0.182,-0.102
-0.014,-0.073,-0.059,0.044,0.022,-0.066,0.135,-0.026,-0.186,-0.253,-0.178,-0.098
-0.010,-0.063,-0.054,0.037,0.022,-0.058,0.135,-0.018,-0.179,-0.249,-0.174,-0.094
-0.010,-0.060,-0.050,0.035,0.020,-0.055,0.135,-0.010,-0.175,-0.245,-0.170,-0.090
-0.009,-0.060,-0.051,0.035,0.021,-0.055,0.135,-0.002,-0.171,-0.241,-0.166,-0.086
-0.016,-0.060,-0.044,0.038,0.014,-0.052,0.136,0.003,-0.167,-0.237,-0.161,-0.081
-0.023,-0.060,-0.037,0.042,0.007,-0.048,0.133,0.007,-0.163,-0.233,-0.161,-0.081
-0.026,-0.060,-0.034,0.043,0.004,-0.047,0.130,0.010,-0.160,-0.229,-0.166,-0.086
-0.030,-0.060,-0.030,0.045,0.000,-0.045,0.130,0.010,-0.160,-0.225,-0.165,-0.085
-0.038,-0.060,-0.022,0.049,-0.008,-0.041,0.130,0.014,-0.156,-0.221,-0.165,-0.085
-0.043,-0.060,-0.017,0.052,-0.013,-0.038,0.130,0.019,-0.152,-0.217,-0.165,-0.085
-0.047,-0.060,-0.013,0.054,-0.017,-0.036,0.130,0.019,-0.149,-0.213,-0.165,-0.085
-0.051,-0.060,-0.009,0.056,-0.021,-0.034,0.130,0.023,-0.151,-0.209,-0.165,-0.085
-0.055,-0.060,-0.005,0.058,-0.025,-0.032,0.130,0.035,-0.155,-0.205,-0.165,-0.085
-0.055,-0.060,-0.005,0.058,-0.025,-0.032,0.126,0.034,-0.155,-0.205,-0.165,-0.085
-0.057,-0.060,-0.003,0.059,-0.027,-0.031,0.125,0.049,-0.155,-0.205,-0.165,-0.085
-0.063,-0.060,0.003,0.061,-0.033,-0.029,0.125,0.051,-0.155,-0.205,-0.165,-0.085
-0.056,-0.060,-0.004,0.058,-0.026,-0.032,0.125,0.031,-0.155,-0.205,-0.166,-0.086
-0.035,-0.060,-0.025,0.048,-0.005,-0.042,0.125,0.020,-0.155,-0.205,-0.170,-0.090
-0.034,-0.060,-0.026,0.047,-0.004,-0.043,0.125,0.008,-0.155,-0.205,-0.170,-0.090
-0.037,-0.060,-0.024,0.049,-0.007,-0.041,0.126,-0.004,-0.159,-0.207,-0.170,-0.090
-0.031,-0.060,-0.029,0.046,-0.001,-0.044,0.120,-0.016,-0.173,-0.216,-0.170,-0.090
-0.023,-0.060,-0.037,0.042,0.007,-0.048,0.107,-0.027,-0.187,-0.227,-0.170,-0.090
-0.015,-0.060,-0.045,0.038,0.015,-0.052,0.100,-0.035,-0.190,-0.230,-0.170,-0.090
0.002,-0.060,-0.062,0.029,0.032,-0.060,0.092,-0.043,-0.194,-0.233,-0.170,-0.090
0.005,-0.064,-0.070,0.030,0.037,-0.067,0.084,-0.051,-0.195,-0.245,-0.170,-0.090
-0.008,-0.078,-0.070,0.043,0.031,-0.074,0.076,-0.059,-0.197,-0.252,-0.170,-0.090
-0.023,-0.093,-0.070,0.058,0.023,-0.081,0.067,-0.067,-0.201,-0.249,-0.170,-0.090
-0.030,-0.100,-0.070,0.065,0.020,-0.085,0.060,-0.075,-0.205,-0.250,-0.170,-0.090
-0.038,-0.112,-0.074,0.076,0.019,-0.093,0.064,-0.079,-0.217,-0.262,-0.178,-0.094
-0.044,-0.119,-0.075,0.082,0.016,-0.097,0.065,-0.084,-0.224,-0.269,-0.183,-0.097
-0.045,-0.120,-0.075,0.083,0.015,-0.097,0.067,-0.084,-0.227,-0.272,-0.189,-0.104
-0.055,-0.129,-0.074,0.093,0.010,-0.102,0.070,-0.079,-0.231,-0.276,-0.196,-0.111
-0.075,-0.150,-0.075,0.113,0.000,-0.112,0.075,-0.080,-0.235,-0.280,-0.200,-0.115
-0.064,-0.155,-0.092,0.110,0.014,-0.123,0.092,-0.080,-0.235,-0.280,-0.204,-0.127
-0.057,-0.154,-0.097,0.106,0.020,-0.125,0.094,-0.080,-0.235,-0.280,-0.209,-0.134
-0.064,-0.159,-0.094,0.112,0.016,-0.127,0.089,-0.080,-0.236,-0.280,-0.210,-0.135
-0.071,-0.166,-0.095,0.119,0.013,-0.130,0.090,-0.079,-0.233,-0.280,-0.211,-0.136
-0.075,-0.170,-0.095,0.123,0.010,-0.132,0.090,-0.080,-0.230,-0.285,-0.215,-0.140
-0.092,-0.187,-0.095,0.140,0.002,-0.140,0.086,-0.093,-0.246,-0.301,-0.219,-0.139
-0.097,-0.192,-0.095,0.145,-0.001,-0.143,0.084,-0.096,-0.254,-0.310,-0.223,-0.146
-0.094,-0.189,-0.096,0.142,0.001,-0.142,0.086,-0.094,-0.257,-0.310,-0.227,-0.151
-0.097,-0.190,-0.093,0.144,-0.002,-0.141,0.084,-0.095,-0.261,-0.310,-0.231,-0.150
-0.100,-0.190,-0.090,0.145,-0.005,-0.140,0.080,-0.095,-0.265,-0.310,-0.235,-0.150
-0.083,-0.190,-0.107,0.136,0.012,-0.148,0.080,-0.094,-0.270,-0.309,-0.234,-0.149
-0.084,-0.193,-0.109,0.139,0.013,-0.151,0.081,-0.105,-0.267,-0.317,-0.245,-0.160
-0.093,-0.197,-0.104,0.146,0.006,-0.150,0.078,-0.110,-0.264,-0.319,-0.250,-0.165
-0.096,-0.201,-0.105,0.149,0.005,-0.153,0.075,-0.104,-0.265,-0.314,-0.244,-0.159
-0.100,-0.205,-0.105,0.153,0.003,-0.155,0.075,-0.100,-0.265,-0.315,-0.245,-0.160
-0.096,-0.201,-0.105,0.149,0.005,-0.153,0.075,-0.096,-0.265,-0.315,-0.245,-0.160
-0.098,-0.199,-0.102,0.149,0.002,-0.150,0.072,-0.095,-0.265,-0.315,-0.245,-0.160
-0.101,-0.200,-0.099,0.150,-0.001,-0.150,0.069,-0.094,-0.265,-0.315,-0.245,-0.160
-0.100,-0.200,-0.100,0.150,0.000,-0.150,0.070,-0.089,-0.265,-0.314,-0.245,-0.160
-0.100,-0.200,-0.100,0.150,0.000,-0.150,0.070,-0.085,-0.265,-0.310,-0.245,-0.160
-0.100,-0.200,-0.100,0.150,0.000,-0.150,0.066,-0.085,-0.265,-0.310,-0.241,-0.156
-0.099,-0.200,-0.101,0.150,0.001,-0.150,0.064,-0.083,-0.265,-0.310,-0.240,-0.155
-0.102,-0.200,-0.098,0.151,-0.002,-0.149,0.066,-0.077,-0.265,-0.310,-0.240,-0.155
-0.105,-0.200,-0.095,0.153,-0.005,-0.147,0.064,-0.075,-0.265,-0.310,-0.240,-0.155
-0.105,-0.200,-0.095,0.153,-0.005,-0.147,0.060,-0.075,-0.265,-0.310,-0.240,-0.155
-0.105,-0.200,-0.095,0.153,-0.005,-0.147,0.060,-0.071,-0.265,-0.310,-0.240,-0.155
-0.105,-0.200,-0.096,0.153,-0.005,-0.147,0.060,-0.070,-0.265,-0.307,-0.241,-0.156
-0.106,-0.199,-0.093,0.152,-0.006,-0.146,0.060,-0.070,-0.265,-0.304,-0.238,-0.153
-0.113,-0.203,-0.090,0.158,-0.012,-0.146,0.061,-0.070,-0.265,-0.305,-0.235,-0.150
-0.125,-0.215,-0.090,0.170,-0.017,-0.152,0.065,-0.070,-0.265,-0.305,-0.235,-0.150
-0.122,-0.212,-0.090,0.167,-0.016,-0.151,0.065,-0.077,-0.265,-0.305,-0.235,-0.150
-0.116,-0.207,-0.090,0.161,-0.012,-0.148,0.065,-0.092,-0.265,-0.306,-0.235,-0.150
-0.115,-0.203,-0.088,0.159,-0.013,-0.145,0.065,-0.091,-0.266,-0.303,-0.235,-0.150
-0.106,-0.199,-0.093,0.153,-0.007,-0.146,0.065,-0.078,-0.262,-0.300,-0.235,-0.149
-0.090,-0.195,-0.105,0.143,0.008,-0.150,0.065,-0.070,-0.245,-0.300,-0.235,-0.150
-0.096,-0.190,-0.094,0.143,-0.001,-0.142,0.065,-0.037,-0.229,-0.300,-0.239,-0.166
-0.112,-0.192,-0.080,0.152,-0.016,-0.135,0.070,-0.015,-0.212,-0.300,-0.246,-0.178
-0.111,-0.183,-0.072,0.148,-0.020,-0.127,0.112,0.047,-0.202,-0.299,-0.268,-0.197
-0.097,-0.167,-0.070,0.131,-0.013,-0.118,0.164,0.167,-0.180,-0.303,-0.278,-0.209
-0.080,-0.150,-0.070,0.115,-0.005,-0.110,0.185,0.300,-0.110,-0.300,-0.250,-0.195
-0.048,-0.114,-0.066,0.081,0.009,-0.090,0.207,0.436,-0.003,-0.236,-0.227,-0.191
-0.018,-0.083,-0.065,0.051,0.024,-0.074,0.208,0.532,0.110,-0.153,-0.187,-0.148
0.024,-0.039,-0.063,0.008,0.044,-0.051,0.205,0.574,0.236,-0.061,-0.115,-0.100
0.078,0.019,-0.060,-0.048,0.068,-0.020,0.194,0.516,0.364,0.066,-0.001,-0.038
0.135,0.075,-0.060,-0.105,0.097,0.007,0.135,0.320,0.460,0.230,0.155,0.090
0.218,0.162,-0.056,-0.190,0.137,0.053,0.000,0.027,0.521,0.405,0.329,0.242
0.340,0.285,-0.056,-0.312,0.198,0.114,-0.236,-0.456,0.543,0.628,0.562,0.429
0.479,0.427,-0.052,-0.453,0.265,0.188,-0.480,-0.947,0.549,0.886,0.829,0.646
0.585,0.533,-0.052,-0.559,0.318,0.240,-0.685,-1.251,0.601,1.151,1.089,0.862
0.625,0.575,-0.050,-0.600,0.337,0.262,-0.875,-1.400,0.705,1.410,1.335,1.060
0.631,0.641,0.010,-0.637,0.310,0.326,-1.031,-1.567,0.748,1.672,1.573,1.250
0.692,0.750,0.059,-0.721,0.316,0.405,-1.193,-1.802,0.708,1.951,1.796,1.419
0.723,0.879,0.156,-0.801,0.283,0.517,-1.336,-2.017,0.660,2.199,1.994,1.582
0.701,0.925,0.223,-0.813,0.239,0.573,-1.446,-2.134,0.587,2.261,2.075,1.681
0.685,0.785,0.100,-0.735,0.292,0.442,-1.500,-2.120,0.450,2.040,1.955,1.635
0.626,0.526,-0.100,-0.576,0.363,0.213,-1.419,-1.964,0.349,1.678,1.716,1.499
0.569,0.327,-0.242,-0.448,0.405,0.043,-1.308,-1.842,0.127,1.284,1.420,1.312
0.502,0.215,-0.286,-0.358,0.394,-0.035,-1.200,-1.752,-0.162,0.851,1.111,1.124
0.413,0.109,-0.304,-0.261,0.359,-0.097,-1.086,-1.632,-0.405,0.420,0.821,0.952
0.330,-0.005,-0.335,-0.162,0.333,-0.170,-0.955,-1.470,-0.600,0.045,0.545,0.765
0.250,-0.036,-0.287,-0.107,0.269,-0.162,-0.787,-1.256,-0.760,-0.328,0.251,0.552
0.168,-0.062,-0.229,-0.053,0.199,-0.146,-0.633,-1.039,-0.769,-0.491,0.027,0.359
0.099,-0.079,-0.177,-0.010,0.139,-0.128,-0.498,-0.832,-0.673,-0.479,-0.076,0.231
0.039,-0.074,-0.113,0.018,0.076,-0.093,-0.378,-0.659,-0.580,-0.427,-0.099,0.159
-0.015,-0.075,-0.060,0.045,0.023,-0.067,-0.290,-0.545,-0.515,-0.385,-0.120,0.095
-0.017,-0.075,-0.058,0.046,0.021,-0.066,-0.229,-0.443,-0.455,-0.353,-0.150,0.032
-0.016,-0.077,-0.061,0.046,0.023,-0.068,-0.169,-0.358,-0.397,-0.322,-0.161,-0.001
-0.010,-0.069,-0.060,0.039,0.025,-0.064,-0.115,-0.267,-0.343,-0.304,-0.159,-0.019
-0.017,-0.077,-0.060,0.047,0.022,-0.069,-0.067,-0.183,-0.285,-0.298,-0.161,-0.041
-0.055,-0.115,-0.060,0.085,0.003,-0.087,-0.020,-0.130,-0.235,-0.290,-0.165,-0.060
-0.059,-0.119,-0.060,0.089,0.001,-0.089,0.002,-0.072,-0.221,-0.286,-0.164,-0.071
-0.075,-0.135,-0.060,0.105,-0.008,-0.098,0.016,-0.039,-0.215,-0.280,-0.176,-0.092
-0.103,-0.163,-0.060,0.133,-0.021,-0.111,0.036,-0.020,-0.206,-0.270,-0.193,-0.118
-0.116,-0.176,-0.060,0.146,-0.027,-0.117,0.061,-0.001,-0.198,-0.264,-0.202,-0.132
-0.110,-0.170,-0.060,0.140,-0.025,-0.115,0.080,0.010,-0.190,-0.260,-0.205,-0.130
-0.110,-0.169,-0.060,0.140,-0.025,-0.115,0.085,0.018,-0.182,-0.256,-0.205,-0.130
-0.111,-0.171,-0.060,0.141,-0.025,-0.115,0.084,0.025,-0.174,-0.255,-0.204,-0.130
-0.109,-0.168,-0.059,0.139,-0.025,-0.114,0.087,0.036,-0.168,-0.253,-0.207,-0.130
-0.112,-0.165,-0.052,0.139,-0.029,-0.108,0.090,0.047,-0.164,-0.250,-0.210,-0.130
-0.115,-0.165,-0.050,0.140,-0.032,-0.107,0.090,0.055,-0.160,-0.250,-0.210,-0.130
-0.090,-0.165,-0.075,0.127,-0.007,-0.120,0.106,0.063,-0.160,-0.246,-0.210,-0.128
-0.086,-0.165,-0.080,0.126,-0.003,-0.122,0.115,0.068,-0.158,-0.245,-0.207,-0.143
-0.090,-0.163,-0.073,0.127,-0.008,-0.118,0.114,0.074,-0.152,-0.243,-0.205,-0.150
-0.084,-0.160,-0.076,0.122,-0.004,-0.117,0.118,0.081,-0.150,-0.240,-0.204,-0.144
-0.085,-0.160,-0.075,0.123,-0.005,-0.117,0.130,0.085,-0.150,-0.240,-0.200,-0.145
-0.090,-0.160,-0.071,0.125,-0.009,-0.116,0.126,0.089,-0.142,-0.236,-0.200,-0.141
-0.088,-0.157,-0.069,0.122,-0.009,-0.113,0.124,0.094,-0.133,-0.235,-0.201,-0.140
-0.083,-0.155,-0.071,0.119,-0.005,-0.112,0.125,0.095,-0.128,-0.233,-0.198,-0.138
-0.087,-0.155,-0.068,0.121,-0.009,-0.111,0.125,0.096,-0.123,-0.230,-0.195,-0.135
-0.090,-0.155,-0.065,0.123,-0.012,-0.110,0.125,0.105,-0.115,-0.230,-0.195,-0.135
-0.065,-0.155,-0.091,0.111,0.013,-0.123,0.125,0.110,-0.107,-0.226,-0.191,-0.131
-0.060,-0.152,-0.092,0.107,0.016,-0.121,0.125,0.111,-0.102,-0.225,-0.189,-0.130
-0.068,-0.149,-0.082,0.109,0.007,-0.115,0.125,0.123,-0.097,-0.222,-0.190,-0.128
-0.072,-0.150,-0.078,0.111,0.003,-0.114,0.125,0.137,-0.088,-0.213,-0.189,-0.125
-0.080,-0.150,-0.070,0.115,-0.005,-0.110,0.125,0.140,-0.080,-0.205,-0.185,-0.125
-0.084,-0.150,-0.066,0.118,-0.009,-0.108,0.125,0.144,-0.072,-0.201,-0.181,-0.121
-0.088,-0.147,-0.059,0.119,-0.014,-0.103,0.125,0.148,-0.064,-0.195,-0.177,-0.116
-0.090,-0.143,-0.053,0.117,-0.018,-0.098,0.125,0.152,-0.056,-0.185,-0.173,-0.115
-0.091,-0.139,-0.048,0.115,-0.021,-0.094,0.125,0.157,-0.048,-0.179,-0.169,-0.114
-0.090,-0.135,-0.045,0.113,-0.022,-0.090,0.125,0.165,-0.040,-0.175,-0.165,-0.110
-0.069,-0.131,-0.062,0.101,-0.004,-0.096,0.125,0.170,-0.028,-0.167,-0.161,-0.110
-0.063,-0.127,-0.064,0.095,0.001,-0.095,0.126,0.168,-0.019,-0.158,-0.154,-0.108
-0.066,-0.123,-0.057,0.095,-0.004,-0.090,0.122,0.177,-0.011,-0.153,-0.145,-0.102
-0.064,-0.118,-0.054,0.092,-0.005,-0.086,0.130,0.193,-0.003,-0.148,-0.139,-0.100
-0.060,-0.110,-0.050,0.085,-0.005,-0.080,0.155,0.200,0.005,-0.140,-0.135,-0.100
-0.056,-0.102,-0.046,0.079,-0.005,-0.073,0.152,0.212,0.013,-0.132,-0.127,-0.096
-0.055,-0.097,-0.042,0.076,-0.006,-0.069,0.149,0.221,0.020,-0.127,-0.118,-0.095
-0.054,-0.092,-0.038,0.073,-0.007,-0.065,0.148,0.229,0.031,-0.122,-0.113,-0.094
-0.049,-0.083,-0.034,0.066,-0.007,-0.058,0.145,0.237,0.042,-0.113,-0.108,-0.089
-0.045,-0.075,-0.030,0.060,-0.007,-0.052,0.145,0.245,0.045,-0.105,-0.100,-0.085
-0.041,-0.071,-0.030,0.056,-0.005,-0.051,0.141,0.253,0.052,-0.097,-0.096,-0.081
-0.037,-0.064,-0.027,0.051,-0.005,-0.045,0.140,0.260,0.064,-0.089,-0.089,-0.077
-0.033,-0.057,-0.024,0.046,-0.004,-0.040,0.138,0.272,0.076,-0.081,-0.083,-0.072
-0.029,-0.054,-0.025,0.042,-0.001,-0.040,0.135,0.290,0.088,-0.073,-0.078,-0.070
-0.025,-0.050,-0.025,0.038,0.000,-0.037,0.135,0.310,0.100,-0.065,-0.070,-0.070
-0.021,-0.042,-0.021,0.031,0.000,-0.031,0.131,0.322,0.115,-0.053,-0.066,-0.062
-0.017,-0.037,-0.020,0.027,0.002,-0.028,0.130,0.334,0.135,-0.041,-0.059,-0.056
-0.013,-0.031,-0.018,0.022,0.003,-0.024,0.128,0.346,0.154,-0.029,-0.051,-0.054
-0.018,-0.032,-0.014,0.026,-0.002,-0.023,0.124,0.358,0.168,-0.018,-0.043,-0.048
-0.030,-0.045,-0.015,0.038,-0.007,-0.030,0.125,0.370,0.180,-0.010,-0.035,-0.040
-0.023,-0.038,-0.015,0.031,-0.003,-0.027,0.125,0.386,0.195,0.006,-0.027,-0.036
-0.016,-0.028,-0.012,0.022,-0.001,-0.020,0.122,0.403,0.216,0.022,-0.018,-0.033
-0.013,-0.021,-0.008,0.017,-0.002,-0.014,0.119,0.417,0.232,0.038,-0.014,-0.025
-0.009,-0.013,-0.004,0.011,-0.002,-0.008,0.120,0.436,0.243,0.053,-0.006,-0.012
-0.005,-0.005,0.000,0.005,-0.002,-0.002,0.120,0.465,0.260,0.065,0.015,0.000
-0.001,0.003,0.004,-0.002,-0.003,0.004,0.116,0.485,0.288,0.080,0.031,0.013
0.001,0.009,0.008,-0.006,-0.004,0.008,0.114,0.508,0.313,0.100,0.047,0.020
0.012,0.025,0.013,-0.019,0.000,0.018,0.116,0.528,0.337,0.119,0.064,0.033
0.028,0.043,0.015,-0.036,0.006,0.028,0.114,0.545,0.360,0.132,0.078,0.048
0.035,0.045,0.010,-0.040,0.012,0.027,0.110,0.565,0.380,0.140,0.085,0.055
0.044,0.048,0.005,-0.046,0.019,0.026,0.110,0.577,0.405,0.159,0.089,0.063
0.046,0.056,0.010,-0.051,0.018,0.032,0.111,0.594,0.422,0.181,0.094,0.068
0.045,0.064,0.020,-0.055,0.012,0.042,0.108,0.617,0.441,0.197,0.109,0.073
0.045,0.072,0.026,-0.059,0.010,0.048,0.105,0.640,0.466,0.216,0.131,0.083
0.045,0.075,0.030,-0.060,0.007,0.052,0.105,0.660,0.485,0.240,0.150,0.095
0.039,0.077,0.038,-0.058,0.001,0.057,0.105,0.680,0.499,0.251,0.161,0.102
0.053,0.099,0.046,-0.076,0.003,0.073,0.102,0.699,0.532,0.278,0.182,0.120
0.075,0.128,0.053,-0.102,0.011,0.090,0.099,0.722,0.563,0.309,0.208,0.138
0.078,0.133,0.055,-0.106,0.011,0.094,0.100,0.737,0.577,0.321,0.221,0.147
0.070,0.125,0.055,-0.098,0.007,0.090,0.100,0.740,0.590,0.325,0.225,0.155
0.099,0.154,0.055,-0.127,0.022,0.104,0.096,0.757,0.620,0.354,0.242,0.172
0.107,0.162,0.055,-0.135,0.026,0.108,0.092,0.759,0.629,0.364,0.245,0.179
0.093,0.149,0.056,-0.121,0.018,0.102,0.088,0.768,0.636,0.372,0.252,0.181
0.101,0.155,0.054,-0.129,0.024,0.104,0.084,0.789,0.654,0.397,0.276,0.188
0.125,0.180,0.055,-0.153,0.035,0.117,0.080,0.800,0.670,0.420,0.295,0.200
0.100,0.180,0.081,-0.141,0.010,0.130,0.080,0.812,0.686,0.432,0.302,0.204
0.103,0.187,0.084,-0.145,0.009,0.135,0.077,0.823,0.705,0.449,0.318,0.213
0.123,0.203,0.079,-0.163,0.022,0.140,0.073,0.822,0.726,0.472,0.342,0.228
0.132,0.211,0.079,-0.171,0.026,0.145,0.069,0.813,0.744,0.488,0.357,0.243
0.140,0.215,0.075,-0.178,0.032,0.145,0.065,0.810,0.750,0.495,0.360,0.250
0.153,0.228,0.075,-0.191,0.039,0.151,0.061,0.806,0.738,0.508,0.364,0.251
0.156,0.228,0.072,-0.192,0.042,0.150,0.059,0.802,0.729,0.506,0.367,0.248
0.154,0.224,0.070,-0.189,0.042,0.146,0.062,0.797,0.719,0.495,0.375,0.257
0.156,0.225,0.069,-0.191,0.043,0.147,0.065,0.795,0.708,0.488,0.379,0.264
0.160,0.225,0.065,-0.193,0.047,0.145,0.065,0.790,0.700,0.480,0.370,0.250
0.156,0.221,0.065,-0.189,0.045,0.143,0.065,0.763,0.687,0.472,0.362,0.242
0.157,0.219,0.062,-0.188,0.048,0.140,0.065,0.735,0.682,0.463,0.353,0.231
0.162,0.222,0.060,-0.192,0.051,0.141,0.065,0.700,0.657,0.460,0.350,0.221
0.157,0.217,0.059,-0.187,0.049,0.138,0.065,0.654,0.609,0.449,0.339,0.212
0.140,0.195,0.055,-0.168,0.042,0.125,0.065,0.610,0.565,0.410,0.305,0.200
0.120,0.175,0.055,-0.148,0.032,0.115,0.065,0.562,0.509,0.375,0.273,0.194
0.102,0.154,0.052,-0.129,0.025,0.102,0.068,0.517,0.456,0.330,0.241,0.170
0.088,0.138,0.050,-0.113,0.018,0.094,0.071,0.473,0.401,0.281,0.209,0.142
0.070,0.118,0.049,-0.094,0.010,0.083,0.070,0.429,0.340,0.233,0.177,0.119
0.045,0.085,0.040,-0.065,0.002,0.062,0.070,0.385,0.285,0.185,0.145,0.095
0.024,0.056,0.032,-0.040,-0.004,0.044,0.070,0.337,0.233,0.140,0.113,0.075
0.013,0.037,0.024,-0.025,-0.006,0.030,0.070,0.292,0.181,0.100,0.080,0.057
0.008,0.024,0.016,-0.016,-0.004,0.020,0.070,0.247,0.129,0.060,0.051,0.043
0.003,0.011,0.008,-0.007,-0.003,0.009,0.070,0.198,0.077,0.021,0.022,0.024
-0.005,-0.005,0.000,0.005,-0.002,-0.002,0.070,0.155,0.025,-0.015,-0.010,0.000
-0.007,-0.016,-0.009,0.011,0.001,-0.012,0.074,0.123,-0.016,-0.051,-0.041,-0.019
-0.030,-0.039,-0.009,0.035,-0.011,-0.024,0.079,0.090,-0.054,-0.090,-0.079,-0.046
-0.054,-0.054,0.000,0.054,-0.027,-0.026,0.079,0.062,-0.097,-0.129,-0.106,-0.071
-0.052,-0.057,-0.005,0.055,-0.023,-0.030,0.082,0.040,-0.131,-0.155,-0.118,-0.081
-0.045,-0.075,-0.030,0.060,-0.007,-0.052,0.095,0.020,-0.150,-0.170,-0.130,-0.085
-0.069,-0.100,-0.031,0.085,-0.018,-0.065,0.096,0.004,-0.183,-0.195,-0.146,-0.110
-0.081,-0.111,-0.029,0.096,-0.026,-0.070,0.095,-0.012,-0.201,-0.209,-0.160,-0.121
-0.078,-0.108,-0.030,0.093,-0.024,-0.069,0.095,-0.028,-0.211,-0.223,-0.170,-0.119
-0.084,-0.114,-0.030,0.099,-0.027,-0.072,0.095,-0.043,-0.221,-0.237,-0.176,-0.121
-0.100,-0.130,-0.030,0.115,-0.035,-0.080,0.095,-0.055,-0.225,-0.245,-0.185,-0.130
-0.097,-0.127,-0.030,0.112,-0.033,-0.078,0.095,-0.067,-0.246,-0.266,-0.205,-0.138
-0.094,-0.125,-0.031,0.109,-0.031,-0.077,0.093,-0.074,-0.253,-0.273,-0.222,-0.146
-0.096,-0.124,-0.028,0.110,-0.033,-0.076,0.101,-0.074,-0.263,-0.281,-0.224,-0.153
-0.094,-0.128,-0.034,0.111,-0.030,-0.080,0.111,-0.077,-0.276,-0.291,-0.220,-0.155
-0.095,-0.145,-0.050,0.120,-0.022,-0.097,0.110,-0.085,-0.270,-0.290,-0.220,-0.155
-0.112,-0.159,-0.047,0.136,-0.033,-0.102,0.110,-0.082,-0.270,-0.290,-0.216,-0.168
-0.114,-0.158,-0.044,0.137,-0.035,-0.101,0.110,-0.077,-0.270,-0.291,-0.215,-0.169
-0.107,-0.153,-0.046,0.130,-0.030,-0.099,0.110,-0.073,-0.270,-0.289,-0.213,-0.163
-0.105,-0.149,-0.044,0.127,-0.030,-0.096,0.110,-0.070,-0.270,-0.293,-0.209,-0.159
-0.105,-0.145,-0.040,0.125,-0.032,-0.092,0.110,-0.070,-0.270,-0.305,-0.210,-0.155
-0.101,-0.141,-0.040,0.121,-0.031,-0.090,0.110,-0.066,-0.270,-0.302,-0.211,-0.155
-0.096,-0.136,-0.041,0.116,-0.027,-0.088,0.110,-0.061,-0.270,-0.297,-0.207,-0.153
-0.098,-0.136,-0.038,0.117,-0.029,-0.086,0.110,-0.060,-0.270,-0.293,-0.205,-0.147
-0.099,-0.133,-0.035,0.116,-0.032,-0.084,0.110,-0.059,-0.270,-0.289,-0.204,-0.145
-0.085,-0.120,-0.035,0.103,-0.025,-0.077,0.110,-0.055,-0.270,-0.285,-0.200,-0.145
-0.073,-0.108,-0.035,0.091,-0.019,-0.071,0.110,-0.050,-0.271,-0.280,-0.200,-0.141
-0.061,-0.096,-0.036,0.079,-0.012,-0.066,0.113,-0.051,-0.265,-0.280,-0.197,-0.137
-0.050,-0.083,-0.033,0.067,-0.009,-0.058,0.117,-0.047,-0.256,-0.277,-0.194,-0.134
-0.053,-0.083,-0.030,0.068,-0.011,-0.056,0.121,-0.038,-0.248,-0.268,-0.195,-0.136
-0.065,-0.095,-0.030,0.080,-0.017,-0.062,0.125,-0.030,-0.240,-0.260,-0.195,-0.140
-0.054,-0.080,-0.026,0.068,-0.014,-0.053,0.128,-0.022,-0.232,-0.256,-0.191,-0.140
-0.040,-0.065,-0.025,0.053,-0.007,-0.045,0.137,-0.014,-0.223,-0.250,-0.187,-0.140
-0.032,-0.055,-0.023,0.043,-0.004,-0.038,0.139,-0.006,-0.218,-0.240,-0.183,-0.140
-0.021,-0.041,-0.020,0.031,0.000,-0.030,0.135,0.002,-0.213,-0.234,-0.180,-0.140
-0.010,-0.030,-0.020,0.020,0.005,-0.025,0.135,0.010,-0.205,-0.230,-0.180,-0.140
-0.018,-0.030,-0.012,0.023,-0.003,-0.021,0.131,0.011,-0.201,-0.226,-0.176,-0.140
-0.023,-0.030,-0.007,0.027,-0.008,-0.018,0.129,0.009,-0.197,-0.225,-0.171,-0.140
-0.029,-0.030,-0.001,0.029,-0.014,-0.015,0.131,0.013,-0.193,-0.223,-0.170,-0.140
-0.036,-0.030,0.006,0.033,-0.021,-0.011,0.129,0.023,-0.189,-0.220,-0.169,-0.140
-0.040,-0.030,0.010,0.035,-0.025,-0.010,0.125,0.030,-0.185,-0.220,-0.165,-0.140
-0.048,-0.030,0.018,0.039,-0.033,-0.006,0.125,0.030,-0.180,-0.216,-0.161,-0.140
-0.055,-0.030,0.025,0.042,-0.040,-0.002,0.126,0.030,-0.183,-0.215,-0.160,-0.140
-0.053,-0.030,0.023,0.041,-0.038,-0.003,0.123,0.030,-0.186,-0.213,-0.160,-0.140
-0.042,-0.030,0.012,0.036,-0.027,-0.009,0.120,0.030,-0.185,-0.210,-0.160,-0.140
-0.040,-0.030,0.010,0.035,-0.025,-0.010,0.120,0.030,-0.185,-0.210,-0.160,-0.140
-0.066,-0.030,0.036,0.048,-0.051,0.003,0.120,0.030,-0.189,-0.206,-0.160,-0.140
-0.067,-0.030,0.037,0.048,-0.052,0.003,0.117,0.032,-0.190,-0.204,-0.160,-0.140
-0.056,-0.030,0.026,0.043,-0.041,-0.002,0.114,0.024,-0.190,-0.206,-0.160,-0.140
-0.054,-0.030,0.025,0.042,-0.039,-0.002,0.116,0.006,-0.190,-0.212,-0.160,-0.140
-0.050,-0.030,0.020,0.040,-0.035,-0.005,0.115,-0.010,-0.195,-0.220,-0.160,-0.140
-0.042,-0.030,0.012,0.036,-0.027,-0.009,0.103,-0.026,-0.207,-0.232,-0.167,-0.140
-0.034,-0.028,0.006,0.031,-0.020,-0.011,0.094,-0.042,-0.216,-0.245,-0.180,-0.140
-0.041,-0.036,0.005,0.038,-0.023,-0.015,0.084,-0.057,-0.224,-0.253,-0.186,-0.140
-0.041,-0.045,-0.005,0.043,-0.018,-0.025,0.073,-0.067,-0.231,-0.255,-0.185,-0.140
-0.020,-0.045,-0.025,0.033,0.003,-0.035,0.065,-0.070,-0.235,-0.255,-0.185,-0.140
-0.039,-0.061,-0.022,0.050,-0.008,-0.041,0.053,-0.074,-0.243,-0.255,-0.185,-0.140
-0.051,-0.067,-0.016,0.059,-0.017,-0.042,0.042,-0.078,-0.248,-0.255,-0.185,-0.143
-0.050,-0.063,-0.014,0.057,-0.017,-0.038,0.041,-0.082,-0.252,-0.256,-0.184,-0.146
-0.059,-0.067,-0.008,0.063,-0.025,-0.037,0.045,-0.085,-0.256,-0.263,-0.187,-0.145
-0.075,-0.080,-0.005,0.078,-0.035,-0.042,0.045,-0.085,-0.260,-0.275,-0.200,-0.145
-0.066,-0.085,-0.020,0.076,-0.023,-0.052,0.049,-0.085,-0.265,-0.275,-0.208,-0.145
-0.043,-0.083,-0.040,0.064,-0.001,-0.061,0.049,-0.085,-0.263,-0.282,-0.219,-0.147
-0.048,-0.093,-0.045,0.071,-0.001,-0.068,0.054,-0.085,-0.275,-0.297,-0.228,-0.156
-0.067,-0.107,-0.039,0.087,-0.014,-0.072,0.069,-0.085,-0.291,-0.307,-0.231,-0.166
-0.070,-0.110,-0.040,0.090,-0.015,-0.075,0.080,-0.085,-0.285,-0.310,-0.235,-0.170
-0.090,-0.130,-0.040,0.110,-0.025,-0.085,0.076,-0.085,-0.285,-0.310,-0.235,-0.182
-0.100,-0.140,-0.040,0.120,-0.030,-0.090,0.075,-0.085,-0.285,-0.309,-0.235,-0.189
-0.100,-0.140,-0.040,0.120,-0.030,-0.090,0.073,-0.087,-0.285,-0.312,-0.236,-0.190
-0.100,-0.140,-0.040,0.120,-0.030,-0.090,0.069,-0.091,-0.285,-0.316,-0.242,-0.191
-0.100,-0.140,-0.040,0.120,-0.030,-0.090,0.070,-0.095,-0.285,-0.315,-0.250,-0.195
-0.104,-0.144,-0.040,0.124,-0.031,-0.092,0.070,-0.099,-0.284,-0.314,-0.257,-0.195
-0.109,-0.145,-0.037,0.127,-0.035,-0.091,0.067,-0.100,-0.291,-0.322,-0.270,-0.197
-0.110,-0.145,-0.034,0.128,-0.037,-0.090,0.064,-0.102,-0.298,-0.324,-0.276,-0.202
-0.110,-0.145,-0.035,0.128,-0.037,-0.090,0.065,-0.105,-0.300,-0.319,-0.275,-0.205
-0.115,-0.150,-0.035,0.133,-0.040,-0.092,0.065,-0.105,-0.300,-0.320,-0.275,-0.205
-0.131,-0.166,-0.035,0.149,-0.048,-0.100,0.061,-0.118,-0.296,-0.320,-0.275,-0.205
-0.140,-0.175,-0.035,0.158,-0.052,-0.105,0.059,-0.118,-0.294,-0.320,-0.275,-0.205
-0.140,-0.175,-0.035,0.158,-0.052,-0.105,0.061,-0.114,-0.296,-0.320,-0.275,-0.205
-0.141,-0.175,-0.034,0.158,-0.053,-0.105,0.059,-0.114,-0.294,-0.320,-0.275,-0.205
-0.140,-0.175,-0.035,0.158,-0.052,-0.105,0.055,-0.110,-0.290,-0.320,-0.275,-0.205
-0.127,-0.175,-0.048,0.151,-0.039,-0.111,0.055,-0.110,-0.290,-0.320,-0.275,-0.205
-0.124,-0.175,-0.051,0.149,-0.036,-0.113,0.052,-0.107,-0.290,-0.320,-0.275,-0.205
-0.125,-0.175,-0.050,0.150,-0.037,-0.112,0.049,-0.105,-0.290,-0.320,-0.275,-0.205
-0.125,-0.175,-0.050,0.150,-0.037,-0.112,0.050,-0.104,-0.289,-0.320,-0.275,-0.205
-0.125,-0.175,-0.050,0.150,-0.037,-0.112,0.050,-0.100,-0.285,-0.320,-0.275,-0.205
-0.125,-0.175,-0.050,0.150,-0.037,-0.112,0.046,-0.100,-0.285,-0.320,-0.275,-0.205
-0.125,-0.175,-0.050,0.150,-0.037,-0.112,0.044,-0.097,-0.286,-0.317,-0.275,-0.205
-0.125,-0.175,-0.050,0.150,-0.037,-0.112,0.046,-0.095,-0.283,-0.314,-0.275,-0.205
-0.125,-0.175,-0.050,0.150,-0.037,-0.112,0.044,-0.094,-0.280,-0.315,-0.275,-0.205
-0.125,-0.175,-0.050,0.150,-0.037,-0.112,0.040,-0.090,-0.280,-0.315,-0.275,-0.205
-0.125,-0.175,-0.050,0.150,-0.037,-0.112,0.040,-0.086,-0.281,-0.315,-0.275,-0.205
-0.125,-0.175,-0.050,0.150,-0.037,-0.112,0.041,-0.082,-0.278,-0.315,-0.275,-0.205
-0.125,-0.175,-0.050,0.150,-0.037,-0.112,0.038,-0.080,-0.288,-0.315,-0.275,-0.205
-0.125,-0.175,-0.050,0.150,-0.037,-0.112,0.035,-0.080,-0.301,-0.315,-0.275,-0.204
-0.125,-0.175,-0.050,0.150,-0.037,-0.112,0.035,-0.085,-0.300,-0.315,-0.275,-0.205
-0.125,-0.175,-0.050,0.150,-0.037,-0.112,0.031,-0.107,-0.314,-0.315,-0.275,-0.218
-0.125,-0.174,-0.050,0.150,-0.037,-0.112,0.029,-0.103,-0.305,-0.315,-0.275,-0.219
-0.126,-0.177,-0.051,0.151,-0.037,-0.113,0.031,-0.092,-0.288,-0.315,-0.275,-0.212
-0.123,-0.172,-0.049,0.148,-0.037,-0.110,0.038,-0.070,-0.277,-0.315,-0.274,-0.211
-0.115,-0.155,-0.040,0.135,-0.037,-0.097,0.055,-0.020,-0.265,-0.315,-0.275,-0.220
-0.111,-0.144,-0.033,0.127,-0.039,-0.088,0.073,0.017,-0.258,-0.317,-0.289,-0.235
-0.105,-0.123,-0.018,0.114,-0.043,-0.071,0.114,0.126,-0.207,-0.330,-0.313,-0.259
-0.094,-0.097,-0.004,0.095,-0.045,-0.050,0.163,0.271,-0.151,-0.302,-0.302,-0.259
-0.083,-0.075,0.008,0.078,-0.046,-0.033,0.188,0.410,-0.081,-0.242,-0.261,-0.234
-0.080,-0.055,0.025,0.067,-0.052,-0.015,0.190,0.535,0.040,-0.190,-0.225,-0.215
-0.076,-0.037,0.039,0.056,-0.058,0.001,0.195,0.593,0.150,-0.105,-0.166,-0.179
-0.031,0.001,0.032,0.015,-0.032,0.017,0.155,0.566,0.284,0.003,-0.068,-0.105
0.060,0.081,0.020,-0.071,0.019,0.051,0.113,0.421,0.400,0.149,0.068,0.001
0.165,0.177,0.012,-0.171,0.076,0.095,0.042,0.153,0.470,0.324,0.233,0.129
0.270,0.270,0.000,-0.270,0.135,0.135,-0.145,-0.245,0.515,0.515,0.430,0.295
0.413,0.405,-0.008,-0.409,0.210,0.199,-0.404,-0.776,0.529,0.760,0.688,0.517
0.548,0.529,-0.019,-0.538,0.283,0.255,-0.618,-1.156,0.571,1.015,0.950,0.741
0.624,0.595,-0.030,-0.609,0.327,0.282,-0.804,-1.341,0.658,1.264,1.199,0.944
0.676,0.640,-0.036,-0.658,0.356,0.302,-0.981,-1.488,0.741,1.512,1.439,1.131
0.740,0.730,-0.010,-0.735,0.375,0.360,-1.130,-1.705,0.755,1.770,1.670,1.315
0.740,0.847,0.106,-0.793,0.317,0.476,-1.284,-1.934,0.696,2.040,1.890,1.492
0.720,0.938,0.218,-0.830,0.251,0.578,-1.414,-2.105,0.641,2.188,2.020,1.611
0.697,0.877,0.180,-0.788,0.258,0.529,-1.489,-2.144,0.547,2.059,1.963,1.614
0.658,0.659,0.001,-0.659,0.329,0.330,-1.477,-2.046,0.405,1.712,1.742,1.497
0.605,0.430,-0.175,-0.517,0.390,0.127,-1.385,-1.895,0.240,1.330,1.460,1.315
0.548,0.282,-0.266,-0.414,0.407,0.008,-1.278,-1.787,-0.024,0.922,1.152,1.134
0.462,0.182,-0.280,-0.322,0.371,-0.049,-1.159,-1.694,-0.325,0.486,0.854,0.957
0.358,0.072,-0.286,-0.215,0.322,-0.107,-1.014,-1.544,-0.557,0.098,0.583,0.769
0.263,-0.012,-0.275,-0.125,0.269,-0.143,-0.855,-1.338,-0.720,-0.232,0.315,0.570
0.180,-0.025,-0.205,-0.077,0.193,-0.115,-0.700,-1.125,-0.820,-0.475,0.060,0.380
0.098,-0.046,-0.144,-0.026,0.121,-0.095,-0.553,-0.905,-0.732,-0.465,-0.073,0.220
0.038,-0.050,-0.088,0.006,0.064,-0.068,-0.436,-0.725,-0.626,-0.431,-0.117,0.125
-0.009,-0.042,-0.033,0.026,0.012,-0.037,-0.348,-0.595,-0.557,-0.409,-0.133,0.066
-0.056,-0.039,0.016,0.047,-0.036,-0.011,-0.280,-0.490,-0.495,-0.364,-0.157,0.003
-0.080,-0.035,0.045,0.057,-0.062,0.005,-0.225,-0.390,-0.435,-0.330,-0.180,-0.055
-0.068,-0.034,0.034,0.051,-0.051,0.001,-0.173,-0.292,-0.380,-0.317,-0.177,-0.073
-0.068,-0.045,0.023,0.057,-0.045,-0.011,-0.124,-0.212,-0.320,-0.309,-0.173,-0.089
-0.082,-0.065,0.017,0.073,-0.049,-0.024,-0.074,-0.153,-0.279,-0.301,-0.179,-0.111
-0.092,-0.085,0.007,0.089,-0.050,-0.039,-0.031,-0.102,-0.253,-0.292,-0.187,-0.129
-0.100,-0.105,-0.005,0.103,-0.047,-0.055,-0.005,-0.055,-0.225,-0.280,-0.195,-0.145
-0.105,-0.119,-0.013,0.113,-0.046,-0.066,0.020,-0.034,-0.220,-0.272,-0.212,-0.161
-0.098,-0.118,-0.020,0.108,-0.039,-0.069,0.032,-0.014,-0.218,-0.264,-0.220,-0.176
-0.082,-0.114,-0.032,0.098,-0.024,-0.073,0.041,0.000,-0.213,-0.257,-0.220,-0.181
-0.075,-0.115,-0.040,0.095,-0.017,-0.077,0.051,0.007,-0.209,-0.255,-0.221,-0.180
-0.080,-0.115,-0.035,0.098,-0.022,-0.075,0.050,0.015,-0.205,-0.255,-0.225,-0.180
-0.080,-0.115,-0.035,0.098,-0.022,-0.075,0.049,0.023,-0.201,-0.255,-0.226,-0.180
-0.080,-0.115,-0.035,0.098,-0.022,-0.075,0.056,0.031,-0.197,-0.252,-0.222,-0.180
-0.080,-0.115,-0.035,0.098,-0.022,-0.075,0.064,0.039,-0.193,-0.249,-0.220,-0.180
-0.081,-0.115,-0.034,0.099,-0.023,-0.075,0.073,0.047,-0.189,-0.250,-0.219,-0.179
-0.085,-0.115,-0.030,0.100,-0.027,-0.072,0.085,0.055,-0.185,-0.250,-0.215,-0.180
-0.081,-0.111,-0.030,0.096,-0.026,-0.070,0.089,0.063,-0.181,-0.246,-0.215,-0.197
-0.079,-0.110,-0.030,0.095,-0.025,-0.070,0.093,0.068,-0.177,-0.245,-0.212,-0.198
-0.080,-0.110,-0.030,0.095,-0.025,-0.070,0.097,0.072,-0.173,-0.245,-0.209,-0.194
-0.080,-0.110,-0.030,0.095,-0.025,-0.070,0.100,0.076,-0.169,-0.245,-0.210,-0.194
-0.080,-0.110,-0.030,0.095,-0.025,-0.070,0.100,0.080,-0.165,-0.245,-0.210,-0.190
-0.084,-0.110,-0.026,0.098,-0.029,-0.068,0.100,0.088,-0.157,-0.241,-0.206,-0.190
-0.085,-0.110,-0.025,0.098,-0.030,-0.067,0.100,0.096,-0.152,-0.237,-0.205,-0.191
-0.085,-0.110,-0.025,0.098,-0.030,-0.067,0.100,0.103,-0.146,-0.233,-0.203,-0.188
-0.084,-0.109,-0.025,0.097,-0.029,-0.067,0.100,0.105,-0.139,-0.229,-0.200,-0.185
-0.080,-0.105,-0.025,0.093,-0.027,-0.065,0.100,0.105,-0.135,-0.225,-0.200,-0.185
-0.084,-0.105,-0.021,0.094,-0.031,-0.062,0.100,0.109,-0.127,-0.221,-0.196,-0.181
-0.086,-0.105,-0.020,0.095,-0.033,-0.062,0.100,0.113,-0.122,-0.218,-0.194,-0.179
-0.085,-0.105,-0.020,0.095,-0.032,-0.062,0.100,0.117,-0.117,-0.211,-0.196,-0.181
-0.085,-0.105,-0.020,0.095,-0.032,-0.062,0.100,0.121,-0.108,-0.204,-0.194,-0.179
-0.085,-0.105,-0.020,0.095,-0.032,-0.062,0.100,0.125,-0.100,-0.200,-0.190,-0.175
-0.085,-0.105,-0.020,0.095,-0.032,-0.062,0.096,0.132,-0.092,-0.196,-0.190,-0.175
-0.087,-0.105,-0.017,0.096,-0.034,-0.061,0.095,0.144,-0.084,-0.189,-0.190,-0.172
-0.093,-0.106,-0.012,0.100,-0.040,-0.059,0.095,0.154,-0.075,-0.182,-0.190,-0.169
-0.094,-0.104,-0.010,0.099,-0.041,-0.056,0.095,0.155,-0.069,-0.179,-0.190,-0.170
-0.085,-0.095,-0.010,0.090,-0.037,-0.052,0.095,0.155,-0.065,-0.175,-0.190,-0.170
-0.081,-0.086,-0.006,0.084,-0.037,-0.046,0.095,0.167,-0.053,-0.167,-0.191,-0.166
-0.077,-0.082,-0.005,0.080,-0.036,-0.043,0.095,0.174,-0.043,-0.159,-0.185,-0.164
-0.073,-0.077,-0.004,0.075,-0.035,-0.040,0.095,0.176,-0.037,-0.151,-0.176,-0.165
-0.069,-0.068,0.001,0.068,-0.035,-0.033,0.095,0.183,-0.027,-0.143,-0.168,-0.164
-0.065,-0.060,0.005,0.062,-0.035,-0.027,0.095,0.195,-0.015,-0.135,-0.160,-0.160
-0.061,-0.056,0.005,0.058,-0.032,-0.025,0.095,0.203,-0.007,-0.127,-0.152,-0.156
-0.060,-0.052,0.008,0.056,-0.033,-0.022,0.095,0.214,0.000,-0.119,-0.143,-0.152
-0.060,-0.048,0.012,0.054,-0.036,-0.018,0.095,0.226,0.011,-0.111,-0.138,-0.148
-0.051,-0.044,0.007,0.048,-0.029,-0.018,0.095,0.239,0.023,-0.103,-0.133,-0.144
-0.035,-0.040,-0.005,0.038,-0.015,-0.022,0.095,0.255,0.035,-0.095,-0.125,-0.140
-0.034,-0.036,-0.002,0.035,-0.016,-0.018,0.095,0.264,0.047,-0.091,-0.117,-0.136
-0.035,-0.031,0.003,0.032,-0.019,-0.013,0.095,0.270,0.058,-0.085,-0.112,-0.129
-0.038,-0.031,0.007,0.034,-0.022,-0.012,0.095,0.282,0.074,-0.075,-0.107,-0.121
-0.039,-0.028,0.011,0.033,-0.025,-0.009,0.095,0.291,0.087,-0.069,-0.098,-0.113
-0.030,-0.015,0.015,0.022,-0.022,0.000,0.095,0.295,0.095,-0.065,-0.090,-0.105
-0.026,-0.007,0.019,0.016,-0.022,0.006,0.095,0.315,0.115,-0.045,-0.087,-0.097
-0.020,0.001,0.021,0.010,-0.021,0.011,0.095,0.332,0.135,-0.027,-0.076,-0.089
-0.024,0.009,0.033,0.007,-0.029,0.021,0.095,0.349,0.157,-0.012,-0.066,-0.081
-0.030,0.017,0.047,0.006,-0.039,0.032,0.095,0.371,0.180,0.003,-0.057,-0.073
-0.020,0.025,0.045,-0.003,-0.033,0.035,0.095,0.395,0.200,0.015,-0.045,-0.065
-0.011,0.033,0.045,-0.012,-0.029,0.039,0.095,0.412,0.222,0.027,-0.038,-0.057
-0.007,0.038,0.045,-0.016,-0.026,0.041,0.096,0.423,0.229,0.038,-0.023,-0.049
-0.002,0.043,0.045,-0.021,-0.024,0.043,0.093,0.442,0.250,0.055,-0.009,-0.041
0.000,0.045,0.045,-0.023,-0.023,0.045,0.090,0.464,0.280,0.073,0.004,-0.033
0.000,0.045,0.045,-0.023,-0.023,0.045,0.090,0.475,0.290,0.080,0.020,-0.025
0.015,0.060,0.045,-0.038,-0.016,0.053,0.086,0.490,0.313,0.098,0.031,-0.022
0.036,0.079,0.043,-0.058,-0.004,0.061,0.085,0.513,0.340,0.129,0.051,-0.011
0.036,0.088,0.052,-0.063,-0.008,0.070,0.083,0.536,0.358,0.142,0.063,-0.001
0.023,0.091,0.068,-0.057,-0.022,0.079,0.080,0.553,0.376,0.150,0.068,0.008
0.025,0.095,0.070,-0.060,-0.023,0.082,0.080,0.570,0.405,0.180,0.085,0.020
0.029,0.099,0.070,-0.064,-0.020,0.084,0.076,0.599,0.431,0.189,0.094,0.028
0.033,0.104,0.071,-0.069,-0.019,0.087,0.075,0.612,0.443,0.197,0.095,0.039
0.051,0.119,0.068,-0.085,-0.008,0.094,0.073,0.622,0.461,0.215,0.112,0.051
0.057,0.130,0.074,-0.093,-0.009,0.102,0.070,0.638,0.485,0.234,0.132,0.055
0.035,0.125,0.090,-0.080,-0.028,0.107,0.070,0.645,0.500,0.250,0.135,0.055
0.052,0.139,0.087,-0.096,-0.018,0.113,0.066,0.664,0.524,0.274,0.162,0.074
0.080,0.165,0.085,-0.123,-0.003,0.125,0.065,0.686,0.546,0.297,0.188,0.094
0.096,0.180,0.084,-0.138,0.006,0.132,0.063,0.702,0.562,0.310,0.199,0.103
0.101,0.180,0.079,-0.140,0.011,0.129,0.060,0.713,0.581,0.327,0.209,0.106
0.100,0.180,0.080,-0.140,0.010,0.130,0.060,0.725,0.605,0.355,0.225,0.110
0.092,0.184,0.091,-0.139,0.000,0.138,0.052,0.737,0.613,0.359,0.224,0.118
0.083,0.188,0.105,-0.136,-0.011,0.146,0.047,0.746,0.627,0.371,0.236,0.125
0.080,0.193,0.113,-0.136,-0.017,0.153,0.041,0.755,0.641,0.386,0.251,0.138
0.080,0.195,0.115,-0.138,-0.018,0.155,0.034,0.761,0.654,0.400,0.265,0.152
0.085,0.200,0.115,-0.143,-0.015,0.157,0.030,0.765,0.675,0.425,0.285,0.160
0.114,0.229,0.115,-0.172,-0.001,0.172,0.022,0.778,0.692,0.446,0.296,0.181
0.126,0.241,0.114,-0.184,0.006,0.177,0.017,0.775,0.701,0.463,0.319,0.190
0.124,0.241,0.117,-0.183,0.003,0.178,0.013,0.767,0.710,0.477,0.336,0.191
0.126,0.246,0.120,-0.186,0.002,0.183,0.010,0.764,0.723,0.496,0.343,0.197
0.130,0.250,0.120,-0.190,0.005,0.185,0.010,0.760,0.730,0.515,0.355,0.205
0.130,0.250,0.120,-0.190,0.005,0.185,0.010,0.756,0.723,0.504,0.360,0.209
0.130,0.251,0.121,-0.191,0.004,0.186,0.010,0.751,0.714,0.494,0.361,0.215
0.146,0.262,0.117,-0.204,0.014,0.189,0.010,0.750,0.705,0.484,0.357,0.210
0.161,0.269,0.108,-0.215,0.026,0.189,0.010,0.739,0.699,0.473,0.348,0.197
0.150,0.255,0.105,-0.203,0.022,0.180,0.010,0.705,0.690,0.465,0.340,0.190
0.141,0.243,0.102,-0.192,0.020,0.172,0.010,0.673,0.651,0.452,0.331,0.182
0.137,0.231,0.094,-0.183,0.021,0.162,0.010,0.638,0.613,0.446,0.330,0.171
0.133,0.221,0.088,-0.178,0.022,0.154,0.010,0.603,0.572,0.426,0.311,0.160
0.128,0.212,0.083,-0.170,0.022,0.148,0.010,0.564,0.523,0.392,0.278,0.154
0.115,0.195,0.080,-0.155,0.017,0.137,0.010,0.515,0.475,0.360,0.250,0.145
0.091,0.179,0.089,-0.135,0.001,0.133,0.010,0.467,0.412,0.305,0.207,0.114
0.074,0.162,0.088,-0.119,-0.008,0.125,0.010,0.418,0.348,0.249,0.163,0.083
0.067,0.150,0.083,-0.109,-0.008,0.116,0.010,0.373,0.293,0.202,0.129,0.058
0.056,0.135,0.079,-0.096,-0.011,0.107,0.010,0.328,0.242,0.160,0.097,0.034
0.035,0.110,0.075,-0.073,-0.020,0.092,0.010,0.275,0.190,0.120,0.065,0.010
0.014,0.085,0.071,-0.050,-0.029,0.078,0.018,0.225,0.138,0.080,0.041,-0.006
0.001,0.067,0.066,-0.034,-0.033,0.067,0.024,0.190,0.088,0.042,0.018,-0.022
-0.013,0.052,0.065,-0.020,-0.039,0.058,0.026,0.160,0.044,0.009,-0.009,-0.038
-0.028,0.036,0.064,-0.005,-0.046,0.049,0.032,0.126,0.005,-0.023,-0.036,-0.054
-0.035,0.020,0.055,0.007,-0.045,0.037,0.040,0.090,-0.035,-0.055,-0.060,-0.070
-0.042,0.004,0.046,0.019,-0.044,0.025,0.044,0.057,-0.079,-0.090,-0.087,-0.094
-0.054,-0.012,0.042,0.033,-0.048,0.015,0.047,0.032,-0.123,-0.133,-0.120,-0.117
-0.064,-0.028,0.037,0.046,-0.050,0.004,0.056,0.008,-0.152,-0.160,-0.145,-0.129
-0.072,-0.044,0.028,0.058,-0.050,-0.008,0.066,-0.015,-0.170,-0.175,-0.159,-0.139
-0.080,-0.060,0.020,0.070,-0.050,-0.020,0.065,-0.030,-0.190,-0.200,-0.175,-0.160
-0.087,-0.073,0.015,0.079,-0.050,-0.029,0.065,-0.046,-0.206,-0.216,-0.189,-0.165
-0.102,-0.081,0.021,0.091,-0.061,-0.030,0.065,-0.062,-0.224,-0.232,-0.189,-0.167
-0.114,-0.090,0.024,0.101,-0.069,-0.032,0.066,-0.079,-0.246,-0.247,-0.197,-0.174
-0.115,-0.096,0.019,0.106,-0.067,-0.038,0.063,-0.093,-0.263,-0.257,-0.212,-0.182
-0.115,-0.095,0.020,0.105,-0.067,-0.037,0.060,-0.100,-0.265,-0.260,-0.215,-0.185
-0.114,-0.094,0.021,0.104,-0.067,-0.036,0.076,-0.108,-0.267,-0.266,-0.222,-0.188
-0.121,-0.104,0.017,0.112,-0.069,-0.043,0.085,-0.111,-0.283,-0.284,-0.236,-0.201
-0.128,-0.114,0.014,0.120,-0.071,-0.049,0.085,-0.108,-0.290,-0.288,-0.240,-0.200
-0.131,-0.115,0.015,0.122,-0.072,-0.050,0.085,-0.113,-0.284,-0.289,-0.243,-0.198
-0.130,-0.115,0.015,0.122,-0.072,-0.050,0.085,-0.125,-0.285,-0.310,-0.260,-0.220
-0.122,-0.115,0.007,0.118,-0.064,-0.054,0.085,-0.121,-0.285,-0.307,-0.257,-0.217
-0.114,-0.115,-0.001,0.115,-0.056,-0.058,0.084,-0.119,-0.285,-0.305,-0.251,-0.214
-0.106,-0.115,-0.009,0.111,-0.048,-0.062,0.087,-0.121,-0.285,-0.303,-0.250,-0.213
-0.098,-0.116,-0.018,0.107,-0.040,-0.067,0.090,-0.119,-0.284,-0.300,-0.249,-0.209
-0.095,-0.120,-0.025,0.108,-0.035,-0.072,0.090,-0.115,-0.280,-0.300,-0.245,-0.210
-0.103,-0.120,-0.017,0.112,-0.043,-0.068,0.090,-0.115,-0.280,-0.296,-0.245,-0.211
-0.109,-0.120,-0.011,0.114,-0.049,-0.065,0.090,-0.116,-0.280,-0.295,-0.243,-0.207
-0.111,-0.120,-0.009,0.116,-0.051,-0.064,0.090,-0.111,-0.280,-0.293,-0.237,-0.205
-0.117,-0.120,-0.003,0.119,-0.057,-0.061,0.091,-0.104,-0.280,-0.290,-0.235,-0.204
-0.125,-0.120,0.005,0.122,-0.065,-0.057,0.095,-0.100,-0.280,-0.290,-0.235,-0.200
-0.118,-0.108,0.010,0.113,-0.063,-0.049,0.095,-0.092,-0.272,-0.286,-0.231,-0.200
-0.107,-0.096,0.011,0.101,-0.059,-0.042,0.098,-0.087,-0.263,-0.285,-0.230,-0.201
-0.106,-0.084,0.023,0.094,-0.064,-0.030,0.100,-0.081,-0.258,-0.284,-0.228,-0.198
-0.110,-0.073,0.037,0.091,-0.073,-0.018,0.100,-0.074,-0.253,-0.279,-0.225,-0.194
-0.105,-0.065,0.040,0.085,-0.072,-0.012,0.105,-0.070,-0.245,-0.275,-0.225,-0.190
-0.097,-0.057,0.040,0.077,-0.068,-0.008,0.110,-0.062,-0.237,-0.271,-0.221,-0.190
-0.089,-0.049,0.040,0.069,-0.064,-0.004,0.107,-0.056,-0.231,-0.267,-0.220,-0.188
-0.081,-0.041,0.040,0.061,-0.060,0.000,0.104,-0.054,-0.232,-0.263,-0.218,-0.182
-0.073,-0.033,0.040,0.053,-0.056,0.003,0.105,-0.048,-0.236,-0.259,-0.215,-0.180
-0.065,-0.025,0.040,0.045,-0.052,0.007,0.105,-0.040,-0.235,-0.255,-0.215,-0.180
-0.056,-0.017,0.039,0.036,-0.047,0.011,0.105,-0.036,-0.235,-0.259,-0.207,-0.176
-0.059,-0.012,0.046,0.035,-0.052,0.017,0.102,-0.032,-0.235,-0.261,-0.201,-0.175
-0.073,-0.006,0.067,0.039,-0.070,0.030,0.099,-0.030,-0.235,-0.260,-0.198,-0.175
-0.080,0.001,0.081,0.039,-0.080,0.041,0.100,-0.030,-0.235,-0.260,-0.194,-0.175
-0.070,0.005,0.075,0.032,-0.073,0.040,0.100,-0.030,-0.235,-0.260,-0.190,-0.175
-0.061,0.014,0.075,0.023,-0.068,0.044,0.100,-0.030,-0.235,-0.260,-0.186,-0.175
-0.059,0.017,0.075,0.021,-0.067,0.046,0.101,-0.030,-0.235,-0.260,-0.182,-0.175
-0.046,0.028,0.075,0.009,-0.061,0.051,0.098,-0.030,-0.235,-0.260,-0.180,-0.175
-0.034,0.041,0.075,-0.004,-0.055,0.058,0.095,-0.030,-0.236,-0.260,-0.180,-0.175
-0.040,0.035,0.075,0.002,-0.058,0.055,0.095,-0.030,-0.240,-0.260,-0.180,-0.175
-0.036,0.034,0.071,0.001,-0.054,0.052,0.095,-0.030,-0.240,-0.260,-0.180,-0.175
-0.034,0.036,0.070,-0.001,-0.052,0.052,0.095,-0.030,-0.240,-0.260,-0.180,-0.172
-0.037,0.033,0.070,0.002,-0.054,0.051,0.096,-0.030,-0.240,-0.260,-0.180,-0.169
-0.040,0.029,0.070,0.005,-0.055,0.050,0.093,-0.030,-0.240,-0.260,-0.180,-0.170
-0.040,0.030,0.070,0.005,-0.055,0.050,0.080,-0.030,-0.240,-0.260,-0.180,-0.170
-0.040,0.031,0.071,0.004,-0.055,0.051,0.072,-0.036,-0.240,-0.260,-0.184,-0.170
-0.043,0.022,0.064,0.011,-0.054,0.043,0.061,-0.058,-0.240,-0.260,-0.188,-0.170
-0.047,0.010,0.057,0.018,-0.053,0.033,0.051,-0.079,-0.240,-0.260,-0.192,-0.170
-0.051,0.003,0.054,0.023,-0.053,0.029,0.042,-0.094,-0.240,-0.260,-0.195,-0.170
-0.055,-0.005,0.050,0.030,-0.052,0.022,0.030,-0.110,-0.240,-0.260,-0.195,-0.170
-0.059,-0.017,0.042,0.038,-0.050,0.012,0.022,-0.115,-0.244,-0.260,-0.195,-0.170
-0.063,-0.026,0.037,0.044,-0.050,0.005,0.016,-0.115,-0.248,-0.259,-0.197,-0.170
-0.068,-0.035,0.033,0.051,-0.051,-0.001,0.015,-0.117,-0.252,-0.262,-0.206,-0.172
-0.069,-0.041,0.029,0.055,-0.049,-0.006,0.015,-0.121,-0.255,-0.265,-0.217,-0.176
-0.070,-0.045,0.025,0.057,-0.047,-0.010,0.015,-0.125,-0.255,-0.265,-0.220,-0.180
-0.091,-0.065,0.025,0.077,-0.058,-0.020,0.016,-0.134,-0.257,-0.276,-0.223,-0.183
-0.100,-0.078,0.022,0.089,-0.061,-0.028,0.010,-0.136,-0.275,-0.294,-0.235,-0.195
-0.102,-0.083,0.019,0.092,-0.061,-0.032,0.015,-0.135,-0.289,-0.302,-0.240,-0.202
-0.114,-0.094,0.020,0.104,-0.067,-0.037,0.028,-0.135,-0.290,-0.300,-0.243,-0.208
-0.130,-0.110,0.020,0.120,-0.075,-0.045,0.035,-0.135,-0.290,-0.300,-0.260,-0.225
-0.131,-0.115,0.016,0.122,-0.073,-0.050,0.047,-0.135,-0.290,-0.300,-0.261,-0.226
-0.130,-0.115,0.014,0.122,-0.071,-0.050,0.058,-0.135,-0.290,-0.298,-0.260,-0.225
-0.130,-0.115,0.016,0.122,-0.072,-0.049,0.059,-0.135,-0.290,-0.306,-0.260,-0.225
-0.130,-0.116,0.014,0.123,-0.072,-0.051,0.055,-0.135,-0.290,-0.315,-0.260,-0.225
-0.130,-0.120,0.010,0.125,-0.070,-0.055,0.055,-0.135,-0.290,-0.310,-0.260,-0.225
-0.130,-0.120,0.010,0.125,-0.070,-0.055,0.051,-0.135,-0.290,-0.309,-0.260,-0.225
-0.131,-0.120,0.011,0.126,-0.071,-0.055,0.049,-0.135,-0.290,-0.311,-0.261,-0.225
-0.127,-0.118,0.008,0.122,-0.067,-0.055,0.051,-0.135,-0.291,-0.308,-0.258,-0.225
-0.128,-0.123,0.004,0.125,-0.066,-0.059,0.049,-0.135,-0.296,-0.314,-0.264,-0.225
-0.145,-0.140,0.005,0.142,-0.075,-0.067,0.045,-0.135,-0.300,-0.330,-0.280,-0.225
-0.151,-0.145,0.006,0.147,-0.078,-0.069,0.045,-0.135,-0.300,-0.327,-0.277,-0.225
-0.144,-0.145,-0.001,0.145,-0.071,-0.073,0.046,-0.135,-0.303,-0.324,-0.274,-0.224
-0.137,-0.145,-0.008,0.141,-0.064,-0.076,0.043,-0.135,-0.306,-0.325,-0.275,-0.230
-0.135,-0.146,-0.011,0.141,-0.062,-0.078,0.040,-0.135,-0.305,-0.325,-0.275,-0.242
-0.135,-0.150,-0.015,0.143,-0.060,-0.082,0.040,-0.135,-0.305,-0.325,-0.275,-0.245
-0.127,-0.150,-0.023,0.139,-0.052,-0.086,0.040,-0.135,-0.305,-0.325,-0.275,-0.245
-0.122,-0.150,-0.028,0.136,-0.047,-0.089,0.037,-0.135,-0.305,-0.325,-0.275,-0.245
-0.115,-0.148,-0.033,0.132,-0.041,-0.090,0.034,-0.135,-0.305,-0.325,-0.275,-0.245
-0.110,-0.145,-0.034,0.128,-0.037,-0.089,0.035,-0.135,-0.305,-0.325,-0.275,-0.245
-0.115,-0.145,-0.030,0.130,-0.042,-0.087,0.035,-0.135,-0.305,-0.325,-0.275,-0.245
-0.115,-0.145,-0.030,0.130,-0.042,-0.087,0.031,-0.135,-0.305,-0.325,-0.275,-0.245
-0.119,-0.146,-0.027,0.132,-0.045,-0.086,0.030,-0.135,-0.305,-0.325,-0.273,-0.245
-0.118,-0.143,-0.025,0.131,-0.046,-0.084,0.028,-0.135,-0.305,-0.325,-0.283,-0.245
-0.115,-0.140,-0.024,0.128,-0.046,-0.081,0.024,-0.135,-0.305,-0.325,-0.297,-0.245
-0.120,-0.140,-0.020,0.130,-0.050,-0.080,0.025,-0.135,-0.305,-0.325,-0.295,-0.245
-0.120,-0.140,-0.020,0.130,-0.050,-0.080,0.026,-0.135,-0.305,-0.325,-0.295,-0.249
-0.119,-0.140,-0.021,0.129,-0.049,-0.080,0.022,-0.135,-0.305,-0.325,-0.295,-0.250
-0.123,-0.140,-0.018,0.132,-0.052,-0.079,0.020,-0.135,-0.305,-0.325,-0.295,-0.250
-0.124,-0.139,-0.015,0.132,-0.055,-0.077,0.019,-0.135,-0.305,-0.325,-0.295,-0.250
-0.120,-0.135,-0.015,0.128,-0.052,-0.075,0.015,-0.135,-0.305,-0.325,-0.295,-0.250
-0.124,-0.135,-0.011,0.129,-0.056,-0.072,0.014,-0.136,-0.306,-0.325,-0.295,-0.250
-0.125,-0.135,-0.010,0.130,-0.057,-0.072,0.017,-0.131,-0.296,-0.325,-0.295,-0.250
-0.126,-0.135,-0.008,0.131,-0.059,-0.071,0.009,-0.132,-0.286,-0.325,-0.295,-0.250
-0.131,-0.136,-0.004,0.134,-0.063,-0.070,0.008,-0.124,-0.277,-0.325,-0.295,-0.250
-0.130,-0.135,-0.005,0.133,-0.062,-0.070,0.035,-0.090,-0.265,-0.325,-0.295,-0.250
-0.117,-0.123,-0.006,0.121,-0.055,-0.064,0.056,-0.065,-0.260,-0.324,-0.293,-0.248
-0.115,-0.114,0.001,0.115,-0.058,-0.056,0.074,-0.005,-0.229,-0.329,-0.310,-0.265
-0.110,-0.104,0.007,0.106,-0.058,-0.048,0.113,0.108,-0.197,-0.311,-0.340,-0.293
-0.115,-0.093,0.022,0.104,-0.068,-0.036,0.160,0.251,-0.145,-0.278,-0.338,-0.296
-0.135,-0.085,0.050,0.110,-0.092,-0.017,0.180,0.390,-0.035,-0.250,-0.285,-0.265
-0.097,-0.057,0.040,0.077,-0.068,-0.008,0.176,0.514,0.074,-0.191,-0.239,-0.243
-0.057,-0.033,0.025,0.045,-0.041,-0.004,0.176,0.596,0.216,-0.092,-0.167,-0.197
-0.017,-0.001,0.015,0.009,-0.016,0.007,0.166,0.585,0.368,0.039,-0.054,-0.116
0.066,0.066,0.000,-0.067,0.033,0.033,0.110,0.440,0.476,0.197,0.088,-0.004
0.180,0.170,-0.010,-0.175,0.095,0.080,-0.010,0.155,0.535,0.390,0.265,0.145
0.260,0.287,0.027,-0.273,0.116,0.157,-0.193,-0.248,0.583,0.625,0.503,0.340
0.355,0.431,0.076,-0.393,0.140,0.253,-0.440,-0.733,0.595,0.898,0.779,0.568
0.461,0.554,0.093,-0.508,0.184,0.323,-0.658,-1.096,0.633,1.178,1.059,0.798
0.550,0.624,0.074,-0.587,0.238,0.349,-0.819,-1.277,0.697,1.438,1.315,1.004
0.620,0.690,0.070,-0.655,0.275,0.380,-0.970,-1.425,0.725,1.705,1.555,1.195
0.665,0.820,0.155,-0.742,0.255,0.487,-1.100,-1.623,0.746,2.018,1.826,1.398
0.666,0.980,0.314,-0.823,0.176,0.646,-1.219,-1.861,0.673,2.286,2.047,1.586
0.611,1.035,0.424,-0.824,0.094,0.729,-1.339,-2.070,0.499,2.342,2.113,1.615
0.557,0.916,0.358,-0.737,0.100,0.636,-1.388,-2.135,0.324,2.131,1.988,1.535
0.540,0.695,0.155,-0.618,0.192,0.425,-1.325,-2.040,0.175,1.755,1.735,1.470
0.473,0.501,0.028,-0.487,0.222,0.264,-1.274,-1.959,-0.085,1.336,1.440,1.288
0.383,0.356,-0.027,-0.369,0.205,0.164,-1.196,-1.868,-0.342,0.879,1.111,1.087
0.332,0.253,-0.079,-0.293,0.206,0.087,-1.075,-1.745,-0.563,0.449,0.817,0.905
0.261,0.150,-0.110,-0.205,0.185,0.020,-0.934,-1.576,-0.753,0.046,0.532,0.706
0.125,0.045,-0.080,-0.085,0.102,-0.017,-0.790,-1.355,-0.875,-0.335,0.205,0.475
0.089,0.033,-0.056,-0.061,0.072,-0.011,-0.649,-1.140,-0.884,-0.523,-0.030,0.274
0.057,0.031,-0.025,-0.044,0.041,0.003,-0.519,-0.919,-0.769,-0.509,-0.118,0.151
0.004,0.020,0.016,-0.012,-0.007,0.018,-0.423,-0.741,-0.648,-0.440,-0.141,0.073
-0.030,0.013,0.044,0.008,-0.038,0.028,-0.351,-0.624,-0.572,-0.401,-0.166,0.012
-0.045,0.005,0.050,0.020,-0.048,0.027,-0.275,-0.525,-0.500,-0.360,-0.185,-0.030
-0.072,-0.004,0.068,0.038,-0.069,0.032,-0.218,-0.428,-0.440,-0.317,-0.190,-0.071
-0.070,-0.006,0.063,0.038,-0.066,0.028,-0.165,-0.339,-0.378,-0.301,-0.190,-0.103
-0.069,-0.020,0.050,0.044,-0.059,0.014,-0.119,-0.267,-0.327,-0.298,-0.192,-0.125
-0.090,-0.047,0.043,0.068,-0.067,-0.002,-0.080,-0.204,-0.284,-0.294,-0.196,-0.137
-0.105,-0.070,0.035,0.087,-0.070,-0.017,-0.045,-0.145,-0.245,-0.290,-0.200,-0.145
-0.106,-0.083,0.023,0.094,-0.064,-0.029,-0.021,-0.112,-0.236,-0.282,-0.203,-0.154
-0.106,-0.093,0.013,0.099,-0.059,-0.040,0.002,-0.079,-0.230,-0.277,-0.213,-0.158
-0.117,-0.109,0.008,0.113,-0.063,-0.051,0.012,-0.058,-0.221,-0.273,-0.228,-0.179
-0.116,-0.121,-0.005,0.118,-0.055,-0.063,0.019,-0.054,-0.213,-0.269,-0.235,-0.204
-0.090,-0.115,-0.025,0.103,-0.032,-0.070,0.035,-0.045,-0.205,-0.265,-0.230,-0.205
-0.093,-0.114,-0.022,0.104,-0.035,-0.068,0.025,-0.037,-0.197,-0.261,-0.230,-0.205
-0.097,-0.116,-0.019,0.106,-0.038,-0.067,0.039,-0.029,-0.192,-0.260,-0.230,-0.205
-0.093,-0.113,-0.020,0.103,-0.036,-0.066,0.052,-0.021,-0.188,-0.258,-0.230,-0.205
-0.089,-0.110,-0.020,0.099,-0.035,-0.065,0.042,-0.013,-0.184,-0.255,-0.229,-0.205
-0.090,-0.110,-0.020,0.100,-0.035,-0.065,0.040,-0.005,-0.180,-0.255,-0.225,-0.205
-0.095,-0.110,-0.016,0.103,-0.039,-0.063,0.064,0.003,-0.176,-0.251,-0.225,-0.205
-0.092,-0.107,-0.015,0.100,-0.039,-0.061,0.081,0.008,-0.172,-0.246,-0.225,-0.203
-0.089,-0.104,-0.015,0.097,-0.036,-0.060,0.088,0.012,-0.168,-0.245,-0.225,-0.211
-0.090,-0.105,-0.015,0.098,-0.037,-0.060,0.090,0.016,-0.164,-0.244,-0.225,-0.221
-0.090,-0.105,-0.015,0.098,-0.037,-0.060,0.090,0.020,-0.160,-0.240,-0.225,-0.215
-0.085,-0.101,-0.015,0.094,-0.035,-0.058,0.090,0.024,-0.152,-0.240,-0.221,-0.211
-0.088,-0.099,-0.012,0.094,-0.038,-0.055,0.090,0.028,-0.147,-0.238,-0.220,-0.207
-0.091,-0.101,-0.009,0.096,-0.041,-0.055,0.090,0.032,-0.143,-0.232,-0.220,-0.205
-0.089,-0.099,-0.010,0.094,-0.039,-0.055,0.090,0.036,-0.139,-0.230,-0.220,-0.204
-0.085,-0.095,-0.010,0.090,-0.037,-0.052,0.090,0.040,-0.135,-0.230,-0.220,-0.200
-0.085,-0.095,-0.010,0.090,-0.037,-0.052,0.090,0.052,-0.131,-0.226,-0.220,-0.196
-0.085,-0.096,-0.011,0.090,-0.036,-0.053,0.090,0.060,-0.128,-0.221,-0.217,-0.195
-0.087,-0.093,-0.007,0.090,-0.040,-0.050,0.090,0.059,-0.120,-0.220,-0.212,-0.194
-0.091,-0.090,0.002,0.090,-0.046,-0.044,0.090,0.062,-0.107,-0.219,-0.210,-0.189
-0.095,-0.090,0.005,0.092,-0.050,-0.042,0.090,0.075,-0.100,-0.210,-0.210,-0.185
-0.099,-0.090,0.008,0.095,-0.054,-0.041,0.090,0.084,-0.092,-0.206,-0.206,-0.185
-0.103,-0.087,0.016,0.095,-0.059,-0.035,0.093,0.088,-0.084,-0.199,-0.205,-0.182
-0.107,-0.084,0.022,0.095,-0.064,-0.031,0.096,0.092,-0.076,-0.193,-0.204,-0.179
-0.112,-0.085,0.026,0.098,-0.068,-0.030,0.095,0.096,-0.068,-0.188,-0.199,-0.180
-0.115,-0.085,0.030,0.100,-0.072,-0.027,0.095,0.100,-0.060,-0.180,-0.195,-0.180
-0.107,-0.081,0.026,0.093,-0.066,-0.027,0.095,0.104,-0.048,-0.177,-0.195,-0.176
-0.104,-0.079,0.024,0.091,-0.064,-0.027,0.095,0.108,-0.038,-0.166,-0.192,-0.174
-0.106,-0.081,0.025,0.093,-0.066,-0.027,0.095,0.111,-0.032,-0.155,-0.191,-0.176
-0.103,-0.078,0.025,0.090,-0.064,-0.026,0.095,0.118,-0.022,-0.148,-0.188,-0.174
-0.095,-0.070,0.025,0.082,-0.060,-0.022,0.095,0.135,-0.010,-0.140,-0.175,-0.165
-0.092,-0.066,0.025,0.078,-0.058,-0.020,0.095,0.144,-0.002,-0.128,-0.167,-0.156
-0.081,-0.059,0.022,0.070,-0.051,-0.018,0.095,0.148,0.005,-0.118,-0.159,-0.152
-0.072,-0.053,0.019,0.063,-0.046,-0.016,0.095,0.153,0.016,-0.112,-0.151,-0.147
-0.068,-0.048,0.020,0.058,-0.044,-0.014,0.095,0.163,0.028,-0.102,-0.143,-0.138
-0.060,-0.040,0.020,0.050,-0.040,-0.010,0.095,0.175,0.040,-0.090,-0.135,-0.130
-0.056,-0.036,0.020,0.046,-0.038,-0.008,0.091,0.183,0.052,-0.082,-0.127,-0.126
-0.050,-0.030,0.020,0.040,-0.035,-0.004,0.090,0.195,0.061,-0.075,-0.119,-0.122
-0.039,-0.020,0.019,0.030,-0.028,-0.001,0.088,0.201,0.072,-0.064,-0.111,-0.118
-0.027,-0.014,0.013,0.020,-0.020,0.000,0.084,0.209,0.090,-0.053,-0.103,-0.114
-0.020,-0.010,0.010,0.015,-0.015,0.000,0.085,0.235,0.110,-0.045,-0.095,-0.110
-0.020,-0.002,0.017,0.011,-0.019,0.008,0.085,0.249,0.123,-0.038,-0.087,-0.106
-0.020,0.006,0.026,0.007,-0.023,0.016,0.082,0.253,0.133,-0.026,-0.078,-0.102
-0.021,0.013,0.034,0.004,-0.027,0.023,0.079,0.259,0.149,-0.016,-0.073,-0.098
-0.028,0.014,0.043,0.007,-0.036,0.028,0.080,0.276,0.170,-0.007,-0.068,-0.093
-0.040,0.010,0.050,0.015,-0.045,0.030,0.080,0.300,0.185,0.005,-0.060,-0.085
-0.037,0.010,0.047,0.013,-0.042,0.028,0.076,0.312,0.187,0.012,-0.052,-0.077
-0.031,0.011,0.042,0.010,-0.036,0.026,0.074,0.324,0.211,0.032,-0.044,-0.069
-0.030,0.008,0.039,0.011,-0.034,0.023,0.076,0.334,0.234,0.041,-0.037,-0.061
-0.020,0.013,0.033,0.003,-0.027,0.023,0.074,0.351,0.251,0.052,-0.027,-0.053
0.005,0.035,0.030,-0.020,-0.013,0.032,0.070,0.380,0.280,0.090,-0.010,-0.045
0.008,0.054,0.045,-0.031,-0.019,0.049,0.070,0.392,0.291,0.094,0.006,-0.037
-0.009,0.052,0.061,-0.022,-0.036,0.056,0.067,0.409,0.315,0.114,0.022,-0.026
0.003,0.069,0.066,-0.037,-0.032,0.068,0.064,0.428,0.341,0.143,0.038,-0.016
0.026,0.090,0.065,-0.059,-0.019,0.077,0.065,0.445,0.361,0.158,0.054,-0.007
0.015,0.080,0.065,-0.048,-0.025,0.072,0.065,0.465,0.385,0.170,0.070,0.005
0.035,0.100,0.066,-0.068,-0.016,0.083,0.061,0.481,0.396,0.186,0.082,0.013
0.043,0.105,0.062,-0.074,-0.010,0.083,0.059,0.496,0.417,0.199,0.092,0.024
0.022,0.097,0.075,-0.060,-0.026,0.086,0.061,0.515,0.441,0.211,0.097,0.034
0.011,0.103,0.091,-0.057,-0.040,0.097,0.059,0.535,0.459,0.231,0.111,0.044
0.035,0.120,0.085,-0.078,-0.025,0.102,0.055,0.555,0.480,0.260,0.140,0.065
0.050,0.135,0.085,-0.093,-0.018,0.110,0.055,0.577,0.509,0.285,0.162,0.082
0.045,0.128,0.083,-0.087,-0.019,0.106,0.056,0.583,0.525,0.302,0.172,0.089
0.069,0.146,0.077,-0.107,-0.004,0.111,0.051,0.590,0.537,0.319,0.179,0.092
0.096,0.180,0.084,-0.138,0.005,0.132,0.044,0.602,0.555,0.332,0.187,0.096
0.075,0.180,0.105,-0.128,-0.015,0.142,0.040,0.610,0.575,0.340,0.195,0.100
0.073,0.179,0.106,-0.127,-0.016,0.142,0.032,0.623,0.588,0.356,0.206,0.116
0.077,0.181,0.104,-0.130,-0.014,0.142,0.027,0.628,0.595,0.369,0.224,0.128
0.071,0.176,0.105,-0.124,-0.017,0.140,0.022,0.636,0.607,0.382,0.231,0.130
0.082,0.187,0.105,-0.135,-0.012,0.145,0.013,0.646,0.624,0.401,0.241,0.139
0.115,0.220,0.105,-0.168,0.005,0.162,0.010,0.650,0.640,0.425,0.275,0.160
0.112,0.216,0.104,-0.164,0.003,0.160,0.023,0.663,0.652,0.445,0.289,0.164
0.117,0.224,0.108,-0.171,0.004,0.166,0.020,0.664,0.664,0.463,0.296,0.171
0.147,0.244,0.097,-0.196,0.025,0.170,0.012,0.657,0.674,0.475,0.304,0.178
0.156,0.250,0.094,-0.203,0.031,0.172,0.008,0.654,0.682,0.481,0.312,0.181
0.125,0.245,0.120,-0.185,0.002,0.182,0.000,0.650,0.685,0.490,0.320,0.190
0.123,0.240,0.117,-0.182,0.003,0.178,-0.004,0.646,0.677,0.504,0.324,0.203
0.126,0.240,0.114,-0.184,0.006,0.177,-0.011,0.642,0.672,0.498,0.328,0.203
0.125,0.239,0.113,-0.182,0.006,0.175,-0.018,0.639,0.667,0.485,0.333,0.198
0.124,0.234,0.110,-0.179,0.007,0.171,-0.020,0.631,0.665,0.478,0.334,0.194
0.120,0.230,0.110,-0.175,0.005,0.170,-0.020,0.610,0.660,0.470,0.325,0.190
0.125,0.231,0.106,-0.178,0.010,0.168,-0.018,0.591,0.625,0.462,0.317,0.186
0.119,0.224,0.105,-0.172,0.007,0.164,-0.030,0.559,0.588,0.453,0.308,0.181
0.131,0.234,0.103,-0.183,0.013,0.169,-0.033,0.523,0.549,0.449,0.303,0.181
0.143,0.243,0.100,-0.193,0.021,0.171,-0.023,0.491,0.505,0.432,0.289,0.176
0.115,0.215,0.100,-0.165,0.007,0.157,-0.020,0.455,0.465,0.385,0.255,0.155
0.098,0.194,0.096,-0.147,0.001,0.144,-0.012,0.420,0.417,0.345,0.223,0.140
0.083,0.178,0.095,-0.131,-0.006,0.136,-0.007,0.377,0.373,0.300,0.189,0.115
0.069,0.162,0.093,-0.116,-0.012,0.127,-0.001,0.334,0.323,0.252,0.151,0.087
0.056,0.146,0.089,-0.101,-0.017,0.118,0.006,0.296,0.266,0.210,0.118,0.065
0.040,0.130,0.090,-0.085,-0.025,0.110,0.010,0.260,0.215,0.170,0.095,0.050
0.024,0.114,0.090,-0.069,-0.033,0.102,0.022,0.224,0.163,0.134,0.072,0.035
0.008,0.095,0.087,-0.052,-0.040,0.091,0.030,0.185,0.113,0.095,0.041,0.013
-0.008,0.077,0.084,-0.035,-0.047,0.081,0.029,0.146,0.069,0.057,0.011,-0.013
-0.025,0.061,0.085,-0.018,-0.056,0.073,0.033,0.111,0.030,0.019,-0.018,-0.035
-0.045,0.040,0.085,0.002,-0.065,0.062,0.045,0.075,-0.010,-0.030,-0.055,-0.055
-0.058,0.019,0.077,0.019,-0.068,0.048,0.043,0.042,-0.046,-0.077,-0.089,-0.081
-0.063,0.005,0.068,0.029,-0.066,0.036,0.066,0.019,-0.083,-0.099,-0.110,-0.087
-0.067,-0.004,0.063,0.035,-0.065,0.029,0.084,0.001,-0.113,-0.128,-0.134,-0.100
-0.070,-0.012,0.058,0.041,-0.064,0.023,0.079,-0.021,-0.137,-0.161,-0.152,-0.125
-0.070,-0.020,0.050,0.045,-0.060,0.015,0.080,-0.045,-0.165,-0.175,-0.155,-0.135
-0.074,-0.032,0.042,0.053,-0.057,0.004,0.080,-0.058,-0.186,-0.199,-0.184,-0.147
-0.078,-0.042,0.037,0.060,-0.057,-0.003,0.080,-0.068,-0.199,-0.216,-0.198,-0.160
-0.081,-0.048,0.033,0.064,-0.057,-0.007,0.080,-0.083,-0.212,-0.225,-0.204,-0.167
-0.088,-0.059,0.029,0.073,-0.058,-0.014,0.080,-0.099,-0.230,-0.240,-0.219,-0.173
-0.100,-0.075,0.025,0.087,-0.062,-0.025,0.080,-0.110,-0.245,-0.260,-0.235,-0.185
-0.105,-0.084,0.021,0.094,-0.062,-0.031,0.080,-0.113,-0.252,-0.276,-0.244,-0.184
-0.105,-0.088,0.017,0.096,-0.061,-0.035,0.080,-0.128,-0.268,-0.290,-0.250,-0.193
-0.105,-0.092,0.013,0.098,-0.059,-0.039,0.080,-0.137,-0.275,-0.298,-0.262,-0.204
-0.105,-0.096,0.009,0.101,-0.057,-0.043,0.080,-0.135,-0.269,-0.300,-0.270,-0.205
-0.105,-0.100,0.005,0.102,-0.055,-0.047,0.080,-0.135,-0.270,-0.300,-0.265,-0.205
-0.104,-0.100,0.004,0.102,-0.054,-0.047,0.080,-0.135,-0.271,-0.300,-0.265,-0.205
-0.108,-0.100,0.008,0.103,-0.058,-0.045,0.080,-0.135,-0.267,-0.300,-0.262,-0.208
-0.095,-0.100,-0.005,0.097,-0.045,-0.052,0.080,-0.135,-0.264,-0.300,-0.259,-0.210
-0.078,-0.100,-0.021,0.089,-0.028,-0.061,0.080,-0.135,-0.265,-0.299,-0.260,-0.210
-0.090,-0.105,-0.015,0.098,-0.037,-0.060,0.080,-0.135,-0.265,-0.300,-0.260,-0.210
-0.116,-0.127,-0.011,0.121,-0.053,-0.069,0.084,-0.135,-0.261,-0.317,-0.256,-0.206
-0.120,-0.127,-0.007,0.123,-0.056,-0.067,0.088,-0.135,-0.260,-0.317,-0.255,-0.201
-0.112,-0.115,-0.003,0.114,-0.054,-0.059,0.091,-0.135,-0.260,-0.305,-0.253,-0.200
-0.109,-0.108,0.001,0.109,-0.055,-0.053,0.090,-0.136,-0.260,-0.299,-0.249,-0.199
-0.105,-0.100,0.005,0.102,-0.055,-0.047,0.090,-0.135,-0.260,-0.295,-0.250,-0.195
-0.097,-0.092,0.004,0.094,-0.051,-0.043,0.094,-0.123,-0.252,-0.287,-0.251,-0.190
-0.092,-0.081,0.011,0.086,-0.051,-0.035,0.096,-0.113,-0.244,-0.278,-0.244,-0.191
-0.088,-0.070,0.017,0.079,-0.052,-0.026,0.094,-0.107,-0.236,-0.273,-0.238,-0.187
-0.085,-0.063,0.022,0.074,-0.053,-0.020,0.096,-0.097,-0.228,-0.269,-0.233,-0.178
-0.085,-0.055,0.030,0.070,-0.057,-0.012,0.105,-0.085,-0.220,-0.265,-0.225,-0.170
-0.077,-0.043,0.034,0.059,-0.055,-0.004,0.112,-0.077,-0.212,-0.261,-0.221,-0.166
-0.074,-0.034,0.041,0.053,-0.058,0.003,0.125,-0.069,-0.207,-0.257,-0.214,-0.160
-0.074,-0.026,0.048,0.050,-0.061,0.011,0.130,-0.062,-0.203,-0.253,-0.208,-0.151
-0.068,-0.018,0.050,0.043,-0.059,0.016,0.124,-0.060,-0.200,-0.249,-0.204,-0.144
-0.055,-0.010,0.045,0.032,-0.050,0.017,0.125,-0.060,-0.200,-0.245,-0.200,-0.140
-0.040,-0.002,0.038,0.021,-0.039,0.018,0.126,-0.056,-0.196,-0.245,-0.200,-0.136
-0.053,0.006,0.059,0.024,-0.056,0.033,0.122,-0.055,-0.195,-0.243,-0.200,-0.135
-0.057,0.014,0.071,0.022,-0.064,0.043,0.120,-0.053,-0.193,-0.237,-0.200,-0.135
-0.052,0.022,0.074,0.015,-0.063,0.048,0.120,-0.050,-0.189,-0.235,-0.200,-0.135
-0.065,0.030,0.095,0.017,-0.080,0.062,0.120,-0.050,-0.190,-0.235,-0.200,-0.135
-0.057,0.035,0.092,0.011,-0.075,0.063,0.120,-0.046,-0.191,-0.231,-0.200,-0.135
-0.057,0.032,0.089,0.013,-0.073,0.060,0.117,-0.045,-0.187,-0.226,-0.200,-0.135
-0.061,0.030,0.090,0.015,-0.075,0.060,0.114,-0.043,-0.185,-0.225,-0.200,-0.135
-0.061,0.029,0.090,0.016,-0.075,0.060,0.115,-0.040,-0.184,-0.224,-0.200,-0.134
-0.065,0.025,0.090,0.020,-0.078,0.057,0.115,-0.040,-0.180,-0.220,-0.200,-0.130
-0.066,0.025,0.090,0.021,-0.079,0.057,0.111,-0.036,-0.180,-0.220,-0.200,-0.130
-0.061,0.026,0.087,0.017,-0.075,0.056,0.110,-0.035,-0.177,-0.220,-0.200,-0.130
-0.062,0.023,0.084,0.019,-0.073,0.054,0.110,-0.034,-0.175,-0.220,-0.200,-0.130
-0.065,0.020,0.085,0.022,-0.075,0.052,0.111,-0.028,-0.174,-0.220,-0.200,-0.130
-0.065,0.020,0.085,0.022,-0.075,0.052,0.110,-0.030,-0.175,-0.220,-0.200,-0.130
-0.069,0.016,0.085,0.026,-0.077,0.050,0.095,-0.055,-0.192,-0.220,-0.200,-0.130
-0.072,0.014,0.086,0.028,-0.079,0.050,0.078,-0.068,-0.195,-0.218,-0.200,-0.129
-0.066,0.016,0.082,0.024,-0.074,0.049,0.062,-0.088,-0.199,-0.227,-0.200,-0.135
-0.060,0.014,0.073,0.023,-0.067,0.043,0.045,-0.115,-0.213,-0.243,-0.200,-0.147
-0.065,0.005,0.070,0.030,-0.068,0.037,0.030,-0.125,-0.220,-0.245,-0.200,-0.150
-0.070,-0.004,0.066,0.036,-0.067,0.031,0.029,-0.124,-0.224,-0.244,-0.198,-0.150
-0.070,-0.008,0.062,0.039,-0.066,0.027,0.030,-0.134,-0.228,-0.254,-0.212,-0.153
-0.071,-0.013,0.058,0.042,-0.065,0.022,0.030,-0.144,-0.232,-0.264,-0.224,-0.155
-0.076,-0.022,0.054,0.049,-0.065,0.015,0.030,-0.145,-0.236,-0.265,-0.225,-0.156
-0.080,-0.030,0.050,0.055,-0.065,0.010,0.030,-0.145,-0.240,-0.265,-0.225,-0.160
-0.081,-0.035,0.046,0.057,-0.063,0.006,0.024,-0.145,-0.244,-0.269,-0.230,-0.160
-0.078,-0.036,0.042,0.057,-0.060,0.003,0.038,-0.148,-0.248,-0.272,-0.229,-0.162
-0.087,-0.049,0.038,0.068,-0.062,-0.005,0.045,-0.151,-0.252,-0.281,-0.235,-0.171
-0.103,-0.069,0.034,0.085,-0.068,-0.018,0.048,-0.150,-0.256,-0.292,-0.247,-0.183
-0.110,-0.080,0.030,0.095,-0.070,-0.025,0.065,-0.150,-0.260,-0.295,-0.250,-0.190
-0.123,-0.092,0.030,0.108,-0.076,-0.031,0.062,-0.154,-0.260,-0.295,-0.258,-0.195
-0.126,-0.099,0.027,0.112,-0.077,-0.035,0.059,-0.159,-0.264,-0.298,-0.261,-0.193
-0.124,-0.101,0.023,0.112,-0.073,-0.038,0.060,-0.160,-0.264,-0.299,-0.258,-0.188
-0.127,-0.108,0.019,0.117,-0.072,-0.044,0.060,-0.160,-0.268,-0.302,-0.263,-0.193
-0.135,-0.120,0.015,0.127,-0.075,-0.052,0.060,-0.160,-0.285,-0.315,-0.275,-0.210
-0.132,-0.121,0.011,0.126,-0.071,-0.055,0.060,-0.160,-0.290,-0.316,-0.276,-0.211
-0.128,-0.120,0.008,0.124,-0.068,-0.056,0.057,-0.160,-0.290,-0.313,-0.275,-0.210
-0.136,-0.120,0.016,0.128,-0.076,-0.052,0.054,-0.160,-0.290,-0.321,-0.275,-0.210
-0.146,-0.120,0.026,0.132,-0.086,-0.047,0.055,-0.160,-0.290,-0.330,-0.275,-0.210
-0.140,-0.120,0.020,0.130,-0.080,-0.050,0.055,-0.160,-0.290,-0.325,-0.275,-0.210
-0.136,-0.120,0.016,0.127,-0.076,-0.052,0.055,-0.164,-0.290,-0.325,-0.275,-0.210
-0.133,-0.121,0.012,0.127,-0.072,-0.054,0.055,-0.169,-0.293,-0.325,-0.275,-0.210
-0.126,-0.118,0.008,0.122,-0.067,-0.055,0.055,-0.170,-0.296,-0.325,-0.275,-0.210
-0.128,-0.124,0.004,0.126,-0.066,-0.060,0.054,-0.170,-0.295,-0.325,-0.275,-0.210
-0.145,-0.145,0.000,0.145,-0.072,-0.072,0.050,-0.170,-0.295,-0.325,-0.275,-0.210
-0.142,-0.142,0.000,0.142,-0.071,-0.071,0.050,-0.170,-0.295,-0.325,-0.275,-0.210
-0.136,-0.139,-0.003,0.138,-0.066,-0.071,0.050,-0.170,-0.296,-0.325,-0.274,-0.211
-0.135,-0.140,-0.005,0.138,-0.065,-0.072,0.050,-0.170,-0.293,-0.325,-0.280,-0.208
-0.134,-0.140,-0.006,0.138,-0.064,-0.073,0.050,-0.169,-0.290,-0.325,-0.292,-0.205
-0.130,-0.140,-0.010,0.135,-0.060,-0.075,0.050,-0.165,-0.290,-0.325,-0.295,-0.205
-0.126,-0.136,-0.010,0.131,-0.058,-0.072,0.046,-0.163,-0.286,-0.325,-0.295,-0.203
-0.122,-0.135,-0.013,0.128,-0.054,-0.073,0.045,-0.178,-0.284,-0.326,-0.295,-0.217
-0.119,-0.135,-0.016,0.128,-0.051,-0.076,0.045,-0.184,-0.286,-0.323,-0.295,-0.227
-0.121,-0.135,-0.014,0.128,-0.053,-0.074,0.045,-0.173,-0.284,-0.320,-0.295,-0.225
-0.125,-0.135,-0.010,0.130,-0.057,-0.072,0.045,-0.170,-0.280,-0.320,-0.295,-0.225
-0.125,-0.135,-0.010,0.130,-0.057,-0.072,0.045,-0.166,-0.280,-0.320,-0.295,-0.225
-0.125,-0.132,-0.007,0.129,-0.059,-0.069,0.046,-0.162,-0.281,-0.320,-0.295,-0.225
-0.125,-0.129,-0.005,0.128,-0.060,-0.067,0.043,-0.158,-0.278,-0.320,-0.295,-0.225
-0.126,-0.130,-0.004,0.128,-0.061,-0.067,0.040,-0.154,-0.275,-0.320,-0.295,-0.225
-0.130,-0.130,0.000,0.130,-0.065,-0.065,0.040,-0.150,-0.275,-0.320,-0.295,-0.225
-0.130,-0.130,0.000,0.130,-0.065,-0.065,0.041,-0.156,-0.275,-0.320,-0.295,-0.225
-0.130,-0.127,0.003,0.128,-0.066,-0.062,0.037,-0.173,-0.272,-0.320,-0.295,-0.225
-0.129,-0.124,0.005,0.126,-0.067,-0.060,0.035,-0.167,-0.269,-0.320,-0.295,-0.225
-0.131,-0.125,0.006,0.128,-0.068,-0.060,0.034,-0.147,-0.271,-0.320,-0.295,-0.225
-0.135,-0.125,0.010,0.130,-0.072,-0.057,0.035,-0.130,-0.270,-0.320,-0.295,-0.225
-0.133,-0.124,0.008,0.129,-0.070,-0.057,0.055,-0.077,-0.246,-0.320,-0.294,-0.236
-0.153,-0.128,0.025,0.141,-0.089,-0.051,0.074,-0.037,-0.226,-0.318,-0.307,-0.253
-0.169,-0.114,0.055,0.141,-0.112,-0.029,0.117,0.052,-0.197,-0.325,-0.334,-0.279
-0.154,-0.083,0.071,0.118,-0.113,-0.006,0.160,0.185,-0.137,-0.310,-0.334,-0.287
-0.125,-0.060,0.065,0.092,-0.095,0.002,0.160,0.290,-0.045,-0.250,-0.290,-0.255
-0.104,-0.039,0.065,0.071,-0.084,0.013,0.169,0.408,0.068,-0.196,-0.251,-0.231
-0.089,-0.023,0.065,0.055,-0.077,0.021,0.161,0.496,0.204,-0.113,-0.193,-0.197
-0.052,0.013,0.065,0.019,-0.058,0.038,0.155,0.529,0.359,0.028,-0.082,-0.118
0.012,0.078,0.066,-0.046,-0.027,0.072,0.124,0.438,0.473,0.195,0.068,0.001
0.100,0.165,0.065,-0.133,0.017,0.115,0.010,0.165,0.510,0.365,0.240,0.140
0.228,0.287,0.059,-0.258,0.084,0.173,-0.160,-0.208,0.558,0.606,0.477,0.326
0.344,0.450,0.106,-0.397,0.119,0.277,-0.405,-0.688,0.564,0.892,0.757,0.557
0.446,0.581,0.135,-0.513,0.155,0.358,-0.619,-1.059,0.581,1.185,1.040,0.784
0.543,0.657,0.114,-0.600,0.214,0.386,-0.774,-1.243,0.622,1.463,1.312,0.992
0.615,0.730,0.115,-0.673,0.250,0.422,-0.930,-1.395,0.630,1.740,1.575,1.200
0.641,0.835,0.193,-0.738,0.224,0.514,-1.058,-1.597,0.614,2.052,1.831,1.391
0.619,0.993,0.373,-0.806,0.123,0.683,-1.195,-1.873,0.518,2.340,2.045,1.556
0.582,1.092,0.510,-0.837,0.036,0.800,-1.327,-2.121,0.320,2.458,2.147,1.648
0.545,1.018,0.474,-0.782,0.035,0.745,-1.372,-2.214,0.119,2.306,2.074,1.630
0.495,0.800,0.305,-0.648,0.095,0.552,-1.315,-2.145,-0.025,1.940,1.840,1.515
0.432,0.584,0.152,-0.509,0.140,0.368,-1.275,-2.037,-0.234,1.523,1.543,1.338
0.361,0.433,0.073,-0.397,0.143,0.253,-1.185,-1.931,-0.446,1.084,1.232,1.148
0.292,0.318,0.026,-0.305,0.133,0.172,-1.068,-1.811,-0.628,0.638,0.932,0.963
0.238,0.199,-0.039,-0.218,0.138,0.080,-0.938,-1.640,-0.770,0.194,0.635,0.770
0.190,0.100,-0.090,-0.145,0.140,0.005,-0.775,-1.415,-0.860,-0.225,0.325,0.560
0.131,0.084,-0.046,-0.107,0.088,0.018,-0.637,-1.195,-0.897,-0.510,0.037,0.351
0.070,0.078,0.008,-0.074,0.031,0.043,-0.511,-0.972,-0.791,-0.523,-0.103,0.193
0.026,0.063,0.037,-0.045,-0.006,0.050,-0.408,-0.786,-0.656,-0.442,-0.137,0.102
-0.019,0.052,0.072,-0.016,-0.046,0.062,-0.324,-0.655,-0.577,-0.407,-0.156,0.047
-0.075,0.040,0.115,0.017,-0.095,0.077,-0.245,-0.550,-0.510,-0.370,-0.180,-0.010
-0.081,0.024,0.106,0.029,-0.093,0.065,-0.196,-0.462,-0.445,-0.334,-0.194,-0.065
-0.082,0.008,0.090,0.037,-0.086,0.048,-0.148,-0.374,-0.385,-0.301,-0.196,-0.094
-0.087,-0.008,0.080,0.047,-0.083,0.036,-0.106,-0.303,-0.324,-0.269,-0.195,-0.105
-0.091,-0.024,0.067,0.058,-0.079,0.021,-0.071,-0.244,-0.276,-0.247,-0.195,-0.111
-0.095,-0.040,0.055,0.067,-0.075,0.007,-0.035,-0.185,-0.250,-0.245,-0.195,-0.115
-0.101,-0.055,0.047,0.077,-0.074,-0.004,-0.018,-0.152,-0.221,-0.246,-0.193,-0.121
-0.122,-0.080,0.042,0.101,-0.082,-0.019,-0.004,-0.123,-0.207,-0.242,-0.207,-0.143
-0.129,-0.091,0.039,0.110,-0.084,-0.026,0.013,-0.100,-0.201,-0.239,-0.219,-0.163
-0.117,-0.084,0.033,0.100,-0.075,-0.025,0.029,-0.087,-0.194,-0.240,-0.221,-0.171
-0.110,-0.085,0.025,0.097,-0.067,-0.030,0.040,-0.075,-0.190,-0.240,-0.225,-0.175
-0.107,-0.086,0.021,0.096,-0.064,-0.032,0.048,-0.063,-0.182,-0.236,-0.221,-0.175
-0.097,-0.082,0.015,0.089,-0.056,-0.033,0.060,-0.051,-0.173,-0.235,-0.219,-0.174
-0.101,-0.080,0.021,0.090,-0.061,-0.029,0.067,-0.041,-0.168,-0.233,-0.220,-0.177
-0.110,-0.079,0.031,0.095,-0.070,-0.024,0.064,-0.033,-0.163,-0.229,-0.220,-0.180
-0.105,-0.080,0.025,0.092,-0.065,-0.027,0.065,-0.025,-0.155,-0.230,-0.220,-0.180
-0.118,-0.093,0.025,0.105,-0.071,-0.034,0.077,-0.021,-0.151,-0.231,-0.216,-0.180
-0.118,-0.093,0.025,0.105,-0.072,-0.034,0.083,-0.015,-0.147,-0.227,-0.215,-0.177
-0.114,-0.089,0.025,0.101,-0.069,-0.031,0.090,-0.006,-0.143,-0.225,-0.215,-0.174
-0.115,-0.090,0.025,0.102,-0.070,-0.032,0.102,0.001,-0.139,-0.224,-0.215,-0.175
-0.115,-0.090,0.025,0.102,-0.070,-0.032,0.105,0.005,-0.135,-0.220,-0.215,-0.175
-0.111,-0.086,0.025,0.098,-0.067,-0.030,0.105,0.009,-0.131,-0.220,-0.215,-0.171
-0.110,-0.085,0.025,0.097,-0.067,-0.030,0.105,0.013,-0.124,-0.221,-0.212,-0.170
-0.110,-0.085,0.025,0.097,-0.067,-0.030,0.105,0.017,-0.118,-0.218,-0.209,-0.170
-0.110,-0.085,0.025,0.097,-0.067,-0.030,0.105,0.021,-0.113,-0.214,-0.210,-0.170
-0.110,-0.085,0.025,0.097,-0.067,-0.030,0.105,0.025,-0.105,-0.215,-0.210,-0.170
-0.106,-0.081,0.025,0.093,-0.065,-0.028,0.105,0.029,-0.101,-0.216,-0.210,-0.166
-0.104,-0.079,0.025,0.091,-0.065,-0.027,0.105,0.032,-0.094,-0.209,-0.211,-0.164
-0.106,-0.081,0.025,0.093,-0.065,-0.027,0.105,0.041,-0.088,-0.202,-0.207,-0.166
-0.104,-0.079,0.025,0.091,-0.064,-0.027,0.105,0.052,-0.083,-0.199,-0.198,-0.164
-0.100,-0.075,0.025,0.087,-0.062,-0.025,0.105,0.055,-0.070,-0.195,-0.195,-0.160
-0.101,-0.075,0.026,0.088,-0.063,-0.024,0.105,0.058,-0.062,-0.187,-0.191,-0.160
-0.091,-0.075,0.016,0.082,-0.053,-0.029,0.108,0.066,-0.055,-0.181,-0.187,-0.160
-0.100,-0.076,0.024,0.087,-0.061,-0.026,0.111,0.072,-0.044,-0.178,-0.183,-0.160
-0.115,-0.074,0.042,0.094,-0.078,-0.016,0.109,0.077,-0.033,-0.173,-0.179,-0.159
-0.100,-0.065,0.035,0.082,-0.067,-0.015,0.105,0.090,-0.025,-0.165,-0.175,-0.155
-0.095,-0.061,0.034,0.077,-0.065,-0.013,0.105,0.095,-0.017,-0.157,-0.167,-0.155
-0.093,-0.058,0.035,0.075,-0.064,-0.011,0.105,0.094,-0.009,-0.152,-0.161,-0.155
-0.086,-0.051,0.035,0.068,-0.060,-0.008,0.105,0.100,-0.001,-0.147,-0.159,-0.155
-0.078,-0.044,0.035,0.060,-0.056,-0.004,0.105,0.112,0.007,-0.138,-0.153,-0.154
-0.075,-0.040,0.035,0.057,-0.055,-0.002,0.105,0.115,0.015,-0.130,-0.145,-0.150
-0.073,-0.036,0.036,0.054,-0.054,0.000,0.101,0.118,0.023,-0.127,-0.141,-0.146
-0.058,-0.029,0.029,0.043,-0.043,0.000,0.100,0.127,0.032,-0.116,-0.138,-0.142
-0.063,-0.022,0.041,0.043,-0.051,0.009,0.100,0.131,0.035,-0.105,-0.131,-0.138
-0.083,-0.019,0.064,0.051,-0.073,0.022,0.100,0.138,0.045,-0.098,-0.124,-0.134
-0.080,-0.015,0.065,0.047,-0.072,0.025,0.100,0.155,0.070,-0.090,-0.120,-0.130
-0.072,-0.007,0.065,0.039,-0.068,0.029,0.100,0.164,0.070,-0.078,-0.116,-0.131
-0.067,-0.002,0.065,0.034,-0.066,0.031,0.101,0.167,0.081,-0.068,-0.109,-0.125
-0.063,0.003,0.065,0.029,-0.064,0.033,0.098,0.177,0.095,-0.061,-0.102,-0.116
-0.060,0.005,0.065,0.027,-0.063,0.035,0.095,0.194,0.102,-0.052,-0.099,-0.108
-0.065,0.000,0.065,0.032,-0.065,0.032,0.095,0.205,0.115,-0.040,-0.095,-0.100
-0.068,-0.001,0.066,0.034,-0.067,0.032,0.095,0.212,0.127,-0.028,-0.083,-0.092
-0.048,0.008,0.056,0.019,-0.053,0.032,0.095,0.227,0.143,-0.015,-0.073,-0.083
-0.042,0.021,0.063,0.010,-0.053,0.042,0.095,0.242,0.169,-0.006,-0.067,-0.078
-0.050,0.033,0.083,0.009,-0.067,0.058,0.094,0.261,0.197,0.003,-0.057,-0.073
-0.040,0.045,0.085,-0.003,-0.063,0.065,0.090,0.285,0.220,0.020,-0.045,-0.065
-0.027,0.057,0.085,-0.016,-0.056,0.071,0.090,0.293,0.237,0.032,-0.037,-0.057
-0.019,0.066,0.085,-0.024,-0.052,0.075,0.090,0.307,0.246,0.047,-0.030,-0.052
-0.009,0.076,0.085,-0.034,-0.047,0.080,0.090,0.321,0.256,0.062,-0.017,-0.047
0.002,0.087,0.085,-0.045,-0.042,0.086,0.090,0.334,0.267,0.072,-0.001,-0.038
0.005,0.090,0.085,-0.048,-0.040,0.087,0.090,0.355,0.280,0.085,0.010,-0.030
0.008,0.093,0.085,-0.051,-0.039,0.089,0.090,0.376,0.312,0.113,0.022,-0.027
0.016,0.101,0.085,-0.058,-0.036,0.093,0.087,0.389,0.337,0.134,0.034,-0.016
0.008,0.108,0.100,-0.058,-0.046,0.103,0.082,0.403,0.351,0.145,0.048,-0.005
-0.007,0.110,0.117,-0.052,-0.062,0.113,0.080,0.427,0.372,0.160,0.064,0.002
-0.005,0.110,0.115,-0.053,-0.060,0.112,0.080,0.455,0.405,0.185,0.075,0.010
-0.003,0.110,0.113,-0.054,-0.058,0.111,0.076,0.468,0.431,0.206,0.083,0.022
-0.014,0.114,0.128,-0.051,-0.071,0.120,0.075,0.478,0.444,0.219,0.093,0.032
-0.006,0.129,0.135,-0.061,-0.071,0.132,0.074,0.495,0.458,0.232,0.109,0.038
0.012,0.142,0.129,-0.077,-0.059,0.135,0.069,0.514,0.473,0.249,0.131,0.049
0.015,0.145,0.130,-0.080,-0.058,0.137,0.065,0.530,0.485,0.265,0.150,0.065
0.035,0.161,0.126,-0.098,-0.046,0.143,0.065,0.546,0.513,0.284,0.162,0.068
0.051,0.176,0.124,-0.114,-0.037,0.150,0.062,0.557,0.534,0.310,0.177,0.082
0.057,0.183,0.126,-0.120,-0.035,0.154,0.060,0.561,0.546,0.325,0.192,0.095
0.062,0.186,0.124,-0.124,-0.032,0.155,0.059,0.568,0.558,0.334,0.202,0.103
0.070,0.190,0.120,-0.130,-0.025,0.155,0.055,0.585,0.575,0.355,0.210,0.115
0.074,0.194,0.120,-0.134,-0.024,0.157,0.051,0.598,0.604,0.376,0.217,0.114
0.081,0.198,0.117,-0.140,-0.018,0.157,0.047,0.601,0.621,0.392,0.231,0.123
0.103,0.218,0.115,-0.161,-0.007,0.166,0.043,0.614,0.628,0.409,0.249,0.135
0.123,0.237,0.114,-0.180,0.004,0.175,0.039,0.625,0.630,0.422,0.263,0.142
0.120,0.235,0.115,-0.178,0.002,0.175,0.035,0.620,0.635,0.430,0.275,0.150
0.117,0.250,0.133,-0.184,-0.008,0.191,0.036,0.641,0.664,0.458,0.296,0.161
0.139,0.270,0.131,-0.204,0.003,0.200,0.029,0.641,0.679,0.476,0.308,0.176
0.136,0.275,0.139,-0.206,-0.002,0.206,0.023,0.632,0.681,0.484,0.311,0.179
0.112,0.269,0.157,-0.191,-0.022,0.212,0.018,0.628,0.687,0.492,0.318,0.183
0.115,0.265,0.150,-0.190,-0.018,0.207,0.010,0.620,0.700,0.505,0.330,0.200
0.111,0.261,0.150,-0.186,-0.020,0.205,0.006,0.616,0.715,0.523,0.334,0.197
0.113,0.260,0.147,-0.187,-0.017,0.203,-0.001,0.609,0.705,0.520,0.337,0.195
0.114,0.259,0.145,-0.187,-0.016,0.201,-0.008,0.604,0.687,0.512,0.330,0.193
0.109,0.254,0.144,-0.182,-0.018,0.199,-0.010,0.596,0.670,0.508,0.318,0.190
0.110,0.250,0.140,-0.180,-0.015,0.195,-0.005,0.575,0.650,0.500,0.310,0.190
0.110,0.250,0.140,-0.180,-0.015,0.195,0.000,0.556,0.632,0.498,0.298,0.186
0.111,0.248,0.137,-0.180,-0.013,0.192,0.000,0.527,0.596,0.475,0.289,0.186
0.107,0.242,0.135,-0.175,-0.014,0.188,0.002,0.494,0.557,0.448,0.279,0.180
0.106,0.241,0.134,-0.174,-0.014,0.187,0.005,0.461,0.520,0.422,0.269,0.167
0.110,0.240,0.130,-0.175,-0.010,0.185,0.005,0.425,0.475,0.385,0.260,0.155
0.090,0.221,0.130,-0.155,-0.020,0.175,0.009,0.390,0.436,0.354,0.229,0.131
0.075,0.202,0.127,-0.139,-0.026,0.164,0.014,0.347,0.387,0.310,0.196,0.110
0.062,0.187,0.125,-0.125,-0.032,0.156,0.015,0.305,0.334,0.263,0.164,0.088
0.047,0.171,0.124,-0.109,-0.039,0.148,0.016,0.265,0.282,0.218,0.133,0.065
0.035,0.155,0.120,-0.095,-0.043,0.137,0.020,0.220,0.225,0.165,0.105,0.045
0.018,0.138,0.120,-0.078,-0.052,0.129,0.019,0.175,0.168,0.116,0.073,0.025
0.010,0.128,0.117,-0.069,-0.054,0.122,0.030,0.140,0.118,0.074,0.044,0.008
-0.007,0.106,0.113,-0.050,-0.060,0.109,0.049,0.109,0.073,0.037,0.016,-0.008
-0.037,0.072,0.109,-0.017,-0.073,0.090,0.062,0.077,0.030,0.001,-0.012,-0.023
-0.060,0.045,0.105,0.007,-0.083,0.075,0.065,0.045,-0.010,-0.035,-0.040,-0.040
-0.073,0.032,0.105,0.020,-0.089,0.068,0.065,0.012,-0.046,-0.071,-0.077,-0.068
-0.078,0.025,0.103,0.027,-0.090,0.063,0.065,-0.013,-0.080,-0.105,-0.102,-0.092
-0.083,0.014,0.097,0.035,-0.091,0.056,0.064,-0.038,-0.109,-0.133,-0.118,-0.107
-0.092,0.003,0.095,0.044,-0.094,0.049,0.067,-0.059,-0.137,-0.156,-0.134,-0.117
-0.100,-0.005,0.095,0.052,-0.097,0.045,0.080,-0.075,-0.165,-0.185,-0.150,-0.130
-0.109,-0.017,0.091,0.063,-0.100,0.037,0.085,-0.104,-0.190,-0.215,-0.175,-0.155
-0.112,-0.026,0.086,0.068,-0.099,0.030,0.085,-0.118,-0.209,-0.226,-0.191,-0.165
-0.122,-0.037,0.085,0.079,-0.104,0.024,0.085,-0.123,-0.219,-0.240,-0.198,-0.165
-0.138,-0.054,0.084,0.096,-0.111,0.014,0.085,-0.124,-0.219,-0.256,-0.200,-0.164
-0.140,-0.065,0.075,0.102,-0.107,0.005,0.085,-0.125,-0.220,-0.255,-0.205,-0.165
-0.128,-0.061,0.066,0.094,-0.097,0.002,0.085,-0.146,-0.236,-0.271,-0.222,-0.182
-0.121,-0.059,0.062,0.090,-0.092,0.001,0.085,-0.153,-0.245,-0.278,-0.227,-0.184
-0.117,-0.061,0.057,0.089,-0.087,-0.002,0.085,-0.148,-0.244,-0.272,-0.222,-0.178
-0.107,-0.059,0.048,0.083,-0.077,-0.006,0.085,-0.152,-0.256,-0.280,-0.229,-0.182
-0.100,-0.060,0.040,0.080,-0.070,-0.010,0.085,-0.165,-0.280,-0.305,-0.250,-0.190
-0.114,-0.077,0.036,0.095,-0.075,-0.020,0.085,-0.174,-0.277,-0.302,-0.247,-0.186
-0.108,-0.079,0.029,0.093,-0.068,-0.024,0.085,-0.172,-0.271,-0.299,-0.245,-0.184
-0.111,-0.072,0.039,0.091,-0.075,-0.016,0.085,-0.170,-0.270,-0.298,-0.243,-0.185
-0.127,-0.069,0.058,0.098,-0.093,-0.005,0.085,-0.169,-0.269,-0.294,-0.239,-0.185
-0.125,-0.065,0.060,0.095,-0.092,-0.002,0.085,-0.165,-0.265,-0.295,-0.240,-0.185
-0.121,-0.061,0.060,0.091,-0.090,0.000,0.085,-0.165,-0.260,-0.296,-0.241,-0.185
-0.116,-0.056,0.060,0.086,-0.088,0.002,0.085,-0.162,-0.261,-0.292,-0.237,-0.185
-0.115,-0.055,0.060,0.085,-0.087,0.002,0.085,-0.160,-0.257,-0.290,-0.235,-0.185
-0.114,-0.054,0.060,0.084,-0.086,0.003,0.085,-0.159,-0.248,-0.289,-0.234,-0.185
-0.105,-0.045,0.060,0.075,-0.082,0.007,0.085,-0.150,-0.245,-0.285,-0.230,-0.185
-0.101,-0.041,0.060,0.071,-0.080,0.010,0.085,-0.146,-0.242,-0.285,-0.230,-0.185
-0.098,-0.038,0.060,0.068,-0.079,0.011,0.084,-0.139,-0.234,-0.286,-0.231,-0.186
-0.091,-0.031,0.060,0.061,-0.075,0.014,0.088,-0.133,-0.227,-0.281,-0.226,-0.182
-0.084,-0.024,0.060,0.054,-0.072,0.018,0.097,-0.128,-0.224,-0.274,-0.218,-0.173
-0.080,-0.020,0.060,0.050,-0.070,0.020,0.100,-0.120,-0.220,-0.270,-0.215,-0.170
-0.074,-0.016,0.057,0.045,-0.065,0.020,0.099,-0.116,-0.216,-0.262,-0.211,-0.166
-0.090,-0.009,0.081,0.049,-0.085,0.036,0.110,-0.109,-0.212,-0.257,-0.207,-0.162
-0.102,-0.001,0.101,0.051,-0.101,0.050,0.115,-0.103,-0.208,-0.251,-0.203,-0.158
-0.092,0.007,0.099,0.042,-0.096,0.053,0.109,-0.098,-0.204,-0.243,-0.199,-0.154
-0.085,0.015,0.100,0.035,-0.093,0.057,0.110,-0.090,-0.200,-0.240,-0.195,-0.150
-0.088,0.017,0.105,0.035,-0.097,0.061,0.106,-0.086,-0.196,-0.244,-0.191,-0.154
-0.063,0.038,0.101,0.011,-0.082,0.070,0.105,-0.079,-0.192,-0.245,-0.190,-0.156
-0.050,0.071,0.121,-0.011,-0.086,0.096,0.103,-0.072,-0.188,-0.245,-0.190,-0.155
-0.062,0.086,0.148,-0.012,-0.105,0.117,0.099,-0.071,-0.185,-0.245,-0.190,-0.155
-0.060,0.080,0.140,-0.010,-0.100,0.110,0.100,-0.075,-0.185,-0.245,-0.190,-0.155
-0.056,0.080,0.136,-0.013,-0.096,0.107,0.101,-0.075,-0.185,-0.245,-0.190,-0.155
-0.055,0.077,0.132,-0.012,-0.093,0.104,0.097,-0.075,-0.182,-0.245,-0.190,-0.155
-0.056,0.074,0.130,-0.009,-0.093,0.101,0.095,-0.075,-0.179,-0.245,-0.190,-0.155
-0.054,0.075,0.130,-0.011,-0.092,0.102,0.094,-0.075,-0.180,-0.245,-0.190,-0.155
-0.050,0.075,0.125,-0.013,-0.088,0.100,0.090,-0.075,-0.180,-0.245,-0.190,-0.155
-0.050,0.071,0.121,-0.011,-0.085,0.096,0.090,-0.079,-0.176,-0.245,-0.190,-0.155
-0.050,0.070,0.120,-0.010,-0.085,0.095,0.087,-0.080,-0.175,-0.245,-0.190,-0.155
-0.050,0.068,0.119,-0.009,-0.085,0.094,0.084,-0.080,-0.175,-0.245,-0.190,-0.155
-0.049,0.064,0.114,-0.008,-0.082,0.089,0.086,-0.080,-0.175,-0.245,-0.190,-0.155
-0.045,0.065,0.110,-0.010,-0.078,0.087,0.085,-0.080,-0.175,-0.245,-0.190,-0.155
-0.044,0.066,0.110,-0.011,-0.078,0.087,0.073,-0.079,-0.178,-0.245,-0.190,-0.155
-0.048,0.060,0.108,-0.006,-0.078,0.083,0.063,-0.090,-0.188,-0.245,-0.190,-0.155
-0.052,0.051,0.102,0.000,-0.078,0.076,0.057,-0.110,-0.202,-0.245,-0.190,-0.155
-0.057,0.043,0.100,0.007,-0.079,0.071,0.047,-0.129,-0.212,-0.245,-0.190,-0.155
-0.065,0.035,0.100,0.015,-0.083,0.067,0.035,-0.145,-0.215,-0.245,-0.190,-0.155
-0.069,0.027,0.096,0.021,-0.083,0.062,0.027,-0.158,-0.219,-0.245,-0.190,-0.155
-0.073,0.018,0.091,0.027,-0.083,0.055,0.018,-0.164,-0.224,-0.244,-0.188,-0.155
-0.077,0.013,0.090,0.032,-0.084,0.051,0.016,-0.165,-0.225,-0.249,-0.196,-0.155
-0.082,0.008,0.089,0.037,-0.085,0.049,0.021,-0.165,-0.225,-0.256,-0.206,-0.155
-0.090,-0.005,0.085,0.047,-0.087,0.040,0.025,-0.165,-0.225,-0.255,-0.205,-0.155
-0.094,-0.013,0.081,0.054,-0.087,0.033,0.029,-0.165,-0.223,-0.253,-0.204,-0.149
-0.097,-0.020,0.077,0.058,-0.087,0.028,0.032,-0.165,-0.236,-0.267,-0.214,-0.162
-0.104,-0.031,0.073,0.067,-0.088,0.021,0.026,-0.165,-0.251,-0.279,-0.222,-0.173
-0.111,-0.042,0.069,0.077,-0.090,0.013,0.028,-0.165,-0.256,-0.280,-0.228,-0.177
-0.115,-0.050,0.065,0.082,-0.090,0.007,0.045,-0.165,-0.260,-0.280,-0.240,-0.190
-0.123,-0.058,0.065,0.090,-0.094,0.003,0.042,-0.165,-0.260,-0.284,-0.237,-0.203
-0.126,-0.063,0.063,0.094,-0.094,0.000,0.039,-0.165,-0.263,-0.284,-0.233,-0.209
-0.126,-0.068,0.058,0.097,-0.091,-0.005,0.041,-0.165,-0.265,-0.290,-0.241,-0.210
-0.133,-0.078,0.055,0.105,-0.093,-0.012,0.039,-0.166,-0.266,-0.302,-0.252,-0.210
-0.140,-0.090,0.050,0.115,-0.095,-0.020,0.035,-0.170,-0.270,-0.305,-0.255,-0.210
-0.137,-0.095,0.042,0.115,-0.089,-0.026,0.035,-0.170,-0.270,-0.305,-0.255,-0.210
-0.165,-0.095,0.070,0.130,-0.117,-0.012,0.035,-0.169,-0.270,-0.308,-0.255,-0.210
-0.181,-0.095,0.086,0.138,-0.133,-0.004,0.035,-0.172,-0.270,-0.310,-0.255,-0.210
-0.167,-0.095,0.072,0.130,-0.119,-0.012,0.034,-0.175,-0.271,-0.311,-0.256,-0.210
-0.160,-0.095,0.065,0.127,-0.112,-0.015,0.030,-0.175,-0.275,-0.315,-0.260,-0.210
-0.156,-0.095,0.061,0.126,-0.108,-0.017,0.030,-0.175,-0.279,-0.316,-0.264,-0.210
-0.149,-0.094,0.055,0.122,-0.101,-0.019,0.030,-0.172,-0.280,-0.312,-0.265,-0.210
-0.142,-0.097,0.045,0.120,-0.093,-0.026,0.030,-0.169,-0.280,-0.310,-0.265,-0.210
-0.139,-0.100,0.039,0.120,-0.089,-0.030,0.029,-0.170,-0.280,-0.310,-0.265,-0.210
-0.135,-0.100,0.035,0.117,-0.085,-0.032,0.025,-0.170,-0.280,-0.310,-0.265,-0.210
-0.128,-0.104,0.024,0.116,-0.076,-0.040,0.025,-0.170,-0.280,-0.310,-0.265,-0.210
-0.145,-0.105,0.040,0.125,-0.092,-0.032,0.026,-0.170,-0.280,-0.310,-0.265,-0.213
-0.158,-0.107,0.051,0.132,-0.104,-0.027,0.023,-0.170,-0.280,-0.310,-0.265,-0.216
-0.155,-0.111,0.044,0.132,-0.099,-0.033,0.020,-0.169,-0.280,-0.310,-0.265,-0.214
-0.155,-0.110,0.045,0.132,-0.100,-0.032,0.020,-0.165,-0.280,-0.310,-0.265,-0.210
-0.151,-0.106,0.046,0.128,-0.098,-0.030,0.020,-0.165,-0.280,-0.310,-0.265,-0.210
-0.147,-0.105,0.042,0.126,-0.094,-0.031,0.021,-0.165,-0.280,-0.310,-0.265,-0.210
-0.143,-0.103,0.040,0.123,-0.091,-0.031,0.018,-0.165,-0.280,-0.310,-0.265,-0.210
-0.140,-0.099,0.040,0.119,-0.090,-0.030,0.015,-0.165,-0.280,-0.310,-0.265,-0.210
-0.140,-0.100,0.040,0.120,-0.090,-0.030,0.015,-0.165,-0.280,-0.310,-0.265,-0.210
-0.141,-0.100,0.040,0.121,-0.091,-0.030,0.015,-0.165,-0.280,-0.306,-0.265,-0.210
-0.134,-0.097,0.037,0.115,-0.085,-0.030,0.015,-0.162,-0.280,-0.305,-0.265,-0.213
-0.129,-0.094,0.034,0.111,-0.081,-0.030,0.015,-0.159,-0.280,-0.305,-0.265,-0.215
-0.131,-0.095,0.035,0.112,-0.082,-0.030,0.015,-0.160,-0.280,-0.305,-0.266,-0.215
-0.130,-0.095,0.035,0.112,-0.082,-0.030,0.015,-0.160,-0.280,-0.305,-0.270,-0.220
-0.122,-0.091,0.031,0.106,-0.076,-0.030,0.015,-0.160,-0.280,-0.305,-0.270,-0.225
-0.119,-0.089,0.030,0.104,-0.074,-0.030,0.015,-0.159,-0.279,-0.305,-0.270,-0.225
-0.121,-0.091,0.030,0.106,-0.075,-0.030,0.014,-0.163,-0.282,-0.305,-0.270,-0.227
-0.119,-0.089,0.030,0.104,-0.074,-0.030,0.017,-0.154,-0.276,-0.305,-0.270,-0.231
-0.115,-0.085,0.030,0.100,-0.072,-0.027,0.030,-0.120,-0.250,-0.305,-0.270,-0.230
-0.122,-0.084,0.038,0.103,-0.080,-0.023,0.044,-0.096,-0.231,-0.305,-0.276,-0.228
-0.165,-0.088,0.077,0.126,-0.121,-0.005,0.075,-0.030,-0.201,-0.303,-0.298,-0.246
-0.175,-0.075,0.100,0.125,-0.137,0.012,0.114,0.076,-0.173,-0.310,-0.302,-0.273
-0.153,-0.050,0.103,0.101,-0.127,0.026,0.148,0.196,-0.129,-0.295,-0.287,-0.276
-0.150,-0.030,0.120,0.090,-0.135,0.045,0.170,0.315,-0.035,-0.230,-0.275,-0.250
-0.111,0.006,0.117,0.052,-0.115,0.061,0.170,0.418,0.074,-0.174,-0.232,-0.234
-0.072,0.040,0.111,0.016,-0.092,0.075,0.171,0.494,0.211,-0.073,-0.146,-0.176
-0.036,0.072,0.108,-0.018,-0.072,0.090,0.162,0.501,0.356,0.068,-0.029,-0.094
0.032,0.137,0.104,-0.085,-0.036,0.120,0.103,0.371,0.468,0.235,0.114,0.012
0.145,0.245,0.100,-0.195,0.022,0.172,-0.035,0.070,0.530,0.430,0.290,0.165
0.255,0.358,0.102,-0.306,0.076,0.230,-0.249,-0.366,0.553,0.647,0.510,0.339
0.348,0.500,0.153,-0.424,0.098,0.326,-0.494,-0.834,0.562,0.924,0.792,0.565
0.449,0.624,0.176,-0.537,0.136,0.400,-0.696,-1.159,0.601,1.221,1.080,0.796
0.554,0.693,0.139,-0.624,0.207,0.416,-0.855,-1.326,0.664,1.498,1.338,1.000
0.620,0.750,0.130,-0.685,0.245,0.440,-1.020,-1.485,0.695,1.775,1.585,1.195
0.636,0.861,0.225,-0.748,0.205,0.543,-1.166,-1.715,0.678,2.081,1.829,1.374
0.662,1.030,0.368,-0.846,0.147,0.699,-1.299,-1.971,0.601,2.376,2.059,1.560
0.643,1.114,0.471,-0.879,0.086,0.792,-1.428,-2.175,0.435,2.481,2.160,1.661
0.583,1.005,0.421,-0.794,0.081,0.712,-1.494,-2.219,0.271,2.310,2.065,1.628
0.555,0.765,0.210,-0.660,0.172,0.487,-1.445,-2.090,0.170,1.960,1.835,1.510
0.509,0.550,0.041,-0.530,0.233,0.295,-1.347,-1.975,-0.043,1.556,1.547,1.333
0.419,0.391,-0.028,-0.405,0.223,0.181,-1.235,-1.869,-0.279,1.088,1.231,1.146
0.330,0.264,-0.066,-0.297,0.198,0.099,-1.111,-1.745,-0.499,0.629,0.928,0.965
0.290,0.172,-0.118,-0.230,0.204,0.026,-0.975,-1.576,-0.676,0.201,0.643,0.775
0.255,0.110,-0.145,-0.182,0.200,-0.017,-0.830,-1.360,-0.780,-0.215,0.340,0.560
0.132,0.039,-0.093,-0.085,0.112,-0.026,-0.682,-1.158,-0.829,-0.483,0.052,0.344
0.067,0.038,-0.030,-0.052,0.048,0.004,-0.535,-0.937,-0.732,-0.494,-0.049,0.208
0.050,0.067,0.017,-0.058,0.016,0.042,-0.416,-0.755,-0.610,-0.418,-0.073,0.125
0.005,0.067,0.063,-0.036,-0.029,0.065,-0.339,-0.639,-0.545,-0.381,-0.128,0.055
-0.055,0.050,0.105,0.002,-0.080,0.077,-0.285,-0.545,-0.480,-0.345,-0.160,0.000
-0.065,0.038,0.103,0.013,-0.085,0.070,-0.229,-0.453,-0.419,-0.312,-0.165,-0.054
-0.072,0.023,0.095,0.024,-0.084,0.059,-0.174,-0.360,-0.364,-0.287,-0.167,-0.086
-0.087,0.008,0.095,0.039,-0.092,0.052,-0.115,-0.272,-0.304,-0.262,-0.173,-0.102
-0.097,-0.003,0.094,0.049,-0.095,0.045,-0.065,-0.207,-0.258,-0.242,-0.175,-0.112
-0.105,-0.015,0.090,0.060,-0.097,0.037,-0.035,-0.165,-0.245,-0.240,-0.175,-0.120
-0.118,-0.027,0.090,0.073,-0.104,0.031,-0.005,-0.119,-0.230,-0.240,-0.187,-0.137
-0.124,-0.036,0.088,0.079,-0.106,0.026,0.008,-0.095,-0.212,-0.241,-0.196,-0.145
-0.128,-0.045,0.082,0.086,-0.105,0.018,0.014,-0.084,-0.198,-0.238,-0.206,-0.161
-0.138,-0.058,0.080,0.098,-0.109,0.010,0.021,-0.072,-0.188,-0.235,-0.216,-0.185
-0.150,-0.070,0.080,0.110,-0.115,0.005,0.025,-0.060,-0.180,-0.235,-0.215,-0.195
-0.155,-0.079,0.076,0.117,-0.116,-0.001,0.033,-0.048,-0.176,-0.235,-0.213,-0.199
-0.152,-0.077,0.075,0.114,-0.113,-0.001,0.042,-0.038,-0.172,-0.235,-0.225,-0.200
-0.150,-0.075,0.075,0.112,-0.112,0.000,0.047,-0.033,-0.168,-0.233,-0.230,-0.199
-0.149,-0.074,0.075,0.111,-0.112,0.000,0.052,-0.028,-0.164,-0.230,-0.224,-0.201
-0.145,-0.070,0.075,0.107,-0.110,0.002,0.060,-0.020,-0.160,-0.230,-0.225,-0.205
-0.145,-0.070,0.075,0.107,-0.110,0.002,0.064,-0.016,-0.156,-0.230,-0.221,-0.205
-0.146,-0.071,0.075,0.108,-0.110,0.002,0.068,-0.009,-0.149,-0.227,-0.219,-0.205
-0.143,-0.068,0.075,0.105,-0.109,0.003,0.072,-0.003,-0.142,-0.224,-0.221,-0.203
-0.140,-0.065,0.075,0.102,-0.107,0.005,0.075,0.002,-0.139,-0.225,-0.219,-0.200
-0.140,-0.065,0.075,0.102,-0.107,0.005,0.075,0.010,-0.135,-0.225,-0.215,-0.200
-0.140,-0.065,0.075,0.102,-0.107,0.005,0.075,0.014,-0.127,-0.225,-0.215,-0.200
-0.137,-0.062,0.075,0.099,-0.106,0.006,0.074,0.021,-0.121,-0.222,-0.216,-0.197
-0.134,-0.059,0.075,0.096,-0.105,0.007,0.080,0.027,-0.119,-0.217,-0.213,-0.194
-0.135,-0.060,0.075,0.097,-0.105,0.007,0.092,0.032,-0.113,-0.215,-0.210,-0.195
-0.135,-0.060,0.075,0.097,-0.105,0.007,0.095,0.040,-0.105,-0.215,-0.210,-0.195
-0.131,-0.056,0.075,0.093,-0.103,0.009,0.095,0.044,-0.101,-0.211,-0.210,-0.191
-0.129,-0.054,0.075,0.091,-0.102,0.010,0.095,0.048,-0.098,-0.206,-0.207,-0.190
-0.131,-0.056,0.075,0.093,-0.102,0.010,0.095,0.053,-0.091,-0.205,-0.204,-0.190
-0.129,-0.054,0.075,0.091,-0.102,0.010,0.095,0.055,-0.084,-0.204,-0.206,-0.190
-0.125,-0.050,0.075,0.087,-0.100,0.012,0.095,0.055,-0.080,-0.195,-0.205,-0.190
-0.125,-0.050,0.075,0.087,-0.100,0.012,0.095,0.067,-0.076,-0.191,-0.197,-0.186
-0.122,-0.047,0.075,0.084,-0.098,0.014,0.095,0.077,-0.069,-0.184,-0.192,-0.182
-0.120,-0.045,0.075,0.082,-0.097,0.015,0.095,0.082,-0.061,-0.178,-0.186,-0.178
-0.119,-0.044,0.075,0.081,-0.097,0.015,0.095,0.086,-0.053,-0.173,-0.179,-0.175
-0.115,-0.040,0.075,0.077,-0.095,0.017,0.095,0.090,-0.045,-0.165,-0.175,-0.175
-0.116,-0.041,0.075,0.078,-0.095,0.017,0.095,0.093,-0.037,-0.162,-0.167,-0.171
-0.109,-0.034,0.075,0.071,-0.092,0.020,0.094,0.104,-0.029,-0.151,-0.162,-0.166
-0.102,-0.028,0.075,0.065,-0.088,0.023,0.097,0.112,-0.021,-0.140,-0.156,-0.165
-0.099,-0.023,0.076,0.061,-0.087,0.026,0.100,0.117,-0.012,-0.133,-0.149,-0.164
-0.090,-0.015,0.075,0.052,-0.082,0.030,0.100,0.130,0.000,-0.125,-0.145,-0.160
-0.075,-0.011,0.064,0.042,-0.069,0.026,0.100,0.139,0.012,-0.117,-0.141,-0.155
-0.090,-0.004,0.086,0.047,-0.088,0.041,0.100,0.142,0.024,-0.109,-0.137,-0.156
-0.100,0.002,0.102,0.049,-0.101,0.052,0.100,0.150,0.036,-0.101,-0.133,-0.152
-0.087,0.006,0.094,0.040,-0.091,0.050,0.100,0.163,0.047,-0.092,-0.129,-0.143
-0.085,0.010,0.095,0.037,-0.090,0.052,0.100,0.170,0.055,-0.080,-0.125,-0.140
-0.087,0.009,0.095,0.038,-0.091,0.051,0.100,0.177,0.063,-0.072,-0.117,-0.136
-0.073,0.022,0.095,0.025,-0.084,0.058,0.100,0.192,0.074,-0.061,-0.109,-0.132
-0.060,0.035,0.095,0.012,-0.078,0.064,0.100,0.207,0.086,-0.051,-0.101,-0.128
-0.061,0.034,0.095,0.013,-0.078,0.065,0.100,0.218,0.098,-0.042,-0.093,-0.124
-0.060,0.035,0.095,0.012,-0.078,0.065,0.100,0.230,0.115,-0.030,-0.085,-0.120
-0.046,0.051,0.097,-0.003,-0.072,0.074,0.100,0.245,0.139,-0.023,-0.077,-0.108
-0.055,0.059,0.113,-0.002,-0.084,0.086,0.097,0.266,0.161,-0.008,-0.070,-0.098
-0.056,0.064,0.120,-0.004,-0.088,0.092,0.095,0.282,0.176,0.007,-0.059,-0.091
-0.043,0.071,0.114,-0.015,-0.079,0.092,0.094,0.293,0.188,0.018,-0.048,-0.083
-0.045,0.070,0.115,-0.013,-0.080,0.092,0.090,0.305,0.205,0.030,-0.040,-0.075
-0.043,0.068,0.111,-0.012,-0.077,0.089,0.090,0.316,0.225,0.042,-0.032,-0.067
-0.024,0.086,0.110,-0.031,-0.067,0.098,0.091,0.334,0.246,0.056,-0.021,-0.060
-0.013,0.095,0.108,-0.041,-0.061,0.101,0.088,0.357,0.263,0.074,-0.010,-0.049
-0.023,0.081,0.104,-0.029,-0.064,0.093,0.085,0.372,0.271,0.088,-0.003,-0.038
-0.025,0.080,0.105,-0.028,-0.065,0.092,0.085,0.380,0.285,0.100,0.005,-0.030
0.002,0.113,0.111,-0.058,-0.055,0.112,0.081,0.407,0.325,0.125,0.021,-0.018
-0.005,0.127,0.132,-0.061,-0.069,0.129,0.079,0.435,0.353,0.140,0.037,-0.009
-0.016,0.125,0.141,-0.054,-0.079,0.132,0.081,0.453,0.367,0.153,0.053,0.001
0.001,0.134,0.133,-0.068,-0.066,0.133,0.079,0.470,0.386,0.176,0.069,0.013
0.015,0.150,0.135,-0.083,-0.060,0.142,0.075,0.495,0.415,0.200,0.085,0.020
0.002,0.154,0.152,-0.078,-0.075,0.153,0.075,0.512,0.440,0.216,0.102,0.023
0.007,0.163,0.157,-0.085,-0.075,0.160,0.072,0.525,0.455,0.232,0.111,0.034
0.021,0.175,0.154,-0.098,-0.067,0.164,0.069,0.548,0.464,0.248,0.122,0.043
0.026,0.181,0.155,-0.104,-0.065,0.168,0.070,0.568,0.481,0.264,0.138,0.046
0.035,0.190,0.155,-0.113,-0.060,0.172,0.070,0.575,0.510,0.285,0.150,0.055
0.054,0.206,0.152,-0.131,-0.049,0.179,0.066,0.590,0.532,0.307,0.167,0.067
0.041,0.215,0.174,-0.129,-0.067,0.195,0.064,0.607,0.543,0.315,0.175,0.076
0.026,0.213,0.187,-0.120,-0.081,0.200,0.065,0.623,0.563,0.332,0.190,0.087
0.041,0.219,0.178,-0.130,-0.069,0.198,0.064,0.638,0.592,0.362,0.216,0.105
0.065,0.240,0.175,-0.153,-0.055,0.207,0.060,0.650,0.610,0.380,0.230,0.120
0.063,0.238,0.175,-0.151,-0.056,0.206,0.056,0.662,0.621,0.387,0.232,0.124
0.085,0.258,0.173,-0.172,-0.044,0.215,0.052,0.674,0.640,0.405,0.254,0.134
0.107,0.274,0.167,-0.190,-0.030,0.221,0.048,0.686,0.658,0.422,0.267,0.144
0.103,0.268,0.165,-0.186,-0.031,0.216,0.044,0.697,0.667,0.433,0.267,0.144
0.105,0.270,0.165,-0.188,-0.030,0.217,0.040,0.700,0.675,0.450,0.285,0.145
0.125,0.291,0.166,-0.208,-0.021,0.228,0.040,0.699,0.692,0.476,0.302,0.162
0.106,0.295,0.190,-0.200,-0.042,0.242,0.040,0.707,0.701,0.482,0.311,0.168
0.084,0.285,0.201,-0.184,-0.059,0.243,0.040,0.708,0.712,0.495,0.320,0.177
0.095,0.289,0.194,-0.192,-0.050,0.241,0.040,0.698,0.729,0.519,0.333,0.193
0.115,0.310,0.195,-0.213,-0.040,0.252,0.040,0.690,0.740,0.530,0.345,0.200
0.127,0.318,0.191,-0.222,-0.032,0.254,0.040,0.682,0.733,0.544,0.356,0.213
0.141,0.331,0.190,-0.236,-0.025,0.260,0.040,0.674,0.724,0.538,0.372,0.214
0.143,0.331,0.188,-0.238,-0.023,0.259,0.040,0.665,0.715,0.525,0.371,0.207
0.132,0.317,0.185,-0.225,-0.026,0.250,0.040,0.659,0.710,0.517,0.357,0.204
0.125,0.310,0.185,-0.218,-0.030,0.247,0.040,0.650,0.705,0.505,0.350,0.200
0.121,0.302,0.181,-0.212,-0.030,0.241,0.040,0.618,0.674,0.497,0.342,0.196
0.114,0.294,0.180,-0.204,-0.033,0.237,0.040,0.590,0.642,0.485,0.336,0.191
0.107,0.286,0.179,-0.197,-0.036,0.232,0.040,0.555,0.604,0.478,0.320,0.190
0.105,0.278,0.174,-0.192,-0.035,0.225,0.040,0.509,0.560,0.462,0.294,0.181
0.095,0.270,0.175,-0.183,-0.040,0.222,0.040,0.470,0.520,0.415,0.270,0.160
0.065,0.254,0.189,-0.160,-0.062,0.221,0.040,0.426,0.465,0.371,0.242,0.145
0.056,0.239,0.183,-0.148,-0.063,0.211,0.040,0.385,0.407,0.324,0.215,0.120
0.049,0.219,0.170,-0.134,-0.060,0.194,0.040,0.345,0.353,0.278,0.183,0.092
0.031,0.195,0.163,-0.113,-0.066,0.179,0.040,0.305,0.303,0.234,0.146,0.070
0.020,0.175,0.155,-0.098,-0.068,0.165,0.040,0.265,0.255,0.190,0.115,0.050
0.008,0.154,0.147,-0.081,-0.070,0.150,0.040,0.221,0.199,0.151,0.083,0.035
0.000,0.139,0.139,-0.070,-0.070,0.138,0.040,0.176,0.145,0.104,0.051,0.010
-0.013,0.117,0.131,-0.053,-0.072,0.124,0.040,0.135,0.096,0.057,0.017,-0.018
-0.036,0.088,0.124,-0.026,-0.080,0.106,0.039,0.095,0.048,0.015,-0.019,-0.040
-0.055,0.065,0.120,-0.005,-0.088,0.092,0.040,0.055,0.000,-0.025,-0.050,-0.060
-0.063,0.052,0.116,0.005,-0.090,0.083,0.052,0.027,-0.036,-0.061,-0.070,-0.077
-0.071,0.044,0.115,0.013,-0.093,0.079,0.059,-0.002,-0.072,-0.098,-0.093,-0.088
-0.079,0.034,0.113,0.022,-0.096,0.073,0.061,-0.024,-0.106,-0.130,-0.114,-0.104
-0.087,0.023,0.110,0.032,-0.099,0.066,0.067,-0.040,-0.130,-0.156,-0.129,-0.126
-0.095,0.015,0.110,0.040,-0.103,0.062,0.075,-0.060,-0.145,-0.175,-0.145,-0.140
-0.103,0.003,0.106,0.050,-0.105,0.054,0.080,-0.067,-0.160,-0.178,-0.148,-0.135
-0.108,-0.006,0.101,0.057,-0.104,0.047,0.080,-0.085,-0.180,-0.194,-0.161,-0.145
-0.114,-0.014,0.100,0.064,-0.107,0.043,0.080,-0.102,-0.198,-0.212,-0.176,-0.162
-0.121,-0.022,0.099,0.071,-0.110,0.039,0.080,-0.114,-0.215,-0.224,-0.190,-0.172
-0.125,-0.030,0.095,0.077,-0.110,0.032,0.080,-0.130,-0.230,-0.245,-0.210,-0.180
-0.138,-0.042,0.095,0.089,-0.116,0.026,0.080,-0.135,-0.229,-0.258,-0.215,-0.180
-0.141,-0.049,0.092,0.095,-0.116,0.021,0.080,-0.134,-0.242,-0.265,-0.214,-0.179
-0.139,-0.050,0.089,0.095,-0.114,0.020,0.080,-0.138,-0.254,-0.277,-0.218,-0.182
-0.141,-0.051,0.090,0.096,-0.115,0.020,0.080,-0.147,-0.256,-0.285,-0.227,-0.194
-0.145,-0.055,0.090,0.100,-0.117,0.017,0.080,-0.150,-0.260,-0.280,-0.230,-0.205
-0.146,-0.055,0.090,0.101,-0.118,0.017,0.080,-0.150,-0.256,-0.280,-0.230,-0.201
-0.141,-0.054,0.087,0.097,-0.114,0.016,0.079,-0.150,-0.252,-0.277,-0.233,-0.200
-0.141,-0.057,0.084,0.099,-0.113,0.014,0.082,-0.150,-0.248,-0.275,-0.236,-0.198
-0.145,-0.060,0.085,0.102,-0.115,0.012,0.085,-0.150,-0.245,-0.274,-0.234,-0.194
-0.145,-0.060,0.085,0.102,-0.115,0.012,0.085,-0.150,-0.245,-0.270,-0.230,-0.195
-0.145,-0.061,0.085,0.103,-0.115,0.012,0.085,-0.151,-0.241,-0.270,-0.226,-0.196
-0.140,-0.055,0.086,0.097,-0.113,0.015,0.088,-0.142,-0.236,-0.267,-0.222,-0.192
-0.129,-0.046,0.083,0.087,-0.106,0.018,0.091,-0.130,-0.235,-0.265,-0.218,-0.190
-0.118,-0.038,0.080,0.078,-0.099,0.021,0.089,-0.123,-0.234,-0.264,-0.214,-0.189
-0.110,-0.030,0.080,0.070,-0.095,0.025,0.090,-0.115,-0.230,-0.260,-0.210,-0.185
-0.102,-0.022,0.080,0.062,-0.091,0.029,0.103,-0.103,-0.225,-0.260,-0.206,-0.185
-0.094,-0.014,0.080,0.054,-0.087,0.033,0.106,-0.094,-0.226,-0.257,-0.202,-0.186
-0.085,-0.006,0.079,0.046,-0.082,0.036,0.105,-0.086,-0.221,-0.253,-0.198,-0.182
-0.079,0.003,0.082,0.038,-0.081,0.042,0.105,-0.078,-0.214,-0.249,-0.194,-0.173
-0.080,0.015,0.095,0.032,-0.088,0.055,0.105,-0.070,-0.210,-0.245,-0.190,-0.170
-0.081,0.027,0.108,0.027,-0.095,0.068,0.105,-0.066,-0.202,-0.241,-0.186,-0.167
-0.070,0.039,0.109,0.016,-0.090,0.074,0.105,-0.062,-0.197,-0.236,-0.181,-0.159
-0.048,0.051,0.100,-0.002,-0.074,0.076,0.105,-0.058,-0.191,-0.235,-0.180,-0.153
-0.043,0.062,0.105,-0.010,-0.074,0.083,0.105,-0.054,-0.184,-0.234,-0.179,-0.149
-0.055,0.075,0.130,-0.010,-0.093,0.102,0.105,-0.050,-0.180,-0.225,-0.175,-0.145
-0.031,0.101,0.132,-0.035,-0.082,0.116,0.105,-0.046,-0.176,-0.221,-0.171,-0.145
-0.056,0.104,0.160,-0.025,-0.108,0.132,0.105,-0.042,-0.175,-0.214,-0.167,-0.145
-0.079,0.099,0.178,-0.010,-0.128,0.138,0.104,-0.039,-0.173,-0.208,-0.163,-0.145
-0.068,0.099,0.168,-0.016,-0.118,0.134,0.108,-0.040,-0.169,-0.203,-0.159,-0.145
-0.070,0.095,0.165,-0.013,-0.118,0.130,0.120,-0.040,-0.170,-0.195,-0.155,-0.145
-0.071,0.095,0.165,-0.013,-0.118,0.130,0.117,-0.036,-0.171,-0.191,-0.154,-0.145
-0.067,0.096,0.163,-0.015,-0.115,0.129,0.111,-0.034,-0.167,-0.187,-0.158,-0.145
-0.064,0.093,0.157,-0.014,-0.111,0.125,0.110,-0.036,-0.165,-0.185,-0.161,-0.145
-0.065,0.090,0.155,-0.013,-0.110,0.122,0.109,-0.034,-0.164,-0.184,-0.160,-0.145
-0.065,0.090,0.155,-0.013,-0.110,0.122,0.105,-0.030,-0.160,-0.180,-0.160,-0.145
-0.057,0.086,0.143,-0.014,-0.101,0.114,0.100,-0.030,-0.160,-0.180,-0.160,-0.145
-0.048,0.085,0.133,-0.018,-0.091,0.109,0.101,-0.031,-0.160,-0.177,-0.159,-0.145
-0.043,0.084,0.126,-0.020,-0.085,0.104,0.095,-0.028,-0.159,-0.174,-0.162,-0.145
-0.030,0.088,0.118,-0.029,-0.074,0.103,0.081,-0.033,-0.162,-0.177,-0.165,-0.145
-0.010,0.100,0.110,-0.045,-0.060,0.105,0.070,-0.055,-0.175,-0.190,-0.165,-0.145
-0.013,0.089,0.102,-0.038,-0.058,0.095,0.062,-0.079,-0.187,-0.206,-0.165,-0.145
-0.015,0.079,0.094,-0.032,-0.055,0.086,0.051,-0.102,-0.203,-0.220,-0.165,-0.145
-0.018,0.069,0.087,-0.026,-0.053,0.078,0.039,-0.114,-0.214,-0.228,-0.165,-0.145
-0.027,0.058,0.085,-0.016,-0.056,0.071,0.027,-0.115,-0.215,-0.230,-0.166,-0.145
-0.035,0.050,0.085,-0.008,-0.060,0.067,0.020,-0.115,-0.215,-0.230,-0.170,-0.145
-0.047,0.038,0.085,0.004,-0.067,0.061,0.024,-0.119,-0.218,-0.234,-0.170,-0.145
-0.056,0.029,0.085,0.013,-0.071,0.057,0.022,-0.123,-0.229,-0.238,-0.174,-0.145
-0.066,0.019,0.085,0.023,-0.076,0.052,0.020,-0.126,-0.238,-0.242,-0.174,-0.146
-0.077,0.007,0.084,0.034,-0.080,0.045,0.019,-0.133,-0.241,-0.245,-0.178,-0.153
-0.080,0.000,0.080,0.040,-0.080,0.040,0.015,-0.145,-0.245,-0.250,-0.195,-0.165
-0.087,-0.008,0.080,0.047,-0.084,0.036,0.014,-0.150,-0.249,-0.267,-0.200,-0.170
-0.099,-0.019,0.080,0.059,-0.089,0.030,0.022,-0.150,-0.250,-0.272,-0.198,-0.168
-0.109,-0.029,0.080,0.069,-0.094,0.025,0.039,-0.150,-0.250,-0.269,-0.207,-0.178
-0.117,-0.037,0.080,0.077,-0.098,0.021,0.052,-0.150,-0.250,-0.270,-0.223,-0.191
-0.125,-0.045,0.080,0.085,-0.102,0.017,0.055,-0.150,-0.250,-0.270,-0.225,-0.185
-0.130,-0.050,0.080,0.090,-0.105,0.015,0.060,-0.150,-0.250,-0.270,-0.225,-0.184
-0.127,-0.050,0.077,0.088,-0.102,0.013,0.057,-0.153,-0.248,-0.272,-0.225,-0.187
-0.126,-0.052,0.074,0.089,-0.100,0.011,0.055,-0.156,-0.256,-0.278,-0.225,-0.196
-0.131,-0.055,0.075,0.093,-0.102,0.010,0.054,-0.155,-0.266,-0.279,-0.226,-0.207
-0.135,-0.060,0.075,0.097,-0.105,0.007,0.050,-0.155,-0.265,-0.280,-0.230,-0.210
-0.151,-0.076,0.075,0.113,-0.113,0.000,0.050,-0.155,-0.278,-0.297,-0.234,-0.210
-0.160,-0.085,0.076,0.122,-0.118,-0.004,0.051,-0.156,-0.278,-0.299,-0.235,-0.210
-0.158,-0.085,0.073,0.121,-0.115,-0.006,0.048,-0.153,-0.274,-0.294,-0.235,-0.210
-0.155,-0.085,0.070,0.120,-0.112,-0.007,0.045,-0.150,-0.275,-0.295,-0.235,-0.210
-0.155,-0.085,0.070,0.120,-0.112,-0.007,0.045,-0.150,-0.275,-0.295,-0.235,-0.210
-0.155,-0.085,0.070,0.120,-0.112,-0.007,0.045,-0.150,-0.271,-0.295,-0.235,-0.214
-0.155,-0.085,0.070,0.120,-0.112,-0.007,0.042,-0.150,-0.270,-0.296,-0.235,-0.215
-0.155,-0.085,0.070,0.120,-0.112,-0.007,0.039,-0.150,-0.270,-0.293,-0.235,-0.215
-0.154,-0.085,0.069,0.120,-0.111,-0.007,0.040,-0.150,-0.270,-0.290,-0.235,-0.215
-0.155,-0.085,0.070,0.120,-0.112,-0.007,0.040,-0.150,-0.270,-0.290,-0.235,-0.215
-0.168,-0.085,0.083,0.126,-0.125,-0.001,0.036,-0.150,-0.266,-0.290,-0.239,-0.215
-0.166,-0.085,0.081,0.125,-0.123,-0.002,0.035,-0.150,-0.265,-0.290,-0.244,-0.215
-0.157,-0.085,0.072,0.121,-0.114,-0.006,0.033,-0.150,-0.265,-0.290,-0.245,-0.215
-0.154,-0.085,0.069,0.120,-0.111,-0.007,0.029,-0.150,-0.265,-0.290,-0.245,-0.215
-0.150,-0.085,0.065,0.117,-0.107,-0.010,0.030,-0.150,-0.265,-0.290,-0.245,-0.215
-0.146,-0.085,0.061,0.115,-0.103,-0.012,0.030,-0.150,-0.261,-0.286,-0.245,-0.215
-0.142,-0.085,0.057,0.113,-0.099,-0.014,0.027,-0.150,-0.259,-0.285,-0.245,-0.215
-0.138,-0.085,0.053,0.111,-0.095,-0.016,0.024,-0.150,-0.261,-0.285,-0.245,-0.215
-0.134,-0.085,0.049,0.110,-0.091,-0.017,0.025,-0.150,-0.259,-0.285,-0.245,-0.215
-0.135,-0.085,0.050,0.110,-0.092,-0.017,0.025,-0.150,-0.255,-0.285,-0.245,-0.215
-0.148,-0.085,0.063,0.116,-0.105,-0.011,0.021,-0.150,-0.255,-0.285,-0.245,-0.215
-0.148,-0.085,0.063,0.116,-0.105,-0.011,0.020,-0.150,-0.255,-0.282,-0.245,-0.215
-0.144,-0.085,0.059,0.115,-0.101,-0.012,0.020,-0.150,-0.255,-0.279,-0.245,-0.215
-0.145,-0.085,0.060,0.115,-0.102,-0.012,0.021,-0.150,-0.254,-0.280,-0.245,-0.215
-0.145,-0.085,0.060,0.115,-0.102,-0.012,0.025,-0.150,-0.250,-0.280,-0.245,-0.215
-0.145,-0.085,0.060,0.115,-0.102,-0.012,0.025,-0.141,-0.250,-0.280,-0.245,-0.215
-0.145,-0.085,0.060,0.115,-0.102,-0.012,0.028,-0.139,-0.250,-0.280,-0.245,-0.215
-0.146,-0.086,0.060,0.116,-0.102,-0.012,0.029,-0.122,-0.251,-0.279,-0.245,-0.214
-0.144,-0.084,0.060,0.114,-0.102,-0.012,0.033,-0.095,-0.248,-0.282,-0.244,-0.217
-0.150,-0.080,0.070,0.115,-0.110,-0.005,0.055,-0.070,-0.235,-0.290,-0.245,-0.230
-0.181,-0.078,0.103,0.130,-0.142,0.012,0.086,0.003,-0.226,-0.289,-0.263,-0.253
-0.173,-0.053,0.120,0.113,-0.146,0.033,0.125,0.128,-0.185,-0.295,-0.287,-0.278
-0.153,-0.018,0.135,0.085,-0.144,0.059,0.147,0.256,-0.109,-0.271,-0.266,-0.268
-0.139,0.012,0.151,0.063,-0.146,0.081,0.152,0.376,-0.007,-0.207,-0.214,-0.233
-0.105,0.040,0.145,0.032,-0.125,0.092,0.170,0.485,0.115,-0.125,-0.170,-0.205
-0.073,0.067,0.141,0.003,-0.107,0.103,0.191,0.516,0.247,-0.017,-0.083,-0.136
-0.034,0.104,0.138,-0.036,-0.086,0.121,0.164,0.457,0.376,0.121,0.038,-0.047
0.048,0.180,0.131,-0.114,-0.042,0.155,0.084,0.277,0.470,0.284,0.190,0.066
0.164,0.296,0.132,-0.230,0.015,0.214,-0.058,-0.060,0.521,0.478,0.383,0.215
0.270,0.425,0.155,-0.348,0.057,0.290,-0.275,-0.530,0.545,0.715,0.620,0.405
0.364,0.547,0.184,-0.456,0.089,0.366,-0.532,-1.001,0.547,0.977,0.887,0.637
0.480,0.646,0.165,-0.563,0.157,0.405,-0.737,-1.289,0.609,1.250,1.155,0.853
0.590,0.704,0.114,-0.647,0.238,0.409,-0.916,-1.438,0.693,1.516,1.397,1.045
0.658,0.766,0.108,-0.712,0.275,0.436,-1.081,-1.606,0.709,1.785,1.630,1.232
0.695,0.890,0.195,-0.793,0.250,0.542,-1.210,-1.845,0.660,2.075,1.875,1.420
0.718,1.038,0.319,-0.879,0.200,0.678,-1.354,-2.060,0.625,2.314,2.075,1.591
0.676,1.056,0.381,-0.866,0.147,0.718,-1.484,-2.207,0.498,2.337,2.126,1.657
0.625,0.891,0.266,-0.758,0.179,0.578,-1.508,-2.172,0.375,2.106,1.988,1.593
0.596,0.647,0.051,-0.622,0.272,0.349,-1.426,-2.015,0.251,1.734,1.733,1.444
0.535,0.460,-0.075,-0.497,0.305,0.192,-1.320,-1.905,0.015,1.335,1.450,1.270
0.437,0.328,-0.108,-0.382,0.272,0.109,-1.199,-1.789,-0.229,0.886,1.132,1.086
0.369,0.222,-0.148,-0.295,0.259,0.037,-1.084,-1.670,-0.476,0.459,0.840,0.904
0.299,0.150,-0.150,-0.224,0.225,0.000,-0.943,-1.499,-0.670,0.052,0.553,0.709
0.200,0.095,-0.105,-0.147,0.152,-0.005,-0.782,-1.281,-0.775,-0.294,0.258,0.498
0.115,0.045,-0.070,-0.080,0.092,-0.012,-0.635,-1.065,-0.785,-0.465,0.040,0.315
0.064,0.056,-0.008,-0.060,0.036,0.025,-0.486,-0.842,-0.671,-0.429,-0.015,0.202
-0.005,0.054,0.059,-0.025,-0.032,0.056,-0.385,-0.689,-0.576,-0.375,-0.053,0.117
-0.065,0.040,0.105,0.012,-0.085,0.072,-0.315,-0.582,-0.513,-0.343,-0.101,0.050
-0.089,0.032,0.121,0.028,-0.105,0.076,-0.249,-0.481,-0.450,-0.305,-0.124,-0.005
-0.095,0.020,0.115,0.037,-0.105,0.067,-0.190,-0.390,-0.395,-0.275,-0.130,-0.060
-0.098,0.012,0.110,0.043,-0.104,0.061,-0.132,-0.303,-0.338,-0.266,-0.134,-0.086
-0.110,0.001,0.110,0.055,-0.110,0.055,-0.091,-0.241,-0.295,-0.262,-0.136,-0.102
-0.116,-0.008,0.108,0.062,-0.111,0.050,-0.058,-0.186,-0.253,-0.258,-0.148,-0.116
-0.125,-0.020,0.105,0.072,-0.114,0.042,-0.029,-0.134,-0.220,-0.253,-0.162,-0.128
-0.145,-0.040,0.105,0.092,-0.125,0.032,-0.010,-0.100,-0.215,-0.245,-0.165,-0.140
-0.140,-0.039,0.101,0.090,-0.121,0.031,0.010,-0.066,-0.207,-0.241,-0.173,-0.147
-0.149,-0.052,0.096,0.100,-0.123,0.022,0.029,-0.049,-0.202,-0.237,-0.178,-0.161
-0.156,-0.060,0.095,0.107,-0.125,0.017,0.039,-0.041,-0.197,-0.233,-0.182,-0.178
-0.148,-0.054,0.094,0.101,-0.121,0.020,0.049,-0.033,-0.188,-0.230,-0.185,-0.186
-0.145,-0.055,0.090,0.100,-0.117,0.017,0.065,-0.025,-0.180,-0.230,-0.185,-0.185
-0.146,-0.056,0.090,0.101,-0.117,0.017,0.066,-0.017,-0.176,-0.226,-0.185,-0.185
-0.139,-0.052,0.087,0.095,-0.113,0.017,0.065,-0.009,-0.172,-0.225,-0.183,-0.185
-0.134,-0.049,0.084,0.091,-0.109,0.017,0.066,-0.001,-0.168,-0.223,-0.191,-0.185
-0.135,-0.050,0.085,0.092,-0.110,0.017,0.073,0.007,-0.165,-0.220,-0.200,-0.185
-0.135,-0.050,0.085,0.092,-0.110,0.017,0.085,0.015,-0.165,-0.220,-0.195,-0.185
-0.131,-0.046,0.085,0.088,-0.108,0.020,0.081,0.019,-0.161,-0.216,-0.195,-0.184
-0.126,-0.044,0.082,0.085,-0.104,0.018,0.079,0.023,-0.156,-0.215,-0.192,-0.195
-0.125,-0.046,0.079,0.085,-0.102,0.016,0.080,0.027,-0.155,-0.213,-0.190,-0.200
-0.124,-0.044,0.080,0.084,-0.102,0.018,0.080,0.031,-0.154,-0.210,-0.189,-0.194
-0.120,-0.040,0.080,0.080,-0.100,0.020,0.080,0.035,-0.145,-0.210,-0.185,-0.190
-0.120,-0.040,0.080,0.080,-0.100,0.020,0.080,0.038,-0.141,-0.206,-0.185,-0.186
-0.121,-0.041,0.081,0.081,-0.101,0.020,0.079,0.049,-0.134,-0.205,-0.182,-0.185
-0.116,-0.038,0.078,0.077,-0.097,0.020,0.085,0.058,-0.128,-0.203,-0.180,-0.184
-0.109,-0.035,0.075,0.071,-0.091,0.020,0.097,0.062,-0.123,-0.200,-0.179,-0.179
-0.110,-0.035,0.075,0.072,-0.092,0.020,0.100,0.070,-0.115,-0.200,-0.175,-0.175
-0.110,-0.035,0.075,0.072,-0.092,0.020,0.100,0.075,-0.111,-0.196,-0.175,-0.175
-0.107,-0.032,0.076,0.069,-0.091,0.021,0.100,0.074,-0.104,-0.195,-0.172,-0.173
-0.102,-0.029,0.073,0.066,-0.088,0.021,0.100,0.078,-0.096,-0.192,-0.168,-0.167
-0.100,-0.030,0.070,0.065,-0.085,0.020,0.099,0.087,-0.088,-0.183,-0.164,-0.165
-0.100,-0.030,0.070,0.065,-0.085,0.020,0.095,0.095,-0.080,-0.175,-0.160,-0.165
-0.096,-0.026,0.070,0.061,-0.083,0.022,0.095,0.099,-0.072,-0.167,-0.156,-0.161
-0.095,-0.025,0.070,0.060,-0.082,0.022,0.095,0.103,-0.063,-0.159,-0.152,-0.157
-0.095,-0.025,0.070,0.060,-0.082,0.022,0.095,0.107,-0.058,-0.151,-0.148,-0.153
-0.095,-0.025,0.070,0.060,-0.082,0.022,0.095,0.111,-0.053,-0.144,-0.143,-0.150
-0.090,-0.025,0.065,0.057,-0.077,0.020,0.095,0.120,-0.040,-0.140,-0.135,-0.150
-0.074,-0.017,0.057,0.045,-0.065,0.020,0.095,0.133,-0.032,-0.132,-0.131,-0.146
-0.099,-0.012,0.087,0.055,-0.093,0.037,0.095,0.137,-0.024,-0.124,-0.128,-0.141
-0.118,-0.006,0.112,0.062,-0.115,0.053,0.095,0.148,-0.016,-0.116,-0.121,-0.140
-0.108,0.001,0.109,0.053,-0.109,0.055,0.095,0.162,-0.008,-0.108,-0.114,-0.139
-0.105,0.005,0.110,0.050,-0.108,0.057,0.095,0.165,0.000,-0.100,-0.110,-0.135
-0.097,0.013,0.110,0.042,-0.104,0.061,0.095,0.172,0.007,-0.092,-0.106,-0.130
-0.091,0.019,0.110,0.036,-0.101,0.065,0.095,0.182,0.022,-0.085,-0.099,-0.131
-0.090,0.019,0.109,0.036,-0.100,0.064,0.095,0.185,0.037,-0.074,-0.090,-0.127
-0.098,0.013,0.111,0.042,-0.105,0.062,0.095,0.195,0.048,-0.063,-0.084,-0.118
-0.100,0.010,0.110,0.045,-0.105,0.060,0.095,0.220,0.060,-0.055,-0.080,-0.115
-0.068,0.022,0.090,0.023,-0.080,0.056,0.095,0.232,0.071,-0.047,-0.072,-0.111
-0.079,0.031,0.110,0.024,-0.095,0.070,0.095,0.248,0.091,-0.040,-0.063,-0.107
-0.087,0.041,0.128,0.023,-0.108,0.084,0.095,0.259,0.105,-0.028,-0.058,-0.103
-0.065,0.052,0.118,0.007,-0.092,0.085,0.095,0.269,0.113,-0.011,-0.053,-0.099
-0.060,0.060,0.120,0.000,-0.090,0.090,0.095,0.290,0.130,0.005,-0.040,-0.095
-0.065,0.072,0.137,-0.004,-0.101,0.104,0.095,0.303,0.150,0.021,-0.028,-0.087
-0.059,0.082,0.142,-0.011,-0.101,0.111,0.095,0.313,0.170,0.035,-0.016,-0.079
-0.053,0.086,0.139,-0.016,-0.097,0.112,0.095,0.327,0.188,0.045,-0.006,-0.071
-0.056,0.084,0.140,-0.014,-0.099,0.112,0.095,0.345,0.204,0.051,0.003,-0.063
-0.055,0.085,0.140,-0.015,-0.098,0.112,0.095,0.365,0.220,0.060,0.015,-0.055
-0.038,0.102,0.140,-0.032,-0.090,0.120,0.095,0.386,0.236,0.077,0.027,-0.046
-0.033,0.107,0.140,-0.037,-0.087,0.123,0.092,0.401,0.255,0.086,0.040,-0.043
-0.038,0.104,0.141,-0.033,-0.090,0.122,0.090,0.421,0.275,0.098,0.049,-0.035
-0.031,0.106,0.137,-0.038,-0.085,0.121,0.089,0.445,0.295,0.122,0.059,-0.022
-0.015,0.115,0.130,-0.050,-0.073,0.122,0.085,0.460,0.315,0.145,0.075,-0.010
-0.028,0.123,0.151,-0.048,-0.090,0.137,0.085,0.466,0.330,0.156,0.083,0.002
-0.022,0.133,0.155,-0.056,-0.088,0.144,0.082,0.491,0.357,0.178,0.094,0.011
0.000,0.147,0.147,-0.074,-0.073,0.147,0.079,0.512,0.378,0.197,0.104,0.021
0.011,0.156,0.145,-0.084,-0.067,0.150,0.080,0.524,0.396,0.208,0.113,0.032
0.020,0.160,0.140,-0.090,-0.060,0.150,0.080,0.550,0.425,0.225,0.130,0.040
0.048,0.180,0.132,-0.115,-0.042,0.156,0.076,0.574,0.445,0.240,0.146,0.052
0.032,0.191,0.159,-0.112,-0.064,0.174,0.075,0.597,0.469,0.261,0.160,0.060
0.007,0.189,0.181,-0.098,-0.087,0.185,0.073,0.608,0.487,0.275,0.170,0.059
0.013,0.192,0.179,-0.102,-0.083,0.186,0.070,0.620,0.499,0.291,0.185,0.071
0.025,0.205,0.180,-0.115,-0.078,0.192,0.070,0.645,0.520,0.320,0.210,0.095
0.033,0.213,0.180,-0.123,-0.074,0.196,0.066,0.649,0.540,0.336,0.223,0.095
0.041,0.221,0.180,-0.131,-0.070,0.200,0.064,0.663,0.562,0.358,0.230,0.105
0.049,0.229,0.180,-0.139,-0.066,0.204,0.065,0.685,0.588,0.378,0.243,0.122
0.057,0.237,0.180,-0.147,-0.062,0.208,0.064,0.698,0.609,0.387,0.257,0.133
0.070,0.250,0.180,-0.160,-0.055,0.215,0.060,0.710,0.620,0.400,0.265,0.145
0.087,0.271,0.184,-0.180,-0.049,0.228,0.056,0.731,0.639,0.420,0.285,0.149
0.092,0.278,0.186,-0.185,-0.048,0.232,0.052,0.742,0.661,0.437,0.299,0.155
0.089,0.287,0.198,-0.188,-0.055,0.243,0.048,0.748,0.677,0.454,0.314,0.168
0.091,0.302,0.211,-0.197,-0.060,0.256,0.044,0.759,0.688,0.477,0.335,0.184
0.095,0.300,0.205,-0.198,-0.055,0.252,0.040,0.770,0.700,0.500,0.355,0.195
0.094,0.299,0.205,-0.197,-0.056,0.251,0.040,0.763,0.717,0.508,0.368,0.199
0.108,0.310,0.202,-0.209,-0.047,0.256,0.037,0.756,0.726,0.520,0.373,0.202
0.131,0.331,0.199,-0.231,-0.034,0.265,0.034,0.754,0.737,0.540,0.378,0.210
0.139,0.340,0.200,-0.240,-0.030,0.270,0.035,0.748,0.745,0.550,0.387,0.223
0.130,0.330,0.200,-0.230,-0.035,0.265,0.035,0.740,0.735,0.540,0.390,0.230
0.130,0.326,0.196,-0.229,-0.033,0.261,0.035,0.735,0.727,0.531,0.382,0.222
0.124,0.319,0.195,-0.222,-0.036,0.257,0.032,0.734,0.718,0.527,0.374,0.216
0.120,0.313,0.193,-0.217,-0.037,0.253,0.029,0.721,0.713,0.522,0.366,0.213
0.119,0.308,0.189,-0.213,-0.035,0.249,0.030,0.701,0.698,0.512,0.358,0.209
0.110,0.300,0.190,-0.205,-0.040,0.245,0.030,0.680,0.660,0.505,0.350,0.205
0.106,0.296,0.191,-0.201,-0.043,0.243,0.030,0.637,0.629,0.504,0.341,0.201
0.103,0.287,0.184,-0.195,-0.041,0.235,0.031,0.595,0.588,0.475,0.339,0.199
0.097,0.274,0.177,-0.185,-0.041,0.226,0.028,0.554,0.544,0.439,0.323,0.187
0.088,0.262,0.174,-0.175,-0.044,0.218,0.025,0.509,0.497,0.405,0.293,0.165
0.080,0.250,0.170,-0.165,-0.045,0.210,0.025,0.465,0.440,0.355,0.265,0.145
0.077,0.243,0.166,-0.161,-0.044,0.204,0.025,0.417,0.384,0.306,0.229,0.117
0.062,0.223,0.162,-0.143,-0.050,0.192,0.025,0.369,0.325,0.264,0.195,0.091
0.039,0.197,0.158,-0.118,-0.060,0.178,0.024,0.322,0.266,0.225,0.165,0.071
0.021,0.174,0.153,-0.098,-0.066,0.163,0.028,0.280,0.211,0.184,0.139,0.057
0.005,0.150,0.145,-0.078,-0.070,0.147,0.040,0.240,0.155,0.140,0.115,0.045
-0.012,0.125,0.137,-0.057,-0.074,0.131,0.037,0.192,0.102,0.095,0.080,0.021
-0.022,0.107,0.129,-0.043,-0.076,0.117,0.032,0.145,0.056,0.057,0.042,-0.002
-0.027,0.094,0.121,-0.034,-0.074,0.107,0.044,0.108,0.014,0.022,0.010,-0.032
-0.032,0.081,0.113,-0.025,-0.073,0.097,0.063,0.078,-0.024,-0.014,-0.016,-0.059
-0.040,0.065,0.105,-0.013,-0.073,0.085,0.065,0.050,-0.060,-0.050,-0.040,-0.065
-0.046,0.053,0.099,-0.004,-0.073,0.076,0.065,0.018,-0.096,-0.086,-0.063,-0.079
-0.072,0.038,0.109,0.016,-0.090,0.073,0.065,-0.015,-0.130,-0.121,-0.092,-0.106
-0.091,0.024,0.115,0.033,-0.104,0.069,0.064,-0.041,-0.159,-0.144,-0.115,-0.130
-0.097,0.011,0.109,0.043,-0.103,0.060,0.067,-0.051,-0.179,-0.152,-0.118,-0.134
-0.110,-0.005,0.105,0.057,-0.107,0.050,0.080,-0.055,-0.195,-0.165,-0.115,-0.130
-0.119,-0.018,0.101,0.068,-0.110,0.042,0.081,-0.074,-0.220,-0.195,-0.143,-0.147
-0.120,-0.023,0.097,0.071,-0.108,0.037,0.080,-0.097,-0.233,-0.201,-0.158,-0.150
-0.121,-0.029,0.093,0.075,-0.106,0.032,0.080,-0.110,-0.238,-0.205,-0.165,-0.157
-0.127,-0.037,0.090,0.082,-0.108,0.026,0.080,-0.116,-0.248,-0.226,-0.178,-0.173
-0.130,-0.040,0.090,0.085,-0.110,0.025,0.080,-0.120,-0.260,-0.245,-0.185,-0.175
-0.126,-0.040,0.086,0.083,-0.106,0.023,0.080,-0.119,-0.264,-0.250,-0.189,-0.175
-0.125,-0.040,0.085,0.082,-0.105,0.022,0.080,-0.130,-0.269,-0.250,-0.193,-0.172
-0.124,-0.039,0.085,0.081,-0.105,0.022,0.082,-0.135,-0.269,-0.250,-0.195,-0.170
-0.127,-0.041,0.085,0.083,-0.106,0.021,0.086,-0.129,-0.273,-0.251,-0.195,-0.169
-0.135,-0.050,0.085,0.092,-0.110,0.017,0.090,-0.130,-0.285,-0.255,-0.195,-0.165
-0.135,-0.055,0.081,0.095,-0.108,0.013,0.094,-0.126,-0.281,-0.255,-0.195,-0.165
-0.135,-0.055,0.080,0.095,-0.107,0.012,0.095,-0.124,-0.279,-0.255,-0.195,-0.166
-0.135,-0.055,0.080,0.095,-0.107,0.012,0.095,-0.126,-0.280,-0.253,-0.195,-0.163
-0.135,-0.055,0.080,0.095,-0.107,0.012,0.095,-0.124,-0.280,-0.250,-0.195,-0.160
-0.135,-0.055,0.080,0.095,-0.107,0.012,0.095,-0.120,-0.280,-0.250,-0.195,-0.160
-0.135,-0.055,0.080,0.095,-0.107,0.012,0.095,-0.120,-0.280,-0.250,-0.194,-0.156
-0.133,-0.056,0.077,0.095,-0.105,0.010,0.098,-0.117,-0.281,-0.247,-0.205,-0.154
-0.124,-0.050,0.074,0.086,-0.099,0.012,0.101,-0.114,-0.277,-0.244,-0.208,-0.156
-0.113,-0.038,0.075,0.075,-0.094,0.018,0.100,-0.116,-0.268,-0.245,-0.197,-0.154
-0.105,-0.030,0.075,0.067,-0.090,0.022,0.100,-0.115,-0.260,-0.245,-0.190,-0.150
-0.093,-0.018,0.075,0.055,-0.084,0.029,0.100,-0.103,-0.256,-0.237,-0.182,-0.150
-0.083,-0.009,0.074,0.046,-0.078,0.033,0.098,-0.093,-0.250,-0.231,-0.174,-0.147
-0.077,0.001,0.078,0.038,-0.077,0.039,0.107,-0.087,-0.241,-0.229,-0.166,-0.144
-0.076,0.012,0.088,0.031,-0.082,0.050,0.123,-0.077,-0.234,-0.223,-0.158,-0.145
-0.080,0.020,0.100,0.030,-0.090,0.060,0.125,-0.065,-0.230,-0.215,-0.150,-0.145
-0.077,0.028,0.105,0.024,-0.091,0.066,0.125,-0.057,-0.226,-0.211,-0.150,-0.141
-0.069,0.036,0.105,0.016,-0.087,0.070,0.124,-0.049,-0.222,-0.208,-0.150,-0.139
-0.062,0.044,0.106,0.009,-0.084,0.075,0.127,-0.041,-0.218,-0.201,-0.150,-0.141
-0.059,0.052,0.111,0.004,-0.085,0.082,0.130,-0.034,-0.215,-0.194,-0.150,-0.139
-0.065,0.060,0.125,0.002,-0.095,0.092,0.130,-0.030,-0.215,-0.190,-0.150,-0.135
-0.087,0.068,0.155,0.010,-0.121,0.111,0.130,-0.026,-0.211,-0.186,-0.150,-0.135
-0.083,0.077,0.160,0.002,-0.121,0.118,0.128,-0.022,-0.206,-0.182,-0.150,-0.135
-0.073,0.079,0.152,-0.003,-0.113,0.115,0.122,-0.018,-0.205,-0.178,-0.150,-0.135
-0.075,0.075,0.149,0.000,-0.113,0.112,0.120,-0.014,-0.204,-0.174,-0.150,-0.135
-0.070,0.075,0.145,-0.003,-0.108,0.110,0.120,-0.010,-0.200,-0.170,-0.150,-0.135
-0.070,0.071,0.141,-0.001,-0.105,0.106,0.116,-0.014,-0.195,-0.166,-0.150,-0.135
-0.071,0.069,0.140,0.001,-0.105,0.105,0.115,-0.016,-0.195,-0.165,-0.150,-0.135
-0.068,0.071,0.139,-0.002,-0.103,0.104,0.114,-0.015,-0.193,-0.166,-0.150,-0.135
-0.065,0.069,0.134,-0.003,-0.099,0.101,0.109,-0.015,-0.190,-0.164,-0.150,-0.135
-0.065,0.065,0.130,0.000,-0.098,0.097,0.105,-0.015,-0.190,-0.160,-0.150,-0.135
-0.061,0.065,0.126,-0.003,-0.094,0.096,0.105,-0.015,-0.186,-0.160,-0.150,-0.131
-0.059,0.062,0.121,-0.002,-0.091,0.092,0.102,-0.014,-0.184,-0.161,-0.150,-0.130
-0.061,0.059,0.120,0.001,-0.090,0.090,0.101,-0.019,-0.188,-0.159,-0.150,-0.130
-0.059,0.060,0.119,-0.001,-0.089,0.090,0.098,-0.035,-0.198,-0.162,-0.150,-0.130
-0.055,0.060,0.115,-0.003,-0.085,0.087,0.085,-0.055,-0.210,-0.175,-0.150,-0.130
-0.059,0.052,0.111,0.003,-0.085,0.082,0.077,-0.075,-0.223,-0.179,-0.150,-0.130
-0.063,0.044,0.107,0.009,-0.085,0.075,0.066,-0.097,-0.229,-0.189,-0.150,-0.130
-0.067,0.036,0.103,0.015,-0.085,0.069,0.056,-0.107,-0.229,-0.199,-0.150,-0.130
-0.071,0.028,0.099,0.021,-0.085,0.063,0.047,-0.105,-0.232,-0.200,-0.150,-0.130
-0.075,0.020,0.095,0.027,-0.085,0.057,0.035,-0.105,-0.245,-0.200,-0.150,-0.130
-0.084,0.012,0.095,0.035,-0.089,0.053,0.025,-0.104,-0.250,-0.204,-0.150,-0.129
-0.085,0.007,0.092,0.039,-0.089,0.049,0.030,-0.114,-0.250,-0.205,-0.151,-0.134
-0.086,0.002,0.088,0.042,-0.087,0.044,0.038,-0.123,-0.252,-0.206,-0.147,-0.134
-0.091,-0.007,0.084,0.049,-0.087,0.038,0.040,-0.126,-0.256,-0.212,-0.147,-0.137
-0.095,-0.015,0.080,0.055,-0.087,0.032,0.040,-0.130,-0.260,-0.220,-0.165,-0.150
-0.099,-0.023,0.076,0.060,-0.087,0.026,0.040,-0.130,-0.268,-0.232,-0.178,-0.153
-0.106,-0.031,0.075,0.068,-0.090,0.022,0.040,-0.130,-0.273,-0.239,-0.186,-0.167
-0.113,-0.039,0.074,0.076,-0.093,0.017,0.042,-0.130,-0.277,-0.240,-0.193,-0.177
-0.115,-0.047,0.069,0.081,-0.092,0.011,0.055,-0.130,-0.280,-0.240,-0.195,-0.174
-0.120,-0.055,0.065,0.087,-0.092,0.005,0.075,-0.130,-0.280,-0.240,-0.195,-0.175
-0.133,-0.072,0.061,0.102,-0.096,-0.005,0.072,-0.130,-0.284,-0.244,-0.199,-0.179
-0.136,-0.079,0.056,0.107,-0.096,-0.011,0.069,-0.130,-0.285,-0.246,-0.200,-0.184
-0.137,-0.081,0.055,0.108,-0.096,-0.013,0.071,-0.130,-0.287,-0.244,-0.202,-0.185
-0.141,-0.086,0.054,0.113,-0.097,-0.016,0.069,-0.130,-0.290,-0.247,-0.205,-0.186
-0.140,-0.090,0.050,0.115,-0.095,-0.020,0.065,-0.130,-0.290,-0.260,-0.205,-0.190
-0.140,-0.090,0.050,0.115,-0.095,-0.020,0.065,-0.139,-0.294,-0.265,-0.214,-0.194
-0.141,-0.090,0.050,0.116,-0.095,-0.020,0.066,-0.138,-0.295,-0.265,-0.213,-0.198
-0.138,-0.088,0.050,0.113,-0.094,-0.019,0.063,-0.134,-0.295,-0.265,-0.209,-0.200
-0.143,-0.093,0.050,0.118,-0.097,-0.022,0.060,-0.135,-0.303,-0.265,-0.210,-0.200
-0.160,-0.110,0.050,0.135,-0.105,-0.030,0.060,-0.135,-0.315,-0.265,-0.210,-0.200
-0.161,-0.111,0.050,0.136,-0.105,-0.030,0.060,-0.135,-0.311,-0.261,-0.210,-0.200
-0.160,-0.110,0.051,0.135,-0.105,-0.030,0.057,-0.135,-0.309,-0.260,-0.210,-0.200
-0.158,-0.110,0.048,0.134,-0.103,-0.031,0.054,-0.135,-0.310,-0.260,-0.210,-0.200
-0.155,-0.110,0.045,0.132,-0.100,-0.032,0.055,-0.135,-0.310,-0.260,-0.210,-0.200
-0.155,-0.110,0.045,0.132,-0.100,-0.032,0.055,-0.135,-0.310,-0.260,-0.210,-0.200
-0.155,-0.110,0.045,0.132,-0.100,-0.032,0.051,-0.135,-0.306,-0.263,-0.206,-0.200
-0.155,-0.110,0.045,0.132,-0.100,-0.032,0.049,-0.135,-0.305,-0.275,-0.205,-0.200
-0.155,-0.110,0.045,0.132,-0.100,-0.032,0.051,-0.135,-0.305,-0.280,-0.205,-0.200
-0.155,-0.110,0.045,0.132,-0.100,-0.032,0.049,-0.135,-0.305,-0.274,-0.205,-0.200
-0.155,-0.110,0.045,0.132,-0.100,-0.032,0.045,-0.135,-0.305,-0.275,-0.205,-0.200
-0.156,-0.110,0.045,0.132,-0.100,-0.032,0.045,-0.135,-0.305,-0.276,-0.205,-0.200
-0.151,-0.109,0.042,0.130,-0.097,-0.034,0.046,-0.135,-0.302,-0.272,-0.205,-0.200
-0.151,-0.112,0.039,0.132,-0.095,-0.036,0.043,-0.135,-0.299,-0.270,-0.205,-0.200
-0.156,-0.116,0.040,0.136,-0.097,-0.037,0.040,-0.135,-0.300,-0.270,-0.206,-0.200
-0.155,-0.115,0.040,0.135,-0.097,-0.037,0.040,-0.135,-0.300,-0.270,-0.210,-0.200
-0.151,-0.111,0.040,0.131,-0.096,-0.036,0.036,-0.135,-0.300,-0.270,-0.213,-0.198
-0.146,-0.106,0.040,0.126,-0.093,-0.033,0.035,-0.135,-0.297,-0.267,-0.224,-0.212
-0.145,-0.105,0.040,0.125,-0.092,-0.032,0.033,-0.136,-0.294,-0.264,-0.233,-0.224
-0.144,-0.104,0.040,0.124,-0.092,-0.032,0.029,-0.133,-0.295,-0.265,-0.235,-0.225
-0.140,-0.100,0.040,0.120,-0.090,-0.030,0.030,-0.120,-0.295,-0.265,-0.235,-0.225
-0.136,-0.095,0.040,0.116,-0.088,-0.027,0.031,-0.112,-0.295,-0.261,-0.235,-0.225
-0.133,-0.096,0.038,0.114,-0.085,-0.029,0.028,-0.103,-0.297,-0.260,-0.235,-0.225
-0.124,-0.092,0.032,0.108,-0.078,-0.030,0.038,-0.100,-0.289,-0.260,-0.235,-0.225
-0.122,-0.083,0.039,0.102,-0.080,-0.022,0.052,-0.080,-0.279,-0.260,-0.235,-0.224
-0.130,-0.075,0.055,0.102,-0.092,-0.010,0.060,-0.025,-0.270,-0.260,-0.235,-0.225
-0.114,-0.066,0.048,0.090,-0.080,-0.009,0.094,0.021,-0.231,-0.255,-0.241,-0.240
-0.143,-0.064,0.079,0.104,-0.111,0.007,0.134,0.132,-0.191,-0.258,-0.260,-0.259
-0.173,-0.048,0.125,0.110,-0.149,0.038,0.161,0.274,-0.141,-0.226,-0.245,-0.249
-0.150,-0.010,0.140,0.080,-0.145,0.065,0.171,0.401,-0.054,-0.160,-0.200,-0.219
-0.110,0.020,0.130,0.045,-0.120,0.075,0.175,0.505,0.060,-0.100,-0.160,-0.195
-0.095,0.031,0.126,0.032,-0.111,0.078,0.180,0.531,0.173,-0.013,-0.088,-0.147
-0.059,0.064,0.122,-0.003,-0.091,0.093,0.168,0.473,0.311,0.117,0.017,-0.068
0.033,0.151,0.118,-0.093,-0.042,0.135,0.107,0.303,0.423,0.279,0.166,0.049
0.145,0.259,0.114,-0.203,0.015,0.187,-0.026,-0.014,0.482,0.462,0.354,0.200
0.250,0.360,0.110,-0.305,0.070,0.235,-0.235,-0.470,0.515,0.670,0.570,0.380
0.400,0.507,0.108,-0.454,0.146,0.307,-0.490,-0.968,0.535,0.919,0.836,0.604
0.515,0.604,0.089,-0.560,0.213,0.346,-0.705,-1.282,0.597,1.182,1.101,0.818
0.592,0.653,0.061,-0.623,0.265,0.357,-0.882,-1.441,0.682,1.432,1.344,1.008
0.662,0.714,0.051,-0.688,0.305,0.382,-1.043,-1.603,0.739,1.687,1.579,1.191
0.710,0.815,0.105,-0.763,0.302,0.460,-1.190,-1.825,0.745,1.970,1.815,1.380
0.693,0.938,0.244,-0.816,0.224,0.591,-1.339,-2.034,0.706,2.213,2.016,1.554
0.666,0.979,0.313,-0.823,0.176,0.646,-1.469,-2.185,0.596,2.270,2.088,1.632
0.658,0.853,0.195,-0.756,0.231,0.524,-1.510,-2.155,0.485,2.064,1.972,1.590
0.624,0.614,-0.010,-0.619,0.316,0.302,-1.449,-1.999,0.359,1.695,1.722,1.454
0.540,0.405,-0.135,-0.472,0.337,0.135,-1.340,-1.885,0.135,1.300,1.435,1.270
0.486,0.280,-0.207,-0.382,0.346,0.037,-1.219,-1.784,-0.135,0.864,1.126,1.089
0.402,0.184,-0.218,-0.293,0.310,-0.017,-1.104,-1.683,-0.408,0.447,0.833,0.911
0.333,0.116,-0.217,-0.224,0.275,-0.050,-0.964,-1.510,-0.619,0.072,0.559,0.726
0.275,0.066,-0.209,-0.170,0.242,-0.071,-0.799,-1.287,-0.754,-0.247,0.286,0.530
0.165,0.015,-0.150,-0.090,0.157,-0.067,-0.645,-1.085,-0.805,-0.430,0.065,0.340
0.063,0.003,-0.059,-0.033,0.061,-0.028,-0.509,-0.863,-0.709,-0.403,-0.001,0.205
0.015,0.015,0.000,-0.015,0.007,0.007,-0.408,-0.708,-0.617,-0.353,-0.056,0.121
-0.006,0.036,0.042,-0.015,-0.025,0.039,-0.321,-0.589,-0.553,-0.325,-0.101,0.062
-0.041,0.043,0.084,-0.002,-0.063,0.064,-0.244,-0.475,-0.490,-0.292,-0.114,0.004
-0.080,0.025,0.105,0.027,-0.093,0.065,-0.190,-0.385,-0.430,-0.260,-0.130,-0.050
-0.085,0.013,0.098,0.036,-0.092,0.055,-0.133,-0.290,-0.367,-0.232,-0.135,-0.068
-0.090,-0.002,0.088,0.046,-0.089,0.043,-0.089,-0.223,-0.299,-0.205,-0.134,-0.081
-0.097,-0.016,0.081,0.056,-0.089,0.032,-0.048,-0.164,-0.266,-0.191,-0.137,-0.099
-0.102,-0.029,0.073,0.065,-0.087,0.022,-0.014,-0.110,-0.264,-0.190,-0.139,-0.113
-0.115,-0.050,0.065,0.082,-0.090,0.007,0.000,-0.080,-0.255,-0.190,-0.140,-0.125
-0.137,-0.080,0.057,0.108,-0.097,-0.012,0.016,-0.047,-0.247,-0.186,-0.160,-0.150
-0.139,-0.090,0.049,0.114,-0.093,-0.020,0.032,-0.029,-0.239,-0.184,-0.170,-0.160
-0.134,-0.092,0.042,0.113,-0.088,-0.024,0.047,-0.021,-0.231,-0.186,-0.169,-0.162
-0.135,-0.095,0.040,0.115,-0.087,-0.027,0.057,-0.013,-0.223,-0.184,-0.171,-0.166
-0.130,-0.090,0.040,0.110,-0.085,-0.025,0.060,-0.005,-0.215,-0.180,-0.175,-0.165
-0.125,-0.090,0.036,0.107,-0.081,-0.027,0.064,0.003,-0.207,-0.180,-0.175,-0.165
-0.125,-0.090,0.035,0.107,-0.080,-0.027,0.068,0.011,-0.202,-0.177,-0.178,-0.168
-0.124,-0.090,0.033,0.107,-0.079,-0.028,0.073,0.019,-0.198,-0.174,-0.181,-0.171
-0.119,-0.089,0.029,0.104,-0.074,-0.030,0.083,0.027,-0.194,-0.175,-0.179,-0.169
-0.115,-0.085,0.030,0.100,-0.072,-0.027,0.095,0.035,-0.190,-0.175,-0.175,-0.170
-0.115,-0.085,0.031,0.100,-0.072,-0.027,0.100,0.039,-0.186,-0.171,-0.175,-0.183
-0.112,-0.085,0.027,0.098,-0.069,-0.029,0.100,0.045,-0.183,-0.170,-0.175,-0.183
-0.110,-0.085,0.025,0.097,-0.067,-0.030,0.100,0.054,-0.176,-0.168,-0.175,-0.179
-0.109,-0.085,0.024,0.097,-0.066,-0.030,0.101,0.061,-0.169,-0.164,-0.175,-0.179
-0.105,-0.085,0.020,0.095,-0.062,-0.032,0.105,0.065,-0.165,-0.165,-0.175,-0.175
-0.101,-0.081,0.020,0.091,-0.061,-0.030,0.105,0.069,-0.157,-0.165,-0.171,-0.175
-0.096,-0.080,0.017,0.088,-0.057,-0.031,0.104,0.074,-0.152,-0.162,-0.170,-0.172
-0.095,-0.080,0.015,0.087,-0.055,-0.032,0.107,0.075,-0.146,-0.159,-0.170,-0.170
-0.094,-0.080,0.014,0.086,-0.054,-0.033,0.110,0.076,-0.139,-0.160,-0.170,-0.169
-0.095,-0.080,0.015,0.087,-0.055,-0.032,0.110,0.080,-0.135,-0.160,-0.170,-0.165
-0.125,-0.080,0.045,0.103,-0.085,-0.018,0.114,0.079,-0.127,-0.152,-0.171,-0.165
-0.127,-0.077,0.050,0.102,-0.088,-0.014,0.115,0.088,-0.119,-0.143,-0.164,-0.162
-0.117,-0.073,0.044,0.094,-0.080,-0.014,0.117,0.102,-0.111,-0.138,-0.158,-0.160
-0.114,-0.069,0.045,0.091,-0.079,-0.012,0.120,0.112,-0.103,-0.133,-0.153,-0.159
-0.105,-0.065,0.040,0.085,-0.072,-0.012,0.120,0.115,-0.095,-0.125,-0.145,-0.155
-0.099,-0.061,0.038,0.080,-0.069,-0.011,0.120,0.114,-0.087,-0.116,-0.141,-0.155
-0.107,-0.056,0.051,0.082,-0.079,-0.003,0.120,0.120,-0.079,-0.112,-0.134,-0.155
-0.122,-0.055,0.067,0.088,-0.094,0.006,0.120,0.130,-0.071,-0.106,-0.128,-0.155
-0.131,-0.054,0.077,0.092,-0.103,0.011,0.120,0.136,-0.063,-0.099,-0.123,-0.155
-0.135,-0.055,0.080,0.095,-0.107,0.012,0.120,0.140,-0.055,-0.095,-0.115,-0.155
-0.148,-0.068,0.080,0.108,-0.114,0.006,0.120,0.144,-0.051,-0.091,-0.111,-0.156
-0.149,-0.069,0.080,0.109,-0.114,0.005,0.120,0.148,-0.045,-0.087,-0.108,-0.149
-0.142,-0.062,0.080,0.102,-0.111,0.009,0.120,0.168,-0.035,-0.083,-0.101,-0.142
-0.140,-0.060,0.080,0.100,-0.110,0.010,0.120,0.187,-0.029,-0.079,-0.094,-0.139
-0.140,-0.060,0.080,0.100,-0.110,0.010,0.120,0.185,-0.025,-0.075,-0.090,-0.135
-0.136,-0.056,0.080,0.096,-0.108,0.011,0.120,0.197,-0.013,-0.063,-0.086,-0.127
-0.131,-0.051,0.080,0.091,-0.105,0.014,0.120,0.204,-0.001,-0.053,-0.079,-0.121
-0.131,-0.051,0.080,0.091,-0.106,0.015,0.120,0.206,0.011,-0.047,-0.072,-0.119
-0.127,-0.047,0.080,0.087,-0.104,0.016,0.120,0.213,0.023,-0.037,-0.069,-0.113
-0.110,-0.030,0.080,0.070,-0.095,0.025,0.120,0.225,0.035,-0.025,-0.065,-0.105
-0.098,-0.018,0.080,0.058,-0.089,0.031,0.120,0.231,0.046,-0.017,-0.057,-0.101
-0.081,-0.004,0.077,0.042,-0.079,0.036,0.120,0.255,0.066,-0.010,-0.051,-0.097
-0.061,0.014,0.074,0.023,-0.068,0.044,0.120,0.281,0.079,0.001,-0.049,-0.093
-0.056,0.019,0.075,0.018,-0.066,0.047,0.120,0.292,0.089,0.013,-0.042,-0.089
-0.060,0.015,0.075,0.022,-0.068,0.045,0.120,0.300,0.110,0.025,-0.030,-0.085
-0.037,0.036,0.073,0.000,-0.055,0.054,0.120,0.307,0.126,0.037,-0.022,-0.082
-0.050,0.037,0.087,0.006,-0.069,0.062,0.120,0.322,0.142,0.046,-0.014,-0.071
-0.056,0.042,0.097,0.007,-0.077,0.069,0.120,0.337,0.157,0.056,-0.006,-0.060
-0.038,0.057,0.095,-0.010,-0.067,0.075,0.120,0.356,0.177,0.077,0.002,-0.053
-0.045,0.050,0.095,-0.003,-0.070,0.072,0.120,0.380,0.205,0.100,0.010,-0.045
-0.048,0.047,0.095,0.000,-0.071,0.070,0.116,0.387,0.216,0.103,0.017,-0.037
-0.025,0.070,0.095,-0.023,-0.061,0.083,0.115,0.409,0.238,0.120,0.031,-0.029
0.000,0.094,0.094,-0.048,-0.047,0.094,0.113,0.438,0.258,0.135,0.050,-0.021
0.004,0.101,0.098,-0.053,-0.047,0.099,0.110,0.460,0.268,0.143,0.061,-0.012
-0.005,0.105,0.110,-0.050,-0.058,0.107,0.110,0.475,0.285,0.160,0.065,0.000
0.001,0.107,0.106,-0.054,-0.053,0.106,0.106,0.481,0.316,0.179,0.089,0.008
0.022,0.126,0.105,-0.075,-0.042,0.115,0.105,0.505,0.351,0.204,0.108,0.016
0.031,0.136,0.104,-0.084,-0.037,0.120,0.103,0.530,0.375,0.221,0.124,0.024
0.031,0.129,0.098,-0.080,-0.033,0.114,0.100,0.544,0.388,0.236,0.145,0.032
0.030,0.130,0.100,-0.080,-0.035,0.115,0.100,0.560,0.405,0.260,0.155,0.040
0.002,0.128,0.126,-0.065,-0.062,0.127,0.096,0.575,0.433,0.267,0.154,0.047
0.017,0.146,0.129,-0.082,-0.056,0.137,0.095,0.600,0.456,0.291,0.168,0.063
0.047,0.170,0.124,-0.109,-0.039,0.147,0.093,0.628,0.476,0.314,0.190,0.073
0.048,0.173,0.125,-0.111,-0.039,0.149,0.090,0.650,0.493,0.322,0.201,0.077
0.045,0.165,0.120,-0.105,-0.038,0.142,0.090,0.665,0.505,0.335,0.205,0.090
0.068,0.185,0.117,-0.126,-0.025,0.151,0.086,0.677,0.537,0.354,0.224,0.097
0.057,0.195,0.138,-0.126,-0.041,0.167,0.085,0.693,0.562,0.380,0.246,0.112
0.040,0.195,0.155,-0.118,-0.058,0.174,0.084,0.704,0.578,0.395,0.261,0.124
0.049,0.204,0.155,-0.127,-0.053,0.179,0.079,0.713,0.594,0.404,0.273,0.133
0.065,0.220,0.155,-0.143,-0.045,0.187,0.075,0.725,0.610,0.425,0.285,0.145
0.071,0.225,0.155,-0.148,-0.042,0.190,0.071,0.727,0.625,0.440,0.287,0.144
0.067,0.225,0.158,-0.147,-0.046,0.192,0.066,0.747,0.646,0.464,0.308,0.159
0.080,0.240,0.160,-0.160,-0.040,0.200,0.065,0.769,0.660,0.480,0.326,0.176
0.088,0.249,0.161,-0.168,-0.037,0.205,0.064,0.776,0.667,0.488,0.332,0.181
0.080,0.240,0.160,-0.160,-0.040,0.200,0.060,0.780,0.685,0.505,0.345,0.190
0.123,0.263,0.140,-0.193,-0.008,0.201,0.056,0.785,0.710,0.525,0.365,0.207
0.122,0.286,0.164,-0.204,-0.021,0.225,0.052,0.780,0.721,0.543,0.383,0.212
0.106,0.289,0.183,-0.198,-0.039,0.236,0.048,0.772,0.734,0.557,0.398,0.224
0.111,0.284,0.173,-0.198,-0.032,0.229,0.045,0.769,0.745,0.575,0.414,0.243
0.110,0.285,0.175,-0.198,-0.033,0.230,0.045,0.765,0.735,0.590,0.425,0.245
0.109,0.285,0.176,-0.198,-0.034,0.230,0.041,0.757,0.727,0.579,0.417,0.246
0.113,0.285,0.172,-0.199,-0.030,0.228,0.040,0.751,0.718,0.569,0.412,0.240
0.115,0.285,0.169,-0.200,-0.027,0.226,0.040,0.750,0.714,0.559,0.406,0.230
0.115,0.286,0.170,-0.200,-0.028,0.227,0.040,0.740,0.706,0.548,0.399,0.224
0.115,0.285,0.170,-0.200,-0.028,0.227,0.040,0.710,0.680,0.540,0.395,0.220
0.111,0.273,0.162,-0.192,-0.026,0.218,0.040,0.683,0.658,0.527,0.386,0.212
0.111,0.264,0.153,-0.187,-0.021,0.209,0.037,0.643,0.618,0.522,0.384,0.203
0.106,0.254,0.148,-0.180,-0.021,0.201,0.034,0.598,0.573,0.498,0.368,0.199
0.100,0.243,0.143,-0.172,-0.022,0.193,0.035,0.553,0.527,0.455,0.338,0.191
0.100,0.235,0.135,-0.168,-0.018,0.185,0.035,0.505,0.470,0.420,0.310,0.165
0.085,0.211,0.127,-0.149,-0.021,0.169,0.035,0.457,0.414,0.376,0.274,0.145
0.067,0.189,0.122,-0.129,-0.028,0.156,0.033,0.412,0.355,0.332,0.241,0.125
0.053,0.170,0.117,-0.111,-0.032,0.143,0.041,0.369,0.296,0.288,0.206,0.105
0.043,0.151,0.108,-0.097,-0.033,0.129,0.051,0.323,0.242,0.244,0.165,0.084
0.035,0.135,0.100,-0.085,-0.033,0.117,0.050,0.275,0.190,0.200,0.130,0.060
0.023,0.115,0.092,-0.069,-0.035,0.103,0.049,0.231,0.142,0.164,0.102,0.036
0.014,0.098,0.084,-0.056,-0.035,0.091,0.056,0.187,0.091,0.129,0.074,0.012
0.004,0.080,0.077,-0.042,-0.037,0.078,0.063,0.144,0.040,0.091,0.047,-0.012
-0.006,0.061,0.067,-0.027,-0.037,0.063,0.066,0.106,-0.006,0.050,0.025,-0.027
-0.015,0.045,0.060,-0.015,-0.038,0.052,0.065,0.070,-0.045,0.010,0.005,-0.035
-0.048,0.025,0.073,0.011,-0.060,0.048,0.059,0.037,-0.082,-0.023,-0.027,-0.059
-0.067,0.007,0.073,0.030,-0.070,0.040,0.071,0.014,-0.113,-0.050,-0.057,-0.079
-0.074,-0.005,0.069,0.039,-0.071,0.032,0.084,-0.005,-0.149,-0.083,-0.082,-0.090
-0.082,-0.012,0.070,0.047,-0.076,0.029,0.085,-0.025,-0.181,-0.117,-0.106,-0.105
-0.090,-0.020,0.070,0.055,-0.080,0.025,0.085,-0.045,-0.195,-0.135,-0.125,-0.125
-0.094,-0.028,0.066,0.061,-0.080,0.018,0.089,-0.060,-0.211,-0.147,-0.134,-0.134
-0.100,-0.036,0.064,0.068,-0.082,0.014,0.090,-0.081,-0.228,-0.159,-0.138,-0.138
-0.110,-0.044,0.066,0.076,-0.088,0.010,0.092,-0.094,-0.240,-0.170,-0.142,-0.143
-0.116,-0.052,0.064,0.083,-0.090,0.006,0.095,-0.096,-0.247,-0.177,-0.145,-0.145
-0.120,-0.060,0.060,0.090,-0.090,0.000,0.095,-0.105,-0.255,-0.185,-0.150,-0.145
-0.132,-0.072,0.060,0.102,-0.096,-0.006,0.099,-0.118,-0.267,-0.198,-0.166,-0.157
-0.139,-0.079,0.060,0.109,-0.099,-0.009,0.099,-0.118,-0.278,-0.202,-0.177,-0.164
-0.140,-0.080,0.060,0.110,-0.100,-0.010,0.105,-0.114,-0.279,-0.211,-0.182,-0.165
-0.140,-0.080,0.060,0.110,-0.100,-0.010,0.117,-0.115,-0.274,-0.220,-0.185,-0.165
-0.140,-0.080,0.060,0.110,-0.100,-0.010,0.120,-0.115,-0.275,-0.215,-0.185,-0.165
-0.139,-0.079,0.060,0.109,-0.100,-0.010,0.120,-0.111,-0.275,-0.215,-0.185,-0.169
-0.146,-0.086,0.060,0.116,-0.103,-0.013,0.120,-0.109,-0.275,-0.216,-0.185,-0.170
-0.152,-0.092,0.060,0.122,-0.106,-0.016,0.120,-0.111,-0.275,-0.213,-0.186,-0.170
-0.149,-0.089,0.060,0.119,-0.104,-0.014,0.120,-0.109,-0.274,-0.210,-0.184,-0.169
-0.150,-0.090,0.060,0.120,-0.105,-0.015,0.120,-0.105,-0.270,-0.210,-0.185,-0.170
-0.172,-0.112,0.060,0.142,-0.115,-0.025,0.120,-0.105,-0.270,-0.210,-0.202,-0.183
-0.172,-0.112,0.060,0.142,-0.115,-0.025,0.120,-0.105,-0.270,-0.207,-0.201,-0.181
-0.160,-0.100,0.060,0.130,-0.110,-0.020,0.120,-0.106,-0.270,-0.204,-0.192,-0.172
-0.153,-0.093,0.060,0.123,-0.106,-0.016,0.120,-0.104,-0.270,-0.205,-0.189,-0.169
-0.145,-0.085,0.060,0.115,-0.102,-0.012,0.120,-0.095,-0.270,-0.205,-0.185,-0.165
-0.137,-0.077,0.060,0.107,-0.098,-0.008,0.120,-0.086,-0.262,-0.205,-0.181,-0.161
-0.129,-0.069,0.060,0.099,-0.094,-0.004,0.117,-0.082,-0.254,-0.202,-0.177,-0.157
-0.122,-0.062,0.060,0.092,-0.090,-0.001,0.113,-0.077,-0.246,-0.198,-0.173,-0.153
-0.112,-0.052,0.060,0.082,-0.085,0.004,0.110,-0.068,-0.238,-0.194,-0.168,-0.149
-0.095,-0.035,0.060,0.065,-0.077,0.012,0.115,-0.060,-0.230,-0.190,-0.160,-0.145
-0.083,-0.023,0.060,0.053,-0.071,0.019,0.132,-0.056,-0.222,-0.186,-0.156,-0.141
-0.072,-0.011,0.061,0.041,-0.066,0.024,0.134,-0.049,-0.214,-0.182,-0.153,-0.136
-0.057,0.001,0.058,0.028,-0.057,0.029,0.128,-0.042,-0.207,-0.178,-0.146,-0.135
-0.051,0.013,0.064,0.019,-0.058,0.039,0.132,-0.039,-0.205,-0.174,-0.139,-0.134
-0.060,0.025,0.085,0.017,-0.073,0.055,0.145,-0.035,-0.205,-0.170,-0.135,-0.130
-0.053,0.037,0.090,0.008,-0.072,0.064,0.150,-0.027,-0.205,-0.166,-0.131,-0.126
-0.042,0.049,0.091,-0.004,-0.067,0.070,0.150,-0.021,-0.205,-0.162,-0.127,-0.125
-0.042,0.060,0.102,-0.010,-0.072,0.081,0.150,-0.019,-0.205,-0.158,-0.124,-0.124
-0.045,0.065,0.110,-0.010,-0.078,0.087,0.150,-0.013,-0.205,-0.154,-0.125,-0.119
-0.040,0.060,0.100,-0.010,-0.070,0.080,0.150,-0.005,-0.205,-0.150,-0.125,-0.115
-0.036,0.056,0.091,-0.010,-0.064,0.073,0.150,-0.001,-0.205,-0.146,-0.121,-0.115
-0.033,0.052,0.085,-0.009,-0.060,0.069,0.150,0.006,-0.202,-0.141,-0.119,-0.112
-0.025,0.048,0.072,-0.012,-0.049,0.060,0.150,0.012,-0.199,-0.140,-0.121,-0.110
-0.039,0.045,0.084,-0.003,-0.062,0.064,0.150,0.016,-0.200,-0.139,-0.119,-0.109
-0.085,0.045,0.130,0.020,-0.108,0.087,0.150,0.025,-0.200,-0.135,-0.115,-0.105
-0.083,0.041,0.125,0.021,-0.104,0.083,0.150,0.031,-0.200,-0.135,-0.115,-0.105
-0.076,0.037,0.113,0.019,-0.094,0.074,0.151,0.019,-0.200,-0.132,-0.115,-0.102
-0.073,0.033,0.106,0.020,-0.090,0.069,0.145,0.004,-0.200,-0.129,-0.115,-0.099
-0.069,0.029,0.098,0.020,-0.084,0.063,0.132,-0.009,-0.200,-0.131,-0.115,-0.100
-0.065,0.025,0.090,0.020,-0.078,0.057,0.120,-0.030,-0.200,-0.135,-0.120,-0.105
-0.057,0.025,0.082,0.016,-0.070,0.053,0.108,-0.051,-0.208,-0.143,-0.132,-0.121
-0.054,0.020,0.074,0.017,-0.064,0.046,0.098,-0.063,-0.214,-0.150,-0.139,-0.130
-0.057,0.010,0.067,0.023,-0.063,0.038,0.092,-0.080,-0.230,-0.162,-0.142,-0.130
-0.061,0.004,0.065,0.028,-0.063,0.034,0.090,-0.098,-0.247,-0.171,-0.146,-0.130
-0.065,0.000,0.065,0.032,-0.065,0.032,0.090,-0.105,-0.245,-0.170,-0.150,-0.130
-0.069,-0.008,0.061,0.038,-0.065,0.026,0.090,-0.109,-0.243,-0.169,-0.150,-0.134
-0.076,-0.017,0.059,0.046,-0.068,0.022,0.090,-0.113,-0.255,-0.176,-0.152,-0.135
-0.083,-0.022,0.061,0.053,-0.072,0.019,0.090,-0.118,-0.260,-0.183,-0.158,-0.135
-0.085,-0.026,0.059,0.056,-0.072,0.016,0.089,-0.120,-0.254,-0.186,-0.159,-0.134
-0.095,-0.040,0.055,0.067,-0.075,0.007,0.085,-0.120,-0.255,-0.190,-0.160,-0.135
-0.128,-0.073,0.055,0.100,-0.092,-0.008,0.085,-0.129,-0.262,-0.202,-0.180,-0.150
-0.144,-0.092,0.052,0.118,-0.098,-0.019,0.085,-0.128,-0.275,-0.215,-0.190,-0.166
-0.147,-0.097,0.049,0.122,-0.098,-0.024,0.085,-0.124,-0.283,-0.223,-0.190,-0.173
-0.151,-0.101,0.050,0.126,-0.101,-0.025,0.085,-0.125,-0.285,-0.225,-0.190,-0.176
-0.155,-0.105,0.050,0.130,-0.102,-0.027,0.085,-0.125,-0.285,-0.225,-0.190,-0.180
-0.156,-0.110,0.046,0.132,-0.101,-0.031,0.085,-0.125,-0.285,-0.225,-0.190,-0.180
-0.151,-0.110,0.041,0.130,-0.096,-0.034,0.082,-0.125,-0.288,-0.225,-0.192,-0.180
-0.152,-0.112,0.040,0.132,-0.096,-0.036,0.079,-0.125,-0.291,-0.225,-0.198,-0.181
-0.154,-0.114,0.039,0.134,-0.096,-0.037,0.080,-0.125,-0.290,-0.225,-0.200,-0.179
-0.150,-0.115,0.035,0.132,-0.092,-0.040,0.080,-0.125,-0.290,-0.225,-0.200,-0.180
-0.171,-0.135,0.035,0.152,-0.103,-0.050,0.080,-0.125,-0.294,-0.229,-0.212,-0.201
-0.177,-0.145,0.032,0.161,-0.104,-0.056,0.081,-0.125,-0.296,-0.233,-0.216,-0.204
-0.175,-0.145,0.030,0.160,-0.102,-0.057,0.078,-0.125,-0.294,-0.237,-0.215,-0.199
-0.175,-0.145,0.030,0.160,-0.102,-0.057,0.075,-0.126,-0.296,-0.240,-0.215,-0.200
-0.170,-0.145,0.025,0.157,-0.097,-0.060,0.075,-0.130,-0.300,-0.240,-0.215,-0.200
-0.165,-0.145,0.020,0.155,-0.092,-0.062,0.075,-0.134,-0.300,-0.244,-0.215,-0.200
-0.165,-0.145,0.020,0.155,-0.092,-0.062,0.075,-0.138,-0.300,-0.246,-0.215,-0.200
-0.163,-0.145,0.018,0.154,-0.090,-0.063,0.075,-0.143,-0.298,-0.243,-0.215,-0.200
-0.160,-0.145,0.015,0.152,-0.087,-0.065,0.075,-0.144,-0.295,-0.240,-0.215,-0.200
-0.160,-0.145,0.015,0.152,-0.087,-0.065,0.075,-0.140,-0.295,-0.240,-0.215,-0.200
-0.156,-0.145,0.011,0.150,-0.083,-0.067,0.071,-0.140,-0.291,-0.240,-0.215,-0.200
-0.155,-0.145,0.010,0.150,-0.082,-0.067,0.070,-0.137,-0.289,-0.237,-0.215,-0.200
-0.154,-0.145,0.008,0.149,-0.080,-0.068,0.070,-0.134,-0.291,-0.235,-0.215,-0.200
-0.149,-0.144,0.005,0.146,-0.076,-0.070,0.070,-0.135,-0.289,-0.235,-0.215,-0.200
-0.145,-0.140,0.005,0.142,-0.075,-0.067,0.070,-0.135,-0.285,-0.235,-0.215,-0.200
-0.141,-0.140,0.001,0.140,-0.071,-0.069,0.066,-0.131,-0.285,-0.235,-0.215,-0.196
-0.140,-0.140,-0.001,0.140,-0.069,-0.070,0.065,-0.129,-0.282,-0.232,-0.215,-0.195
-0.141,-0.140,0.001,0.140,-0.071,-0.070,0.065,-0.131,-0.279,-0.229,-0.215,-0.195
-0.139,-0.140,-0.001,0.140,-0.069,-0.070,0.065,-0.129,-0.280,-0.230,-0.215,-0.195
-0.135,-0.140,-0.005,0.138,-0.065,-0.072,0.065,-0.125,-0.280,-0.230,-0.215,-0.195
-0.135,-0.140,-0.005,0.138,-0.065,-0.072,0.065,-0.125,-0.276,-0.226,-0.215,-0.195
-0.136,-0.140,-0.004,0.138,-0.066,-0.072,0.062,-0.126,-0.275,-0.225,-0.215,-0.195
-0.133,-0.140,-0.007,0.137,-0.063,-0.073,0.059,-0.123,-0.273,-0.225,-0.215,-0.195
-0.130,-0.140,-0.010,0.135,-0.060,-0.075,0.060,-0.119,-0.269,-0.225,-0.215,-0.195
-0.130,-0.140,-0.010,0.135,-0.060,-0.075,0.060,-0.120,-0.270,-0.225,-0.215,-0.195
-0.130,-0.140,-0.009,0.135,-0.060,-0.075,0.060,-0.121,-0.270,-0.221,-0.215,-0.195
-0.129,-0.142,-0.013,0.136,-0.057,-0.078,0.059,-0.111,-0.267,-0.219,-0.215,-0.195
-0.133,-0.148,-0.015,0.142,-0.059,-0.082,0.062,-0.101,-0.264,-0.221,-0.215,-0.195
-0.133,-0.148,-0.016,0.141,-0.058,-0.082,0.066,-0.092,-0.266,-0.219,-0.216,-0.195
-0.130,-0.145,-0.015,0.138,-0.057,-0.080,0.065,-0.080,-0.265,-0.220,-0.225,-0.200
-0.172,-0.164,0.008,0.167,-0.089,-0.078,0.066,-0.076,-0.253,-0.242,-0.248,-0.227
-0.183,-0.151,0.032,0.167,-0.107,-0.059,0.094,-0.024,-0.245,-0.240,-0.272,-0.255
-0.167,-0.122,0.045,0.144,-0.105,-0.038,0.153,0.100,-0.213,-0.237,-0.267,-0.257
-0.169,-0.099,0.070,0.134,-0.119,-0.014,0.202,0.251,-0.138,-0.219,-0.246,-0.250
-0.180,-0.075,0.105,0.127,-0.142,0.015,0.210,0.385,-0.040,-0.150,-0.230,-0.245
-0.136,-0.053,0.084,0.094,-0.109,0.015,0.225,0.511,0.070,-0.093,-0.178,-0.194
-0.072,-0.014,0.057,0.043,-0.065,0.021,0.211,0.576,0.196,-0.002,-0.096,-0.144
-0.024,0.019,0.043,0.002,-0.034,0.031,0.195,0.551,0.335,0.128,0.014,-0.075
0.052,0.077,0.024,-0.065,0.014,0.050,0.158,0.413,0.447,0.280,0.152,0.036
0.175,0.185,0.010,-0.180,0.082,0.097,0.040,0.135,0.510,0.455,0.320,0.175
0.238,0.269,0.031,-0.253,0.103,0.150,-0.143,-0.283,0.558,0.666,0.528,0.340
0.336,0.399,0.063,-0.367,0.136,0.231,-0.390,-0.785,0.573,0.915,0.800,0.564
0.459,0.525,0.066,-0.493,0.197,0.295,-0.607,-1.163,0.617,1.187,1.083,0.799
0.556,0.593,0.037,-0.575,0.260,0.314,-0.771,-1.345,0.699,1.447,1.335,1.004
0.630,0.650,0.020,-0.640,0.305,0.335,-0.935,-1.480,0.760,1.700,1.575,1.195
0.691,0.763,0.072,-0.727,0.310,0.418,-1.069,-1.679,0.797,1.996,1.828,1.391
0.700,0.914,0.215,-0.807,0.242,0.564,-1.197,-1.902,0.749,2.265,2.053,1.574
0.650,0.990,0.340,-0.820,0.155,0.665,-1.332,-2.094,0.614,2.364,2.154,1.677
0.613,0.901,0.288,-0.757,0.162,0.594,-1.388,-2.155,0.460,2.196,2.063,1.651
0.605,0.680,0.075,-0.643,0.265,0.377,-1.325,-2.055,0.315,1.820,1.810,1.515
0.513,0.469,-0.044,-0.491,0.278,0.212,-1.280,-1.958,0.086,1.417,1.518,1.333
0.416,0.318,-0.098,-0.367,0.257,0.109,-1.190,-1.858,-0.183,0.968,1.198,1.140
0.349,0.209,-0.140,-0.278,0.244,0.034,-1.073,-1.753,-0.454,0.525,0.894,0.953
0.281,0.128,-0.153,-0.204,0.216,-0.012,-0.953,-1.611,-0.676,0.129,0.614,0.759
0.195,0.070,-0.125,-0.132,0.160,-0.027,-0.805,-1.395,-0.805,-0.215,0.325,0.545
0.112,0.009,-0.103,-0.060,0.107,-0.046,-0.640,-1.168,-0.850,-0.421,0.079,0.354
0.057,-0.003,-0.059,-0.027,0.058,-0.030,-0.494,-0.937,-0.756,-0.419,-0.009,0.222
0.012,0.010,-0.002,-0.011,0.006,0.005,-0.384,-0.754,-0.642,-0.352,-0.041,0.135
-0.028,0.008,0.036,0.010,-0.032,0.022,-0.300,-0.632,-0.573,-0.317,-0.089,0.071
-0.055,-0.005,0.050,0.030,-0.052,0.022,-0.230,-0.525,-0.500,-0.280,-0.110,0.015
-0.094,-0.017,0.077,0.055,-0.085,0.030,-0.173,-0.429,-0.436,-0.243,-0.127,-0.044
-0.103,-0.029,0.074,0.066,-0.088,0.023,-0.120,-0.336,-0.373,-0.213,-0.134,-0.075
-0.100,-0.041,0.059,0.070,-0.079,0.009,-0.072,-0.261,-0.322,-0.186,-0.135,-0.083
-0.107,-0.054,0.054,0.080,-0.081,-0.001,-0.029,-0.199,-0.278,-0.167,-0.135,-0.095
-0.115,-0.070,0.045,0.092,-0.080,-0.012,0.010,-0.140,-0.235,-0.165,-0.135,-0.115
-0.115,-0.082,0.033,0.098,-0.073,-0.024,0.027,-0.099,-0.225,-0.165,-0.134,-0.115
-0.120,-0.097,0.024,0.109,-0.071,-0.036,0.039,-0.060,-0.223,-0.162,-0.143,-0.121
-0.128,-0.112,0.016,0.120,-0.072,-0.048,0.051,-0.038,-0.216,-0.159,-0.157,-0.140
-0.130,-0.121,0.009,0.125,-0.069,-0.056,0.063,-0.035,-0.209,-0.160,-0.167,-0.159
-0.130,-0.125,0.005,0.127,-0.067,-0.060,0.075,-0.030,-0.205,-0.160,-0.170,-0.170
-0.134,-0.134,0.001,0.134,-0.067,-0.066,0.079,-0.022,-0.197,-0.156,-0.170,-0.174
-0.133,-0.133,0.000,0.133,-0.066,-0.066,0.084,-0.017,-0.192,-0.155,-0.173,-0.176
-0.128,-0.129,-0.001,0.129,-0.063,-0.065,0.099,-0.011,-0.186,-0.153,-0.176,-0.173
-0.124,-0.130,-0.006,0.128,-0.059,-0.068,0.102,-0.004,-0.178,-0.149,-0.174,-0.170
-0.120,-0.130,-0.010,0.125,-0.055,-0.070,0.090,0.000,-0.175,-0.150,-0.170,-0.170
-0.119,-0.130,-0.011,0.125,-0.054,-0.070,0.113,0.008,-0.171,-0.151,-0.170,-0.170
-0.123,-0.130,-0.007,0.127,-0.058,-0.068,0.132,0.016,-0.164,-0.147,-0.167,-0.167
-0.126,-0.130,-0.004,0.128,-0.061,-0.067,0.138,0.024,-0.157,-0.145,-0.164,-0.164
-0.125,-0.130,-0.005,0.128,-0.060,-0.067,0.140,0.032,-0.154,-0.144,-0.165,-0.165
-0.125,-0.130,-0.005,0.128,-0.060,-0.067,0.140,0.040,-0.150,-0.140,-0.165,-0.165
-0.129,-0.130,-0.001,0.130,-0.064,-0.065,0.140,0.048,-0.142,-0.140,-0.161,-0.161
-0.131,-0.130,0.001,0.130,-0.066,-0.065,0.140,0.053,-0.137,-0.141,-0.159,-0.159
-0.129,-0.130,-0.001,0.130,-0.064,-0.065,0.140,0.057,-0.133,-0.138,-0.161,-0.161
-0.131,-0.130,0.001,0.130,-0.066,-0.064,0.140,0.060,-0.129,-0.135,-0.159,-0.159
-0.135,-0.130,0.005,0.132,-0.070,-0.062,0.140,0.060,-0.125,-0.135,-0.155,-0.155
-0.135,-0.130,0.005,0.132,-0.070,-0.062,0.140,0.064,-0.121,-0.135,-0.155,-0.155
-0.134,-0.130,0.004,0.131,-0.069,-0.062,0.140,0.066,-0.117,-0.132,-0.156,-0.156
-0.138,-0.131,0.007,0.134,-0.072,-0.062,0.140,0.063,-0.111,-0.128,-0.153,-0.153
-0.139,-0.129,0.010,0.134,-0.075,-0.059,0.140,0.068,-0.103,-0.124,-0.149,-0.150
-0.130,-0.120,0.010,0.125,-0.070,-0.055,0.140,0.080,-0.095,-0.120,-0.150,-0.150
-0.125,-0.116,0.010,0.120,-0.067,-0.053,0.140,0.079,-0.087,-0.116,-0.151,-0.150
-0.126,-0.113,0.013,0.119,-0.069,-0.049,0.140,0.092,-0.079,-0.112,-0.144,-0.147
-0.122,-0.106,0.016,0.113,-0.069,-0.045,0.140,0.103,-0.070,-0.108,-0.138,-0.144
-0.113,-0.099,0.015,0.105,-0.064,-0.042,0.139,0.099,-0.064,-0.103,-0.133,-0.145
-0.110,-0.095,0.015,0.102,-0.062,-0.040,0.140,0.100,-0.060,-0.095,-0.125,-0.145
-0.110,-0.091,0.019,0.101,-0.065,-0.036,0.153,0.111,-0.048,-0.087,-0.121,-0.141
-0.108,-0.088,0.021,0.098,-0.065,-0.034,0.153,0.125,-0.036,-0.079,-0.114,-0.140
-0.116,-0.097,0.019,0.107,-0.068,-0.039,0.149,0.132,-0.024,-0.071,-0.108,-0.140
-0.125,-0.104,0.021,0.114,-0.072,-0.041,0.149,0.136,-0.013,-0.063,-0.103,-0.140
-0.115,-0.090,0.025,0.102,-0.070,-0.032,0.145,0.145,-0.005,-0.055,-0.095,-0.140
-0.107,-0.082,0.025,0.094,-0.066,-0.028,0.145,0.153,0.007,-0.051,-0.087,-0.132
-0.096,-0.071,0.025,0.083,-0.061,-0.023,0.142,0.161,0.017,-0.045,-0.079,-0.126
-0.084,-0.061,0.024,0.072,-0.053,-0.019,0.140,0.170,0.023,-0.035,-0.071,-0.123
-0.080,-0.052,0.028,0.066,-0.054,-0.012,0.139,0.175,0.033,-0.029,-0.063,-0.119
-0.080,-0.040,0.040,0.060,-0.060,0.000,0.135,0.180,0.045,-0.025,-0.055,-0.115
-0.065,-0.032,0.033,0.049,-0.049,0.000,0.135,0.201,0.053,-0.017,-0.052,-0.111
-0.048,-0.023,0.026,0.035,-0.037,0.001,0.136,0.209,0.061,-0.008,-0.041,-0.108
-0.062,-0.037,0.025,0.049,-0.043,-0.006,0.133,0.215,0.070,-0.004,-0.030,-0.101
-0.072,-0.056,0.017,0.064,-0.044,-0.019,0.130,0.228,0.085,0.003,-0.023,-0.094
-0.055,-0.040,0.015,0.047,-0.035,-0.012,0.130,0.240,0.110,0.020,-0.015,-0.090
-0.088,-0.031,0.057,0.059,-0.072,0.012,0.126,0.256,0.131,0.036,-0.007,-0.086
-0.094,-0.024,0.069,0.059,-0.082,0.022,0.125,0.272,0.143,0.052,0.001,-0.079
-0.079,-0.016,0.064,0.047,-0.071,0.023,0.123,0.289,0.163,0.067,0.010,-0.072
-0.073,-0.008,0.065,0.040,-0.069,0.028,0.120,0.301,0.182,0.076,0.015,-0.070
-0.065,0.000,0.065,0.032,-0.065,0.032,0.120,0.305,0.185,0.080,0.015,-0.065
-0.057,0.008,0.065,0.024,-0.061,0.036,0.116,0.323,0.204,0.099,0.035,-0.053
-0.048,0.017,0.065,0.015,-0.057,0.040,0.114,0.350,0.226,0.120,0.046,-0.044
-0.043,0.022,0.065,0.010,-0.054,0.043,0.116,0.365,0.243,0.125,0.044,-0.034
-0.038,0.027,0.065,0.005,-0.052,0.046,0.113,0.373,0.260,0.136,0.047,-0.023
-0.030,0.035,0.065,-0.003,-0.048,0.050,0.110,0.395,0.285,0.170,0.060,-0.015
-0.026,0.039,0.065,-0.007,-0.046,0.051,0.131,0.419,0.318,0.183,0.081,-0.003
-0.020,0.046,0.066,-0.014,-0.043,0.055,0.135,0.439,0.339,0.197,0.092,0.006
-0.010,0.053,0.063,-0.022,-0.037,0.058,0.127,0.448,0.352,0.211,0.100,0.014
-0.014,0.055,0.069,-0.021,-0.042,0.062,0.124,0.461,0.370,0.224,0.114,0.022
-0.030,0.060,0.090,-0.015,-0.060,0.075,0.120,0.490,0.390,0.245,0.130,0.030
-0.019,0.076,0.095,-0.029,-0.057,0.085,0.120,0.506,0.411,0.261,0.146,0.038
-0.005,0.090,0.095,-0.043,-0.051,0.092,0.118,0.525,0.426,0.277,0.159,0.046
0.006,0.101,0.095,-0.054,-0.045,0.098,0.112,0.543,0.449,0.293,0.172,0.055
0.017,0.113,0.096,-0.066,-0.039,0.104,0.110,0.551,0.475,0.309,0.181,0.061
0.025,0.125,0.100,-0.075,-0.038,0.112,0.110,0.560,0.490,0.325,0.185,0.065
0.031,0.130,0.100,-0.081,-0.035,0.115,0.106,0.580,0.510,0.345,0.205,0.081
0.025,0.127,0.102,-0.076,-0.039,0.115,0.101,0.593,0.526,0.361,0.219,0.091
0.049,0.141,0.092,-0.096,-0.021,0.116,0.100,0.611,0.547,0.382,0.234,0.102
0.074,0.163,0.088,-0.119,-0.007,0.125,0.099,0.627,0.570,0.404,0.256,0.119
0.050,0.165,0.115,-0.108,-0.033,0.140,0.090,0.630,0.585,0.415,0.275,0.130
0.056,0.177,0.121,-0.117,-0.032,0.149,0.086,0.651,0.603,0.428,0.288,0.142
0.065,0.185,0.120,-0.125,-0.028,0.152,0.082,0.659,0.605,0.435,0.297,0.149
0.064,0.183,0.120,-0.124,-0.028,0.151,0.078,0.665,0.611,0.450,0.303,0.150
0.067,0.188,0.121,-0.128,-0.027,0.154,0.074,0.678,0.638,0.477,0.314,0.160
0.080,0.205,0.125,-0.143,-0.023,0.165,0.070,0.685,0.665,0.500,0.335,0.180
0.085,0.210,0.125,-0.148,-0.020,0.167,0.066,0.688,0.677,0.512,0.346,0.183
0.086,0.212,0.125,-0.149,-0.020,0.168,0.062,0.703,0.690,0.529,0.366,0.200
0.097,0.221,0.123,-0.160,-0.013,0.172,0.060,0.709,0.696,0.549,0.379,0.214
0.104,0.232,0.128,-0.169,-0.012,0.180,0.060,0.697,0.704,0.563,0.389,0.216
0.090,0.235,0.145,-0.163,-0.028,0.190,0.060,0.690,0.720,0.570,0.405,0.220
0.091,0.233,0.142,-0.162,-0.026,0.187,0.060,0.682,0.713,0.574,0.402,0.220
0.112,0.249,0.136,-0.181,-0.013,0.192,0.060,0.674,0.704,0.579,0.396,0.220
0.119,0.252,0.133,-0.186,-0.008,0.193,0.060,0.666,0.695,0.577,0.395,0.220
0.108,0.237,0.129,-0.173,-0.010,0.183,0.060,0.659,0.690,0.568,0.395,0.220
0.105,0.230,0.125,-0.168,-0.010,0.177,0.060,0.650,0.685,0.565,0.390,0.220
0.097,0.222,0.125,-0.160,-0.014,0.173,0.060,0.630,0.657,0.560,0.385,0.220
0.092,0.214,0.122,-0.153,-0.015,0.168,0.060,0.612,0.633,0.561,0.387,0.222
0.088,0.206,0.118,-0.147,-0.015,0.162,0.060,0.582,0.600,0.540,0.377,0.212
0.084,0.198,0.114,-0.142,-0.015,0.156,0.060,0.540,0.555,0.501,0.355,0.190
0.080,0.190,0.110,-0.135,-0.015,0.150,0.060,0.505,0.515,0.470,0.335,0.175
0.069,0.174,0.105,-0.122,-0.018,0.139,0.060,0.465,0.463,0.430,0.307,0.159
0.052,0.158,0.106,-0.106,-0.027,0.131,0.060,0.426,0.414,0.394,0.280,0.144
0.040,0.142,0.102,-0.092,-0.031,0.121,0.060,0.380,0.363,0.352,0.246,0.124
0.033,0.126,0.093,-0.080,-0.030,0.109,0.061,0.327,0.307,0.304,0.205,0.099
0.020,0.110,0.090,-0.065,-0.035,0.100,0.065,0.280,0.255,0.260,0.170,0.075
0.004,0.090,0.086,-0.047,-0.042,0.088,0.069,0.236,0.199,0.212,0.134,0.051
-0.009,0.073,0.082,-0.032,-0.046,0.077,0.073,0.194,0.142,0.166,0.100,0.030
-0.021,0.057,0.078,-0.018,-0.050,0.067,0.076,0.158,0.091,0.126,0.072,0.010
-0.033,0.041,0.074,-0.004,-0.054,0.057,0.082,0.127,0.050,0.091,0.049,-0.010
-0.045,0.025,0.070,0.010,-0.058,0.047,0.095,0.095,0.010,0.055,0.025,-0.030
-0.057,0.009,0.066,0.024,-0.062,0.037,0.104,0.067,-0.030,0.019,0.001,-0.047
-0.066,-0.004,0.062,0.035,-0.064,0.029,0.109,0.039,-0.068,-0.018,-0.022,-0.060
-0.076,-0.018,0.058,0.047,-0.067,0.020,0.110,0.011,-0.099,-0.048,-0.051,-0.085
-0.087,-0.034,0.054,0.060,-0.071,0.010,0.110,-0.016,-0.128,-0.072,-0.081,-0.109
-0.100,-0.050,0.050,0.075,-0.075,0.000,0.110,-0.040,-0.155,-0.100,-0.095,-0.115
-0.125,-0.075,0.050,0.100,-0.087,-0.012,0.114,-0.064,-0.170,-0.121,-0.110,-0.126
-0.138,-0.091,0.047,0.114,-0.093,-0.022,0.116,-0.084,-0.197,-0.138,-0.132,-0.140
-0.141,-0.098,0.043,0.119,-0.091,-0.028,0.114,-0.095,-0.216,-0.149,-0.143,-0.147
-0.139,-0.100,0.039,0.120,-0.089,-0.030,0.116,-0.102,-0.222,-0.158,-0.146,-0.152
-0.135,-0.100,0.035,0.117,-0.085,-0.032,0.120,-0.110,-0.235,-0.175,-0.155,-0.165
-0.131,-0.100,0.031,0.115,-0.081,-0.035,0.120,-0.118,-0.252,-0.188,-0.164,-0.169
-0.129,-0.098,0.030,0.114,-0.079,-0.034,0.120,-0.123,-0.259,-0.196,-0.167,-0.173
-0.134,-0.106,0.028,0.120,-0.081,-0.039,0.120,-0.128,-0.260,-0.203,-0.177,-0.177
-0.141,-0.116,0.025,0.128,-0.082,-0.046,0.121,-0.130,-0.259,-0.205,-0.185,-0.180
-0.140,-0.115,0.025,0.127,-0.082,-0.045,0.125,-0.125,-0.255,-0.205,-0.180,-0.180
-0.140,-0.115,0.025,0.127,-0.082,-0.045,0.125,-0.125,-0.255,-0.214,-0.180,-0.180
-0.141,-0.116,0.025,0.128,-0.082,-0.045,0.127,-0.126,-0.256,-0.213,-0.177,-0.180
-0.139,-0.114,0.025,0.126,-0.081,-0.044,0.133,-0.123,-0.253,-0.210,-0.175,-0.180
-0.143,-0.118,0.025,0.130,-0.083,-0.046,0.134,-0.120,-0.250,-0.209,-0.174,-0.180
-0.155,-0.130,0.025,0.142,-0.090,-0.052,0.130,-0.120,-0.250,-0.205,-0.170,-0.180
-0.151,-0.126,0.025,0.138,-0.088,-0.051,0.130,-0.120,-0.250,-0.205,-0.170,-0.176
-0.149,-0.124,0.025,0.136,-0.086,-0.050,0.130,-0.117,-0.247,-0.202,-0.171,-0.175
-0.151,-0.125,0.025,0.137,-0.088,-0.050,0.131,-0.115,-0.245,-0.200,-0.168,-0.173
-0.149,-0.125,0.024,0.137,-0.086,-0.050,0.129,-0.115,-0.245,-0.199,-0.165,-0.169
-0.145,-0.125,0.020,0.135,-0.082,-0.052,0.130,-0.115,-0.245,-0.195,-0.165,-0.170
-0.145,-0.125,0.020,0.135,-0.082,-0.052,0.151,-0.116,-0.246,-0.195,-0.161,-0.171
-0.146,-0.126,0.020,0.136,-0.083,-0.053,0.157,-0.109,-0.239,-0.192,-0.160,-0.167
-0.140,-0.120,0.020,0.130,-0.080,-0.050,0.154,-0.102,-0.232,-0.190,-0.158,-0.165
-0.127,-0.107,0.020,0.117,-0.073,-0.043,0.155,-0.099,-0.229,-0.189,-0.154,-0.164
-0.115,-0.095,0.020,0.105,-0.067,-0.037,0.155,-0.095,-0.225,-0.185,-0.155,-0.160
-0.103,-0.083,0.020,0.093,-0.061,-0.031,0.155,-0.087,-0.217,-0.185,-0.155,-0.160
-0.091,-0.071,0.020,0.081,-0.055,-0.025,0.155,-0.081,-0.212,-0.182,-0.152,-0.161
-0.079,-0.059,0.020,0.069,-0.049,-0.019,0.155,-0.079,-0.208,-0.180,-0.148,-0.158
-0.068,-0.048,0.020,0.058,-0.044,-0.014,0.155,-0.073,-0.204,-0.179,-0.144,-0.154
-0.060,-0.040,0.020,0.050,-0.040,-0.010,0.160,-0.065,-0.200,-0.170,-0.140,-0.150
-0.051,-0.028,0.024,0.039,-0.037,-0.002,0.173,-0.061,-0.196,-0.166,-0.136,-0.146
-0.048,-0.019,0.029,0.033,-0.038,0.004,0.173,-0.058,-0.191,-0.159,-0.132,-0.142
-0.040,-0.009,0.030,0.024,-0.035,0.010,0.169,-0.051,-0.190,-0.153,-0.130,-0.138
-0.036,0.003,0.039,0.016,-0.038,0.020,0.169,-0.044,-0.189,-0.148,-0.130,-0.134
-0.050,0.010,0.060,0.020,-0.055,0.035,0.165,-0.040,-0.185,-0.140,-0.130,-0.130
-0.063,0.010,0.073,0.026,-0.068,0.041,0.165,-0.036,-0.181,-0.135,-0.130,-0.134
-0.069,0.010,0.079,0.029,-0.074,0.044,0.166,-0.032,-0.180,-0.135,-0.130,-0.136
-0.070,0.010,0.080,0.030,-0.075,0.045,0.163,-0.029,-0.179,-0.135,-0.130,-0.135
-0.070,0.010,0.080,0.030,-0.075,0.045,0.160,-0.030,-0.174,-0.135,-0.130,-0.135
-0.070,0.010,0.080,0.030,-0.075,0.045,0.160,-0.030,-0.170,-0.135,-0.130,-0.135
-0.070,0.011,0.080,0.030,-0.075,0.045,0.156,-0.026,-0.169,-0.135,-0.130,-0.135
-0.072,0.008,0.079,0.032,-0.076,0.044,0.154,-0.025,-0.173,-0.135,-0.130,-0.135
-0.064,0.018,0.082,0.022,-0.073,0.050,0.156,-0.025,-0.176,-0.135,-0.130,-0.135
-0.055,0.030,0.085,0.012,-0.070,0.057,0.153,-0.025,-0.175,-0.135,-0.130,-0.135
-0.065,0.020,0.085,0.022,-0.075,0.052,0.140,-0.025,-0.175,-0.135,-0.130,-0.135
-0.073,0.012,0.085,0.030,-0.079,0.048,0.132,-0.024,-0.175,-0.135,-0.130,-0.135
-0.081,0.004,0.085,0.038,-0.083,0.044,0.125,-0.033,-0.175,-0.135,-0.130,-0.138
-0.090,-0.004,0.086,0.046,-0.088,0.041,0.114,-0.045,-0.175,-0.135,-0.130,-0.141
-0.095,-0.012,0.083,0.053,-0.089,0.035,0.103,-0.061,-0.176,-0.136,-0.130,-0.140
-0.090,-0.020,0.070,0.055,-0.080,0.025,0.095,-0.090,-0.185,-0.145,-0.130,-0.140
-0.085,-0.024,0.062,0.055,-0.073,0.018,0.087,-0.116,-0.202,-0.162,-0.130,-0.140
-0.084,-0.029,0.055,0.057,-0.069,0.013,0.081,-0.125,-0.210,-0.170,-0.130,-0.140
-0.072,-0.028,0.044,0.049,-0.058,0.008,0.080,-0.124,-0.209,-0.170,-0.130,-0.140
-0.068,-0.035,0.033,0.051,-0.050,-0.002,0.079,-0.126,-0.212,-0.171,-0.130,-0.140
-0.090,-0.065,0.025,0.077,-0.057,-0.020,0.075,-0.130,-0.220,-0.175,-0.130,-0.140
-0.088,-0.071,0.017,0.079,-0.052,-0.027,0.075,-0.130,-0.223,-0.174,-0.129,-0.140
-0.081,-0.070,0.011,0.076,-0.046,-0.029,0.072,-0.132,-0.235,-0.181,-0.135,-0.138
-0.094,-0.084,0.010,0.089,-0.052,-0.037,0.068,-0.139,-0.240,-0.188,-0.147,-0.147
-0.114,-0.104,0.009,0.109,-0.061,-0.048,0.072,-0.147,-0.243,-0.199,-0.157,-0.163
-0.120,-0.115,0.005,0.117,-0.062,-0.055,0.085,-0.150,-0.260,-0.215,-0.160,-0.165
-0.124,-0.119,0.005,0.121,-0.064,-0.057,0.098,-0.150,-0.265,-0.220,-0.168,-0.165
-0.127,-0.122,0.006,0.124,-0.066,-0.058,0.103,-0.150,-0.265,-0.220,-0.174,-0.168
-0.135,-0.132,0.003,0.133,-0.068,-0.064,0.108,-0.150,-0.265,-0.220,-0.175,-0.170
-0.140,-0.140,0.000,0.140,-0.070,-0.070,0.110,-0.150,-0.266,-0.221,-0.175,-0.171
-0.135,-0.135,0.000,0.135,-0.067,-0.067,0.105,-0.150,-0.270,-0.225,-0.175,-0.175
-0.131,-0.135,-0.004,0.133,-0.063,-0.069,0.105,-0.154,-0.270,-0.225,-0.175,-0.174
-0.130,-0.135,-0.006,0.133,-0.062,-0.070,0.106,-0.155,-0.270,-0.224,-0.174,-0.181
-0.146,-0.150,-0.005,0.149,-0.071,-0.077,0.103,-0.155,-0.270,-0.227,-0.180,-0.186
-0.161,-0.166,-0.006,0.164,-0.077,-0.086,0.100,-0.155,-0.270,-0.230,-0.192,-0.185
-0.150,-0.160,-0.010,0.155,-0.070,-0.085,0.100,-0.155,-0.270,-0.230,-0.195,-0.185
-0.145,-0.159,-0.014,0.153,-0.066,-0.086,0.100,-0.155,-0.270,-0.230,-0.195,-0.185
-0.143,-0.161,-0.018,0.152,-0.062,-0.089,0.097,-0.152,-0.270,-0.233,-0.195,-0.185
-0.136,-0.158,-0.022,0.147,-0.057,-0.090,0.094,-0.149,-0.270,-0.235,-0.195,-0.185
-0.137,-0.164,-0.026,0.151,-0.056,-0.094,0.095,-0.150,-0.270,-0.235,-0.195,-0.185
-0.150,-0.180,-0.030,0.165,-0.060,-0.105,0.095,-0.150,-0.270,-0.235,-0.195,-0.185
-0.146,-0.177,-0.031,0.161,-0.057,-0.103,0.091,-0.150,-0.274,-0.231,-0.196,-0.190
-0.147,-0.174,-0.027,0.161,-0.060,-0.100,0.089,-0.150,-0.276,-0.230,-0.189,-0.188
-0.151,-0.175,-0.025,0.164,-0.063,-0.100,0.091,-0.150,-0.273,-0.230,-0.199,-0.198
-0.150,-0.175,-0.025,0.163,-0.062,-0.100,0.089,-0.150,-0.270,-0.230,-0.216,-0.211
-0.150,-0.175,-0.025,0.163,-0.062,-0.100,0.085,-0.150,-0.270,-0.230,-0.210,-0.205
-0.150,-0.175,-0.025,0.163,-0.062,-0.100,0.085,-0.150,-0.270,-0.230,-0.209,-0.205
-0.153,-0.175,-0.022,0.164,-0.065,-0.098,0.086,-0.150,-0.270,-0.231,-0.211,-0.205
-0.156,-0.175,-0.019,0.165,-0.068,-0.097,0.083,-0.150,-0.270,-0.228,-0.208,-0.205
-0.155,-0.175,-0.020,0.165,-0.067,-0.097,0.080,-0.150,-0.270,-0.225,-0.205,-0.205
-0.155,-0.175,-0.020,0.165,-0.067,-0.097,0.080,-0.150,-0.270,-0.225,-0.205,-0.205
-0.155,-0.175,-0.020,0.165,-0.067,-0.097,0.080,-0.150,-0.270,-0.225,-0.205,-0.205
-0.154,-0.175,-0.021,0.165,-0.066,-0.097,0.077,-0.150,-0.267,-0.225,-0.205,-0.206
-0.157,-0.175,-0.018,0.166,-0.069,-0.096,0.075,-0.150,-0.264,-0.225,-0.203,-0.203
-0.160,-0.175,-0.015,0.168,-0.072,-0.095,0.075,-0.150,-0.265,-0.225,-0.200,-0.200
-0.160,-0.175,-0.015,0.168,-0.072,-0.095,0.075,-0.150,-0.265,-0.225,-0.200,-0.200
-0.160,-0.175,-0.015,0.168,-0.072,-0.095,0.075,-0.150,-0.265,-0.221,-0.200,-0.200
-0.160,-0.175,-0.016,0.168,-0.072,-0.096,0.072,-0.150,-0.265,-0.220,-0.197,-0.200
-0.160,-0.174,-0.013,0.167,-0.073,-0.093,0.069,-0.151,-0.265,-0.220,-0.195,-0.200
-0.168,-0.178,-0.010,0.173,-0.079,-0.093,0.070,-0.149,-0.266,-0.220,-0.195,-0.200
-0.180,-0.190,-0.010,0.185,-0.085,-0.100,0.070,-0.145,-0.265,-0.220,-0.195,-0.200
-0.176,-0.186,-0.010,0.181,-0.083,-0.098,0.070,-0.144,-0.253,-0.220,-0.196,-0.200
-0.176,-0.185,-0.009,0.180,-0.082,-0.097,0.073,-0.117,-0.241,-0.218,-0.192,-0.200
-0.171,-0.183,-0.012,0.177,-0.080,-0.097,0.091,-0.089,-0.228,-0.227,-0.206,-0.217
-0.174,-0.181,-0.007,0.177,-0.083,-0.094,0.115,-0.050,-0.219,-0.234,-0.237,-0.247
-0.195,-0.180,0.015,0.187,-0.105,-0.082,0.145,0.045,-0.205,-0.225,-0.250,-0.260
-0.191,-0.153,0.038,0.172,-0.114,-0.057,0.206,0.180,-0.138,-0.224,-0.238,-0.255
-0.159,-0.124,0.035,0.141,-0.097,-0.044,0.214,0.313,-0.042,-0.191,-0.231,-0.258
-0.124,-0.096,0.028,0.110,-0.076,-0.034,0.220,0.435,0.064,-0.124,-0.192,-0.225
-0.090,-0.069,0.021,0.079,-0.055,-0.024,0.233,0.529,0.190,-0.035,-0.116,-0.161
-0.035,-0.045,-0.010,0.040,-0.012,-0.027,0.205,0.555,0.340,0.085,-0.025,-0.105
0.045,0.001,-0.044,-0.023,0.045,-0.021,0.186,0.482,0.476,0.242,0.124,-0.001
0.117,0.094,-0.023,-0.105,0.070,0.036,0.103,0.283,0.543,0.420,0.287,0.129
0.187,0.205,0.019,-0.196,0.084,0.112,-0.076,-0.091,0.578,0.632,0.492,0.293
0.291,0.338,0.047,-0.315,0.122,0.193,-0.310,-0.577,0.604,0.895,0.762,0.510
0.420,0.490,0.070,-0.455,0.175,0.280,-0.530,-0.990,0.620,1.190,1.060,0.760
0.495,0.572,0.077,-0.534,0.209,0.324,-0.697,-1.216,0.673,1.470,1.332,0.977
0.561,0.629,0.067,-0.595,0.247,0.348,-0.850,-1.370,0.705,1.727,1.574,1.162
0.622,0.728,0.106,-0.676,0.258,0.417,-0.997,-1.556,0.711,2.021,1.823,1.354
0.628,0.881,0.253,-0.755,0.188,0.566,-1.123,-1.792,0.663,2.332,2.066,1.544
0.575,1.005,0.430,-0.790,0.072,0.717,-1.230,-2.030,0.510,2.500,2.210,1.665
0.544,0.967,0.422,-0.755,0.061,0.694,-1.327,-2.173,0.300,2.382,2.159,1.663
0.523,0.773,0.251,-0.648,0.136,0.512,-1.305,-2.125,0.147,2.057,1.957,1.559
0.447,0.547,0.100,-0.497,0.173,0.323,-1.247,-2.019,-0.052,1.644,1.670,1.389
0.343,0.379,0.037,-0.361,0.153,0.208,-1.189,-1.945,-0.318,1.194,1.349,1.198
0.285,0.270,-0.015,-0.277,0.150,0.127,-1.065,-1.835,-0.530,0.740,1.040,1.020
0.246,0.181,-0.065,-0.213,0.155,0.058,-0.924,-1.672,-0.688,0.340,0.765,0.846
0.161,0.065,-0.096,-0.112,0.128,-0.015,-0.795,-1.471,-0.828,-0.101,0.438,0.619
0.083,0.004,-0.079,-0.044,0.081,-0.037,-0.660,-1.245,-0.875,-0.394,0.142,0.397
0.038,0.011,-0.027,-0.025,0.032,-0.008,-0.514,-1.013,-0.788,-0.435,-0.006,0.243
-0.010,0.005,0.015,0.002,-0.013,0.010,-0.390,-0.810,-0.650,-0.375,-0.035,0.150
-0.040,-0.004,0.037,0.022,-0.038,0.016,-0.306,-0.674,-0.576,-0.325,-0.072,0.086
-0.057,-0.006,0.050,0.032,-0.053,0.022,-0.245,-0.558,-0.501,-0.286,-0.088,0.019
-0.093,-0.019,0.073,0.056,-0.083,0.027,-0.185,-0.461,-0.425,-0.242,-0.095,-0.028
-0.130,-0.047,0.083,0.088,-0.107,0.018,-0.126,-0.378,-0.366,-0.210,-0.106,-0.051
-0.130,-0.070,0.060,0.100,-0.095,-0.005,-0.075,-0.290,-0.310,-0.205,-0.105,-0.075
-0.125,-0.082,0.043,0.103,-0.083,-0.019,-0.025,-0.229,-0.251,-0.197,-0.104,-0.092
-0.129,-0.095,0.034,0.112,-0.081,-0.031,0.005,-0.170,-0.224,-0.192,-0.111,-0.101
-0.127,-0.101,0.026,0.114,-0.076,-0.037,0.027,-0.128,-0.215,-0.187,-0.117,-0.110
-0.128,-0.110,0.018,0.119,-0.072,-0.045,0.051,-0.103,-0.201,-0.178,-0.121,-0.124
-0.145,-0.135,0.010,0.140,-0.077,-0.062,0.070,-0.075,-0.185,-0.170,-0.130,-0.140
-0.139,-0.137,0.002,0.138,-0.070,-0.067,0.083,-0.066,-0.173,-0.166,-0.138,-0.149
-0.126,-0.132,-0.006,0.129,-0.059,-0.069,0.086,-0.059,-0.163,-0.162,-0.144,-0.154
-0.131,-0.143,-0.012,0.137,-0.058,-0.077,0.084,-0.051,-0.158,-0.158,-0.145,-0.155
-0.141,-0.156,-0.016,0.149,-0.062,-0.086,0.087,-0.043,-0.154,-0.155,-0.145,-0.156
-0.130,-0.150,-0.020,0.140,-0.055,-0.085,0.100,-0.035,-0.150,-0.155,-0.150,-0.160
-0.118,-0.143,-0.025,0.131,-0.046,-0.084,0.104,-0.027,-0.142,-0.151,-0.155,-0.161
-0.139,-0.161,-0.022,0.150,-0.058,-0.091,0.108,-0.019,-0.136,-0.150,-0.152,-0.157
-0.134,-0.171,-0.037,0.153,-0.049,-0.103,0.111,-0.011,-0.134,-0.149,-0.150,-0.154
-0.107,-0.164,-0.057,0.136,-0.025,-0.111,0.119,-0.004,-0.128,-0.144,-0.149,-0.155
-0.115,-0.165,-0.050,0.140,-0.032,-0.107,0.135,0.000,-0.120,-0.140,-0.145,-0.155
-0.115,-0.161,-0.046,0.139,-0.035,-0.103,0.132,0.008,-0.116,-0.140,-0.145,-0.151
-0.118,-0.159,-0.042,0.139,-0.038,-0.100,0.129,0.013,-0.109,-0.137,-0.142,-0.150
-0.121,-0.161,-0.040,0.141,-0.041,-0.100,0.130,0.019,-0.103,-0.135,-0.140,-0.150
-0.120,-0.159,-0.040,0.139,-0.040,-0.099,0.130,0.026,-0.098,-0.134,-0.139,-0.150
-0.120,-0.155,-0.035,0.138,-0.042,-0.095,0.130,0.030,-0.090,-0.130,-0.135,-0.150
-0.125,-0.155,-0.031,0.140,-0.047,-0.092,0.130,0.043,-0.086,-0.126,-0.135,-0.146
-0.122,-0.152,-0.030,0.137,-0.046,-0.091,0.130,0.046,-0.079,-0.122,-0.132,-0.144
-0.121,-0.149,-0.029,0.135,-0.046,-0.089,0.130,0.044,-0.073,-0.118,-0.130,-0.146
-0.126,-0.150,-0.024,0.139,-0.051,-0.087,0.130,0.047,-0.068,-0.114,-0.129,-0.144
-0.130,-0.150,-0.020,0.140,-0.055,-0.085,0.130,0.055,-0.060,-0.110,-0.125,-0.140
-0.127,-0.146,-0.018,0.136,-0.054,-0.082,0.130,0.059,-0.056,-0.111,-0.125,-0.140
-0.115,-0.145,-0.030,0.131,-0.042,-0.087,0.130,0.063,-0.049,-0.104,-0.122,-0.140
-0.109,-0.143,-0.035,0.126,-0.037,-0.089,0.130,0.068,-0.043,-0.097,-0.120,-0.140
-0.110,-0.140,-0.029,0.125,-0.040,-0.085,0.130,0.078,-0.038,-0.094,-0.120,-0.139
-0.110,-0.140,-0.030,0.125,-0.040,-0.085,0.130,0.090,-0.030,-0.090,-0.115,-0.135
-0.110,-0.136,-0.026,0.123,-0.042,-0.081,0.130,0.087,-0.026,-0.086,-0.111,-0.135
-0.110,-0.135,-0.025,0.123,-0.042,-0.080,0.129,0.082,-0.019,-0.082,-0.110,-0.135
-0.109,-0.132,-0.023,0.121,-0.043,-0.077,0.134,0.092,-0.013,-0.078,-0.109,-0.135
-0.103,-0.123,-0.020,0.113,-0.041,-0.071,0.140,0.108,-0.008,-0.073,-0.104,-0.134
-0.095,-0.115,-0.020,0.105,-0.037,-0.067,0.135,0.110,0.000,-0.065,-0.100,-0.130
-0.099,-0.111,-0.012,0.105,-0.044,-0.062,0.135,0.112,0.004,-0.057,-0.101,-0.126
-0.098,-0.105,-0.007,0.101,-0.045,-0.056,0.135,0.128,0.013,-0.049,-0.095,-0.122
-0.094,-0.096,-0.001,0.095,-0.047,-0.048,0.135,0.137,0.026,-0.041,-0.086,-0.118
-0.095,-0.089,0.006,0.091,-0.051,-0.041,0.135,0.143,0.038,-0.033,-0.078,-0.114
-0.095,-0.085,0.010,0.090,-0.052,-0.037,0.135,0.160,0.050,-0.025,-0.070,-0.110
-0.099,-0.081,0.018,0.090,-0.058,-0.031,0.135,0.165,0.063,-0.017,-0.062,-0.106
-0.104,-0.080,0.024,0.091,-0.064,-0.027,0.133,0.165,0.069,-0.006,-0.054,-0.102
-0.104,-0.081,0.023,0.092,-0.064,-0.028,0.143,0.180,0.086,0.004,-0.046,-0.098
-0.099,-0.079,0.020,0.089,-0.059,-0.030,0.156,0.197,0.101,0.013,-0.038,-0.094
-0.095,-0.075,0.020,0.085,-0.057,-0.027,0.150,0.195,0.100,0.025,-0.030,-0.090
-0.090,-0.074,0.016,0.082,-0.053,-0.029,0.150,0.206,0.115,0.033,-0.022,-0.086
-0.091,-0.076,0.015,0.083,-0.053,-0.031,0.147,0.221,0.136,0.044,-0.013,-0.081
-0.083,-0.070,0.013,0.076,-0.048,-0.028,0.144,0.226,0.154,0.054,-0.008,-0.080
-0.066,-0.057,0.009,0.062,-0.038,-0.024,0.145,0.234,0.169,0.063,-0.003,-0.079
-0.060,-0.050,0.010,0.055,-0.035,-0.020,0.145,0.260,0.185,0.080,0.010,-0.070
-0.063,-0.042,0.021,0.052,-0.042,-0.010,0.141,0.277,0.206,0.103,0.018,-0.062
-0.070,-0.034,0.036,0.052,-0.053,0.001,0.139,0.286,0.216,0.100,0.029,-0.054
-0.067,-0.026,0.041,0.047,-0.054,0.008,0.141,0.295,0.228,0.112,0.039,-0.046
-0.058,-0.018,0.040,0.038,-0.049,0.011,0.139,0.309,0.251,0.140,0.048,-0.038
-0.050,-0.010,0.040,0.030,-0.045,0.015,0.135,0.325,0.275,0.145,0.060,-0.030
-0.038,0.002,0.040,0.018,-0.039,0.021,0.135,0.345,0.291,0.156,0.068,-0.022
-0.029,0.011,0.040,0.009,-0.035,0.025,0.136,0.360,0.307,0.173,0.076,-0.011
-0.021,0.019,0.040,0.001,-0.031,0.029,0.133,0.369,0.323,0.183,0.083,-0.001
-0.013,0.027,0.040,-0.007,-0.027,0.033,0.130,0.386,0.339,0.195,0.094,0.008
-0.005,0.035,0.040,-0.015,-0.023,0.037,0.130,0.415,0.360,0.220,0.115,0.020
0.006,0.044,0.038,-0.025,-0.016,0.040,0.126,0.427,0.385,0.237,0.128,0.028
-0.011,0.047,0.058,-0.018,-0.035,0.052,0.124,0.447,0.404,0.253,0.137,0.037
-0.004,0.072,0.075,-0.034,-0.040,0.073,0.126,0.471,0.429,0.280,0.156,0.056
0.023,0.097,0.075,-0.061,-0.026,0.086,0.124,0.489,0.455,0.303,0.173,0.072
0.015,0.090,0.075,-0.053,-0.030,0.082,0.120,0.505,0.470,0.310,0.180,0.075
0.015,0.090,0.075,-0.053,-0.030,0.082,0.120,0.526,0.499,0.329,0.201,0.083
0.012,0.088,0.075,-0.050,-0.032,0.081,0.121,0.536,0.514,0.354,0.211,0.088
0.009,0.084,0.075,-0.047,-0.033,0.079,0.118,0.549,0.533,0.374,0.223,0.094
0.011,0.087,0.076,-0.049,-0.033,0.081,0.114,0.569,0.560,0.389,0.245,0.109
0.020,0.100,0.080,-0.060,-0.030,0.090,0.115,0.575,0.570,0.405,0.260,0.125
0.038,0.118,0.080,-0.078,-0.021,0.099,0.116,0.578,0.578,0.413,0.268,0.129
0.035,0.115,0.080,-0.075,-0.023,0.097,0.109,0.589,0.587,0.425,0.275,0.135
0.045,0.125,0.080,-0.085,-0.018,0.102,0.102,0.598,0.607,0.447,0.287,0.145
0.069,0.149,0.080,-0.109,-0.006,0.114,0.099,0.610,0.630,0.469,0.304,0.159
0.070,0.150,0.080,-0.110,-0.005,0.115,0.095,0.630,0.640,0.480,0.315,0.170
0.063,0.148,0.085,-0.106,-0.011,0.116,0.091,0.625,0.647,0.489,0.317,0.169
0.083,0.165,0.082,-0.124,0.000,0.123,0.087,0.635,0.665,0.521,0.338,0.178
0.083,0.180,0.097,-0.132,-0.007,0.138,0.083,0.652,0.682,0.539,0.355,0.192
0.062,0.179,0.117,-0.121,-0.027,0.147,0.078,0.655,0.693,0.543,0.364,0.203
0.070,0.180,0.110,-0.125,-0.020,0.145,0.070,0.650,0.705,0.565,0.390,0.215
0.089,0.199,0.110,-0.144,-0.011,0.154,0.066,0.646,0.709,0.578,0.404,0.229
0.084,0.191,0.107,-0.138,-0.012,0.149,0.062,0.642,0.717,0.584,0.406,0.228
0.100,0.204,0.104,-0.153,-0.002,0.154,0.058,0.638,0.718,0.601,0.419,0.240
0.127,0.232,0.105,-0.180,0.011,0.168,0.054,0.634,0.708,0.615,0.430,0.256
0.115,0.220,0.105,-0.168,0.005,0.162,0.050,0.630,0.700,0.605,0.420,0.245
0.114,0.215,0.101,-0.165,0.006,0.157,0.045,0.632,0.691,0.601,0.411,0.236
0.113,0.213,0.100,-0.163,0.006,0.156,0.048,0.611,0.690,0.597,0.407,0.232
0.108,0.206,0.098,-0.157,0.005,0.152,0.051,0.582,0.671,0.595,0.402,0.227
0.104,0.198,0.094,-0.152,0.005,0.146,0.050,0.559,0.638,0.585,0.392,0.218
0.100,0.195,0.095,-0.148,0.002,0.145,0.050,0.530,0.610,0.555,0.385,0.210
0.097,0.192,0.095,-0.145,0.001,0.143,0.054,0.503,0.567,0.532,0.383,0.207
0.086,0.178,0.092,-0.132,-0.003,0.135,0.056,0.469,0.523,0.499,0.361,0.193
0.076,0.164,0.088,-0.120,-0.006,0.126,0.054,0.432,0.475,0.463,0.331,0.180
0.066,0.150,0.084,-0.109,-0.009,0.117,0.056,0.395,0.423,0.424,0.302,0.164
0.045,0.125,0.080,-0.085,-0.018,0.102,0.060,0.350,0.375,0.375,0.265,0.135
0.024,0.100,0.076,-0.063,-0.027,0.088,0.063,0.305,0.327,0.326,0.228,0.111
0.011,0.082,0.071,-0.047,-0.031,0.077,0.074,0.267,0.283,0.284,0.198,0.087
-0.003,0.067,0.070,-0.032,-0.037,0.068,0.083,0.233,0.235,0.246,0.172,0.065
-0.018,0.051,0.069,-0.017,-0.044,0.059,0.086,0.195,0.182,0.204,0.142,0.045
-0.025,0.035,0.060,-0.005,-0.043,0.047,0.090,0.155,0.135,0.160,0.110,0.025
-0.032,0.019,0.051,0.007,-0.043,0.035,0.095,0.119,0.091,0.119,0.082,0.009
-0.044,0.003,0.047,0.020,-0.046,0.025,0.094,0.085,0.046,0.083,0.054,-0.010
-0.054,-0.012,0.042,0.033,-0.047,0.015,0.099,0.056,0.006,0.047,0.026,-0.028
-0.063,-0.030,0.033,0.046,-0.047,0.001,0.105,0.028,-0.029,0.011,-0.002,-0.044
-0.080,-0.055,0.025,0.067,-0.052,-0.015,0.100,-0.005,-0.065,-0.025,-0.030,-0.065
-0.099,-0.076,0.022,0.088,-0.061,-0.027,0.099,-0.036,-0.103,-0.063,-0.055,-0.086
-0.094,-0.085,0.009,0.089,-0.051,-0.038,0.108,-0.043,-0.119,-0.083,-0.069,-0.096
-0.110,-0.084,0.027,0.097,-0.068,-0.028,0.122,-0.053,-0.136,-0.099,-0.083,-0.107
-0.146,-0.087,0.058,0.116,-0.102,-0.014,0.131,-0.074,-0.159,-0.121,-0.098,-0.123
-0.150,-0.100,0.050,0.125,-0.100,-0.025,0.130,-0.085,-0.170,-0.140,-0.105,-0.130
-0.150,-0.105,0.045,0.127,-0.097,-0.030,0.130,-0.097,-0.182,-0.143,-0.112,-0.134
-0.145,-0.103,0.042,0.124,-0.094,-0.030,0.130,-0.104,-0.194,-0.158,-0.129,-0.139
-0.135,-0.097,0.037,0.116,-0.086,-0.030,0.130,-0.105,-0.207,-0.167,-0.135,-0.139
-0.139,-0.104,0.035,0.121,-0.087,-0.034,0.130,-0.114,-0.217,-0.175,-0.138,-0.142
-0.160,-0.125,0.035,0.142,-0.097,-0.045,0.130,-0.130,-0.220,-0.200,-0.155,-0.155
-0.165,-0.133,0.031,0.149,-0.097,-0.051,0.130,-0.129,-0.224,-0.205,-0.159,-0.159
-0.169,-0.142,0.027,0.155,-0.097,-0.057,0.133,-0.142,-0.228,-0.208,-0.167,-0.163
-0.167,-0.144,0.023,0.155,-0.095,-0.061,0.137,-0.151,-0.233,-0.209,-0.169,-0.166
-0.158,-0.140,0.019,0.149,-0.089,-0.060,0.140,-0.143,-0.235,-0.205,-0.165,-0.165
-0.155,-0.140,0.015,0.147,-0.085,-0.062,0.140,-0.140,-0.230,-0.205,-0.165,-0.165
-0.151,-0.136,0.016,0.143,-0.083,-0.060,0.140,-0.136,-0.226,-0.201,-0.161,-0.165
-0.144,-0.135,0.009,0.139,-0.076,-0.063,0.140,-0.135,-0.222,-0.199,-0.160,-0.165
-0.136,-0.133,0.003,0.134,-0.069,-0.065,0.140,-0.134,-0.220,-0.201,-0.158,-0.165
-0.128,-0.130,-0.002,0.129,-0.063,-0.066,0.140,-0.129,-0.219,-0.199,-0.155,-0.165
-0.120,-0.130,-0.010,0.125,-0.055,-0.070,0.140,-0.125,-0.215,-0.195,-0.155,-0.165
-0.111,-0.126,-0.015,0.119,-0.048,-0.070,0.140,-0.125,-0.211,-0.195,-0.151,-0.165
-0.110,-0.125,-0.015,0.118,-0.047,-0.070,0.143,-0.123,-0.210,-0.192,-0.150,-0.165
-0.108,-0.123,-0.015,0.116,-0.046,-0.069,0.147,-0.117,-0.209,-0.189,-0.148,-0.166
-0.105,-0.120,-0.015,0.113,-0.045,-0.067,0.151,-0.115,-0.204,-0.191,-0.145,-0.164
-0.105,-0.120,-0.015,0.113,-0.045,-0.067,0.155,-0.115,-0.200,-0.190,-0.145,-0.155
-0.093,-0.108,-0.015,0.101,-0.039,-0.062,0.155,-0.107,-0.201,-0.182,-0.141,-0.151
-0.084,-0.098,-0.015,0.091,-0.034,-0.056,0.158,-0.099,-0.194,-0.176,-0.137,-0.148
-0.076,-0.092,-0.016,0.084,-0.029,-0.054,0.160,-0.091,-0.187,-0.173,-0.133,-0.141
-0.069,-0.082,-0.013,0.076,-0.028,-0.047,0.162,-0.083,-0.184,-0.169,-0.129,-0.134
-0.070,-0.070,0.000,0.070,-0.035,-0.035,0.170,-0.075,-0.180,-0.165,-0.125,-0.130
-0.071,-0.062,0.008,0.067,-0.040,-0.027,0.166,-0.067,-0.172,-0.161,-0.121,-0.125
-0.066,-0.051,0.015,0.059,-0.041,-0.018,0.164,-0.059,-0.167,-0.157,-0.120,-0.128
-0.082,-0.057,0.026,0.069,-0.054,-0.015,0.166,-0.053,-0.163,-0.153,-0.119,-0.131
-0.101,-0.063,0.038,0.081,-0.069,-0.013,0.164,-0.049,-0.159,-0.149,-0.114,-0.130
-0.085,-0.040,0.045,0.062,-0.065,0.002,0.160,-0.045,-0.155,-0.145,-0.110,-0.130
-0.074,-0.022,0.051,0.048,-0.063,0.014,0.160,-0.041,-0.151,-0.141,-0.106,-0.130
-0.088,-0.016,0.072,0.052,-0.079,0.027,0.160,-0.037,-0.150,-0.137,-0.102,-0.130
-0.094,-0.013,0.081,0.053,-0.087,0.033,0.160,-0.033,-0.149,-0.133,-0.098,-0.130
-0.083,-0.009,0.074,0.045,-0.078,0.032,0.159,-0.029,-0.144,-0.130,-0.094,-0.130
-0.080,-0.005,0.075,0.042,-0.077,0.035,0.155,-0.030,-0.140,-0.130,-0.095,-0.130
-0.081,-0.005,0.076,0.042,-0.078,0.035,0.155,-0.034,-0.140,-0.126,-0.099,-0.130
-0.074,-0.003,0.072,0.038,-0.073,0.035,0.156,-0.035,-0.140,-0.121,-0.100,-0.130
-0.067,0.003,0.069,0.032,-0.068,0.036,0.153,-0.035,-0.140,-0.120,-0.100,-0.130
-0.065,0.005,0.070,0.030,-0.068,0.037,0.150,-0.035,-0.140,-0.119,-0.100,-0.130
-0.065,0.005,0.070,0.030,-0.068,0.037,0.150,-0.035,-0.140,-0.115,-0.100,-0.130
-0.057,0.009,0.066,0.024,-0.061,0.037,0.150,-0.035,-0.140,-0.111,-0.100,-0.134
-0.051,0.013,0.065,0.019,-0.058,0.039,0.151,-0.035,-0.140,-0.109,-0.103,-0.135
-0.049,0.016,0.065,0.016,-0.057,0.041,0.147,-0.035,-0.139,-0.112,-0.106,-0.135
-0.052,0.013,0.065,0.019,-0.059,0.039,0.138,-0.044,-0.142,-0.124,-0.105,-0.135
-0.065,0.000,0.065,0.032,-0.065,0.032,0.130,-0.065,-0.155,-0.140,-0.105,-0.135
-0.069,-0.012,0.057,0.040,-0.063,0.022,0.122,-0.089,-0.172,-0.145,-0.105,-0.135
-0.076,-0.024,0.051,0.050,-0.063,0.014,0.114,-0.109,-0.177,-0.148,-0.105,-0.135
-0.083,-0.034,0.048,0.058,-0.066,0.007,0.106,-0.119,-0.174,-0.152,-0.103,-0.135
-0.086,-0.042,0.044,0.064,-0.065,0.001,0.098,-0.120,-0.176,-0.156,-0.099,-0.135
-0.095,-0.055,0.040,0.075,-0.067,-0.007,0.090,-0.120,-0.185,-0.160,-0.100,-0.135
-0.113,-0.077,0.036,0.094,-0.074,-0.020,0.086,-0.129,-0.198,-0.164,-0.112,-0.135
-0.112,-0.080,0.032,0.096,-0.072,-0.024,0.082,-0.128,-0.204,-0.168,-0.119,-0.135
-0.097,-0.069,0.028,0.083,-0.062,-0.020,0.078,-0.124,-0.207,-0.173,-0.121,-0.134
-0.099,-0.075,0.024,0.086,-0.061,-0.025,0.074,-0.125,-0.211,-0.183,-0.128,-0.137
-0.125,-0.105,0.020,0.115,-0.072,-0.042,0.075,-0.125,-0.215,-0.195,-0.140,-0.150
-0.139,-0.119,0.020,0.129,-0.080,-0.049,0.087,-0.121,-0.211,-0.208,-0.148,-0.163
-0.138,-0.121,0.018,0.129,-0.078,-0.051,0.099,-0.120,-0.210,-0.214,-0.154,-0.169
-0.131,-0.119,0.012,0.125,-0.072,-0.053,0.112,-0.120,-0.209,-0.215,-0.155,-0.170
-0.131,-0.122,0.010,0.127,-0.071,-0.056,0.120,-0.120,-0.204,-0.215,-0.155,-0.170
-0.140,-0.130,0.010,0.135,-0.075,-0.060,0.115,-0.125,-0.205,-0.215,-0.155,-0.170
-0.140,-0.134,0.006,0.136,-0.073,-0.064,0.115,-0.141,-0.226,-0.219,-0.154,-0.170
-0.143,-0.142,0.001,0.142,-0.072,-0.070,0.116,-0.150,-0.235,-0.221,-0.164,-0.173
-0.145,-0.145,0.000,0.145,-0.072,-0.072,0.113,-0.150,-0.236,-0.220,-0.172,-0.177
-0.154,-0.155,-0.001,0.155,-0.077,-0.078,0.110,-0.150,-0.241,-0.221,-0.169,-0.181
-0.175,-0.180,-0.005,0.178,-0.085,-0.092,0.110,-0.150,-0.245,-0.225,-0.170,-0.185
-0.176,-0.181,-0.005,0.179,-0.086,-0.092,0.110,-0.150,-0.249,-0.229,-0.183,-0.185
-0.171,-0.179,-0.008,0.175,-0.082,-0.094,0.107,-0.150,-0.250,-0.230,-0.186,-0.185
-0.170,-0.180,-0.010,0.175,-0.080,-0.095,0.104,-0.150,-0.250,-0.230,-0.185,-0.185
-0.169,-0.180,-0.010,0.175,-0.080,-0.095,0.105,-0.149,-0.249,-0.230,-0.185,-0.185
-0.165,-0.180,-0.015,0.173,-0.075,-0.097,0.105,-0.145,-0.250,-0.230,-0.185,-0.185
-0.160,-0.180,-0.020,0.170,-0.070,-0.100,0.101,-0.145,-0.263,-0.230,-0.185,-0.185
-0.160,-0.180,-0.020,0.170,-0.070,-0.100,0.099,-0.145,-0.263,-0.230,-0.185,-0.185
-0.158,-0.180,-0.022,0.169,-0.068,-0.101,0.101,-0.145,-0.259,-0.230,-0.185,-0.185
-0.155,-0.180,-0.025,0.168,-0.065,-0.102,0.099,-0.145,-0.260,-0.231,-0.185,-0.185
-0.155,-0.180,-0.025,0.168,-0.065,-0.102,0.095,-0.145,-0.260,-0.235,-0.185,-0.185
-0.151,-0.180,-0.029,0.166,-0.061,-0.105,0.095,-0.145,-0.260,-0.240,-0.185,-0.185
-0.147,-0.178,-0.031,0.163,-0.058,-0.105,0.096,-0.145,-0.260,-0.237,-0.185,-0.185
-0.158,-0.186,-0.028,0.172,-0.065,-0.107,0.093,-0.145,-0.260,-0.234,-0.185,-0.185
-0.171,-0.195,-0.025,0.184,-0.073,-0.110,0.090,-0.145,-0.260,-0.235,-0.185,-0.185
-0.165,-0.190,-0.025,0.178,-0.070,-0.107,0.090,-0.145,-0.260,-0.235,-0.185,-0.185
-0.165,-0.190,-0.025,0.178,-0.070,-0.107,0.090,-0.141,-0.256,-0.235,-0.185,-0.185
-0.165,-0.191,-0.026,0.179,-0.070,-0.108,0.087,-0.140,-0.255,-0.232,-0.185,-0.185
-0.165,-0.188,-0.023,0.177,-0.071,-0.105,0.084,-0.140,-0.255,-0.229,-0.185,-0.185
-0.165,-0.185,-0.020,0.175,-0.072,-0.102,0.085,-0.140,-0.255,-0.230,-0.185,-0.184
-0.165,-0.185,-0.020,0.175,-0.072,-0.102,0.085,-0.140,-0.255,-0.230,-0.185,-0.185
-0.165,-0.185,-0.020,0.175,-0.072,-0.102,0.085,-0.140,-0.255,-0.230,-0.185,-0.197
-0.166,-0.185,-0.020,0.176,-0.072,-0.102,0.082,-0.140,-0.255,-0.231,-0.185,-0.204
-0.163,-0.183,-0.020,0.173,-0.071,-0.102,0.078,-0.140,-0.256,-0.228,-0.185,-0.205
-0.160,-0.180,-0.019,0.170,-0.071,-0.099,0.074,-0.140,-0.254,-0.225,-0.185,-0.205
-0.165,-0.180,-0.015,0.173,-0.075,-0.097,0.070,-0.140,-0.245,-0.225,-0.185,-0.205
-0.166,-0.181,-0.015,0.174,-0.076,-0.097,0.069,-0.142,-0.237,-0.225,-0.185,-0.205
-0.162,-0.177,-0.015,0.170,-0.073,-0.096,0.077,-0.124,-0.228,-0.225,-0.186,-0.205
-0.160,-0.175,-0.014,0.168,-0.072,-0.095,0.095,-0.098,-0.225,-0.225,-0.183,-0.204
-0.159,-0.175,-0.016,0.167,-0.071,-0.095,0.114,-0.072,-0.215,-0.225,-0.189,-0.207
-0.160,-0.175,-0.015,0.168,-0.072,-0.095,0.135,-0.020,-0.185,-0.235,-0.220,-0.230
-0.185,-0.177,0.008,0.181,-0.096,-0.085,0.176,0.077,-0.160,-0.252,-0.250,-0.262
-0.190,-0.156,0.034,0.172,-0.112,-0.061,0.202,0.194,-0.101,-0.218,-0.229,-0.255
-0.181,-0.126,0.056,0.153,-0.118,-0.035,0.220,0.317,-0.002,-0.167,-0.196,-0.240
-0.162,-0.097,0.065,0.129,-0.113,-0.016,0.229,0.431,0.114,-0.113,-0.164,-0.222
-0.125,-0.070,0.055,0.097,-0.090,-0.007,0.220,0.520,0.245,-0.010,-0.090,-0.165
-0.098,-0.051,0.046,0.074,-0.072,-0.003,0.220,0.557,0.410,0.139,0.025,-0.080
-0.020,0.021,0.041,-0.001,-0.031,0.031,0.175,0.442,0.516,0.307,0.175,0.030
0.106,0.132,0.026,-0.119,0.039,0.079,0.057,0.194,0.567,0.489,0.351,0.169
0.227,0.260,0.033,-0.244,0.097,0.146,-0.143,-0.205,0.586,0.721,0.581,0.359
0.320,0.405,0.085,-0.363,0.117,0.245,-0.390,-0.710,0.585,1.015,0.870,0.595
0.418,0.531,0.113,-0.474,0.152,0.322,-0.590,-1.030,0.609,1.309,1.142,0.816
0.528,0.609,0.082,-0.569,0.223,0.345,-0.765,-1.223,0.652,1.590,1.418,1.034
0.576,0.676,0.100,-0.626,0.238,0.388,-0.916,-1.389,0.633,1.858,1.670,1.223
0.579,0.791,0.212,-0.685,0.183,0.501,-1.040,-1.592,0.583,2.157,1.917,1.405
0.600,0.955,0.355,-0.778,0.122,0.655,-1.160,-1.850,0.530,2.470,2.165,1.600
0.567,1.059,0.492,-0.813,0.037,0.775,-1.285,-2.097,0.329,2.592,2.258,1.693
0.493,0.955,0.462,-0.724,0.015,0.708,-1.352,-2.193,0.114,2.408,2.155,1.655
0.453,0.729,0.276,-0.591,0.088,0.502,-1.324,-2.125,-0.041,2.042,1.925,1.531
0.420,0.516,0.097,-0.468,0.161,0.306,-1.237,-2.003,-0.203,1.630,1.641,1.367
0.330,0.355,0.025,-0.343,0.152,0.190,-1.140,-1.910,-0.430,1.185,1.330,1.180
0.260,0.235,-0.025,-0.247,0.142,0.104,-1.027,-1.786,-0.632,0.700,1.004,0.978
0.199,0.114,-0.085,-0.156,0.142,0.014,-0.892,-1.596,-0.720,0.300,0.729,0.792
0.145,0.052,-0.093,-0.098,0.119,-0.020,-0.749,-1.390,-0.829,-0.146,0.400,0.571
0.107,0.049,-0.058,-0.077,0.082,-0.004,-0.602,-1.178,-0.891,-0.456,0.094,0.346
0.070,0.035,-0.035,-0.052,0.052,0.000,-0.460,-0.940,-0.750,-0.385,-0.010,0.210
0.012,0.023,0.010,-0.018,0.001,0.016,-0.356,-0.752,-0.628,-0.349,-0.039,0.135
-0.056,0.012,0.068,0.021,-0.062,0.040,-0.278,-0.626,-0.546,-0.316,-0.064,0.078
-0.089,-0.004,0.085,0.047,-0.088,0.041,-0.216,-0.523,-0.475,-0.265,-0.080,0.022
-0.091,-0.025,0.066,0.058,-0.078,0.020,-0.161,-0.429,-0.409,-0.227,-0.088,-0.025
-0.100,-0.045,0.055,0.072,-0.077,0.005,-0.105,-0.350,-0.345,-0.200,-0.100,-0.055
-0.109,-0.066,0.043,0.088,-0.076,-0.011,-0.057,-0.263,-0.282,-0.170,-0.097,-0.080
-0.108,-0.078,0.030,0.093,-0.069,-0.024,-0.009,-0.204,-0.244,-0.160,-0.093,-0.092
-0.119,-0.097,0.022,0.108,-0.070,-0.038,0.021,-0.152,-0.213,-0.160,-0.101,-0.098
-0.147,-0.127,0.020,0.137,-0.083,-0.054,0.032,-0.108,-0.186,-0.160,-0.112,-0.108
-0.165,-0.145,0.020,0.155,-0.092,-0.062,0.045,-0.095,-0.180,-0.160,-0.120,-0.125
-0.162,-0.142,0.020,0.152,-0.091,-0.061,0.061,-0.079,-0.177,-0.156,-0.137,-0.147
-0.158,-0.138,0.020,0.148,-0.089,-0.059,0.074,-0.065,-0.169,-0.154,-0.139,-0.151
-0.165,-0.145,0.020,0.155,-0.093,-0.062,0.086,-0.054,-0.163,-0.156,-0.132,-0.150
-0.169,-0.150,0.019,0.160,-0.094,-0.065,0.097,-0.042,-0.158,-0.154,-0.130,-0.148
-0.160,-0.145,0.015,0.152,-0.087,-0.065,0.100,-0.030,-0.150,-0.150,-0.135,-0.145
-0.159,-0.145,0.015,0.151,-0.087,-0.065,0.100,-0.018,-0.146,-0.150,-0.152,-0.162
-0.161,-0.146,0.015,0.153,-0.087,-0.065,0.098,-0.008,-0.142,-0.151,-0.153,-0.164
-0.158,-0.143,0.015,0.150,-0.086,-0.064,0.106,-0.003,-0.138,-0.148,-0.149,-0.159
-0.155,-0.140,0.015,0.147,-0.085,-0.062,0.124,0.001,-0.134,-0.145,-0.149,-0.160
-0.155,-0.140,0.015,0.147,-0.085,-0.062,0.135,0.005,-0.130,-0.145,-0.145,-0.160
-0.155,-0.140,0.015,0.147,-0.085,-0.062,0.135,0.013,-0.126,-0.145,-0.145,-0.156
-0.152,-0.140,0.012,0.146,-0.082,-0.064,0.135,0.018,-0.121,-0.142,-0.146,-0.155
-0.148,-0.138,0.009,0.143,-0.078,-0.064,0.135,0.022,-0.120,-0.139,-0.143,-0.155
-0.145,-0.135,0.010,0.140,-0.077,-0.062,0.135,0.026,-0.119,-0.140,-0.140,-0.155
-0.145,-0.135,0.010,0.140,-0.077,-0.062,0.135,0.030,-0.110,-0.140,-0.140,-0.155
-0.145,-0.135,0.010,0.140,-0.077,-0.062,0.135,0.033,-0.102,-0.136,-0.136,-0.151
-0.142,-0.132,0.011,0.137,-0.076,-0.061,0.134,0.044,-0.094,-0.134,-0.134,-0.150
-0.138,-0.130,0.008,0.133,-0.073,-0.061,0.139,0.055,-0.086,-0.136,-0.135,-0.150
-0.135,-0.130,0.005,0.132,-0.070,-0.062,0.145,0.061,-0.078,-0.134,-0.134,-0.150
-0.135,-0.130,0.005,0.132,-0.070,-0.062,0.140,0.065,-0.070,-0.125,-0.130,-0.150
-0.135,-0.130,0.005,0.132,-0.070,-0.062,0.140,0.065,-0.066,-0.121,-0.126,-0.146
-0.132,-0.127,0.005,0.129,-0.068,-0.061,0.140,0.068,-0.060,-0.118,-0.122,-0.144
-0.129,-0.125,0.005,0.126,-0.067,-0.060,0.140,0.072,-0.050,-0.111,-0.118,-0.146
-0.130,-0.125,0.005,0.127,-0.067,-0.060,0.140,0.076,-0.044,-0.104,-0.114,-0.144
-0.130,-0.125,0.005,0.127,-0.067,-0.060,0.140,0.080,-0.040,-0.100,-0.110,-0.140
-0.123,-0.126,-0.003,0.125,-0.060,-0.064,0.140,0.079,-0.032,-0.097,-0.106,-0.140
-0.110,-0.119,-0.009,0.115,-0.050,-0.064,0.140,0.089,-0.023,-0.089,-0.099,-0.140
-0.104,-0.112,-0.009,0.108,-0.047,-0.060,0.140,0.097,-0.018,-0.083,-0.092,-0.140
-0.105,-0.109,-0.004,0.108,-0.051,-0.056,0.140,0.102,-0.013,-0.078,-0.089,-0.139
-0.105,-0.105,0.000,0.105,-0.052,-0.052,0.140,0.115,-0.005,-0.070,-0.085,-0.135
-0.105,-0.101,0.004,0.103,-0.055,-0.048,0.140,0.120,0.003,-0.066,-0.081,-0.135
-0.102,-0.097,0.005,0.099,-0.053,-0.046,0.140,0.122,0.011,-0.059,-0.077,-0.135
-0.100,-0.093,0.006,0.096,-0.053,-0.044,0.140,0.131,0.019,-0.053,-0.073,-0.135
-0.099,-0.088,0.011,0.094,-0.055,-0.038,0.140,0.142,0.027,-0.048,-0.068,-0.134
-0.095,-0.080,0.015,0.087,-0.055,-0.032,0.140,0.145,0.035,-0.035,-0.060,-0.130
-0.091,-0.076,0.015,0.083,-0.052,-0.030,0.140,0.148,0.042,-0.027,-0.056,-0.126
-0.090,-0.072,0.017,0.081,-0.053,-0.027,0.140,0.158,0.060,-0.020,-0.053,-0.122
-0.091,-0.068,0.023,0.079,-0.056,-0.023,0.140,0.172,0.077,-0.009,-0.046,-0.118
-0.089,-0.064,0.025,0.076,-0.057,-0.019,0.140,0.181,0.080,0.002,-0.038,-0.114
-0.085,-0.060,0.025,0.072,-0.055,-0.017,0.140,0.185,0.085,0.010,-0.035,-0.110
-0.088,-0.056,0.032,0.072,-0.059,-0.012,0.140,0.206,0.110,0.018,-0.032,-0.106
-0.097,-0.049,0.048,0.072,-0.072,0.000,0.140,0.216,0.118,0.026,-0.021,-0.099
-0.100,-0.043,0.057,0.071,-0.078,0.007,0.140,0.228,0.130,0.035,-0.010,-0.092
-0.093,-0.038,0.055,0.065,-0.074,0.008,0.140,0.250,0.154,0.050,-0.003,-0.089
-0.085,-0.030,0.055,0.057,-0.070,0.012,0.140,0.265,0.165,0.070,0.005,-0.085
-0.081,-0.026,0.055,0.053,-0.068,0.014,0.140,0.273,0.180,0.083,0.013,-0.077
-0.074,-0.019,0.055,0.046,-0.064,0.018,0.137,0.283,0.198,0.092,0.021,-0.071
-0.068,-0.013,0.055,0.040,-0.061,0.021,0.135,0.298,0.211,0.098,0.029,-0.069
-0.064,-0.008,0.055,0.035,-0.060,0.023,0.134,0.314,0.224,0.110,0.037,-0.062
-0.055,0.000,0.055,0.027,-0.055,0.027,0.130,0.325,0.245,0.130,0.045,-0.050
-0.045,0.004,0.049,0.021,-0.047,0.026,0.130,0.335,0.265,0.138,0.052,-0.042
-0.053,0.011,0.064,0.021,-0.059,0.038,0.131,0.363,0.288,0.153,0.066,-0.034
-0.063,0.017,0.080,0.023,-0.072,0.048,0.128,0.395,0.311,0.176,0.086,-0.026
-0.058,0.022,0.080,0.018,-0.069,0.051,0.125,0.414,0.328,0.194,0.103,-0.018
-0.050,0.030,0.080,0.010,-0.065,0.055,0.125,0.420,0.340,0.205,0.110,-0.010
-0.048,0.032,0.080,0.008,-0.065,0.055,0.125,0.422,0.358,0.214,0.116,-0.002
-0.024,0.056,0.080,-0.016,-0.052,0.068,0.122,0.445,0.388,0.246,0.140,0.009
-0.004,0.076,0.080,-0.036,-0.042,0.078,0.119,0.471,0.407,0.264,0.151,0.021
-0.006,0.074,0.080,-0.034,-0.044,0.077,0.120,0.482,0.420,0.268,0.153,0.033
-0.005,0.075,0.080,-0.035,-0.043,0.077,0.120,0.495,0.450,0.290,0.175,0.045
0.004,0.082,0.078,-0.043,-0.037,0.079,0.116,0.519,0.476,0.306,0.183,0.053
0.000,0.096,0.096,-0.048,-0.049,0.096,0.115,0.541,0.488,0.324,0.196,0.063
0.009,0.115,0.106,-0.062,-0.049,0.110,0.113,0.558,0.507,0.345,0.213,0.077
0.027,0.126,0.099,-0.076,-0.037,0.112,0.109,0.574,0.529,0.365,0.229,0.087
0.020,0.120,0.100,-0.070,-0.040,0.110,0.110,0.585,0.540,0.380,0.240,0.090
0.018,0.118,0.101,-0.068,-0.041,0.109,0.110,0.589,0.556,0.391,0.243,0.089
0.033,0.129,0.097,-0.081,-0.032,0.113,0.107,0.598,0.569,0.414,0.259,0.098
0.042,0.137,0.095,-0.090,-0.027,0.116,0.104,0.611,0.583,0.430,0.278,0.110
0.039,0.134,0.095,-0.087,-0.028,0.114,0.105,0.615,0.599,0.438,0.286,0.116
0.040,0.135,0.095,-0.088,-0.028,0.115,0.105,0.620,0.615,0.460,0.290,0.125
0.048,0.155,0.106,-0.102,-0.029,0.130,0.101,0.641,0.640,0.482,0.311,0.146
0.052,0.172,0.121,-0.112,-0.034,0.146,0.099,0.648,0.656,0.491,0.321,0.153
0.062,0.189,0.126,-0.126,-0.032,0.157,0.101,0.656,0.664,0.504,0.334,0.160
0.078,0.202,0.125,-0.141,-0.024,0.163,0.098,0.665,0.672,0.525,0.354,0.172
0.080,0.205,0.125,-0.143,-0.023,0.165,0.090,0.660,0.680,0.540,0.365,0.175
0.078,0.204,0.126,-0.142,-0.024,0.165,0.086,0.660,0.693,0.555,0.376,0.187
0.091,0.214,0.123,-0.153,-0.016,0.168,0.082,0.657,0.698,0.575,0.394,0.197
0.090,0.222,0.133,-0.157,-0.022,0.177,0.078,0.655,0.703,0.579,0.400,0.202
0.081,0.227,0.146,-0.154,-0.033,0.187,0.074,0.654,0.703,0.584,0.403,0.207
0.095,0.235,0.140,-0.165,-0.023,0.187,0.070,0.650,0.690,0.605,0.415,0.215
0.090,0.227,0.138,-0.158,-0.025,0.182,0.066,0.652,0.678,0.594,0.404,0.208
0.068,0.222,0.153,-0.145,-0.043,0.187,0.062,0.633,0.665,0.583,0.394,0.198
0.057,0.216,0.159,-0.137,-0.051,0.188,0.058,0.610,0.658,0.576,0.384,0.193
0.061,0.209,0.147,-0.135,-0.043,0.178,0.055,0.588,0.644,0.569,0.373,0.189
0.065,0.205,0.140,-0.135,-0.038,0.172,0.055,0.555,0.610,0.560,0.365,0.180
0.064,0.197,0.132,-0.130,-0.034,0.164,0.051,0.528,0.580,0.529,0.352,0.171
0.069,0.193,0.124,-0.131,-0.027,0.158,0.047,0.491,0.532,0.496,0.347,0.169
0.066,0.182,0.116,-0.124,-0.025,0.149,0.044,0.449,0.480,0.461,0.325,0.155
0.052,0.159,0.108,-0.106,-0.028,0.133,0.046,0.411,0.434,0.420,0.286,0.129
0.040,0.140,0.100,-0.090,-0.030,0.120,0.055,0.375,0.390,0.380,0.255,0.110
0.022,0.124,0.102,-0.073,-0.040,0.113,0.072,0.340,0.351,0.332,0.223,0.090
-0.008,0.108,0.116,-0.050,-0.062,0.112,0.079,0.297,0.299,0.287,0.191,0.070
-0.025,0.091,0.116,-0.033,-0.071,0.104,0.082,0.254,0.243,0.243,0.160,0.050
-0.025,0.077,0.102,-0.027,-0.064,0.089,0.085,0.215,0.191,0.200,0.133,0.030
-0.030,0.065,0.095,-0.018,-0.063,0.080,0.085,0.175,0.135,0.160,0.105,0.010
-0.042,0.045,0.087,-0.002,-0.065,0.066,0.089,0.135,0.082,0.120,0.073,-0.010
-0.051,0.028,0.079,0.011,-0.065,0.053,0.089,0.097,0.036,0.080,0.044,-0.027
-0.062,0.009,0.071,0.026,-0.067,0.039,0.093,0.063,-0.006,0.041,0.014,-0.044
-0.079,-0.016,0.063,0.047,-0.071,0.023,0.102,0.033,-0.044,0.007,-0.018,-0.067
-0.090,-0.035,0.055,0.062,-0.072,0.010,0.105,0.005,-0.075,-0.030,-0.045,-0.095
-0.102,-0.052,0.051,0.077,-0.076,0.000,0.109,-0.020,-0.104,-0.073,-0.070,-0.112
-0.111,-0.061,0.050,0.086,-0.080,-0.005,0.111,-0.040,-0.127,-0.091,-0.087,-0.123
-0.121,-0.070,0.051,0.096,-0.085,-0.010,0.109,-0.061,-0.155,-0.118,-0.103,-0.139
-0.133,-0.083,0.049,0.108,-0.091,-0.017,0.111,-0.079,-0.179,-0.149,-0.118,-0.152
-0.140,-0.095,0.045,0.117,-0.092,-0.025,0.115,-0.090,-0.190,-0.150,-0.125,-0.155
-0.145,-0.100,0.045,0.122,-0.095,-0.027,0.115,-0.102,-0.210,-0.161,-0.133,-0.159
-0.145,-0.100,0.045,0.122,-0.095,-0.027,0.115,-0.114,-0.226,-0.178,-0.140,-0.163
-0.147,-0.102,0.045,0.124,-0.096,-0.028,0.115,-0.125,-0.233,-0.190,-0.152,-0.167
-0.149,-0.105,0.044,0.127,-0.096,-0.030,0.114,-0.131,-0.236,-0.197,-0.161,-0.171
-0.145,-0.105,0.040,0.125,-0.092,-0.032,0.115,-0.135,-0.240,-0.205,-0.160,-0.175
-0.148,-0.109,0.040,0.129,-0.094,-0.034,0.131,-0.135,-0.245,-0.217,-0.172,-0.179
-0.154,-0.114,0.040,0.134,-0.097,-0.037,0.140,-0.138,-0.244,-0.224,-0.179,-0.183
-0.154,-0.114,0.040,0.134,-0.097,-0.036,0.140,-0.140,-0.248,-0.225,-0.180,-0.187
-0.157,-0.118,0.039,0.137,-0.098,-0.039,0.140,-0.141,-0.256,-0.226,-0.180,-0.190
-0.165,-0.130,0.035,0.147,-0.100,-0.047,0.140,-0.145,-0.260,-0.230,-0.180,-0.190
-0.162,-0.127,0.035,0.144,-0.098,-0.046,0.140,-0.145,-0.265,-0.231,-0.184,-0.190
-0.157,-0.122,0.036,0.139,-0.096,-0.043,0.140,-0.145,-0.263,-0.227,-0.185,-0.190
-0.167,-0.134,0.033,0.150,-0.100,-0.050,0.140,-0.143,-0.258,-0.225,-0.185,-0.188
-0.174,-0.145,0.030,0.159,-0.101,-0.057,0.140,-0.148,-0.254,-0.225,-0.184,-0.184
-0.160,-0.130,0.030,0.145,-0.095,-0.050,0.140,-0.160,-0.250,-0.225,-0.180,-0.180
-0.151,-0.121,0.030,0.136,-0.090,-0.045,0.140,-0.148,-0.246,-0.225,-0.176,-0.176
-0.150,-0.120,0.030,0.135,-0.090,-0.045,0.140,-0.143,-0.245,-0.225,-0.175,-0.175
-0.150,-0.120,0.030,0.135,-0.090,-0.045,0.140,-0.146,-0.245,-0.225,-0.175,-0.175
-0.150,-0.120,0.030,0.135,-0.090,-0.045,0.140,-0.145,-0.245,-0.225,-0.175,-0.175
-0.150,-0.120,0.030,0.135,-0.090,-0.045,0.140,-0.145,-0.245,-0.225,-0.175,-0.175
-0.150,-0.120,0.030,0.135,-0.090,-0.045,0.140,-0.145,-0.245,-0.225,-0.175,-0.175
-0.150,-0.120,0.030,0.135,-0.090,-0.045,0.140,-0.145,-0.245,-0.225,-0.175,-0.175
-0.150,-0.120,0.030,0.135,-0.090,-0.045,0.140,-0.145,-0.245,-0.225,-0.175,-0.175
-0.150,-0.120,0.030,0.135,-0.090,-0.045,0.140,-0.145,-0.245,-0.225,-0.175,-0.175
-0.150,-0.120,0.030,0.135,-0.090,-0.045,0.140,-0.145,-0.245,-0.225,-0.175,-0.175
-0.150,-0.120,0.030,0.135,-0.090,-0.045,0.140,-0.145,-0.245,-0.225,-0.175,-0.175
-0.150,-0.120,0.030,0.135,-0.090,-0.045,0.140,-0.145,-0.245,-0.225,-0.175,-0.175
-0.150,-0.120,0.030,0.135,-0.090,-0.045,0.140,-0.145,-0.245,-0.225,-0.175,-0.175
-0.150,-0.120,0.030,0.135,-0.090,-0.045,0.140,-0.145,-0.245,-0.225,-0.175,-0.175
-0.150,-0.120,0.030,0.135,-0.090,-0.045,0.140,-0.145,-0.245,-0.225,-0.175,-0.175
-0.150,-0.120,0.030,0.135,-0.090,-0.045,0.140,-0.145,-0.245,-0.225,-0.175,-0.175
-0.150,-0.120,0.030,0.135,-0.090,-0.045,0.140,-0.145,-0.245,-0.225,-0.175,-0.175
-0.150,-0.120,0.030,0.135,-0.090,-0.045,0.140,-0.145,-0.245,-0.225,-0.175,-0.175
-0.150,-0.120,0.030,0.135,-0.090,-0.045,0.140,-0.145,-0.245,-0.225,-0.175,-0.175
-0.150,-0.120,0.030,0.135,-0.090,-0.045,0.140,-0.145,-0.245,-0.225,-0.175,-0.175
-0.150,-0.120,0.030,0.135,-0.090,-0.045,0.140,-0.145,-0.245,-0.225,-0.175,-0.175
-0.150,-0.120,0.030,0.135,-0.090,-0.045,0.140,-0.145,-0.245,-0.225,-0.175,-0.175
-0.150,-0.120,0.030,0.135,-0.090,-0.045,0.140,-0.145,-0.245,-0.225,-0.175,-0.175
-0.150,-0.120,0.030,0.135,-0.090,-0.045,0.140,-0.145,-0.245,-0.225,-0.175,-0.175
-0.150,-0.120,0.030,0.135,-0.090,-0.045,0.140,-0.145,-0.245,-0.225,-0.175,-0.175
-0.150,-0.120,0.030,0.135,-0.090,-0.045,0.140,-0.145,-0.245,-0.225,-0.175,-0.175
-0.150,-0.120,0.030,0.135,-0.090,-0.045,0.140,-0.145,-0.245,-0.225,-0.175,-0.175
-0.150,-0.120,0.030,0.135,-0.090,-0.045,0.140,-0.145,-0.245,-0.225,-0.175,-0.175
-0.150,-0.120,0.030,0.135,-0.090,-0.045,0.140,-0.145,-0.245,-0.225,-0.175,-0.175
-0.150,-0.120,0.030,0.135,-0.090,-0.045,0.140,-0.145,-0.245,-0.225,-0.175,-0.175
-0.150,-0.120,0.030,0.135,-0.090,-0.045,0.140,-0.145,-0.245,-0.225,-0.175,-0.175
-0.150,-0.120,0.030,0.135,-0.090,-0.045,0.140,-0.145,-0.245,-0.225,-0.175,-0.175
-0.150,-0.120,0.030,0.135,-0.090,-0.045,0.140,-0.145,-0.245,-0.225,-0.175,-0.175
-0.150,-0.120,0.030,0.135,-0.090,-0.045,0.140,-0.145,-0.245,-0.225,-0.175,-0.175
-0.150,-0.120,0.030,0.135,-0.090,-0.045,0.140,-0.145,-0.245,-0.225,-0.175,-0.175
-0.150,-0.120,0.030,0.135,-0.090,-0.045,0.140,-0.145,-0.245,-0.225,-0.175,-0.175
-0.150,-0.120,0.030,0.135,-0.090,-0.045,0.140,-0.145,-0.245,-0.225,-0.175,-0.175
-0.150,-0.120,0.030,0.135,-0.090,-0.045,0.140,-0.145,-0.245,-0.225,-0.175,-0.175
-0.150,-0.120,0.030,0.135,-0.090,-0.045,0.140,-0.145,-0.245,-0.225,-0.175,-0.175
-0.150,-0.120,0.030,0.135,-0.090,-0.045,0.140,-0.145,-0.245,-0.225,-0.175,-0.175
-0.150,-0.120,0.030,0.135,-0.090,-0.045,0.140,-0.145,-0.245,-0.225,-0.175,-0.175
-0.150,-0.120,0.030,0.135,-0.090,-0.045,0.140,-0.145,-0.245,-0.225,-0.175,-0.175
-0.150,-0.120,0.030,0.135,-0.090,-0.045,0.140,-0.145,-0.245,-0.225,-0.175,-0.175
-0.150,-0.120,0.030,0.135,-0.090,-0.045,0.140,-0.145,-0.245,-0.225,-0.175,-0.175
-0.150,-0.120,0.030,0.135,-0.090,-0.045,0.140,-0.145,-0.245,-0.225,-0.175,-0.175
-0.150,-0.120,0.030,0.135,-0.090,-0.045,0.140,-0.145,-0.245,-0.225,-0.175,-0.175
-0.150,-0.120,0.030,0.135,-0.090,-0.045,0.140,-0.145,-0.245,-0.225,-0.175,-0.175
-0.150,-0.120,0.030,0.135,-0.090,-0.045,0.140,-0.145,-0.245,-0.225,-0.175,-0.175
-0.150,-0.120,0.030,0.135,-0.090,-0.045,0.140,-0.145,-0.245,-0.225,-0.175,-0.175
-0.150,-0.120,0.030,0.135,-0.090,-0.045,0.140,-0.145,-0.245,-0.225,-0.175,-0.175
-0.150,-0.120,0.030,0.135,-0.090,-0.045,0.140,-0.145,-0.245,-0.225,-0.175,-0.175
-0.150,-0.120,0.030,0.135,-0.090,-0.045,0.140,-0.145,-0.245,-0.225,-0.175,-0.175
-0.150,-0.120,0.030,0.135,-0.090,-0.045,0.140,-0.145,-0.245,-0.225,-0.175,-0.175
-0.150,-0.120,0.030,0.135,-0.090,-0.045,0.140,-0.145,-0.245,-0.225,-0.175,-0.175
