I,II,III,aVR,aVL,aVF,V1,V2,V3,V4,V5,V6
0.050,0.040,-0.010,-0.045,0.030,0.015,0.320,0.850,0.310,0.105,0.090,0.000
0.050,0.040,-0.010,-0.045,0.030,0.015,0.320,0.850,0.310,0.105,0.090,0.000
0.050,0.040,-0.010,-0.045,0.030,0.015,0.320,0.850,0.310,0.105,0.090,0.000
0.050,0.040,-0.010,-0.045,0.030,0.015,0.320,0.850,0.310,0.105,0.090,0.000
0.050,0.040,-0.010,-0.045,0.030,0.015,0.320,0.850,0.310,0.105,0.090,0.000
0.050,0.040,-0.010,-0.045,0.030,0.015,0.320,0.850,0.310,0.105,0.090,0.000
0.058,0.048,-0.010,-0.053,0.034,0.019,0.320,0.846,0.308,0.108,0.094,0.008
0.064,0.054,-0.011,-0.059,0.037,0.021,0.317,0.845,0.322,0.119,0.101,0.013
0.065,0.057,-0.008,-0.060,0.036,0.024,0.315,0.843,0.334,0.130,0.109,0.019
0.075,0.071,-0.005,-0.072,0.039,0.033,0.314,0.840,0.335,0.136,0.117,0.026
0.100,0.095,-0.005,-0.097,0.052,0.045,0.310,0.840,0.335,0.140,0.120,0.030
0.106,0.101,-0.005,-0.103,0.055,0.047,0.309,0.824,0.335,0.144,0.119,0.034
0.104,0.099,-0.005,-0.101,0.054,0.046,0.312,0.811,0.335,0.148,0.125,0.038
0.108,0.103,-0.005,-0.105,0.057,0.049,0.303,0.797,0.335,0.151,0.133,0.042
0.117,0.112,-0.005,-0.114,0.061,0.053,0.286,0.782,0.335,0.149,0.134,0.046
0.120,0.115,-0.005,-0.117,0.062,0.055,0.275,0.770,0.335,0.145,0.130,0.050
0.116,0.115,-0.001,-0.115,0.058,0.057,0.263,0.735,0.323,0.145,0.130,0.046
0.114,0.115,0.000,-0.115,0.057,0.057,0.251,0.697,0.311,0.142,0.130,0.045
0.115,0.115,0.000,-0.115,0.057,0.057,0.237,0.665,0.299,0.140,0.130,0.043
0.115,0.115,0.000,-0.115,0.057,0.057,0.222,0.638,0.287,0.139,0.130,0.040
0.115,0.115,0.000,-0.115,0.057,0.057,0.210,0.610,0.275,0.135,0.130,0.040
0.116,0.116,0.000,-0.116,0.058,0.057,0.198,0.582,0.259,0.136,0.130,0.036
0.108,0.109,0.001,-0.109,0.053,0.054,0.186,0.555,0.246,0.127,0.130,0.034
0.106,0.102,-0.003,-0.104,0.054,0.049,0.174,0.524,0.234,0.115,0.130,0.036
0.111,0.099,-0.012,-0.105,0.062,0.043,0.163,0.492,0.222,0.108,0.130,0.034
0.115,0.095,-0.020,-0.105,0.067,0.037,0.150,0.460,0.210,0.100,0.130,0.030
0.119,0.091,-0.028,-0.105,0.073,0.031,0.123,0.417,0.190,0.088,0.131,0.030
0.123,0.087,-0.036,-0.105,0.079,0.025,0.095,0.371,0.169,0.078,0.122,0.027
0.128,0.084,-0.044,-0.106,0.086,0.019,0.078,0.331,0.151,0.071,0.110,0.025
0.129,0.078,-0.052,-0.103,0.090,0.013,0.067,0.297,0.136,0.062,0.103,0.024
0.120,0.065,-0.055,-0.092,0.087,0.005,0.055,0.265,0.120,0.050,0.095,0.020
0.108,0.057,-0.051,-0.082,0.079,0.002,0.047,0.233,0.096,0.038,0.087,0.020
0.099,0.050,-0.050,-0.074,0.074,0.000,0.037,0.200,0.071,0.025,0.079,0.021
0.089,0.039,-0.050,-0.064,0.069,-0.005,0.024,0.172,0.051,0.016,0.072,0.016
0.077,0.027,-0.050,-0.052,0.064,-0.011,0.013,0.150,0.037,0.007,0.061,0.009
0.070,0.020,-0.050,-0.045,0.060,-0.015,0.005,0.130,0.025,-0.010,0.045,0.005
0.063,0.013,-0.050,-0.038,0.056,-0.019,-0.003,0.098,0.001,-0.026,0.033,-0.003
0.049,-0.002,-0.050,-0.023,0.049,-0.026,-0.011,0.068,-0.020,-0.042,0.018,-0.008
0.032,-0.016,-0.049,-0.008,0.041,-0.032,-0.019,0.043,-0.041,-0.057,0.003,-0.014
0.024,-0.029,-0.053,0.002,0.039,-0.040,-0.027,0.020,-0.058,-0.067,-0.007,-0.021
0.025,-0.045,-0.070,0.010,0.048,-0.057,-0.035,0.000,-0.065,-0.075,-0.015,-0.025
0.026,-0.057,-0.084,0.016,0.055,-0.070,-0.043,-0.016,-0.081,-0.095,-0.023,-0.042
0.016,-0.067,-0.083,0.026,0.049,-0.075,-0.048,-0.032,-0.095,-0.108,-0.028,-0.047
0.007,-0.072,-0.079,0.033,0.043,-0.076,-0.052,-0.048,-0.106,-0.111,-0.033,-0.042
0.004,-0.076,-0.080,0.036,0.043,-0.078,-0.056,-0.063,-0.118,-0.119,-0.042,-0.049
0.000,-0.080,-0.080,0.040,0.040,-0.080,-0.060,-0.075,-0.130,-0.135,-0.050,-0.070
-0.004,-0.084,-0.080,0.044,0.038,-0.082,-0.064,-0.091,-0.142,-0.139,-0.054,-0.075
-0.008,-0.088,-0.080,0.048,0.036,-0.084,-0.065,-0.108,-0.154,-0.149,-0.061,-0.077
-0.012,-0.092,-0.080,0.052,0.034,-0.086,-0.067,-0.120,-0.165,-0.159,-0.068,-0.083
-0.007,-0.087,-0.080,0.047,0.037,-0.083,-0.070,-0.126,-0.171,-0.160,-0.071,-0.085
0.000,-0.080,-0.080,0.040,0.040,-0.080,-0.070,-0.130,-0.175,-0.160,-0.075,-0.085
-0.025,-0.105,-0.080,0.065,0.027,-0.093,-0.070,-0.133,-0.177,-0.167,-0.083,-0.093
-0.030,-0.110,-0.080,0.070,0.025,-0.095,-0.070,-0.148,-0.195,-0.183,-0.089,-0.098
-0.024,-0.104,-0.080,0.064,0.029,-0.091,-0.070,-0.157,-0.210,-0.194,-0.090,-0.102
-0.025,-0.105,-0.080,0.065,0.028,-0.092,-0.070,-0.154,-0.210,-0.195,-0.091,-0.105
-0.025,-0.105,-0.080,0.065,0.028,-0.092,-0.070,-0.155,-0.210,-0.195,-0.095,-0.105
-0.025,-0.105,-0.080,0.065,0.028,-0.092,-0.074,-0.167,-0.214,-0.199,-0.099,-0.105
-0.026,-0.106,-0.080,0.066,0.027,-0.093,-0.079,-0.175,-0.214,-0.200,-0.103,-0.108
-0.039,-0.119,-0.080,0.079,0.021,-0.099,-0.078,-0.173,-0.218,-0.201,-0.107,-0.111
-0.051,-0.131,-0.080,0.091,0.015,-0.105,-0.074,-0.178,-0.226,-0.206,-0.111,-0.110
-0.045,-0.125,-0.080,0.085,0.018,-0.102,-0.075,-0.195,-0.230,-0.210,-0.115,-0.110
-0.044,-0.124,-0.080,0.084,0.018,-0.102,-0.075,-0.192,-0.234,-0.214,-0.119,-0.118
-0.046,-0.126,-0.080,0.086,0.018,-0.102,-0.075,-0.189,-0.235,-0.215,-0.123,-0.124
-0.043,-0.123,-0.080,0.083,0.019,-0.101,-0.076,-0.190,-0.237,-0.215,-0.125,-0.123
-0.040,-0.120,-0.080,0.080,0.020,-0.100,-0.074,-0.190,-0.241,-0.215,-0.125,-0.120
-0.040,-0.120,-0.080,0.080,0.020,-0.100,-0.075,-0.190,-0.240,-0.215,-0.125,-0.120
-0.041,-0.120,-0.080,0.081,0.020,-0.100,-0.092,-0.190,-0.236,-0.215,-0.125,-0.120
-0.036,-0.117,-0.081,0.077,0.022,-0.098,-0.094,-0.190,-0.235,-0.215,-0.125,-0.120
-0.036,-0.114,-0.078,0.075,0.022,-0.096,-0.089,-0.190,-0.235,-0.215,-0.125,-0.120
-0.032,-0.115,-0.084,0.074,0.026,-0.099,-0.090,-0.190,-0.235,-0.215,-0.125,-0.120
-0.015,-0.115,-0.100,0.065,0.043,-0.107,-0.090,-0.190,-0.235,-0.215,-0.125,-0.120
-0.014,-0.111,-0.097,0.063,0.041,-0.103,-0.090,-0.190,-0.235,-0.215,-0.125,-0.120
-0.015,-0.109,-0.095,0.063,0.040,-0.101,-0.090,-0.190,-0.235,-0.215,-0.125,-0.120
-0.017,-0.111,-0.093,0.064,0.038,-0.102,-0.090,-0.190,-0.235,-0.215,-0.125,-0.120
-0.019,-0.109,-0.090,0.064,0.035,-0.099,-0.090,-0.190,-0.235,-0.215,-0.125,-0.120
-0.015,-0.105,-0.090,0.060,0.038,-0.097,-0.090,-0.190,-0.235,-0.215,-0.125,-0.120
-0.019,-0.105,-0.086,0.062,0.034,-0.095,-0.086,-0.190,-0.235,-0.215,-0.125,-0.120
-0.021,-0.106,-0.084,0.064,0.032,-0.095,-0.085,-0.190,-0.235,-0.215,-0.125,-0.120
-0.017,-0.103,-0.086,0.061,0.034,-0.094,-0.085,-0.190,-0.235,-0.215,-0.125,-0.120
-0.015,-0.100,-0.084,0.058,0.034,-0.091,-0.085,-0.190,-0.235,-0.215,-0.125,-0.120
-0.020,-0.100,-0.080,0.060,0.030,-0.090,-0.085,-0.190,-0.235,-0.215,-0.125,-0.120
-0.020,-0.100,-0.080,0.060,0.030,-0.090,-0.085,-0.190,-0.235,-0.215,-0.125,-0.120
-0.020,-0.097,-0.077,0.059,0.029,-0.087,-0.085,-0.190,-0.235,-0.215,-0.125,-0.120
-0.020,-0.095,-0.075,0.058,0.028,-0.085,-0.085,-0.190,-0.235,-0.215,-0.125,-0.120
-0.021,-0.095,-0.074,0.058,0.027,-0.085,-0.084,-0.190,-0.235,-0.215,-0.125,-0.120
-0.025,-0.095,-0.070,0.060,0.023,-0.082,-0.080,-0.190,-0.235,-0.215,-0.125,-0.120
-0.026,-0.095,-0.070,0.061,0.022,-0.082,-0.080,-0.190,-0.235,-0.215,-0.125,-0.120
-0.021,-0.092,-0.071,0.057,0.025,-0.081,-0.080,-0.190,-0.235,-0.216,-0.125,-0.120
-0.021,-0.089,-0.068,0.056,0.023,-0.079,-0.080,-0.190,-0.235,-0.213,-0.125,-0.120
-0.026,-0.090,-0.065,0.059,0.019,-0.077,-0.080,-0.190,-0.235,-0.210,-0.125,-0.120
-0.025,-0.090,-0.065,0.058,0.020,-0.077,-0.080,-0.190,-0.235,-0.210,-0.125,-0.120
-0.021,-0.086,-0.065,0.054,0.023,-0.075,-0.080,-0.190,-0.235,-0.210,-0.125,-0.116
-0.020,-0.085,-0.065,0.053,0.023,-0.075,-0.080,-0.190,-0.235,-0.210,-0.122,-0.115
-0.020,-0.085,-0.065,0.053,0.023,-0.075,-0.080,-0.190,-0.235,-0.210,-0.119,-0.115
-0.021,-0.085,-0.064,0.054,0.022,-0.075,-0.080,-0.190,-0.235,-0.210,-0.120,-0.115
-0.025,-0.085,-0.060,0.055,0.018,-0.072,-0.080,-0.190,-0.235,-0.210,-0.120,-0.115
-0.021,-0.081,-0.060,0.051,0.019,-0.070,-0.080,-0.190,-0.235,-0.210,-0.120,-0.115
-0.020,-0.080,-0.060,0.050,0.020,-0.070,-0.080,-0.190,-0.235,-0.207,-0.121,-0.115
-0.020,-0.080,-0.060,0.050,0.020,-0.070,-0.080,-0.190,-0.235,-0.204,-0.118,-0.115
-0.020,-0.080,-0.060,0.050,0.020,-0.070,-0.080,-0.190,-0.235,-0.205,-0.115,-0.114
-0.020,-0.080,-0.060,0.050,0.020,-0.070,-0.080,-0.190,-0.235,-0.205,-0.115,-0.110
-0.015,-0.076,-0.060,0.046,0.023,-0.068,-0.080,-0.190,-0.235,-0.205,-0.115,-0.110
-0.018,-0.074,-0.057,0.046,0.020,-0.065,-0.080,-0.190,-0.235,-0.205,-0.115,-0.110
-0.021,-0.076,-0.054,0.049,0.017,-0.065,-0.080,-0.190,-0.235,-0.205,-0.115,-0.110
-0.019,-0.074,-0.055,0.047,0.018,-0.065,-0.080,-0.190,-0.235,-0.205,-0.115,-0.110
-0.015,-0.070,-0.055,0.043,0.020,-0.062,-0.080,-0.190,-0.235,-0.205,-0.115,-0.110
-0.015,-0.070,-0.055,0.043,0.020,-0.062,-0.080,-0.190,-0.235,-0.201,-0.111,-0.110
-0.014,-0.070,-0.056,0.043,0.021,-0.062,-0.080,-0.190,-0.235,-0.200,-0.110,-0.111
-0.017,-0.070,-0.053,0.044,0.018,-0.061,-0.080,-0.190,-0.235,-0.200,-0.110,-0.108
-0.020,-0.069,-0.050,0.044,0.015,-0.059,-0.080,-0.190,-0.235,-0.200,-0.110,-0.105
-0.015,-0.065,-0.050,0.040,0.018,-0.057,-0.080,-0.190,-0.235,-0.200,-0.110,-0.105
-0.015,-0.065,-0.050,0.040,0.018,-0.057,-0.080,-0.190,-0.235,-0.200,-0.110,-0.105
-0.015,-0.065,-0.050,0.040,0.018,-0.057,-0.080,-0.190,-0.235,-0.200,-0.107,-0.105
-0.014,-0.065,-0.050,0.040,0.018,-0.057,-0.080,-0.190,-0.235,-0.200,-0.104,-0.105
-0.016,-0.066,-0.050,0.041,0.017,-0.057,-0.080,-0.190,-0.235,-0.200,-0.105,-0.105
-0.020,-0.070,-0.050,0.045,0.015,-0.060,-0.080,-0.190,-0.235,-0.200,-0.105,-0.105
-0.016,-0.070,-0.054,0.044,0.019,-0.062,-0.080,-0.194,-0.235,-0.204,-0.105,-0.105
-0.011,-0.070,-0.059,0.041,0.024,-0.064,-0.080,-0.195,-0.235,-0.205,-0.105,-0.106
-0.010,-0.070,-0.060,0.040,0.025,-0.065,-0.080,-0.195,-0.235,-0.205,-0.104,-0.103
-0.010,-0.070,-0.060,0.040,0.025,-0.065,-0.080,-0.195,-0.235,-0.205,-0.106,-0.100
-0.010,-0.070,-0.060,0.040,0.025,-0.065,-0.080,-0.195,-0.235,-0.205,-0.115,-0.100
-0.010,-0.070,-0.060,0.040,0.025,-0.065,-0.080,-0.195,-0.239,-0.205,-0.120,-0.100
-0.010,-0.070,-0.060,0.040,0.025,-0.065,-0.083,-0.195,-0.240,-0.205,-0.120,-0.100
-0.010,-0.070,-0.060,0.040,0.025,-0.065,-0.086,-0.195,-0.240,-0.205,-0.120,-0.100
-0.010,-0.070,-0.060,0.040,0.025,-0.065,-0.085,-0.196,-0.240,-0.206,-0.120,-0.100
-0.010,-0.070,-0.060,0.040,0.025,-0.065,-0.085,-0.200,-0.240,-0.210,-0.120,-0.100
-0.014,-0.074,-0.060,0.044,0.023,-0.067,-0.085,-0.200,-0.240,-0.210,-0.120,-0.100
-0.015,-0.075,-0.060,0.045,0.023,-0.067,-0.085,-0.200,-0.240,-0.210,-0.120,-0.100
-0.015,-0.075,-0.060,0.045,0.023,-0.067,-0.085,-0.200,-0.240,-0.210,-0.120,-0.100
-0.015,-0.075,-0.060,0.045,0.023,-0.067,-0.085,-0.200,-0.240,-0.210,-0.120,-0.100
-0.015,-0.075,-0.060,0.045,0.023,-0.067,-0.085,-0.200,-0.240,-0.210,-0.120,-0.100
-0.015,-0.075,-0.060,0.045,0.023,-0.067,-0.085,-0.200,-0.240,-0.210,-0.120,-0.100
-0.015,-0.075,-0.060,0.045,0.023,-0.067,-0.085,-0.199,-0.240,-0.209,-0.120,-0.100
-0.014,-0.075,-0.061,0.045,0.024,-0.067,-0.085,-0.202,-0.240,-0.212,-0.120,-0.100
-0.016,-0.075,-0.059,0.046,0.022,-0.066,-0.085,-0.205,-0.241,-0.215,-0.120,-0.100
-0.015,-0.075,-0.060,0.045,0.023,-0.067,-0.085,-0.205,-0.245,-0.215,-0.120,-0.100
0.010,-0.075,-0.085,0.032,0.048,-0.080,-0.085,-0.209,-0.245,-0.215,-0.120,-0.100
0.014,-0.075,-0.089,0.031,0.052,-0.082,-0.085,-0.210,-0.245,-0.215,-0.120,-0.100
0.009,-0.075,-0.084,0.034,0.047,-0.079,-0.085,-0.212,-0.245,-0.215,-0.120,-0.100
0.010,-0.075,-0.085,0.033,0.048,-0.080,-0.085,-0.215,-0.245,-0.215,-0.120,-0.100
0.010,-0.075,-0.085,0.033,0.048,-0.080,-0.085,-0.215,-0.245,-0.215,-0.120,-0.100
0.010,-0.075,-0.085,0.033,0.048,-0.080,-0.085,-0.219,-0.245,-0.215,-0.120,-0.100
0.010,-0.075,-0.085,0.033,0.048,-0.080,-0.085,-0.220,-0.245,-0.216,-0.120,-0.100
0.010,-0.075,-0.085,0.033,0.048,-0.080,-0.085,-0.220,-0.245,-0.213,-0.120,-0.100
0.010,-0.075,-0.085,0.033,0.048,-0.080,-0.085,-0.220,-0.245,-0.210,-0.120,-0.100
0.010,-0.075,-0.085,0.033,0.048,-0.080,-0.085,-0.220,-0.245,-0.210,-0.120,-0.100
0.010,-0.075,-0.085,0.033,0.048,-0.080,-0.085,-0.220,-0.245,-0.210,-0.120,-0.104
0.010,-0.075,-0.085,0.033,0.048,-0.080,-0.085,-0.223,-0.245,-0.210,-0.120,-0.105
0.010,-0.075,-0.085,0.033,0.048,-0.080,-0.085,-0.226,-0.245,-0.210,-0.120,-0.107
0.010,-0.075,-0.085,0.033,0.048,-0.080,-0.086,-0.225,-0.245,-0.210,-0.120,-0.110
0.010,-0.075,-0.085,0.033,0.048,-0.080,-0.090,-0.225,-0.245,-0.210,-0.120,-0.110
0.010,-0.075,-0.085,0.033,0.048,-0.080,-0.090,-0.225,-0.245,-0.210,-0.120,-0.110
0.010,-0.075,-0.085,0.033,0.048,-0.080,-0.093,-0.224,-0.245,-0.207,-0.120,-0.110
0.010,-0.075,-0.085,0.033,0.048,-0.080,-0.095,-0.227,-0.245,-0.204,-0.120,-0.110
0.010,-0.075,-0.085,0.033,0.048,-0.080,-0.096,-0.230,-0.245,-0.205,-0.120,-0.110
0.010,-0.075,-0.085,0.033,0.048,-0.080,-0.100,-0.230,-0.245,-0.205,-0.120,-0.110
0.010,-0.075,-0.085,0.033,0.048,-0.080,-0.101,-0.230,-0.245,-0.205,-0.120,-0.110
0.010,-0.075,-0.085,0.033,0.048,-0.080,-0.097,-0.230,-0.245,-0.205,-0.120,-0.110
0.010,-0.075,-0.085,0.033,0.048,-0.080,-0.094,-0.230,-0.245,-0.205,-0.120,-0.110
0.010,-0.075,-0.085,0.033,0.048,-0.080,-0.095,-0.230,-0.245,-0.205,-0.120,-0.110
0.010,-0.075,-0.085,0.033,0.048,-0.080,-0.095,-0.230,-0.245,-0.205,-0.120,-0.110
0.010,-0.075,-0.085,0.033,0.048,-0.080,-0.095,-0.230,-0.245,-0.201,-0.120,-0.110
0.010,-0.075,-0.085,0.033,0.048,-0.080,-0.096,-0.230,-0.245,-0.200,-0.120,-0.110
0.010,-0.075,-0.085,0.033,0.048,-0.080,-0.093,-0.230,-0.245,-0.200,-0.120,-0.110
0.011,-0.074,-0.085,0.032,0.048,-0.080,-0.090,-0.230,-0.245,-0.200,-0.120,-0.110
0.015,-0.070,-0.085,0.028,0.050,-0.077,-0.090,-0.230,-0.245,-0.200,-0.120,-0.110
0.015,-0.070,-0.085,0.028,0.050,-0.077,-0.090,-0.234,-0.245,-0.200,-0.120,-0.110
0.015,-0.070,-0.085,0.028,0.050,-0.077,-0.090,-0.235,-0.245,-0.200,-0.120,-0.110
0.015,-0.070,-0.085,0.028,0.050,-0.077,-0.090,-0.235,-0.245,-0.200,-0.120,-0.110
0.015,-0.070,-0.085,0.028,0.050,-0.077,-0.090,-0.235,-0.245,-0.199,-0.120,-0.110
0.015,-0.070,-0.085,0.028,0.050,-0.077,-0.090,-0.235,-0.245,-0.200,-0.120,-0.110
0.015,-0.070,-0.085,0.028,0.050,-0.077,-0.086,-0.235,-0.245,-0.216,-0.120,-0.110
0.014,-0.071,-0.085,0.029,0.050,-0.077,-0.085,-0.235,-0.245,-0.225,-0.120,-0.110
0.017,-0.068,-0.085,0.026,0.051,-0.076,-0.085,-0.235,-0.245,-0.225,-0.120,-0.110
0.020,-0.065,-0.085,0.023,0.053,-0.075,-0.085,-0.235,-0.245,-0.225,-0.120,-0.110
0.020,-0.065,-0.085,0.023,0.053,-0.075,-0.085,-0.235,-0.245,-0.225,-0.120,-0.110
0.020,-0.065,-0.085,0.023,0.053,-0.075,-0.085,-0.235,-0.249,-0.225,-0.120,-0.110
0.020,-0.065,-0.085,0.023,0.053,-0.075,-0.082,-0.235,-0.250,-0.225,-0.120,-0.110
0.020,-0.065,-0.085,0.023,0.053,-0.075,-0.079,-0.235,-0.250,-0.225,-0.120,-0.110
0.020,-0.065,-0.085,0.023,0.053,-0.075,-0.080,-0.236,-0.250,-0.225,-0.120,-0.110
0.020,-0.065,-0.085,0.023,0.053,-0.075,-0.080,-0.240,-0.250,-0.225,-0.120,-0.110
0.020,-0.065,-0.085,0.023,0.053,-0.075,-0.080,-0.240,-0.250,-0.225,-0.120,-0.110
0.023,-0.062,-0.085,0.020,0.054,-0.073,-0.080,-0.240,-0.250,-0.225,-0.120,-0.110
0.026,-0.059,-0.085,0.017,0.055,-0.072,-0.080,-0.240,-0.250,-0.225,-0.120,-0.110
0.025,-0.060,-0.085,0.018,0.055,-0.072,-0.081,-0.240,-0.250,-0.225,-0.120,-0.110
0.025,-0.060,-0.085,0.018,0.055,-0.072,-0.085,-0.240,-0.250,-0.225,-0.120,-0.110
0.025,-0.060,-0.085,0.018,0.055,-0.072,-0.085,-0.240,-0.250,-0.225,-0.120,-0.110
0.025,-0.060,-0.085,0.018,0.055,-0.072,-0.088,-0.240,-0.250,-0.225,-0.120,-0.110
0.025,-0.060,-0.085,0.018,0.055,-0.072,-0.090,-0.240,-0.250,-0.225,-0.120,-0.110
0.025,-0.060,-0.085,0.018,0.055,-0.072,-0.091,-0.240,-0.251,-0.225,-0.120,-0.110
0.025,-0.060,-0.085,0.018,0.055,-0.072,-0.095,-0.240,-0.255,-0.225,-0.120,-0.110
0.025,-0.060,-0.085,0.018,0.055,-0.072,-0.096,-0.240,-0.255,-0.225,-0.120,-0.118
0.025,-0.057,-0.082,0.016,0.054,-0.069,-0.092,-0.240,-0.255,-0.225,-0.120,-0.124
0.025,-0.054,-0.079,0.015,0.053,-0.066,-0.090,-0.240,-0.255,-0.225,-0.120,-0.125
0.025,-0.055,-0.080,0.015,0.053,-0.067,-0.090,-0.240,-0.255,-0.225,-0.120,-0.125
0.025,-0.055,-0.080,0.015,0.053,-0.067,-0.090,-0.240,-0.255,-0.225,-0.120,-0.125
0.025,-0.055,-0.080,0.015,0.053,-0.067,-0.090,-0.240,-0.255,-0.225,-0.120,-0.125
0.025,-0.055,-0.080,0.015,0.053,-0.067,-0.090,-0.240,-0.255,-0.225,-0.120,-0.125
0.025,-0.055,-0.080,0.015,0.053,-0.067,-0.090,-0.240,-0.255,-0.225,-0.120,-0.125
0.025,-0.055,-0.080,0.015,0.053,-0.067,-0.090,-0.240,-0.255,-0.224,-0.120,-0.125
0.025,-0.055,-0.080,0.015,0.053,-0.067,-0.090,-0.240,-0.255,-0.220,-0.120,-0.125
0.025,-0.051,-0.076,0.013,0.050,-0.063,-0.090,-0.240,-0.255,-0.220,-0.120,-0.125
0.025,-0.050,-0.075,0.013,0.050,-0.062,-0.090,-0.240,-0.255,-0.220,-0.120,-0.125
0.025,-0.050,-0.075,0.013,0.050,-0.062,-0.090,-0.240,-0.255,-0.220,-0.120,-0.125
0.025,-0.050,-0.075,0.013,0.050,-0.062,-0.090,-0.240,-0.255,-0.220,-0.121,-0.125
0.025,-0.050,-0.075,0.013,0.050,-0.062,-0.090,-0.240,-0.255,-0.220,-0.125,-0.125
0.025,-0.050,-0.075,0.013,0.050,-0.062,-0.090,-0.240,-0.255,-0.220,-0.125,-0.125
0.025,-0.050,-0.075,0.013,0.050,-0.062,-0.090,-0.240,-0.255,-0.220,-0.125,-0.125
0.025,-0.050,-0.075,0.013,0.050,-0.062,-0.090,-0.240,-0.255,-0.220,-0.125,-0.125
0.025,-0.049,-0.074,0.013,0.050,-0.061,-0.090,-0.240,-0.255,-0.220,-0.125,-0.125
0.025,-0.045,-0.070,0.010,0.048,-0.057,-0.090,-0.240,-0.255,-0.220,-0.125,-0.125
0.025,-0.045,-0.070,0.010,0.048,-0.057,-0.090,-0.240,-0.255,-0.220,-0.125,-0.125
0.025,-0.045,-0.070,0.010,0.048,-0.057,-0.090,-0.240,-0.255,-0.221,-0.124,-0.125
0.025,-0.045,-0.070,0.010,0.048,-0.057,-0.090,-0.240,-0.255,-0.218,-0.127,-0.125
0.025,-0.045,-0.070,0.010,0.048,-0.057,-0.090,-0.240,-0.255,-0.215,-0.130,-0.125
0.025,-0.045,-0.070,0.010,0.048,-0.057,-0.090,-0.240,-0.255,-0.215,-0.130,-0.125
0.025,-0.045,-0.070,0.010,0.048,-0.057,-0.090,-0.240,-0.255,-0.215,-0.130,-0.125
0.025,-0.045,-0.070,0.010,0.048,-0.057,-0.090,-0.240,-0.255,-0.215,-0.130,-0.125
0.024,-0.045,-0.070,0.011,0.047,-0.057,-0.090,-0.240,-0.255,-0.215,-0.130,-0.125
0.027,-0.044,-0.071,0.009,0.049,-0.057,-0.091,-0.240,-0.255,-0.215,-0.130,-0.125
0.035,-0.040,-0.075,0.003,0.055,-0.057,-0.095,-0.240,-0.255,-0.215,-0.130,-0.125
0.035,-0.040,-0.075,0.003,0.055,-0.057,-0.095,-0.236,-0.255,-0.215,-0.130,-0.125
0.035,-0.040,-0.075,0.003,0.055,-0.057,-0.095,-0.235,-0.255,-0.215,-0.133,-0.125
0.035,-0.040,-0.075,0.003,0.055,-0.057,-0.095,-0.235,-0.255,-0.215,-0.136,-0.125
0.035,-0.040,-0.075,0.003,0.055,-0.057,-0.095,-0.235,-0.255,-0.215,-0.135,-0.125
0.035,-0.040,-0.075,0.003,0.055,-0.057,-0.095,-0.235,-0.255,-0.215,-0.135,-0.125
0.035,-0.040,-0.075,0.003,0.055,-0.057,-0.095,-0.235,-0.255,-0.215,-0.135,-0.125
0.035,-0.040,-0.075,0.003,0.055,-0.057,-0.093,-0.235,-0.255,-0.212,-0.135,-0.125
0.035,-0.040,-0.075,0.003,0.055,-0.057,-0.087,-0.235,-0.255,-0.209,-0.135,-0.125
0.035,-0.040,-0.075,0.003,0.055,-0.057,-0.094,-0.235,-0.255,-0.210,-0.135,-0.125
0.035,-0.040,-0.075,0.003,0.055,-0.057,-0.115,-0.235,-0.255,-0.210,-0.135,-0.125
0.035,-0.040,-0.075,0.003,0.055,-0.057,-0.112,-0.235,-0.251,-0.210,-0.135,-0.125
0.035,-0.040,-0.075,0.003,0.055,-0.057,-0.109,-0.235,-0.250,-0.211,-0.132,-0.125
0.035,-0.040,-0.075,0.003,0.055,-0.057,-0.111,-0.235,-0.250,-0.208,-0.129,-0.125
0.035,-0.040,-0.075,0.003,0.055,-0.057,-0.109,-0.234,-0.250,-0.205,-0.130,-0.125
0.035,-0.040,-0.075,0.003,0.055,-0.057,-0.105,-0.230,-0.250,-0.205,-0.130,-0.125
0.035,-0.040,-0.075,0.003,0.055,-0.057,-0.105,-0.230,-0.246,-0.205,-0.126,-0.125
0.035,-0.040,-0.075,0.003,0.055,-0.057,-0.106,-0.230,-0.245,-0.205,-0.125,-0.125
0.035,-0.040,-0.075,0.003,0.055,-0.057,-0.103,-0.230,-0.245,-0.205,-0.125,-0.125
0.035,-0.040,-0.075,0.003,0.055,-0.057,-0.100,-0.230,-0.245,-0.205,-0.125,-0.125
0.035,-0.040,-0.075,0.003,0.055,-0.057,-0.100,-0.230,-0.245,-0.205,-0.125,-0.125
0.035,-0.040,-0.075,0.003,0.055,-0.057,-0.100,-0.230,-0.245,-0.201,-0.121,-0.125
0.035,-0.040,-0.075,0.003,0.055,-0.057,-0.097,-0.230,-0.242,-0.200,-0.119,-0.125
0.035,-0.040,-0.075,0.003,0.055,-0.057,-0.094,-0.230,-0.239,-0.200,-0.121,-0.125
0.035,-0.040,-0.075,0.003,0.055,-0.057,-0.095,-0.230,-0.240,-0.200,-0.119,-0.125
0.035,-0.040,-0.075,0.003,0.055,-0.057,-0.095,-0.230,-0.240,-0.200,-0.115,-0.125
0.034,-0.040,-0.075,0.004,0.054,-0.057,-0.091,-0.230,-0.240,-0.200,-0.115,-0.125
0.041,-0.037,-0.078,-0.001,0.060,-0.057,-0.089,-0.231,-0.237,-0.197,-0.115,-0.125
0.048,-0.032,-0.080,-0.008,0.064,-0.056,-0.091,-0.227,-0.234,-0.194,-0.115,-0.123
0.051,-0.030,-0.081,-0.010,0.066,-0.055,-0.089,-0.218,-0.235,-0.195,-0.114,-0.119
0.055,-0.030,-0.085,-0.012,0.070,-0.057,-0.085,-0.215,-0.235,-0.195,-0.110,-0.115
0.059,-0.026,-0.085,-0.016,0.072,-0.056,-0.084,-0.212,-0.235,-0.195,-0.110,-0.111
0.066,-0.021,-0.088,-0.022,0.077,-0.054,-0.086,-0.204,-0.236,-0.195,-0.110,-0.110
0.071,-0.020,-0.092,-0.026,0.081,-0.056,-0.080,-0.197,-0.232,-0.195,-0.110,-0.109
0.069,-0.019,-0.088,-0.025,0.078,-0.053,-0.067,-0.194,-0.223,-0.194,-0.109,-0.104
0.065,-0.010,-0.075,-0.027,0.070,-0.042,-0.060,-0.190,-0.215,-0.190,-0.105,-0.100
0.065,-0.001,-0.067,-0.031,0.066,-0.033,-0.053,-0.186,-0.207,-0.186,-0.101,-0.100
0.063,0.003,-0.060,-0.032,0.061,-0.028,-0.041,-0.182,-0.199,-0.181,-0.096,-0.098
0.057,0.008,-0.049,-0.033,0.053,-0.020,-0.031,-0.178,-0.191,-0.180,-0.095,-0.093
0.055,0.017,-0.038,-0.036,0.046,-0.010,-0.023,-0.174,-0.184,-0.179,-0.094,-0.090
0.055,0.025,-0.030,-0.040,0.042,-0.002,-0.015,-0.170,-0.180,-0.175,-0.090,-0.090
0.050,0.029,-0.021,-0.040,0.035,0.004,-0.011,-0.166,-0.178,-0.171,-0.086,-0.090
0.056,0.033,-0.022,-0.044,0.039,0.006,-0.007,-0.163,-0.193,-0.170,-0.085,-0.090
0.061,0.035,-0.026,-0.047,0.043,0.005,-0.003,-0.156,-0.201,-0.169,-0.084,-0.090
0.060,0.036,-0.025,-0.048,0.042,0.005,0.000,-0.149,-0.193,-0.164,-0.079,-0.090
0.065,0.040,-0.025,-0.052,0.045,0.007,0.000,-0.145,-0.190,-0.160,-0.075,-0.090
0.069,0.040,-0.029,-0.054,0.049,0.005,0.004,-0.141,-0.186,-0.160,-0.075,-0.090
0.074,0.043,-0.031,-0.059,0.053,0.006,0.009,-0.134,-0.182,-0.160,-0.075,-0.090
0.072,0.045,-0.027,-0.059,0.049,0.008,0.010,-0.128,-0.178,-0.160,-0.075,-0.090
0.081,0.046,-0.035,-0.063,0.057,0.005,0.011,-0.124,-0.174,-0.160,-0.075,-0.090
0.110,0.050,-0.060,-0.080,0.085,-0.005,0.015,-0.120,-0.170,-0.160,-0.075,-0.090
0.113,0.048,-0.066,-0.080,0.090,-0.008,0.019,-0.120,-0.174,-0.160,-0.075,-0.090
0.130,0.066,-0.064,-0.098,0.097,0.001,0.022,-0.120,-0.176,-0.160,-0.075,-0.090
0.142,0.075,-0.067,-0.108,0.104,0.004,0.013,-0.120,-0.174,-0.160,-0.075,-0.090
0.132,0.062,-0.070,-0.097,0.101,-0.003,-0.004,-0.119,-0.176,-0.160,-0.075,-0.090
0.125,0.055,-0.070,-0.090,0.097,-0.007,-0.015,-0.120,-0.180,-0.160,-0.075,-0.090
0.121,0.047,-0.074,-0.083,0.097,-0.013,-0.027,-0.135,-0.180,-0.160,-0.075,-0.090
0.118,0.039,-0.079,-0.078,0.098,-0.020,-0.039,-0.153,-0.179,-0.160,-0.075,-0.090
0.111,0.031,-0.080,-0.071,0.095,-0.024,-0.052,-0.167,-0.183,-0.159,-0.075,-0.090
0.113,0.023,-0.090,-0.067,0.101,-0.034,-0.069,-0.177,-0.192,-0.161,-0.075,-0.090
0.130,0.015,-0.115,-0.072,0.122,-0.050,-0.085,-0.185,-0.195,-0.170,-0.075,-0.090
0.124,0.011,-0.113,-0.067,0.118,-0.051,-0.097,-0.189,-0.193,-0.174,-0.075,-0.090
0.113,0.007,-0.106,-0.060,0.109,-0.049,-0.111,-0.193,-0.207,-0.178,-0.075,-0.090
0.125,0.005,-0.120,-0.065,0.122,-0.057,-0.114,-0.197,-0.217,-0.180,-0.075,-0.090
0.140,0.004,-0.136,-0.072,0.138,-0.066,-0.109,-0.202,-0.215,-0.181,-0.075,-0.090
0.130,0.000,-0.130,-0.065,0.130,-0.065,-0.110,-0.210,-0.215,-0.185,-0.075,-0.090
0.130,0.000,-0.130,-0.065,0.130,-0.065,-0.110,-0.218,-0.215,-0.185,-0.075,-0.090
0.125,-0.002,-0.127,-0.061,0.126,-0.065,-0.110,-0.224,-0.215,-0.188,-0.075,-0.089
0.117,-0.008,-0.125,-0.054,0.121,-0.066,-0.110,-0.225,-0.215,-0.190,-0.075,-0.092
0.114,-0.010,-0.124,-0.052,0.119,-0.067,-0.110,-0.225,-0.214,-0.191,-0.076,-0.095
0.110,-0.010,-0.120,-0.050,0.115,-0.065,-0.110,-0.225,-0.215,-0.195,-0.080,-0.095
0.106,-0.015,-0.121,-0.046,0.114,-0.067,-0.110,-0.223,-0.227,-0.195,-0.084,-0.095
0.102,-0.013,-0.114,-0.045,0.109,-0.063,-0.107,-0.241,-0.235,-0.198,-0.091,-0.095
0.083,-0.024,-0.107,-0.029,0.095,-0.065,-0.104,-0.251,-0.235,-0.200,-0.098,-0.095
0.062,-0.042,-0.104,-0.010,0.083,-0.073,-0.105,-0.244,-0.236,-0.200,-0.100,-0.095
0.060,-0.040,-0.100,-0.010,0.080,-0.070,-0.105,-0.245,-0.240,-0.200,-0.100,-0.095
0.052,-0.040,-0.092,-0.006,0.072,-0.066,-0.105,-0.245,-0.240,-0.199,-0.100,-0.099
0.046,-0.040,-0.087,-0.003,0.066,-0.063,-0.105,-0.245,-0.243,-0.209,-0.103,-0.100
0.043,-0.040,-0.083,-0.001,0.063,-0.061,-0.105,-0.245,-0.245,-0.218,-0.106,-0.102
0.039,-0.040,-0.079,0.001,0.059,-0.059,-0.105,-0.245,-0.245,-0.220,-0.105,-0.105
0.035,-0.040,-0.075,0.003,0.055,-0.057,-0.105,-0.245,-0.245,-0.220,-0.105,-0.105
0.035,-0.040,-0.075,0.003,0.055,-0.057,-0.101,-0.245,-0.243,-0.220,-0.113,-0.108
0.035,-0.040,-0.075,0.003,0.055,-0.057,-0.100,-0.245,-0.258,-0.223,-0.118,-0.120
0.035,-0.040,-0.075,0.003,0.055,-0.057,-0.100,-0.245,-0.265,-0.225,-0.122,-0.125
0.035,-0.040,-0.075,0.003,0.055,-0.057,-0.100,-0.245,-0.259,-0.225,-0.125,-0.119
0.035,-0.040,-0.075,0.003,0.055,-0.057,-0.100,-0.245,-0.260,-0.225,-0.125,-0.120
0.031,-0.040,-0.071,0.004,0.051,-0.055,-0.100,-0.245,-0.260,-0.221,-0.125,-0.120
0.027,-0.043,-0.070,0.008,0.049,-0.056,-0.100,-0.242,-0.260,-0.220,-0.125,-0.120
0.023,-0.047,-0.070,0.012,0.047,-0.058,-0.100,-0.239,-0.260,-0.220,-0.125,-0.120
0.020,-0.050,-0.070,0.015,0.045,-0.060,-0.100,-0.240,-0.260,-0.220,-0.125,-0.120
0.020,-0.050,-0.070,0.015,0.045,-0.060,-0.100,-0.240,-0.260,-0.220,-0.125,-0.120
0.020,-0.050,-0.070,0.015,0.045,-0.060,-0.096,-0.240,-0.260,-0.220,-0.125,-0.120
0.021,-0.050,-0.071,0.015,0.046,-0.060,-0.095,-0.240,-0.257,-0.220,-0.125,-0.120
0.018,-0.050,-0.068,0.016,0.043,-0.059,-0.095,-0.240,-0.254,-0.220,-0.125,-0.120
0.015,-0.050,-0.065,0.018,0.040,-0.057,-0.095,-0.240,-0.255,-0.220,-0.125,-0.120
0.015,-0.050,-0.065,0.018,0.040,-0.057,-0.095,-0.240,-0.255,-0.220,-0.125,-0.120
0.007,-0.058,-0.065,0.026,0.036,-0.061,-0.091,-0.240,-0.255,-0.220,-0.125,-0.120
0.000,-0.065,-0.065,0.033,0.033,-0.065,-0.090,-0.240,-0.255,-0.220,-0.125,-0.117
0.002,-0.063,-0.065,0.031,0.034,-0.064,-0.090,-0.240,-0.255,-0.220,-0.125,-0.114
0.004,-0.060,-0.064,0.028,0.034,-0.062,-0.090,-0.240,-0.255,-0.220,-0.125,-0.115
0.000,-0.060,-0.060,0.030,0.030,-0.060,-0.090,-0.240,-0.255,-0.220,-0.125,-0.115
0.004,-0.056,-0.060,0.026,0.032,-0.057,-0.086,-0.236,-0.251,-0.220,-0.125,-0.115
0.005,-0.055,-0.060,0.025,0.033,-0.057,-0.085,-0.235,-0.250,-0.220,-0.125,-0.115
0.007,-0.053,-0.060,0.023,0.034,-0.056,-0.085,-0.235,-0.250,-0.220,-0.125,-0.115
0.010,-0.050,-0.060,0.020,0.035,-0.055,-0.085,-0.235,-0.250,-0.220,-0.125,-0.115
0.010,-0.050,-0.060,0.020,0.035,-0.055,-0.085,-0.235,-0.250,-0.220,-0.125,-0.115
0.014,-0.046,-0.060,0.016,0.038,-0.052,-0.085,-0.235,-0.250,-0.220,-0.125,-0.115
0.015,-0.045,-0.060,0.015,0.038,-0.052,-0.082,-0.235,-0.250,-0.220,-0.125,-0.115
0.017,-0.043,-0.060,0.013,0.039,-0.051,-0.079,-0.235,-0.250,-0.220,-0.125,-0.115
0.020,-0.040,-0.060,0.010,0.040,-0.050,-0.080,-0.235,-0.250,-0.220,-0.125,-0.115
0.020,-0.040,-0.060,0.010,0.040,-0.050,-0.080,-0.235,-0.250,-0.220,-0.125,-0.115
0.024,-0.036,-0.060,0.006,0.042,-0.048,-0.080,-0.235,-0.246,-0.220,-0.125,-0.111
0.026,-0.034,-0.060,0.004,0.043,-0.047,-0.077,-0.232,-0.245,-0.221,-0.122,-0.110
0.024,-0.036,-0.060,0.006,0.043,-0.047,-0.074,-0.229,-0.243,-0.218,-0.119,-0.108
0.026,-0.034,-0.060,0.004,0.043,-0.047,-0.075,-0.230,-0.240,-0.215,-0.120,-0.105
0.030,-0.030,-0.060,0.000,0.045,-0.045,-0.075,-0.230,-0.240,-0.215,-0.120,-0.105
0.030,-0.030,-0.060,0.000,0.045,-0.045,-0.075,-0.230,-0.236,-0.211,-0.120,-0.101
0.029,-0.031,-0.060,0.001,0.045,-0.045,-0.076,-0.230,-0.235,-0.210,-0.120,-0.099
0.032,-0.028,-0.060,-0.002,0.046,-0.044,-0.073,-0.230,-0.233,-0.208,-0.120,-0.101
0.035,-0.025,-0.060,-0.005,0.048,-0.042,-0.070,-0.230,-0.230,-0.205,-0.120,-0.099
0.035,-0.025,-0.060,-0.005,0.048,-0.042,-0.070,-0.230,-0.230,-0.205,-0.120,-0.095
0.036,-0.025,-0.060,-0.005,0.048,-0.042,-0.066,-0.230,-0.226,-0.201,-0.120,-0.095
0.032,-0.027,-0.060,-0.003,0.047,-0.043,-0.065,-0.231,-0.225,-0.200,-0.120,-0.092
0.044,-0.017,-0.061,-0.014,0.053,-0.039,-0.063,-0.227,-0.223,-0.198,-0.121,-0.090
0.062,0.004,-0.058,-0.033,0.060,-0.027,-0.060,-0.218,-0.220,-0.195,-0.118,-0.089
0.065,0.020,-0.045,-0.042,0.055,-0.012,-0.060,-0.215,-0.220,-0.195,-0.105,-0.085
0.077,0.045,-0.033,-0.061,0.055,0.006,-0.052,-0.211,-0.215,-0.183,-0.097,-0.084
0.081,0.061,-0.021,-0.071,0.051,0.020,-0.044,-0.207,-0.216,-0.174,-0.089,-0.087
0.080,0.070,-0.010,-0.075,0.044,0.030,-0.036,-0.202,-0.208,-0.164,-0.081,-0.080
0.089,0.093,0.004,-0.091,0.042,0.048,-0.029,-0.201,-0.191,-0.153,-0.073,-0.067
0.100,0.125,0.025,-0.113,0.037,0.075,-0.020,-0.195,-0.180,-0.145,-0.065,-0.060
0.087,0.132,0.045,-0.110,0.021,0.088,0.000,-0.156,-0.167,-0.132,-0.058,-0.052
0.089,0.156,0.068,-0.123,0.010,0.111,0.017,-0.119,-0.161,-0.127,-0.038,-0.046
0.100,0.192,0.092,-0.146,0.004,0.141,0.035,-0.073,-0.125,-0.102,-0.014,-0.030
0.124,0.223,0.099,-0.174,0.012,0.160,0.064,0.009,-0.059,-0.053,0.014,-0.003
0.160,0.245,0.085,-0.203,0.037,0.165,0.105,0.120,0.000,-0.010,0.055,0.020
0.159,0.238,0.080,-0.199,0.039,0.159,0.147,0.242,0.074,0.041,0.092,0.036
0.181,0.228,0.047,-0.205,0.067,0.137,0.204,0.334,0.155,0.098,0.122,0.052
0.215,0.223,0.008,-0.220,0.103,0.116,0.215,0.356,0.202,0.133,0.145,0.066
0.251,0.218,-0.033,-0.235,0.142,0.093,0.184,0.335,0.228,0.159,0.166,0.079
0.310,0.210,-0.100,-0.260,0.205,0.055,0.165,0.325,0.280,0.210,0.200,0.105
0.368,0.203,-0.166,-0.286,0.267,0.018,0.116,0.321,0.350,0.270,0.256,0.145
0.409,0.192,-0.218,-0.300,0.313,-0.013,0.006,0.236,0.394,0.330,0.307,0.185
0.475,0.213,-0.262,-0.344,0.368,-0.024,-0.187,0.041,0.415,0.391,0.371,0.242
0.576,0.279,-0.297,-0.427,0.437,-0.009,-0.395,-0.152,0.453,0.466,0.458,0.321
0.670,0.360,-0.310,-0.515,0.490,0.025,-0.535,-0.260,0.520,0.560,0.555,0.405
0.746,0.444,-0.302,-0.594,0.523,0.071,-0.678,-0.405,0.583,0.659,0.658,0.491
0.865,0.530,-0.335,-0.697,0.600,0.097,-0.894,-0.554,0.663,0.770,0.770,0.596
0.982,0.603,-0.379,-0.792,0.680,0.112,-1.093,-0.629,0.790,0.905,0.906,0.714
1.075,0.604,-0.471,-0.839,0.772,0.067,-1.207,-0.618,0.896,0.997,0.976,0.773
1.185,0.500,-0.685,-0.842,0.935,-0.092,-1.295,-0.610,0.855,0.955,0.915,0.740
1.279,0.357,-0.921,-0.817,1.100,-0.282,-1.429,-0.703,0.657,0.806,0.869,0.720
1.290,0.251,-1.038,-0.770,1.164,-0.393,-1.521,-0.830,0.445,0.656,0.795,0.690
1.293,0.201,-1.092,-0.747,1.192,-0.445,-1.513,-0.944,0.256,0.526,0.726,0.651
1.265,0.181,-1.084,-0.723,1.174,-0.451,-1.460,-1.018,0.104,0.425,0.684,0.617
1.105,0.155,-0.950,-0.630,1.027,-0.397,-1.415,-1.055,0.005,0.365,0.635,0.595
0.913,0.104,-0.808,-0.508,0.861,-0.352,-1.310,-1.120,-0.115,0.281,0.572,0.580
0.801,0.050,-0.751,-0.425,0.775,-0.350,-1.234,-1.242,-0.303,0.133,0.464,0.516
0.708,0.001,-0.707,-0.354,0.708,-0.353,-1.184,-1.385,-0.495,-0.023,0.340,0.427
0.592,-0.047,-0.639,-0.272,0.616,-0.343,-1.125,-1.453,-0.618,-0.132,0.237,0.353
0.490,-0.090,-0.580,-0.200,0.535,-0.335,-1.050,-1.395,-0.660,-0.200,0.160,0.290
0.402,-0.110,-0.512,-0.146,0.457,-0.310,-0.936,-1.299,-0.648,-0.250,0.100,0.224
0.347,-0.102,-0.450,-0.122,0.399,-0.275,-0.813,-1.168,-0.642,-0.280,0.036,0.175
0.298,-0.090,-0.389,-0.104,0.344,-0.239,-0.701,-1.025,-0.614,-0.283,-0.003,0.134
0.251,-0.082,-0.333,-0.084,0.292,-0.208,-0.601,-0.892,-0.556,-0.273,-0.013,0.096
0.225,-0.070,-0.295,-0.077,0.260,-0.182,-0.515,-0.765,-0.510,-0.270,-0.030,0.065
0.196,-0.062,-0.258,-0.067,0.227,-0.160,-0.450,-0.654,-0.474,-0.266,-0.047,0.032
0.182,-0.051,-0.233,-0.065,0.208,-0.142,-0.389,-0.568,-0.439,-0.262,-0.058,0.012
0.176,-0.040,-0.217,-0.068,0.197,-0.128,-0.333,-0.506,-0.400,-0.258,-0.076,-0.003
0.159,-0.034,-0.193,-0.063,0.176,-0.113,-0.264,-0.433,-0.360,-0.254,-0.092,-0.019
0.125,-0.030,-0.155,-0.047,0.140,-0.092,-0.180,-0.340,-0.325,-0.250,-0.090,-0.035
0.087,-0.030,-0.116,-0.028,0.101,-0.073,-0.138,-0.290,-0.297,-0.242,-0.090,-0.052
0.072,-0.030,-0.102,-0.021,0.087,-0.066,-0.103,-0.247,-0.270,-0.233,-0.090,-0.059
0.066,-0.030,-0.096,-0.018,0.081,-0.063,-0.071,-0.207,-0.254,-0.228,-0.090,-0.061
0.059,-0.030,-0.089,-0.014,0.074,-0.059,-0.050,-0.178,-0.248,-0.223,-0.091,-0.067
0.055,-0.030,-0.085,-0.012,0.070,-0.057,-0.030,-0.150,-0.240,-0.215,-0.095,-0.080
0.047,-0.030,-0.077,-0.008,0.062,-0.053,-0.017,-0.126,-0.232,-0.207,-0.100,-0.098
0.038,-0.031,-0.068,-0.003,0.053,-0.049,-0.009,-0.103,-0.224,-0.202,-0.100,-0.098
0.035,-0.028,-0.063,-0.003,0.049,-0.045,-0.001,-0.090,-0.216,-0.198,-0.102,-0.094
0.035,-0.025,-0.059,-0.005,0.047,-0.041,0.007,-0.083,-0.208,-0.195,-0.105,-0.095
0.030,-0.025,-0.055,-0.002,0.043,-0.040,0.015,-0.075,-0.200,-0.195,-0.105,-0.095
0.026,-0.025,-0.051,0.000,0.039,-0.038,0.023,-0.067,-0.195,-0.191,-0.109,-0.095
0.022,-0.025,-0.046,0.002,0.035,-0.035,0.031,-0.059,-0.195,-0.189,-0.111,-0.092
0.020,-0.025,-0.045,0.003,0.033,-0.035,0.038,-0.051,-0.193,-0.191,-0.108,-0.089
0.020,-0.025,-0.044,0.003,0.033,-0.035,0.040,-0.044,-0.189,-0.189,-0.105,-0.090
0.015,-0.025,-0.040,0.005,0.028,-0.032,0.040,-0.040,-0.190,-0.185,-0.105,-0.090
0.010,-0.026,-0.036,0.008,0.023,-0.031,0.044,-0.032,-0.190,-0.185,-0.105,-0.090
0.016,-0.019,-0.035,0.002,0.026,-0.027,0.045,-0.027,-0.187,-0.186,-0.102,-0.087
0.021,-0.012,-0.034,-0.004,0.028,-0.023,0.047,-0.023,-0.184,-0.183,-0.100,-0.084
0.020,-0.009,-0.029,-0.005,0.024,-0.019,0.051,-0.019,-0.185,-0.180,-0.100,-0.085
0.020,-0.005,-0.025,-0.007,0.023,-0.015,0.055,-0.015,-0.185,-0.180,-0.100,-0.085
0.024,-0.001,-0.025,-0.011,0.025,-0.013,0.063,-0.011,-0.181,-0.180,-0.100,-0.085
0.025,0.003,-0.022,-0.014,0.023,-0.009,0.068,-0.007,-0.179,-0.177,-0.097,-0.086
0.026,0.007,-0.019,-0.016,0.022,-0.006,0.072,-0.001,-0.181,-0.174,-0.094,-0.083
0.032,0.012,-0.020,-0.022,0.026,-0.004,0.075,0.007,-0.179,-0.175,-0.095,-0.080
0.040,0.020,-0.020,-0.030,0.030,0.000,0.075,0.015,-0.175,-0.175,-0.095,-0.080
0.044,0.024,-0.020,-0.034,0.031,0.001,0.075,0.023,-0.174,-0.167,-0.091,-0.080
0.051,0.031,-0.020,-0.041,0.035,0.005,0.078,0.031,-0.176,-0.161,-0.090,-0.081
0.057,0.037,-0.020,-0.047,0.038,0.008,0.081,0.039,-0.170,-0.159,-0.090,-0.078
0.062,0.042,-0.020,-0.052,0.041,0.011,0.080,0.046,-0.157,-0.153,-0.090,-0.075
0.070,0.050,-0.020,-0.060,0.045,0.015,0.080,0.050,-0.150,-0.145,-0.090,-0.075
0.074,0.054,-0.020,-0.064,0.047,0.017,0.087,0.057,-0.143,-0.141,-0.086,-0.075
0.079,0.059,-0.020,-0.069,0.049,0.019,0.099,0.073,-0.131,-0.137,-0.082,-0.075
0.094,0.074,-0.020,-0.084,0.057,0.027,0.110,0.083,-0.120,-0.133,-0.078,-0.075
0.114,0.094,-0.020,-0.104,0.067,0.037,0.116,0.087,-0.113,-0.130,-0.074,-0.074
0.125,0.105,-0.020,-0.115,0.072,0.042,0.120,0.100,-0.105,-0.130,-0.070,-0.070
0.125,0.109,-0.016,-0.117,0.070,0.046,0.128,0.117,-0.097,-0.126,-0.066,-0.070
0.128,0.114,-0.015,-0.121,0.071,0.049,0.133,0.126,-0.092,-0.125,-0.062,-0.067
0.129,0.114,-0.015,-0.121,0.072,0.049,0.137,0.136,-0.089,-0.123,-0.058,-0.064
0.133,0.118,-0.015,-0.125,0.073,0.051,0.141,0.148,-0.083,-0.120,-0.054,-0.065
0.150,0.135,-0.015,-0.142,0.082,0.060,0.145,0.155,-0.075,-0.120,-0.050,-0.065
0.159,0.144,-0.015,-0.151,0.086,0.064,0.153,0.162,-0.071,-0.112,-0.050,-0.061
0.163,0.148,-0.015,-0.155,0.089,0.066,0.158,0.178,-0.067,-0.106,-0.047,-0.060
0.167,0.152,-0.015,-0.159,0.091,0.068,0.162,0.188,-0.063,-0.103,-0.045,-0.058
0.171,0.156,-0.015,-0.163,0.093,0.070,0.166,0.192,-0.059,-0.099,-0.045,-0.054
0.175,0.160,-0.015,-0.167,0.095,0.072,0.170,0.205,-0.055,-0.095,-0.040,-0.055
0.180,0.164,-0.015,-0.171,0.097,0.075,0.174,0.216,-0.051,-0.091,-0.035,-0.056
0.180,0.165,-0.015,-0.172,0.097,0.075,0.178,0.235,-0.047,-0.087,-0.035,-0.052
0.182,0.167,-0.015,-0.174,0.099,0.076,0.182,0.254,-0.043,-0.083,-0.033,-0.050
0.184,0.170,-0.014,-0.177,0.099,0.077,0.185,0.268,-0.039,-0.079,-0.030,-0.049
0.180,0.170,-0.010,-0.175,0.095,0.080,0.185,0.275,-0.035,-0.075,-0.030,-0.045
0.188,0.178,-0.010,-0.183,0.099,0.084,0.189,0.278,-0.027,-0.075,-0.026,-0.045
0.195,0.184,-0.011,-0.189,0.102,0.086,0.193,0.294,-0.019,-0.073,-0.025,-0.046
0.193,0.185,-0.008,-0.189,0.100,0.088,0.199,0.315,-0.011,-0.067,-0.023,-0.043
0.190,0.185,-0.005,-0.187,0.097,0.090,0.207,0.327,-0.003,-0.065,-0.019,-0.040
0.190,0.185,-0.005,-0.187,0.097,0.090,0.210,0.340,0.005,-0.065,-0.020,-0.040
0.189,0.184,-0.005,-0.186,0.097,0.089,0.211,0.365,0.014,-0.061,-0.020,-0.040
0.195,0.193,-0.002,-0.194,0.098,0.096,0.208,0.379,0.018,-0.057,-0.017,-0.037
0.205,0.206,0.001,-0.206,0.102,0.103,0.217,0.394,0.025,-0.053,-0.014,-0.034
0.210,0.209,0.000,-0.209,0.105,0.104,0.233,0.415,0.039,-0.050,-0.015,-0.035
0.200,0.200,0.000,-0.200,0.100,0.100,0.235,0.435,0.050,-0.050,-0.015,-0.035
0.188,0.192,0.004,-0.190,0.092,0.098,0.237,0.455,0.053,-0.046,-0.011,-0.031
0.179,0.184,0.006,-0.182,0.086,0.094,0.256,0.475,0.067,-0.041,-0.009,-0.030
0.172,0.176,0.004,-0.174,0.084,0.090,0.268,0.496,0.081,-0.040,-0.011,-0.030
0.162,0.168,0.006,-0.165,0.078,0.086,0.264,0.514,0.086,-0.039,-0.009,-0.030
0.150,0.160,0.010,-0.155,0.070,0.085,0.265,0.530,0.090,-0.035,-0.005,-0.030
0.145,0.155,0.010,-0.150,0.067,0.082,0.265,0.556,0.095,-0.030,-0.005,-0.026
0.148,0.158,0.009,-0.153,0.069,0.083,0.263,0.562,0.093,-0.031,-0.006,-0.024
0.149,0.161,0.012,-0.155,0.068,0.086,0.271,0.578,0.102,-0.026,-0.003,-0.026
0.144,0.160,0.015,-0.153,0.064,0.087,0.290,0.613,0.118,-0.019,0.001,-0.024
0.145,0.160,0.015,-0.153,0.065,0.087,0.305,0.635,0.125,-0.015,0.005,-0.020
0.146,0.160,0.015,-0.153,0.066,0.087,0.309,0.646,0.132,-0.007,0.009,-0.020
0.142,0.160,0.018,-0.151,0.062,0.089,0.313,0.668,0.144,-0.002,0.013,-0.020
0.139,0.160,0.021,-0.150,0.059,0.090,0.316,0.687,0.154,0.004,0.017,-0.020
0.140,0.160,0.020,-0.150,0.060,0.090,0.322,0.699,0.163,0.011,0.021,-0.019
0.140,0.160,0.020,-0.150,0.060,0.090,0.335,0.725,0.180,0.015,0.025,-0.015
0.140,0.160,0.020,-0.150,0.060,0.090,0.344,0.754,0.197,0.027,0.033,-0.015
0.137,0.160,0.023,-0.149,0.057,0.091,0.348,0.772,0.205,0.037,0.038,-0.015
0.133,0.160,0.027,-0.147,0.053,0.093,0.354,0.793,0.219,0.043,0.042,-0.016
0.129,0.161,0.032,-0.145,0.049,0.096,0.361,0.813,0.231,0.053,0.046,-0.013
0.130,0.170,0.040,-0.150,0.045,0.105,0.365,0.820,0.230,0.065,0.050,-0.005
0.143,0.188,0.044,-0.166,0.050,0.115,0.382,0.845,0.253,0.073,0.062,-0.001
0.140,0.188,0.048,-0.164,0.046,0.118,0.389,0.855,0.273,0.081,0.071,0.006
0.134,0.184,0.050,-0.159,0.041,0.117,0.394,0.873,0.287,0.089,0.081,0.012
0.135,0.185,0.050,-0.160,0.042,0.117,0.401,0.900,0.304,0.098,0.092,0.017
0.130,0.180,0.050,-0.155,0.040,0.115,0.405,0.910,0.320,0.110,0.095,0.025
0.128,0.178,0.050,-0.153,0.039,0.114,0.409,0.923,0.329,0.118,0.094,0.029
0.145,0.195,0.049,-0.170,0.048,0.122,0.409,0.928,0.333,0.126,0.106,0.035
0.159,0.211,0.052,-0.186,0.053,0.131,0.413,0.935,0.338,0.134,0.121,0.046
0.160,0.216,0.055,-0.189,0.052,0.136,0.422,0.947,0.348,0.143,0.125,0.057
0.165,0.220,0.055,-0.193,0.055,0.137,0.425,0.950,0.360,0.155,0.130,0.065
0.176,0.231,0.055,-0.204,0.060,0.143,0.421,0.950,0.369,0.167,0.147,0.081
0.194,0.249,0.056,-0.222,0.069,0.152,0.416,0.949,0.374,0.178,0.153,0.090
0.218,0.271,0.054,-0.245,0.082,0.162,0.415,0.952,0.389,0.180,0.160,0.088
0.230,0.288,0.058,-0.259,0.086,0.173,0.415,0.955,0.401,0.190,0.173,0.093
0.220,0.290,0.070,-0.255,0.075,0.180,0.410,0.955,0.395,0.215,0.180,0.110
0.222,0.288,0.066,-0.255,0.078,0.177,0.405,0.956,0.394,0.212,0.188,0.115
0.238,0.302,0.064,-0.271,0.087,0.183,0.406,0.944,0.396,0.209,0.193,0.114
0.247,0.312,0.066,-0.280,0.090,0.188,0.400,0.927,0.393,0.211,0.197,0.118
0.245,0.309,0.064,-0.278,0.091,0.186,0.388,0.910,0.389,0.209,0.200,0.127
0.250,0.310,0.060,-0.280,0.095,0.185,0.380,0.885,0.390,0.205,0.200,0.130
0.251,0.311,0.060,-0.281,0.096,0.185,0.368,0.861,0.391,0.205,0.204,0.126
0.246,0.306,0.061,-0.276,0.093,0.184,0.359,0.834,0.382,0.206,0.206,0.125
0.265,0.323,0.058,-0.294,0.103,0.190,0.348,0.808,0.368,0.203,0.203,0.125
0.286,0.340,0.055,-0.314,0.116,0.197,0.331,0.783,0.358,0.200,0.199,0.125
0.270,0.325,0.055,-0.298,0.107,0.190,0.315,0.755,0.350,0.200,0.195,0.125
0.261,0.316,0.055,-0.289,0.103,0.186,0.298,0.727,0.338,0.200,0.195,0.121
0.254,0.310,0.056,-0.282,0.098,0.183,0.287,0.695,0.325,0.201,0.192,0.120
0.247,0.299,0.052,-0.274,0.098,0.175,0.268,0.667,0.316,0.195,0.190,0.120
0.244,0.288,0.043,-0.266,0.100,0.165,0.238,0.635,0.307,0.182,0.190,0.120
0.240,0.280,0.040,-0.260,0.100,0.160,0.215,0.590,0.290,0.175,0.185,0.120
0.236,0.272,0.036,-0.254,0.100,0.154,0.198,0.549,0.274,0.167,0.180,0.120
0.235,0.264,0.029,-0.250,0.103,0.146,0.186,0.513,0.258,0.156,0.180,0.117
0.234,0.256,0.022,-0.245,0.106,0.139,0.174,0.477,0.243,0.145,0.178,0.114
0.229,0.248,0.019,-0.238,0.105,0.134,0.162,0.441,0.225,0.138,0.175,0.115
0.225,0.240,0.015,-0.233,0.105,0.127,0.150,0.405,0.200,0.130,0.175,0.115
0.221,0.232,0.011,-0.227,0.105,0.121,0.138,0.373,0.175,0.114,0.164,0.115
0.214,0.223,0.010,-0.219,0.102,0.117,0.125,0.344,0.160,0.101,0.151,0.116
0.208,0.218,0.011,-0.213,0.098,0.114,0.116,0.317,0.150,0.089,0.139,0.112
0.203,0.213,0.009,-0.208,0.097,0.110,0.107,0.287,0.135,0.077,0.128,0.103
0.195,0.200,0.005,-0.198,0.095,0.102,0.095,0.250,0.110,0.065,0.120,0.095
0.187,0.192,0.005,-0.190,0.091,0.098,0.083,0.213,0.085,0.053,0.108,0.091
0.179,0.184,0.005,-0.182,0.087,0.094,0.074,0.183,0.067,0.044,0.099,0.085
0.171,0.176,0.005,-0.174,0.083,0.090,0.066,0.158,0.054,0.034,0.089,0.075
0.164,0.168,0.004,-0.166,0.080,0.086,0.059,0.134,0.041,0.023,0.078,0.069
0.160,0.160,0.000,-0.160,0.080,0.080,0.055,0.115,0.025,0.015,0.070,0.065
0.152,0.152,0.000,-0.152,0.076,0.076,0.047,0.099,0.013,-0.001,0.058,0.053
0.144,0.144,0.000,-0.144,0.072,0.072,0.042,0.080,-0.002,-0.014,0.049,0.043
0.135,0.136,0.000,-0.135,0.067,0.068,0.036,0.061,-0.018,-0.028,0.041,0.036
0.130,0.129,-0.001,-0.129,0.065,0.064,0.029,0.046,-0.034,-0.043,0.033,0.028
0.130,0.125,-0.005,-0.127,0.067,0.060,0.025,0.030,-0.050,-0.055,0.025,0.020
0.123,0.117,-0.005,-0.119,0.063,0.056,0.021,0.014,-0.062,-0.067,0.017,0.012
0.113,0.108,-0.004,-0.110,0.058,0.052,0.019,-0.002,-0.072,-0.077,0.009,0.004
0.110,0.103,-0.007,-0.106,0.058,0.048,0.021,-0.017,-0.076,-0.082,0.001,-0.003
0.109,0.099,-0.010,-0.104,0.060,0.044,0.019,-0.027,-0.083,-0.087,-0.006,-0.005
0.105,0.095,-0.010,-0.100,0.057,0.042,0.015,-0.030,-0.100,-0.095,-0.010,-0.005
0.101,0.091,-0.010,-0.096,0.056,0.040,0.015,-0.032,-0.109,-0.099,-0.018,-0.009
0.096,0.087,-0.009,-0.092,0.053,0.038,0.015,-0.050,-0.113,-0.102,-0.023,-0.010
0.095,0.083,-0.012,-0.089,0.053,0.035,0.015,-0.066,-0.119,-0.111,-0.029,-0.012
0.094,0.079,-0.015,-0.086,0.055,0.031,0.014,-0.071,-0.126,-0.122,-0.036,-0.016
0.090,0.075,-0.015,-0.082,0.052,0.030,0.010,-0.075,-0.130,-0.125,-0.040,-0.015
0.090,0.075,-0.015,-0.082,0.052,0.030,0.010,-0.083,-0.135,-0.130,-0.048,-0.014
0.087,0.073,-0.015,-0.079,0.051,0.029,0.010,-0.088,-0.133,-0.127,-0.053,-0.018
0.084,0.067,-0.016,-0.075,0.050,0.025,0.010,-0.092,-0.142,-0.124,-0.057,-0.020
0.086,0.065,-0.021,-0.076,0.053,0.021,0.009,-0.095,-0.158,-0.125,-0.060,-0.021
0.090,0.065,-0.025,-0.077,0.057,0.020,0.005,-0.095,-0.160,-0.125,-0.060,-0.025
0.086,0.061,-0.025,-0.073,0.055,0.018,0.005,-0.095,-0.160,-0.125,-0.060,-0.025
0.087,0.060,-0.027,-0.073,0.057,0.016,0.006,-0.098,-0.160,-0.125,-0.060,-0.028
0.092,0.059,-0.033,-0.075,0.062,0.013,0.003,-0.101,-0.160,-0.125,-0.060,-0.031
0.088,0.054,-0.034,-0.070,0.061,0.010,0.000,-0.100,-0.160,-0.125,-0.060,-0.030
0.085,0.050,-0.035,-0.067,0.060,0.007,0.000,-0.100,-0.160,-0.125,-0.060,-0.030
0.107,0.050,-0.056,-0.078,0.081,-0.003,0.000,-0.104,-0.160,-0.125,-0.060,-0.034
0.106,0.047,-0.059,-0.076,0.082,-0.006,0.001,-0.105,-0.160,-0.125,-0.060,-0.035
0.099,0.045,-0.054,-0.071,0.076,-0.004,-0.002,-0.105,-0.160,-0.125,-0.060,-0.035
0.100,0.044,-0.055,-0.071,0.077,-0.005,-0.005,-0.105,-0.160,-0.126,-0.060,-0.035
0.095,0.040,-0.055,-0.067,0.075,-0.007,-0.005,-0.105,-0.160,-0.135,-0.060,-0.035
0.095,0.040,-0.055,-0.067,0.075,-0.007,-0.005,-0.101,-0.160,-0.148,-0.060,-0.035
0.095,0.040,-0.055,-0.067,0.075,-0.007,-0.004,-0.100,-0.160,-0.148,-0.063,-0.035
0.095,0.040,-0.055,-0.067,0.075,-0.007,-0.007,-0.100,-0.160,-0.144,-0.066,-0.035
0.095,0.040,-0.055,-0.067,0.075,-0.007,-0.010,-0.100,-0.160,-0.145,-0.065,-0.035
0.095,0.040,-0.055,-0.067,0.075,-0.007,-0.010,-0.100,-0.160,-0.145,-0.065,-0.035
0.091,0.040,-0.051,-0.065,0.071,-0.005,-0.010,-0.100,-0.160,-0.145,-0.065,-0.035
0.090,0.041,-0.050,-0.065,0.070,-0.005,-0.010,-0.100,-0.160,-0.145,-0.065,-0.035
0.088,0.038,-0.050,-0.063,0.069,-0.006,-0.010,-0.100,-0.160,-0.145,-0.065,-0.035
0.085,0.035,-0.050,-0.060,0.067,-0.007,-0.010,-0.100,-0.160,-0.145,-0.065,-0.035
0.085,0.035,-0.050,-0.060,0.067,-0.007,-0.010,-0.100,-0.160,-0.145,-0.065,-0.035
0.085,0.035,-0.050,-0.060,0.067,-0.007,-0.010,-0.100,-0.160,-0.145,-0.065,-0.035
0.085,0.035,-0.050,-0.060,0.067,-0.007,-0.010,-0.100,-0.160,-0.145,-0.065,-0.035
0.085,0.035,-0.050,-0.060,0.067,-0.007,-0.010,-0.100,-0.160,-0.145,-0.065,-0.037
0.084,0.035,-0.049,-0.059,0.066,-0.007,-0.010,-0.100,-0.160,-0.145,-0.065,-0.041
0.080,0.035,-0.045,-0.057,0.062,-0.005,-0.010,-0.100,-0.160,-0.145,-0.065,-0.040
0.080,0.035,-0.045,-0.057,0.062,-0.005,-0.006,-0.100,-0.160,-0.145,-0.061,-0.036
0.077,0.032,-0.045,-0.054,0.061,-0.006,-0.005,-0.100,-0.157,-0.145,-0.060,-0.035
0.074,0.029,-0.045,-0.051,0.060,-0.007,-0.005,-0.100,-0.154,-0.145,-0.060,-0.035
0.075,0.030,-0.045,-0.052,0.060,-0.007,-0.005,-0.100,-0.155,-0.145,-0.060,-0.035
0.075,0.030,-0.045,-0.052,0.060,-0.007,-0.005,-0.100,-0.155,-0.145,-0.060,-0.035
0.075,0.030,-0.045,-0.052,0.060,-0.007,-0.005,-0.100,-0.155,-0.145,-0.060,-0.035
0.075,0.030,-0.045,-0.052,0.060,-0.007,-0.005,-0.100,-0.152,-0.145,-0.060,-0.032
0.075,0.030,-0.045,-0.052,0.060,-0.007,-0.005,-0.100,-0.149,-0.145,-0.060,-0.029
0.074,0.030,-0.044,-0.052,0.059,-0.007,-0.005,-0.100,-0.150,-0.145,-0.060,-0.030
0.070,0.030,-0.040,-0.050,0.055,-0.005,-0.005,-0.100,-0.150,-0.145,-0.060,-0.030
0.069,0.030,-0.040,-0.049,0.055,-0.005,-0.005,-0.100,-0.150,-0.145,-0.060,-0.030
0.073,0.033,-0.040,-0.053,0.056,-0.003,-0.005,-0.099,-0.147,-0.145,-0.060,-0.030
0.075,0.036,-0.040,-0.056,0.057,-0.002,-0.005,-0.102,-0.144,-0.145,-0.060,-0.030
0.075,0.035,-0.040,-0.055,0.057,-0.002,-0.004,-0.105,-0.145,-0.144,-0.059,-0.029
0.075,0.035,-0.040,-0.055,0.057,-0.002,0.000,-0.105,-0.145,-0.140,-0.055,-0.025
0.075,0.035,-0.040,-0.055,0.057,-0.002,0.000,-0.105,-0.145,-0.140,-0.055,-0.025
0.075,0.035,-0.040,-0.055,0.057,-0.002,0.000,-0.105,-0.146,-0.140,-0.055,-0.025
0.074,0.035,-0.040,-0.055,0.057,-0.002,0.000,-0.105,-0.143,-0.140,-0.055,-0.025
0.076,0.036,-0.040,-0.056,0.058,-0.002,0.000,-0.105,-0.140,-0.139,-0.055,-0.025
0.080,0.040,-0.040,-0.060,0.060,0.000,0.000,-0.105,-0.140,-0.135,-0.055,-0.025
0.076,0.040,-0.036,-0.058,0.056,0.002,0.000,-0.105,-0.140,-0.135,-0.055,-0.021
0.074,0.040,-0.035,-0.057,0.055,0.002,0.000,-0.105,-0.141,-0.135,-0.055,-0.020
0.075,0.040,-0.035,-0.057,0.055,0.002,0.000,-0.105,-0.138,-0.135,-0.055,-0.020
0.075,0.040,-0.035,-0.057,0.055,0.002,0.000,-0.105,-0.135,-0.134,-0.055,-0.020
0.075,0.040,-0.035,-0.057,0.055,0.002,0.000,-0.105,-0.135,-0.130,-0.055,-0.020
0.075,0.040,-0.035,-0.057,0.055,0.002,0.000,-0.105,-0.135,-0.130,-0.055,-0.020
0.078,0.043,-0.035,-0.060,0.056,0.004,0.001,-0.105,-0.135,-0.130,-0.055,-0.019
0.081,0.046,-0.035,-0.063,0.057,0.005,-0.002,-0.105,-0.135,-0.130,-0.055,-0.022
0.080,0.045,-0.035,-0.062,0.057,0.005,-0.005,-0.105,-0.136,-0.130,-0.055,-0.025
0.080,0.045,-0.035,-0.062,0.057,0.005,-0.005,-0.105,-0.140,-0.130,-0.055,-0.025
0.085,0.049,-0.035,-0.066,0.060,0.006,-0.005,-0.105,-0.140,-0.126,-0.055,-0.025
0.082,0.051,-0.032,-0.066,0.057,0.009,-0.005,-0.105,-0.140,-0.125,-0.055,-0.028
0.079,0.049,-0.030,-0.064,0.055,0.010,-0.005,-0.105,-0.140,-0.125,-0.055,-0.031
0.080,0.051,-0.029,-0.066,0.055,0.011,-0.006,-0.105,-0.140,-0.125,-0.055,-0.030
0.080,0.055,-0.025,-0.067,0.052,0.015,-0.010,-0.105,-0.140,-0.125,-0.055,-0.030
0.082,0.057,-0.025,-0.069,0.053,0.015,-0.010,-0.105,-0.140,-0.121,-0.055,-0.034
0.101,0.079,-0.022,-0.090,0.062,0.029,-0.010,-0.105,-0.139,-0.120,-0.055,-0.035
0.112,0.092,-0.020,-0.102,0.066,0.035,-0.010,-0.105,-0.142,-0.120,-0.055,-0.035
0.102,0.083,-0.019,-0.093,0.060,0.032,-0.010,-0.105,-0.145,-0.120,-0.055,-0.035
0.100,0.080,-0.020,-0.090,0.060,0.030,-0.010,-0.105,-0.145,-0.120,-0.055,-0.035
0.126,0.076,-0.050,-0.100,0.087,0.013,-0.010,-0.109,-0.145,-0.120,-0.055,-0.035
0.127,0.075,-0.052,-0.100,0.089,0.011,-0.013,-0.111,-0.145,-0.123,-0.055,-0.035
0.115,0.074,-0.042,-0.094,0.078,0.016,-0.016,-0.109,-0.145,-0.125,-0.055,-0.035
0.107,0.069,-0.038,-0.088,0.073,0.015,-0.015,-0.111,-0.145,-0.126,-0.055,-0.035
0.095,0.065,-0.030,-0.080,0.062,0.017,-0.015,-0.115,-0.145,-0.130,-0.055,-0.035
0.091,0.065,-0.026,-0.078,0.058,0.019,-0.015,-0.115,-0.145,-0.130,-0.055,-0.035
0.082,0.063,-0.019,-0.072,0.051,0.021,-0.014,-0.114,-0.147,-0.133,-0.055,-0.038
0.069,0.057,-0.011,-0.063,0.040,0.022,-0.017,-0.117,-0.153,-0.135,-0.055,-0.041
0.066,0.055,-0.011,-0.060,0.038,0.021,-0.020,-0.120,-0.154,-0.136,-0.055,-0.040
0.075,0.055,-0.020,-0.065,0.047,0.017,-0.020,-0.120,-0.150,-0.140,-0.055,-0.040
0.080,0.051,-0.029,-0.065,0.055,0.011,-0.020,-0.120,-0.150,-0.140,-0.055,-0.040
0.077,0.050,-0.028,-0.063,0.053,0.011,-0.020,-0.123,-0.150,-0.140,-0.055,-0.040
0.073,0.049,-0.024,-0.060,0.048,0.012,-0.020,-0.126,-0.150,-0.140,-0.055,-0.040
0.069,0.044,-0.025,-0.056,0.047,0.009,-0.020,-0.125,-0.150,-0.140,-0.055,-0.040
0.070,0.045,-0.025,-0.057,0.047,0.010,-0.020,-0.125,-0.150,-0.140,-0.055,-0.040
0.082,0.058,-0.025,-0.070,0.054,0.016,-0.024,-0.129,-0.150,-0.140,-0.059,-0.040
0.087,0.061,-0.026,-0.073,0.056,0.017,-0.025,-0.133,-0.151,-0.139,-0.063,-0.039
0.083,0.060,-0.023,-0.071,0.053,0.018,-0.025,-0.137,-0.148,-0.142,-0.067,-0.042
0.080,0.060,-0.020,-0.070,0.050,0.020,-0.025,-0.140,-0.145,-0.145,-0.070,-0.045
0.080,0.060,-0.020,-0.070,0.050,0.020,-0.025,-0.140,-0.145,-0.145,-0.070,-0.045
0.080,0.060,-0.020,-0.070,0.050,0.020,-0.029,-0.144,-0.145,-0.145,-0.074,-0.045
0.080,0.060,-0.020,-0.070,0.050,0.020,-0.030,-0.145,-0.145,-0.145,-0.075,-0.045
0.080,0.060,-0.020,-0.070,0.050,0.020,-0.030,-0.145,-0.145,-0.145,-0.075,-0.045
0.080,0.060,-0.020,-0.070,0.050,0.020,-0.030,-0.145,-0.145,-0.145,-0.075,-0.045
0.080,0.060,-0.020,-0.070,0.050,0.020,-0.030,-0.145,-0.145,-0.145,-0.075,-0.045
0.076,0.060,-0.016,-0.067,0.046,0.022,-0.030,-0.145,-0.145,-0.145,-0.075,-0.045
0.075,0.060,-0.015,-0.067,0.045,0.022,-0.033,-0.145,-0.148,-0.148,-0.075,-0.045
0.075,0.060,-0.015,-0.067,0.045,0.022,-0.036,-0.145,-0.151,-0.151,-0.075,-0.045
0.075,0.060,-0.015,-0.067,0.045,0.022,-0.035,-0.145,-0.158,-0.150,-0.075,-0.045
0.075,0.060,-0.015,-0.067,0.045,0.022,-0.035,-0.145,-0.170,-0.150,-0.075,-0.045
0.075,0.060,-0.015,-0.067,0.045,0.022,-0.035,-0.145,-0.171,-0.150,-0.075,-0.045
0.072,0.060,-0.012,-0.066,0.042,0.024,-0.038,-0.145,-0.170,-0.150,-0.075,-0.045
0.069,0.060,-0.009,-0.065,0.039,0.025,-0.041,-0.145,-0.170,-0.150,-0.075,-0.045
0.070,0.060,-0.010,-0.065,0.040,0.025,-0.040,-0.146,-0.170,-0.150,-0.075,-0.045
0.070,0.060,-0.010,-0.065,0.040,0.025,-0.040,-0.150,-0.170,-0.150,-0.075,-0.045
0.070,0.060,-0.010,-0.065,0.040,0.025,-0.040,-0.150,-0.170,-0.150,-0.075,-0.045
0.070,0.060,-0.010,-0.065,0.040,0.025,-0.041,-0.150,-0.170,-0.150,-0.075,-0.045
0.070,0.060,-0.010,-0.065,0.040,0.025,-0.038,-0.150,-0.170,-0.150,-0.075,-0.045
0.069,0.060,-0.009,-0.065,0.039,0.025,-0.035,-0.150,-0.170,-0.150,-0.075,-0.045
0.065,0.060,-0.005,-0.062,0.035,0.027,-0.035,-0.150,-0.170,-0.150,-0.075,-0.045
0.065,0.060,-0.005,-0.062,0.035,0.027,-0.035,-0.150,-0.170,-0.150,-0.075,-0.045
0.066,0.060,-0.006,-0.062,0.036,0.027,-0.035,-0.150,-0.170,-0.150,-0.075,-0.045
0.063,0.060,-0.003,-0.062,0.033,0.028,-0.035,-0.150,-0.170,-0.150,-0.075,-0.045
0.059,0.059,0.000,-0.059,0.029,0.030,-0.035,-0.150,-0.170,-0.150,-0.075,-0.045
0.055,0.055,0.000,-0.055,0.027,0.027,-0.035,-0.150,-0.170,-0.150,-0.075,-0.045
0.055,0.055,0.000,-0.055,0.027,0.027,-0.035,-0.150,-0.170,-0.150,-0.075,-0.049
0.056,0.055,0.000,-0.055,0.028,0.027,-0.032,-0.150,-0.170,-0.150,-0.076,-0.050
0.053,0.055,0.002,-0.054,0.025,0.028,-0.029,-0.152,-0.170,-0.150,-0.073,-0.052
0.050,0.055,0.005,-0.053,0.022,0.030,-0.030,-0.156,-0.170,-0.150,-0.070,-0.056
0.050,0.055,0.005,-0.053,0.022,0.030,-0.030,-0.155,-0.170,-0.150,-0.070,-0.055
0.050,0.055,0.005,-0.053,0.022,0.030,-0.030,-0.151,-0.170,-0.150,-0.070,-0.051
0.047,0.055,0.008,-0.051,0.019,0.031,-0.030,-0.150,-0.170,-0.150,-0.070,-0.050
0.044,0.055,0.011,-0.050,0.016,0.032,-0.030,-0.150,-0.170,-0.150,-0.070,-0.050
0.045,0.055,0.010,-0.050,0.017,0.032,-0.030,-0.150,-0.170,-0.150,-0.070,-0.050
0.045,0.055,0.010,-0.050,0.017,0.032,-0.030,-0.150,-0.170,-0.150,-0.070,-0.050
0.045,0.055,0.010,-0.050,0.017,0.032,-0.026,-0.150,-0.170,-0.150,-0.070,-0.050
0.048,0.055,0.007,-0.052,0.020,0.031,-0.025,-0.150,-0.169,-0.150,-0.070,-0.050
0.052,0.055,0.003,-0.054,0.024,0.029,-0.025,-0.150,-0.172,-0.150,-0.070,-0.050
0.056,0.055,-0.001,-0.055,0.028,0.027,-0.025,-0.150,-0.175,-0.150,-0.070,-0.050
0.060,0.055,-0.005,-0.057,0.032,0.025,-0.025,-0.150,-0.175,-0.150,-0.070,-0.050
0.064,0.055,-0.009,-0.059,0.036,0.023,-0.025,-0.150,-0.175,-0.150,-0.070,-0.050
0.068,0.055,-0.013,-0.061,0.040,0.021,-0.025,-0.150,-0.175,-0.150,-0.070,-0.050
0.073,0.055,-0.018,-0.063,0.045,0.018,-0.025,-0.150,-0.175,-0.150,-0.070,-0.050
0.075,0.055,-0.019,-0.065,0.047,0.017,-0.025,-0.150,-0.175,-0.151,-0.070,-0.049
0.070,0.055,-0.015,-0.062,0.042,0.020,-0.025,-0.150,-0.175,-0.155,-0.070,-0.045
0.068,0.053,-0.015,-0.060,0.041,0.019,-0.029,-0.150,-0.175,-0.155,-0.070,-0.045
0.080,0.068,-0.012,-0.074,0.045,0.028,-0.030,-0.150,-0.175,-0.155,-0.070,-0.045
0.085,0.075,-0.010,-0.080,0.047,0.032,-0.030,-0.150,-0.175,-0.155,-0.070,-0.045
0.078,0.069,-0.009,-0.074,0.044,0.030,-0.030,-0.150,-0.175,-0.155,-0.070,-0.045
0.075,0.070,-0.005,-0.072,0.040,0.032,-0.030,-0.150,-0.175,-0.155,-0.070,-0.045
0.075,0.070,-0.005,-0.072,0.040,0.032,-0.030,-0.150,-0.175,-0.155,-0.070,-0.045
0.072,0.070,-0.002,-0.071,0.037,0.034,-0.030,-0.150,-0.178,-0.155,-0.070,-0.045
0.070,0.070,0.000,-0.070,0.035,0.035,-0.030,-0.150,-0.181,-0.155,-0.070,-0.045
0.069,0.069,0.001,-0.069,0.034,0.035,-0.031,-0.150,-0.180,-0.155,-0.070,-0.045
0.060,0.065,0.005,-0.063,0.027,0.035,-0.035,-0.150,-0.180,-0.155,-0.070,-0.045
0.059,0.065,0.006,-0.063,0.026,0.035,-0.035,-0.150,-0.180,-0.155,-0.074,-0.045
0.063,0.065,0.002,-0.064,0.030,0.033,-0.035,-0.149,-0.180,-0.154,-0.076,-0.044
0.066,0.065,-0.001,-0.065,0.033,0.032,-0.035,-0.152,-0.180,-0.157,-0.074,-0.047
0.065,0.065,0.000,-0.065,0.032,0.032,-0.035,-0.155,-0.180,-0.160,-0.076,-0.050
0.065,0.065,0.000,-0.065,0.032,0.032,-0.035,-0.155,-0.180,-0.160,-0.080,-0.050
0.070,0.065,-0.004,-0.067,0.036,0.031,-0.035,-0.155,-0.180,-0.160,-0.080,-0.054
0.067,0.062,-0.005,-0.064,0.036,0.028,-0.034,-0.155,-0.180,-0.160,-0.080,-0.055
0.064,0.059,-0.005,-0.061,0.035,0.027,-0.037,-0.155,-0.180,-0.160,-0.078,-0.057
0.065,0.060,-0.005,-0.062,0.035,0.027,-0.040,-0.155,-0.180,-0.160,-0.075,-0.061
0.065,0.060,-0.005,-0.062,0.035,0.027,-0.040,-0.155,-0.180,-0.160,-0.075,-0.060
0.069,0.060,-0.009,-0.064,0.039,0.025,-0.040,-0.155,-0.176,-0.160,-0.075,-0.056
0.071,0.061,-0.011,-0.066,0.041,0.025,-0.040,-0.155,-0.175,-0.160,-0.075,-0.055
0.068,0.058,-0.009,-0.063,0.038,0.024,-0.040,-0.155,-0.175,-0.160,-0.075,-0.055
0.065,0.055,-0.011,-0.060,0.038,0.021,-0.040,-0.155,-0.175,-0.160,-0.075,-0.055
0.070,0.055,-0.015,-0.062,0.042,0.020,-0.040,-0.155,-0.175,-0.160,-0.075,-0.055
0.070,0.055,-0.015,-0.062,0.042,0.020,-0.040,-0.155,-0.175,-0.160,-0.075,-0.055
0.070,0.055,-0.015,-0.062,0.042,0.020,-0.041,-0.155,-0.175,-0.157,-0.075,-0.055
0.071,0.055,-0.015,-0.062,0.043,0.020,-0.038,-0.155,-0.175,-0.154,-0.075,-0.055
0.069,0.055,-0.014,-0.062,0.041,0.020,-0.035,-0.155,-0.174,-0.155,-0.075,-0.055
0.065,0.055,-0.010,-0.060,0.037,0.022,-0.035,-0.155,-0.170,-0.155,-0.075,-0.055
0.065,0.055,-0.010,-0.060,0.037,0.022,-0.035,-0.155,-0.170,-0.155,-0.075,-0.055
0.062,0.055,-0.007,-0.058,0.034,0.024,-0.035,-0.155,-0.170,-0.155,-0.075,-0.055
0.060,0.055,-0.005,-0.057,0.032,0.025,-0.035,-0.155,-0.170,-0.155,-0.075,-0.055
0.059,0.055,-0.004,-0.057,0.031,0.025,-0.035,-0.155,-0.170,-0.155,-0.075,-0.055
0.055,0.055,0.000,-0.055,0.027,0.027,-0.035,-0.155,-0.170,-0.155,-0.075,-0.055
0.056,0.055,0.000,-0.056,0.027,0.027,-0.035,-0.155,-0.170,-0.155,-0.075,-0.055
0.050,0.053,0.003,-0.051,0.023,0.028,-0.035,-0.155,-0.171,-0.155,-0.075,-0.055
0.058,0.063,0.005,-0.061,0.026,0.034,-0.035,-0.155,-0.168,-0.155,-0.075,-0.055
0.070,0.076,0.006,-0.073,0.032,0.041,-0.035,-0.155,-0.165,-0.155,-0.075,-0.055
0.060,0.070,0.010,-0.065,0.025,0.040,-0.035,-0.155,-0.165,-0.155,-0.075,-0.055
0.059,0.070,0.011,-0.064,0.024,0.040,-0.035,-0.151,-0.165,-0.155,-0.075,-0.055
0.063,0.070,0.007,-0.067,0.028,0.038,-0.032,-0.150,-0.165,-0.155,-0.075,-0.055
0.066,0.070,0.004,-0.068,0.031,0.037,-0.029,-0.150,-0.165,-0.155,-0.075,-0.055
0.065,0.070,0.005,-0.068,0.030,0.037,-0.030,-0.150,-0.165,-0.155,-0.075,-0.055
0.065,0.070,0.005,-0.068,0.030,0.037,-0.030,-0.150,-0.165,-0.155,-0.075,-0.055
0.069,0.070,0.001,-0.070,0.034,0.035,-0.030,-0.150,-0.165,-0.155,-0.079,-0.055
0.071,0.070,-0.001,-0.070,0.036,0.035,-0.030,-0.150,-0.164,-0.155,-0.080,-0.054
0.069,0.070,0.001,-0.070,0.034,0.035,-0.030,-0.150,-0.167,-0.155,-0.080,-0.057
0.071,0.070,-0.001,-0.070,0.036,0.035,-0.030,-0.150,-0.170,-0.155,-0.080,-0.060
0.075,0.070,-0.005,-0.072,0.040,0.032,-0.030,-0.150,-0.170,-0.155,-0.080,-0.060
0.075,0.070,-0.005,-0.072,0.040,0.032,-0.030,-0.150,-0.170,-0.155,-0.080,-0.060
0.075,0.071,-0.004,-0.072,0.040,0.033,-0.030,-0.147,-0.173,-0.155,-0.079,-0.060
0.075,0.068,-0.007,-0.071,0.041,0.030,-0.030,-0.144,-0.175,-0.155,-0.082,-0.060
0.075,0.065,-0.010,-0.070,0.042,0.027,-0.030,-0.145,-0.175,-0.154,-0.085,-0.060
0.075,0.065,-0.010,-0.070,0.042,0.027,-0.030,-0.145,-0.175,-0.150,-0.085,-0.060
0.075,0.065,-0.010,-0.070,0.042,0.027,-0.030,-0.145,-0.171,-0.146,-0.085,-0.060
0.078,0.065,-0.013,-0.071,0.045,0.026,-0.030,-0.145,-0.166,-0.142,-0.085,-0.060
0.081,0.065,-0.016,-0.072,0.048,0.025,-0.030,-0.145,-0.165,-0.138,-0.085,-0.060
0.080,0.065,-0.015,-0.072,0.047,0.025,-0.030,-0.145,-0.164,-0.134,-0.086,-0.060
0.080,0.065,-0.015,-0.072,0.047,0.025,-0.030,-0.145,-0.160,-0.130,-0.090,-0.060
0.084,0.065,-0.019,-0.075,0.051,0.022,-0.030,-0.145,-0.155,-0.130,-0.090,-0.060
0.085,0.065,-0.020,-0.075,0.052,0.022,-0.031,-0.146,-0.156,-0.127,-0.090,-0.060
0.086,0.065,-0.021,-0.075,0.053,0.021,-0.025,-0.140,-0.152,-0.125,-0.090,-0.060
0.083,0.065,-0.018,-0.074,0.050,0.023,-0.013,-0.127,-0.143,-0.124,-0.090,-0.060
0.070,0.065,-0.005,-0.067,0.037,0.030,-0.005,-0.120,-0.135,-0.120,-0.090,-0.060
0.060,0.063,0.003,-0.062,0.028,0.033,0.007,-0.113,-0.127,-0.120,-0.086,-0.056
0.067,0.078,0.011,-0.073,0.028,0.044,0.017,-0.101,-0.119,-0.117,-0.082,-0.052
0.083,0.102,0.019,-0.093,0.032,0.060,0.021,-0.091,-0.112,-0.115,-0.078,-0.048
0.091,0.117,0.027,-0.104,0.031,0.072,0.029,-0.083,-0.102,-0.114,-0.074,-0.044
0.085,0.120,0.035,-0.103,0.025,0.077,0.050,-0.075,-0.095,-0.110,-0.070,-0.040
0.076,0.120,0.044,-0.099,0.016,0.081,0.055,-0.070,-0.108,-0.110,-0.066,-0.036
0.077,0.120,0.043,-0.099,0.017,0.081,0.055,-0.070,-0.108,-0.107,-0.062,-0.035
0.083,0.120,0.037,-0.102,0.023,0.079,0.055,-0.070,-0.104,-0.105,-0.058,-0.034
0.085,0.120,0.035,-0.103,0.025,0.077,0.055,-0.070,-0.105,-0.104,-0.054,-0.029
0.085,0.120,0.035,-0.103,0.025,0.077,0.055,-0.070,-0.105,-0.100,-0.050,-0.025
0.093,0.124,0.031,-0.109,0.031,0.077,0.055,-0.070,-0.101,-0.100,-0.046,-0.021
0.096,0.125,0.030,-0.110,0.032,0.077,0.055,-0.071,-0.100,-0.097,-0.042,-0.017
0.096,0.125,0.029,-0.111,0.033,0.076,0.056,-0.067,-0.100,-0.094,-0.038,-0.013
0.101,0.125,0.024,-0.114,0.038,0.074,0.054,-0.058,-0.100,-0.096,-0.034,-0.009
0.105,0.125,0.020,-0.115,0.042,0.072,0.055,-0.055,-0.100,-0.100,-0.035,-0.005
0.104,0.124,0.020,-0.114,0.041,0.072,0.081,-0.052,-0.100,-0.100,-0.039,-0.005
0.114,0.131,0.017,-0.123,0.048,0.074,0.079,-0.044,-0.100,-0.100,-0.040,-0.005
0.123,0.138,0.015,-0.131,0.054,0.077,0.064,-0.038,-0.100,-0.100,-0.040,-0.005
0.126,0.140,0.014,-0.133,0.056,0.076,0.059,-0.033,-0.100,-0.100,-0.040,-0.005
0.130,0.135,0.005,-0.133,0.062,0.070,0.050,-0.030,-0.100,-0.100,-0.040,-0.005
0.129,0.131,0.001,-0.130,0.064,0.066,0.038,-0.041,-0.100,-0.100,-0.040,-0.005
0.136,0.130,-0.006,-0.133,0.071,0.062,0.028,-0.054,-0.100,-0.103,-0.040,-0.005
0.141,0.129,-0.012,-0.135,0.076,0.058,0.022,-0.068,-0.100,-0.106,-0.040,-0.006
0.141,0.124,-0.017,-0.132,0.078,0.053,0.012,-0.082,-0.100,-0.105,-0.040,-0.011
0.145,0.120,-0.025,-0.132,0.085,0.047,0.000,-0.085,-0.100,-0.105,-0.040,-0.015
0.148,0.121,-0.028,-0.134,0.088,0.046,-0.008,-0.088,-0.099,-0.105,-0.040,-0.015
0.160,0.115,-0.045,-0.137,0.102,0.035,-0.019,-0.096,-0.106,-0.105,-0.039,-0.018
0.166,0.105,-0.061,-0.135,0.114,0.022,-0.029,-0.102,-0.113,-0.105,-0.042,-0.020
0.165,0.099,-0.066,-0.132,0.116,0.016,-0.038,-0.107,-0.116,-0.106,-0.045,-0.021
0.165,0.095,-0.070,-0.130,0.117,0.012,-0.050,-0.115,-0.120,-0.110,-0.045,-0.025
0.154,0.087,-0.066,-0.120,0.110,0.010,-0.059,-0.118,-0.124,-0.110,-0.049,-0.025
0.140,0.078,-0.061,-0.109,0.100,0.008,-0.057,-0.135,-0.129,-0.110,-0.050,-0.027
0.133,0.073,-0.060,-0.103,0.096,0.006,-0.054,-0.150,-0.130,-0.110,-0.052,-0.033
0.128,0.069,-0.059,-0.099,0.094,0.005,-0.055,-0.150,-0.131,-0.110,-0.055,-0.035
0.120,0.065,-0.055,-0.092,0.087,0.005,-0.055,-0.150,-0.135,-0.110,-0.055,-0.035
0.116,0.061,-0.055,-0.088,0.086,0.003,-0.055,-0.154,-0.138,-0.108,-0.059,-0.039
0.110,0.057,-0.053,-0.083,0.081,0.002,-0.052,-0.155,-0.152,-0.121,-0.063,-0.040
0.101,0.053,-0.047,-0.077,0.074,0.002,-0.049,-0.156,-0.164,-0.136,-0.068,-0.042
0.094,0.049,-0.045,-0.071,0.069,0.002,-0.050,-0.162,-0.165,-0.141,-0.070,-0.046
0.090,0.045,-0.045,-0.067,0.067,0.000,-0.050,-0.170,-0.165,-0.145,-0.070,-0.045
0.086,0.045,-0.041,-0.066,0.063,0.002,-0.050,-0.175,-0.165,-0.149,-0.078,-0.039
0.082,0.042,-0.040,-0.062,0.061,0.001,-0.047,-0.172,-0.165,-0.150,-0.083,-0.055
0.078,0.040,-0.038,-0.059,0.058,0.001,-0.044,-0.169,-0.165,-0.150,-0.087,-0.070
0.074,0.039,-0.035,-0.056,0.054,0.002,-0.045,-0.170,-0.165,-0.150,-0.090,-0.070
0.070,0.035,-0.035,-0.052,0.052,0.000,-0.045,-0.170,-0.165,-0.150,-0.090,-0.070
0.070,0.035,-0.035,-0.052,0.052,0.000,-0.045,-0.170,-0.165,-0.150,-0.094,-0.070
0.071,0.036,-0.035,-0.053,0.052,0.000,-0.046,-0.170,-0.165,-0.151,-0.095,-0.070
0.068,0.033,-0.035,-0.050,0.051,-0.001,-0.043,-0.170,-0.165,-0.148,-0.097,-0.070
0.065,0.030,-0.035,-0.047,0.050,-0.002,-0.040,-0.170,-0.165,-0.145,-0.100,-0.070
0.065,0.030,-0.035,-0.047,0.050,-0.002,-0.040,-0.170,-0.165,-0.145,-0.100,-0.070
0.057,0.026,-0.031,-0.041,0.043,-0.002,-0.040,-0.166,-0.165,-0.145,-0.100,-0.070
0.054,0.024,-0.030,-0.039,0.041,-0.002,-0.041,-0.165,-0.164,-0.145,-0.100,-0.070
0.056,0.026,-0.030,-0.041,0.042,-0.002,-0.038,-0.165,-0.168,-0.145,-0.100,-0.070
0.054,0.024,-0.030,-0.039,0.042,-0.003,-0.035,-0.165,-0.177,-0.145,-0.100,-0.070
0.050,0.020,-0.030,-0.035,0.040,-0.005,-0.035,-0.165,-0.180,-0.145,-0.100,-0.070
0.050,0.020,-0.030,-0.035,0.040,-0.005,-0.035,-0.165,-0.176,-0.145,-0.100,-0.070
0.048,0.017,-0.031,-0.032,0.039,-0.006,-0.035,-0.165,-0.175,-0.145,-0.100,-0.070
0.042,0.014,-0.028,-0.028,0.035,-0.007,-0.035,-0.165,-0.175,-0.145,-0.100,-0.070
0.040,0.015,-0.025,-0.027,0.032,-0.005,-0.036,-0.164,-0.175,-0.145,-0.100,-0.070
0.040,0.015,-0.025,-0.027,0.032,-0.005,-0.040,-0.160,-0.175,-0.145,-0.100,-0.070
0.036,0.011,-0.025,-0.023,0.030,-0.007,-0.040,-0.160,-0.175,-0.145,-0.100,-0.074
0.035,0.010,-0.025,-0.022,0.030,-0.007,-0.040,-0.160,-0.175,-0.145,-0.100,-0.076
0.035,0.010,-0.025,-0.022,0.030,-0.007,-0.040,-0.160,-0.175,-0.145,-0.100,-0.074
0.035,0.010,-0.025,-0.022,0.030,-0.007,-0.040,-0.160,-0.174,-0.145,-0.100,-0.076
0.035,0.010,-0.025,-0.022,0.030,-0.007,-0.040,-0.160,-0.170,-0.145,-0.100,-0.080
0.031,0.010,-0.021,-0.020,0.026,-0.005,-0.040,-0.160,-0.170,-0.145,-0.100,-0.080
0.030,0.010,-0.020,-0.020,0.025,-0.005,-0.040,-0.160,-0.170,-0.145,-0.100,-0.080
0.030,0.010,-0.020,-0.020,0.025,-0.005,-0.040,-0.160,-0.170,-0.145,-0.100,-0.078
0.030,0.010,-0.020,-0.020,0.025,-0.005,-0.040,-0.159,-0.170,-0.145,-0.100,-0.075
0.030,0.010,-0.020,-0.020,0.025,-0.005,-0.040,-0.155,-0.170,-0.145,-0.100,-0.075
0.026,0.010,-0.016,-0.017,0.021,-0.002,-0.040,-0.155,-0.170,-0.145,-0.100,-0.077
0.025,0.010,-0.015,-0.017,0.020,-0.002,-0.039,-0.155,-0.171,-0.145,-0.100,-0.093
0.025,0.010,-0.015,-0.017,0.020,-0.002,-0.042,-0.155,-0.168,-0.145,-0.100,-0.100
0.025,0.010,-0.015,-0.017,0.020,-0.002,-0.045,-0.155,-0.165,-0.145,-0.100,-0.094
0.025,0.010,-0.015,-0.017,0.020,-0.002,-0.045,-0.155,-0.165,-0.145,-0.100,-0.095
0.025,0.010,-0.015,-0.017,0.020,-0.002,-0.045,-0.155,-0.165,-0.149,-0.100,-0.091
0.022,0.010,-0.012,-0.016,0.017,-0.001,-0.045,-0.155,-0.165,-0.150,-0.101,-0.089
0.019,0.010,-0.009,-0.015,0.014,0.000,-0.045,-0.155,-0.165,-0.150,-0.098,-0.091
0.020,0.010,-0.010,-0.015,0.015,0.000,-0.045,-0.155,-0.165,-0.150,-0.095,-0.089
0.020,0.010,-0.010,-0.015,0.015,0.000,-0.045,-0.155,-0.165,-0.150,-0.095,-0.085
0.020,0.010,-0.010,-0.015,0.015,0.000,-0.045,-0.155,-0.165,-0.150,-0.095,-0.085
0.020,0.010,-0.010,-0.015,0.015,0.000,-0.045,-0.155,-0.166,-0.150,-0.096,-0.082
0.018,0.010,-0.008,-0.014,0.013,0.001,-0.045,-0.155,-0.163,-0.150,-0.093,-0.079
0.014,0.010,-0.004,-0.012,0.009,0.003,-0.045,-0.155,-0.160,-0.151,-0.090,-0.080
0.010,0.010,0.000,-0.010,0.005,0.005,-0.045,-0.155,-0.160,-0.155,-0.090,-0.080
0.006,0.010,0.004,-0.008,0.001,0.006,-0.045,-0.155,-0.160,-0.155,-0.090,-0.076
0.005,0.013,0.008,-0.009,-0.002,0.010,-0.042,-0.155,-0.160,-0.155,-0.090,-0.075
0.003,0.016,0.012,-0.010,-0.005,0.014,-0.037,-0.155,-0.160,-0.155,-0.090,-0.073
-0.001,0.015,0.015,-0.008,-0.008,0.015,-0.035,-0.155,-0.159,-0.155,-0.089,-0.069
0.000,0.015,0.015,-0.008,-0.008,0.015,-0.035,-0.155,-0.155,-0.155,-0.085,-0.070
0.003,0.015,0.012,-0.009,-0.005,0.013,-0.031,-0.156,-0.155,-0.155,-0.085,-0.070
0.011,0.015,0.005,-0.013,0.003,0.010,-0.026,-0.150,-0.155,-0.156,-0.085,-0.067
0.002,0.014,0.011,-0.008,-0.005,0.013,-0.026,-0.141,-0.154,-0.150,-0.085,-0.064
-0.010,0.018,0.028,-0.004,-0.020,0.023,-0.022,-0.132,-0.156,-0.137,-0.086,-0.066
-0.010,0.035,0.045,-0.013,-0.028,0.040,-0.005,-0.125,-0.155,-0.125,-0.085,-0.065
-0.035,0.047,0.082,-0.006,-0.059,0.065,0.007,-0.124,-0.135,-0.112,-0.069,-0.053
-0.039,0.062,0.102,-0.012,-0.071,0.082,0.022,-0.090,-0.120,-0.106,-0.055,-0.043
-0.033,0.076,0.109,-0.022,-0.071,0.092,0.035,-0.043,-0.090,-0.088,-0.044,-0.037
-0.018,0.090,0.107,-0.036,-0.063,0.098,0.051,0.003,-0.045,-0.058,-0.033,-0.027
0.025,0.115,0.090,-0.070,-0.033,0.102,0.080,0.080,-0.005,-0.030,-0.020,-0.015
0.059,0.137,0.079,-0.098,-0.010,0.108,0.108,0.204,0.057,0.017,0.008,-0.007
0.081,0.139,0.057,-0.111,0.012,0.098,0.141,0.351,0.131,0.065,0.033,0.000
0.097,0.132,0.035,-0.115,0.031,0.083,0.194,0.447,0.194,0.103,0.060,0.014
0.125,0.129,0.005,-0.127,0.060,0.067,0.227,0.473,0.240,0.141,0.092,0.035
0.170,0.125,-0.045,-0.147,0.107,0.040,0.210,0.475,0.290,0.195,0.125,0.055
0.207,0.119,-0.088,-0.163,0.147,0.015,0.203,0.475,0.375,0.264,0.180,0.089
0.279,0.135,-0.144,-0.207,0.212,-0.004,0.176,0.468,0.441,0.324,0.236,0.138
0.367,0.165,-0.202,-0.266,0.285,-0.018,0.083,0.396,0.490,0.390,0.299,0.193
0.453,0.218,-0.234,-0.336,0.343,-0.008,-0.090,0.214,0.535,0.471,0.383,0.266
0.555,0.305,-0.250,-0.430,0.402,0.027,-0.295,-0.010,0.585,0.565,0.490,0.365
0.671,0.378,-0.292,-0.524,0.481,0.043,-0.451,-0.143,0.677,0.685,0.611,0.465
0.785,0.486,-0.299,-0.635,0.542,0.093,-0.589,-0.296,0.758,0.799,0.724,0.568
0.879,0.611,-0.268,-0.744,0.573,0.171,-0.783,-0.466,0.870,0.948,0.871,0.688
0.980,0.685,-0.295,-0.832,0.637,0.195,-0.997,-0.564,1.004,1.101,1.021,0.797
1.100,0.655,-0.445,-0.877,0.772,0.105,-1.130,-0.575,1.070,1.160,1.075,0.840
1.170,0.535,-0.635,-0.852,0.902,-0.050,-1.220,-0.591,1.025,1.118,1.026,0.826
1.232,0.408,-0.823,-0.819,1.027,-0.207,-1.335,-0.679,0.831,0.972,0.972,0.807
1.214,0.340,-0.874,-0.777,1.044,-0.267,-1.425,-0.816,0.620,0.827,0.925,0.791
1.133,0.312,-0.821,-0.723,0.977,-0.254,-1.427,-0.943,0.469,0.733,0.872,0.778
1.060,0.275,-0.785,-0.667,0.922,-0.255,-1.370,-1.035,0.330,0.650,0.825,0.765
0.909,0.241,-0.668,-0.575,0.788,-0.214,-1.321,-1.108,0.195,0.575,0.778,0.713
0.771,0.218,-0.553,-0.494,0.662,-0.167,-1.237,-1.181,0.040,0.450,0.684,0.669
0.644,0.153,-0.490,-0.398,0.566,-0.168,-1.154,-1.310,-0.181,0.272,0.550,0.594
0.525,0.069,-0.456,-0.296,0.490,-0.194,-1.103,-1.444,-0.408,0.094,0.412,0.484
0.440,0.025,-0.415,-0.232,0.427,-0.195,-1.045,-1.460,-0.530,-0.030,0.295,0.395
0.343,-0.024,-0.367,-0.159,0.355,-0.196,-0.956,-1.366,-0.570,-0.092,0.212,0.330
0.267,-0.053,-0.320,-0.107,0.294,-0.186,-0.849,-1.240,-0.557,-0.150,0.147,0.271
0.231,-0.051,-0.283,-0.090,0.257,-0.167,-0.728,-1.106,-0.538,-0.190,0.083,0.208
0.199,-0.054,-0.252,-0.072,0.226,-0.153,-0.616,-0.965,-0.517,-0.211,0.029,0.153
0.150,-0.075,-0.225,-0.037,0.188,-0.150,-0.535,-0.830,-0.475,-0.230,-0.005,0.110
0.140,-0.068,-0.208,-0.035,0.175,-0.138,-0.458,-0.707,-0.434,-0.219,-0.039,0.065
0.136,-0.058,-0.194,-0.038,0.165,-0.126,-0.395,-0.613,-0.403,-0.208,-0.052,0.035
0.124,-0.051,-0.175,-0.036,0.150,-0.113,-0.347,-0.540,-0.378,-0.199,-0.062,0.014
0.113,-0.043,-0.156,-0.035,0.135,-0.099,-0.286,-0.456,-0.344,-0.188,-0.078,-0.004
0.100,-0.035,-0.135,-0.032,0.118,-0.085,-0.205,-0.360,-0.290,-0.180,-0.085,-0.015
0.066,-0.030,-0.096,-0.017,0.081,-0.063,-0.152,-0.299,-0.239,-0.168,-0.089,-0.027
0.023,-0.030,-0.054,0.003,0.039,-0.042,-0.103,-0.239,-0.218,-0.158,-0.093,-0.036
0.007,-0.028,-0.035,0.011,0.021,-0.032,-0.062,-0.188,-0.211,-0.152,-0.095,-0.045
0.010,-0.024,-0.034,0.008,0.023,-0.029,-0.032,-0.150,-0.203,-0.150,-0.095,-0.058
0.005,-0.025,-0.030,0.010,0.018,-0.027,-0.005,-0.110,-0.195,-0.150,-0.095,-0.070
0.005,-0.025,-0.030,0.010,0.018,-0.027,0.008,-0.078,-0.183,-0.150,-0.095,-0.078
0.006,-0.022,-0.028,0.008,0.017,-0.024,0.018,-0.047,-0.174,-0.147,-0.094,-0.083
0.003,-0.019,-0.022,0.009,0.013,-0.021,0.032,-0.027,-0.166,-0.144,-0.097,-0.087
0.000,-0.020,-0.020,0.010,0.010,-0.020,0.042,-0.018,-0.158,-0.145,-0.100,-0.091
0.000,-0.020,-0.020,0.010,0.010,-0.020,0.050,-0.010,-0.150,-0.145,-0.100,-0.095
0.000,-0.016,-0.016,0.008,0.008,-0.016,0.067,-0.002,-0.146,-0.145,-0.100,-0.096
0.000,-0.014,-0.015,0.008,0.008,-0.014,0.075,0.006,-0.142,-0.142,-0.100,-0.092
0.000,-0.016,-0.015,0.008,0.008,-0.015,0.075,0.014,-0.138,-0.139,-0.100,-0.089
0.001,-0.014,-0.015,0.007,0.008,-0.014,0.075,0.022,-0.134,-0.140,-0.099,-0.090
0.005,-0.010,-0.015,0.003,0.010,-0.012,0.075,0.030,-0.130,-0.140,-0.095,-0.090
0.006,-0.010,-0.015,0.003,0.011,-0.012,0.075,0.038,-0.126,-0.140,-0.095,-0.090
0.001,-0.011,-0.012,0.005,0.007,-0.011,0.078,0.043,-0.122,-0.137,-0.095,-0.090
0.001,-0.008,-0.009,0.003,0.006,-0.009,0.082,0.047,-0.118,-0.134,-0.095,-0.090
0.006,-0.005,-0.010,0.000,0.008,-0.007,0.086,0.051,-0.115,-0.135,-0.095,-0.090
0.005,-0.005,-0.010,0.000,0.008,-0.007,0.090,0.055,-0.115,-0.135,-0.095,-0.090
0.005,-0.005,-0.010,0.000,0.008,-0.007,0.090,0.060,-0.111,-0.131,-0.095,-0.090
0.005,-0.005,-0.010,0.000,0.008,-0.007,0.093,0.059,-0.110,-0.130,-0.095,-0.090
0.005,-0.005,-0.010,0.000,0.008,-0.007,0.096,0.065,-0.109,-0.130,-0.095,-0.090
0.004,-0.005,-0.009,0.000,0.007,-0.007,0.095,0.077,-0.104,-0.130,-0.095,-0.091
0.000,-0.005,-0.005,0.003,0.003,-0.005,0.095,0.080,-0.100,-0.130,-0.095,-0.095
-0.004,-0.009,-0.005,0.007,0.000,-0.006,0.094,0.083,-0.100,-0.126,-0.095,-0.100
-0.008,-0.013,-0.005,0.011,-0.001,-0.009,0.101,0.091,-0.097,-0.125,-0.095,-0.097
-0.012,-0.017,-0.005,0.015,-0.003,-0.011,0.108,0.097,-0.095,-0.125,-0.095,-0.094
-0.015,-0.021,-0.005,0.018,-0.005,-0.012,0.111,0.102,-0.094,-0.125,-0.095,-0.095
-0.015,-0.020,-0.005,0.018,-0.005,-0.012,0.115,0.110,-0.090,-0.125,-0.095,-0.095
-0.015,-0.016,-0.001,0.015,-0.007,-0.008,0.119,0.115,-0.086,-0.121,-0.095,-0.091
-0.016,-0.015,0.000,0.015,-0.007,-0.007,0.120,0.116,-0.082,-0.116,-0.095,-0.089
-0.013,-0.013,0.000,0.013,-0.006,-0.006,0.120,0.128,-0.078,-0.115,-0.095,-0.091
-0.010,-0.010,0.000,0.010,-0.005,-0.005,0.120,0.142,-0.074,-0.114,-0.095,-0.089
-0.010,-0.010,0.000,0.010,-0.005,-0.005,0.120,0.140,-0.070,-0.110,-0.095,-0.085
-0.006,-0.006,0.000,0.006,-0.002,-0.002,0.120,0.138,-0.071,-0.106,-0.095,-0.085
-0.006,-0.005,0.000,0.005,-0.002,-0.002,0.120,0.152,-0.064,-0.105,-0.095,-0.086
-0.002,-0.003,-0.001,0.003,0.000,-0.002,0.120,0.166,-0.057,-0.104,-0.095,-0.083
0.007,0.000,-0.006,-0.003,0.006,-0.003,0.121,0.171,-0.054,-0.099,-0.095,-0.080
0.010,0.000,-0.010,-0.005,0.010,-0.005,0.125,0.175,-0.050,-0.095,-0.095,-0.080
0.014,0.004,-0.010,-0.009,0.011,-0.002,0.124,0.175,-0.046,-0.095,-0.095,-0.080
0.018,0.005,-0.013,-0.011,0.015,-0.004,0.131,0.174,-0.042,-0.092,-0.092,-0.077
0.022,0.007,-0.015,-0.014,0.018,-0.004,0.138,0.180,-0.038,-0.090,-0.087,-0.074
0.026,0.010,-0.015,-0.018,0.021,-0.002,0.141,0.201,-0.033,-0.090,-0.085,-0.075
0.030,0.010,-0.020,-0.020,0.025,-0.005,0.145,0.225,-0.025,-0.085,-0.085,-0.075
0.039,0.014,-0.025,-0.026,0.031,-0.005,0.145,0.234,-0.021,-0.080,-0.081,-0.071
0.040,0.015,-0.025,-0.027,0.032,-0.005,0.148,0.237,-0.014,-0.080,-0.076,-0.069
0.043,0.017,-0.027,-0.030,0.035,-0.005,0.150,0.245,-0.008,-0.078,-0.075,-0.071
0.051,0.020,-0.031,-0.036,0.041,-0.005,0.150,0.258,-0.003,-0.075,-0.074,-0.069
0.050,0.020,-0.030,-0.035,0.040,-0.005,0.155,0.270,0.005,-0.075,-0.070,-0.065
0.046,0.020,-0.026,-0.032,0.036,-0.002,0.159,0.277,0.009,-0.067,-0.070,-0.065
0.045,0.020,-0.025,-0.032,0.035,-0.002,0.161,0.291,0.016,-0.061,-0.067,-0.065
0.043,0.020,-0.023,-0.031,0.033,-0.001,0.173,0.308,0.023,-0.058,-0.065,-0.064
0.040,0.020,-0.020,-0.030,0.030,0.000,0.187,0.324,0.026,-0.054,-0.064,-0.066
0.040,0.020,-0.020,-0.030,0.030,0.000,0.190,0.340,0.030,-0.050,-0.060,-0.075
0.035,0.020,-0.016,-0.027,0.026,0.001,0.193,0.351,0.038,-0.046,-0.060,-0.080
0.037,0.023,-0.014,-0.030,0.026,0.004,0.201,0.373,0.043,-0.043,-0.057,-0.077
0.041,0.026,-0.016,-0.033,0.028,0.005,0.208,0.392,0.047,-0.036,-0.055,-0.075
0.039,0.025,-0.014,-0.031,0.026,0.005,0.210,0.403,0.051,-0.029,-0.054,-0.074
0.035,0.025,-0.010,-0.030,0.022,0.007,0.215,0.425,0.055,-0.025,-0.050,-0.070
0.035,0.025,-0.010,-0.030,0.022,0.007,0.233,0.459,0.070,-0.021,-0.051,-0.070
0.032,0.025,-0.007,-0.028,0.019,0.009,0.230,0.475,0.087,-0.017,-0.044,-0.071
0.030,0.025,-0.005,-0.027,0.017,0.010,0.240,0.490,0.102,-0.013,-0.037,-0.068
0.029,0.025,-0.004,-0.027,0.016,0.010,0.263,0.516,0.111,-0.009,-0.034,-0.065
0.025,0.025,0.000,-0.025,0.012,0.012,0.260,0.535,0.115,-0.005,-0.030,-0.065
0.029,0.029,0.000,-0.029,0.014,0.015,0.258,0.550,0.127,0.003,-0.022,-0.061
0.031,0.030,-0.001,-0.030,0.016,0.015,0.273,0.578,0.139,0.011,-0.016,-0.059
0.030,0.032,0.002,-0.031,0.014,0.017,0.281,0.610,0.153,0.019,-0.013,-0.061
0.030,0.035,0.005,-0.033,0.012,0.020,0.282,0.637,0.168,0.027,-0.008,-0.058
0.030,0.035,0.005,-0.033,0.012,0.020,0.300,0.665,0.175,0.035,0.000,-0.050
0.037,0.046,0.009,-0.041,0.014,0.028,0.312,0.685,0.187,0.043,0.008,-0.046
0.053,0.063,0.010,-0.058,0.022,0.036,0.322,0.705,0.195,0.050,0.013,-0.042
0.062,0.074,0.012,-0.068,0.025,0.043,0.325,0.724,0.208,0.061,0.018,-0.038
0.059,0.074,0.015,-0.067,0.021,0.045,0.335,0.747,0.231,0.072,0.027,-0.034
0.060,0.075,0.015,-0.068,0.022,0.045,0.355,0.775,0.255,0.080,0.035,-0.030
0.076,0.096,0.019,-0.086,0.028,0.057,0.349,0.789,0.275,0.095,0.039,-0.026
0.085,0.105,0.020,-0.095,0.032,0.062,0.367,0.822,0.293,0.114,0.043,-0.019
0.084,0.106,0.022,-0.095,0.030,0.064,0.385,0.850,0.304,0.120,0.047,-0.012
0.087,0.112,0.024,-0.100,0.031,0.068,0.385,0.864,0.304,0.114,0.051,-0.009
0.090,0.115,0.025,-0.103,0.032,0.070,0.390,0.885,0.305,0.115,0.055,-0.005
0.067,0.113,0.046,-0.090,0.010,0.079,0.393,0.901,0.332,0.129,0.057,-0.001
0.080,0.130,0.050,-0.105,0.015,0.089,0.404,0.921,0.357,0.154,0.078,0.003
0.103,0.144,0.042,-0.124,0.030,0.093,0.413,0.936,0.371,0.171,0.097,0.007
0.096,0.145,0.049,-0.121,0.023,0.097,0.416,0.949,0.383,0.176,0.101,0.012
0.080,0.150,0.070,-0.115,0.005,0.110,0.420,0.970,0.395,0.180,0.105,0.020
0.079,0.154,0.075,-0.117,0.002,0.115,0.420,0.982,0.403,0.192,0.109,0.024
0.081,0.156,0.075,-0.119,0.003,0.115,0.420,0.995,0.411,0.202,0.112,0.031
0.093,0.168,0.075,-0.131,0.009,0.121,0.420,1.003,0.420,0.208,0.120,0.036
0.107,0.182,0.075,-0.145,0.016,0.128,0.419,1.006,0.434,0.219,0.134,0.043
0.110,0.185,0.075,-0.148,0.017,0.130,0.415,1.010,0.455,0.235,0.150,0.060
0.113,0.188,0.075,-0.151,0.019,0.131,0.411,1.006,0.472,0.239,0.154,0.065
0.124,0.199,0.075,-0.162,0.024,0.137,0.407,1.005,0.479,0.248,0.159,0.068
0.134,0.209,0.075,-0.172,0.029,0.142,0.403,1.003,0.480,0.262,0.159,0.073
0.134,0.209,0.075,-0.172,0.030,0.141,0.400,1.000,0.489,0.272,0.163,0.075
0.135,0.210,0.075,-0.173,0.030,0.142,0.400,1.000,0.505,0.280,0.180,0.075
0.156,0.231,0.075,-0.194,0.040,0.153,0.396,0.995,0.498,0.285,0.185,0.079
0.159,0.234,0.075,-0.197,0.042,0.154,0.392,0.997,0.491,0.282,0.188,0.083
0.154,0.229,0.075,-0.192,0.039,0.151,0.388,0.987,0.488,0.279,0.192,0.089
0.155,0.230,0.075,-0.193,0.040,0.152,0.384,0.965,0.484,0.280,0.195,0.096
0.155,0.230,0.075,-0.193,0.040,0.152,0.380,0.945,0.480,0.280,0.195,0.100
0.155,0.230,0.075,-0.193,0.040,0.152,0.381,0.924,0.476,0.276,0.191,0.104
0.156,0.231,0.074,-0.194,0.041,0.152,0.369,0.909,0.473,0.274,0.186,0.108
0.150,0.228,0.077,-0.189,0.037,0.152,0.351,0.887,0.465,0.276,0.185,0.112
0.155,0.234,0.080,-0.195,0.037,0.157,0.336,0.859,0.452,0.274,0.184,0.115
0.180,0.255,0.075,-0.218,0.052,0.165,0.320,0.835,0.445,0.270,0.180,0.115
0.177,0.252,0.075,-0.215,0.051,0.163,0.304,0.796,0.437,0.270,0.180,0.111
0.171,0.246,0.075,-0.209,0.048,0.161,0.291,0.753,0.429,0.270,0.177,0.106
0.168,0.243,0.075,-0.206,0.046,0.159,0.279,0.720,0.421,0.271,0.175,0.105
0.164,0.239,0.075,-0.202,0.045,0.156,0.267,0.694,0.414,0.269,0.175,0.104
0.160,0.235,0.075,-0.198,0.042,0.155,0.255,0.665,0.405,0.260,0.170,0.100
0.155,0.231,0.076,-0.194,0.040,0.153,0.248,0.629,0.382,0.252,0.165,0.100
0.158,0.227,0.070,-0.193,0.044,0.148,0.234,0.593,0.356,0.244,0.165,0.098
0.161,0.222,0.061,-0.192,0.049,0.141,0.217,0.557,0.336,0.236,0.163,0.092
0.160,0.213,0.053,-0.187,0.053,0.133,0.201,0.521,0.321,0.228,0.160,0.090
0.160,0.205,0.045,-0.183,0.057,0.125,0.185,0.485,0.305,0.220,0.160,0.090
0.164,0.201,0.037,-0.183,0.063,0.119,0.169,0.449,0.289,0.213,0.156,0.086
0.166,0.195,0.028,-0.181,0.069,0.111,0.153,0.416,0.274,0.199,0.156,0.085
0.161,0.185,0.024,-0.174,0.069,0.104,0.137,0.382,0.253,0.182,0.151,0.082
0.163,0.179,0.017,-0.171,0.073,0.098,0.122,0.346,0.230,0.166,0.136,0.073
0.165,0.175,0.010,-0.170,0.077,0.092,0.110,0.315,0.210,0.150,0.125,0.065
0.123,0.163,0.040,-0.143,0.042,0.101,0.102,0.287,0.190,0.134,0.117,0.057
0.112,0.154,0.042,-0.133,0.035,0.098,0.095,0.258,0.173,0.121,0.107,0.049
0.112,0.144,0.032,-0.129,0.040,0.087,0.084,0.234,0.157,0.109,0.093,0.041
0.104,0.133,0.029,-0.118,0.037,0.080,0.073,0.216,0.141,0.097,0.083,0.033
0.105,0.125,0.020,-0.115,0.042,0.072,0.065,0.195,0.125,0.085,0.075,0.025
0.097,0.113,0.016,-0.105,0.040,0.064,0.057,0.167,0.105,0.073,0.063,0.017
0.095,0.104,0.009,-0.100,0.043,0.056,0.052,0.138,0.088,0.060,0.054,0.008
0.093,0.094,0.001,-0.094,0.045,0.047,0.048,0.112,0.072,0.051,0.044,0.003
0.082,0.083,0.001,-0.082,0.040,0.041,0.044,0.089,0.057,0.042,0.033,-0.002
0.065,0.075,0.010,-0.070,0.027,0.042,0.040,0.070,0.045,0.030,0.025,-0.010
0.044,0.063,0.019,-0.053,0.012,0.041,0.036,0.058,0.033,0.022,0.013,-0.018
0.036,0.054,0.018,-0.045,0.009,0.035,0.032,0.046,0.021,0.011,0.004,-0.024
0.032,0.046,0.014,-0.039,0.009,0.029,0.028,0.036,0.009,0.000,-0.004,-0.024
0.023,0.039,0.015,-0.031,0.004,0.027,0.024,0.028,-0.002,-0.007,-0.011,-0.028
0.020,0.035,0.015,-0.028,0.002,0.025,0.020,0.015,-0.010,-0.015,-0.015,-0.045
0.020,0.031,0.011,-0.026,0.005,0.021,0.020,0.002,-0.018,-0.023,-0.019,-0.046
0.018,0.027,0.009,-0.022,0.004,0.018,0.020,-0.006,-0.029,-0.028,-0.026,-0.045
0.012,0.023,0.011,-0.018,0.001,0.016,0.020,-0.016,-0.039,-0.033,-0.032,-0.045
0.010,0.019,0.009,-0.015,0.000,0.014,0.020,-0.028,-0.047,-0.042,-0.036,-0.045
0.010,0.015,0.005,-0.013,0.002,0.010,0.020,-0.035,-0.055,-0.050,-0.040,-0.045
0.006,0.011,0.005,-0.009,0.000,0.007,0.020,-0.039,-0.052,-0.054,-0.040,-0.045
0.005,0.010,0.006,-0.008,0.000,0.007,0.021,-0.043,-0.047,-0.058,-0.038,-0.044
0.005,0.008,0.003,-0.007,0.001,0.005,0.018,-0.048,-0.057,-0.062,-0.045,-0.050
0.005,0.004,0.000,-0.005,0.002,0.002,0.015,-0.050,-0.073,-0.066,-0.057,-0.062
0.005,0.005,0.000,-0.005,0.002,0.002,0.015,-0.050,-0.075,-0.070,-0.060,-0.065
0.005,0.005,0.000,-0.005,0.002,0.002,0.015,-0.058,-0.075,-0.070,-0.060,-0.065
0.005,0.002,-0.003,-0.003,0.004,0.000,0.015,-0.064,-0.075,-0.073,-0.059,-0.065
0.005,-0.001,-0.006,-0.002,0.005,-0.003,0.015,-0.065,-0.075,-0.075,-0.062,-0.065
0.005,0.000,-0.005,-0.002,0.005,-0.002,0.015,-0.065,-0.075,-0.076,-0.065,-0.065
0.005,0.000,-0.005,-0.002,0.005,-0.002,0.015,-0.065,-0.075,-0.080,-0.065,-0.065
0.005,-0.004,-0.009,0.000,0.008,-0.006,0.015,-0.065,-0.075,-0.081,-0.065,-0.069
0.005,-0.006,-0.011,0.000,0.008,-0.008,0.012,-0.065,-0.078,-0.077,-0.068,-0.070
0.005,-0.004,-0.010,0.000,0.008,-0.006,0.009,-0.065,-0.081,-0.075,-0.071,-0.070
0.005,-0.006,-0.011,0.001,0.008,-0.008,0.010,-0.065,-0.080,-0.075,-0.070,-0.070
0.005,-0.010,-0.015,0.003,0.010,-0.012,0.010,-0.065,-0.080,-0.075,-0.070,-0.070
0.009,-0.010,-0.019,0.000,0.014,-0.014,0.010,-0.065,-0.084,-0.075,-0.070,-0.070
0.010,-0.013,-0.023,0.002,0.017,-0.018,0.010,-0.065,-0.085,-0.075,-0.070,-0.073
0.010,-0.016,-0.026,0.003,0.019,-0.021,0.010,-0.065,-0.085,-0.075,-0.070,-0.076
0.009,-0.015,-0.024,0.003,0.017,-0.019,0.010,-0.065,-0.084,-0.075,-0.070,-0.075
0.005,-0.015,-0.020,0.005,0.013,-0.017,0.010,-0.065,-0.080,-0.075,-0.070,-0.075
0.001,-0.019,-0.020,0.009,0.010,-0.019,0.010,-0.065,-0.080,-0.071,-0.070,-0.075
0.000,-0.021,-0.020,0.011,0.010,-0.020,0.007,-0.065,-0.080,-0.070,-0.070,-0.075
0.001,-0.019,-0.020,0.009,0.010,-0.020,0.004,-0.065,-0.080,-0.070,-0.070,-0.075
-0.001,-0.021,-0.020,0.011,0.010,-0.020,0.005,-0.065,-0.080,-0.070,-0.070,-0.076
-0.005,-0.025,-0.020,0.015,0.008,-0.022,0.005,-0.065,-0.080,-0.070,-0.070,-0.080
-0.005,-0.025,-0.020,0.015,0.008,-0.022,0.005,-0.065,-0.080,-0.070,-0.070,-0.080
-0.009,-0.025,-0.017,0.017,0.005,-0.021,0.005,-0.065,-0.080,-0.070,-0.070,-0.080
-0.009,-0.023,-0.014,0.016,0.003,-0.019,0.005,-0.065,-0.080,-0.070,-0.070,-0.079
-0.004,-0.020,-0.015,0.012,0.005,-0.017,0.005,-0.065,-0.080,-0.069,-0.071,-0.081
-0.005,-0.020,-0.015,0.013,0.005,-0.017,0.005,-0.065,-0.080,-0.065,-0.075,-0.090
-0.005,-0.020,-0.015,0.013,0.005,-0.017,0.001,-0.065,-0.080,-0.065,-0.080,-0.095
-0.004,-0.020,-0.016,0.013,0.006,-0.017,0.000,-0.065,-0.081,-0.065,-0.077,-0.092
-0.007,-0.020,-0.013,0.014,0.003,-0.016,0.000,-0.065,-0.078,-0.065,-0.074,-0.089
-0.010,-0.020,-0.010,0.015,0.000,-0.015,0.000,-0.065,-0.075,-0.065,-0.075,-0.090
-0.010,-0.020,-0.010,0.015,0.000,-0.015,0.000,-0.065,-0.075,-0.065,-0.075,-0.090
-0.010,-0.020,-0.010,0.015,0.000,-0.015,0.000,-0.061,-0.075,-0.065,-0.075,-0.090
-0.007,-0.017,-0.010,0.012,0.002,-0.013,0.000,-0.060,-0.075,-0.065,-0.075,-0.090
-0.005,-0.014,-0.010,0.010,0.003,-0.012,0.000,-0.060,-0.075,-0.065,-0.075,-0.090
-0.005,-0.015,-0.010,0.010,0.003,-0.012,-0.001,-0.060,-0.075,-0.066,-0.075,-0.090
-0.005,-0.015,-0.010,0.010,0.003,-0.012,-0.005,-0.060,-0.075,-0.070,-0.075,-0.090
-0.009,-0.015,-0.006,0.012,-0.001,-0.010,-0.005,-0.060,-0.075,-0.074,-0.075,-0.086
-0.010,-0.015,-0.005,0.013,-0.002,-0.010,-0.005,-0.060,-0.075,-0.078,-0.075,-0.085
-0.010,-0.015,-0.005,0.013,-0.002,-0.010,-0.005,-0.060,-0.075,-0.080,-0.075,-0.085
-0.010,-0.015,-0.005,0.013,-0.002,-0.010,-0.005,-0.060,-0.075,-0.080,-0.075,-0.085
-0.010,-0.015,-0.005,0.013,-0.002,-0.010,-0.005,-0.060,-0.075,-0.080,-0.075,-0.085
-0.005,-0.011,-0.005,0.009,0.000,-0.008,-0.005,-0.060,-0.075,-0.080,-0.071,-0.085
-0.008,-0.010,-0.002,0.009,-0.003,-0.006,-0.005,-0.057,-0.078,-0.079,-0.070,-0.085
-0.011,-0.010,0.001,0.010,-0.006,-0.005,-0.005,-0.054,-0.080,-0.082,-0.070,-0.085
-0.010,-0.010,0.000,0.010,-0.005,-0.005,-0.005,-0.055,-0.081,-0.085,-0.070,-0.084
-0.010,-0.010,0.000,0.010,-0.005,-0.005,-0.005,-0.055,-0.085,-0.085,-0.070,-0.080
-0.010,-0.010,0.000,0.010,-0.005,-0.005,-0.005,-0.055,-0.085,-0.085,-0.070,-0.080
-0.011,-0.010,0.001,0.010,-0.006,-0.005,-0.005,-0.055,-0.088,-0.085,-0.070,-0.080
-0.008,-0.010,-0.002,0.009,-0.003,-0.006,-0.005,-0.055,-0.090,-0.085,-0.070,-0.080
-0.013,-0.010,0.004,0.012,-0.008,-0.003,-0.005,-0.055,-0.091,-0.084,-0.070,-0.080
-0.030,-0.010,0.020,0.020,-0.025,0.005,-0.005,-0.055,-0.095,-0.080,-0.070,-0.080
-0.031,-0.014,0.017,0.022,-0.023,0.001,-0.005,-0.055,-0.095,-0.080,-0.070,-0.080
-0.029,-0.015,0.014,0.021,-0.021,0.000,-0.005,-0.054,-0.095,-0.080,-0.070,-0.080
-0.032,-0.017,0.015,0.024,-0.023,-0.001,-0.005,-0.058,-0.095,-0.080,-0.070,-0.080
-0.035,-0.020,0.015,0.027,-0.025,-0.002,-0.005,-0.067,-0.095,-0.080,-0.070,-0.081
-0.035,-0.020,0.015,0.027,-0.025,-0.002,-0.005,-0.070,-0.095,-0.080,-0.070,-0.085
-0.039,-0.024,0.015,0.031,-0.027,-0.004,-0.005,-0.074,-0.095,-0.080,-0.070,-0.085
-0.038,-0.026,0.012,0.032,-0.024,-0.007,-0.005,-0.078,-0.095,-0.080,-0.070,-0.085
-0.032,-0.023,0.009,0.028,-0.021,-0.006,-0.005,-0.080,-0.095,-0.080,-0.070,-0.085
-0.030,-0.020,0.010,0.025,-0.020,-0.005,-0.005,-0.080,-0.095,-0.080,-0.070,-0.085
-0.030,-0.020,0.010,0.025,-0.020,-0.005,-0.005,-0.080,-0.095,-0.080,-0.070,-0.085
-0.030,-0.020,0.010,0.025,-0.020,-0.005,-0.005,-0.080,-0.095,-0.080,-0.068,-0.085
-0.030,-0.020,0.010,0.025,-0.020,-0.005,-0.008,-0.080,-0.095,-0.080,-0.082,-0.085
-0.030,-0.020,0.010,0.025,-0.020,-0.005,-0.011,-0.080,-0.095,-0.080,-0.094,-0.085
-0.029,-0.020,0.009,0.025,-0.019,-0.005,-0.010,-0.081,-0.095,-0.080,-0.095,-0.085
-0.025,-0.020,0.005,0.022,-0.015,-0.007,-0.010,-0.085,-0.095,-0.080,-0.095,-0.085
-0.025,-0.020,0.005,0.022,-0.015,-0.007,-0.010,-0.090,-0.095,-0.080,-0.095,-0.085
-0.025,-0.020,0.005,0.022,-0.015,-0.007,-0.013,-0.087,-0.095,-0.080,-0.095,-0.085
-0.025,-0.020,0.005,0.022,-0.015,-0.007,-0.016,-0.084,-0.095,-0.080,-0.095,-0.085
-0.025,-0.020,0.005,0.022,-0.015,-0.007,-0.015,-0.085,-0.095,-0.080,-0.095,-0.085
-0.025,-0.020,0.005,0.022,-0.015,-0.007,-0.015,-0.085,-0.095,-0.080,-0.095,-0.085
-0.021,-0.020,0.001,0.021,-0.011,-0.010,-0.015,-0.085,-0.095,-0.080,-0.095,-0.085
-0.016,-0.017,0.000,0.017,-0.008,-0.008,-0.014,-0.085,-0.095,-0.080,-0.098,-0.085
-0.015,-0.014,0.000,0.015,-0.007,-0.007,-0.017,-0.084,-0.095,-0.080,-0.101,-0.085
-0.015,-0.015,0.000,0.015,-0.007,-0.007,-0.020,-0.086,-0.095,-0.080,-0.100,-0.085
-0.015,-0.015,0.000,0.015,-0.007,-0.007,-0.020,-0.095,-0.095,-0.080,-0.100,-0.085
-0.015,-0.015,0.000,0.015,-0.007,-0.007,-0.020,-0.099,-0.095,-0.080,-0.100,-0.085
-0.014,-0.015,-0.001,0.015,-0.006,-0.007,-0.019,-0.103,-0.098,-0.083,-0.100,-0.085
-0.018,-0.015,0.003,0.017,-0.010,-0.005,-0.022,-0.105,-0.101,-0.085,-0.100,-0.085
-0.027,-0.015,0.012,0.021,-0.019,-0.001,-0.025,-0.105,-0.100,-0.086,-0.100,-0.085
-0.030,-0.015,0.015,0.022,-0.022,0.000,-0.025,-0.105,-0.100,-0.090,-0.100,-0.085
-0.026,-0.015,0.011,0.020,-0.018,-0.002,-0.025,-0.105,-0.100,-0.090,-0.104,-0.085
-0.024,-0.015,0.010,0.020,-0.016,-0.002,-0.025,-0.108,-0.103,-0.093,-0.105,-0.088
-0.025,-0.015,0.010,0.020,-0.017,-0.002,-0.025,-0.111,-0.107,-0.095,-0.105,-0.092
-0.024,-0.014,0.010,0.019,-0.017,-0.001,-0.026,-0.110,-0.110,-0.096,-0.105,-0.095
-0.025,-0.015,0.010,0.020,-0.017,-0.002,-0.030,-0.110,-0.110,-0.100,-0.105,-0.095
-0.037,-0.031,0.006,0.034,-0.021,-0.013,-0.030,-0.110,-0.110,-0.100,-0.105,-0.095
-0.044,-0.040,0.005,0.042,-0.024,-0.017,-0.030,-0.113,-0.113,-0.100,-0.105,-0.095
-0.045,-0.040,0.005,0.042,-0.025,-0.017,-0.030,-0.116,-0.116,-0.100,-0.105,-0.095
-0.045,-0.040,0.005,0.042,-0.025,-0.017,-0.030,-0.115,-0.114,-0.100,-0.105,-0.095
-0.045,-0.040,0.005,0.042,-0.025,-0.017,-0.030,-0.115,-0.115,-0.100,-0.105,-0.095
-0.041,-0.040,0.001,0.040,-0.021,-0.020,-0.030,-0.115,-0.132,-0.100,-0.101,-0.095
-0.040,-0.040,0.000,0.040,-0.020,-0.020,-0.030,-0.118,-0.134,-0.100,-0.100,-0.095
-0.040,-0.040,0.000,0.040,-0.020,-0.020,-0.030,-0.121,-0.129,-0.100,-0.100,-0.095
-0.040,-0.040,0.000,0.040,-0.020,-0.020,-0.030,-0.120,-0.130,-0.100,-0.100,-0.095
-0.040,-0.040,0.000,0.040,-0.020,-0.020,-0.030,-0.120,-0.130,-0.100,-0.100,-0.095
-0.040,-0.040,0.000,0.040,-0.020,-0.020,-0.030,-0.120,-0.130,-0.100,-0.100,-0.095
-0.037,-0.040,-0.003,0.039,-0.017,-0.021,-0.029,-0.119,-0.130,-0.099,-0.100,-0.095
-0.034,-0.040,-0.006,0.038,-0.014,-0.022,-0.032,-0.122,-0.130,-0.102,-0.100,-0.095
-0.035,-0.040,-0.005,0.038,-0.015,-0.022,-0.035,-0.125,-0.130,-0.105,-0.100,-0.095
-0.035,-0.040,-0.005,0.038,-0.015,-0.022,-0.035,-0.125,-0.130,-0.105,-0.100,-0.095
-0.035,-0.040,-0.005,0.038,-0.015,-0.022,-0.035,-0.125,-0.126,-0.105,-0.100,-0.095
-0.032,-0.040,-0.008,0.036,-0.012,-0.024,-0.035,-0.125,-0.125,-0.105,-0.100,-0.095
-0.029,-0.040,-0.011,0.035,-0.009,-0.025,-0.035,-0.125,-0.125,-0.105,-0.100,-0.095
-0.030,-0.040,-0.010,0.035,-0.010,-0.025,-0.035,-0.125,-0.125,-0.105,-0.100,-0.095
-0.030,-0.040,-0.010,0.035,-0.010,-0.025,-0.035,-0.125,-0.125,-0.105,-0.100,-0.095
-0.030,-0.040,-0.010,0.035,-0.010,-0.025,-0.035,-0.125,-0.125,-0.105,-0.100,-0.094
-0.030,-0.040,-0.010,0.035,-0.010,-0.025,-0.035,-0.125,-0.125,-0.105,-0.100,-0.102
-0.030,-0.040,-0.010,0.035,-0.010,-0.025,-0.035,-0.125,-0.125,-0.105,-0.100,-0.104
-0.030,-0.040,-0.010,0.035,-0.010,-0.025,-0.035,-0.125,-0.124,-0.105,-0.100,-0.099
-0.030,-0.040,-0.010,0.035,-0.010,-0.025,-0.035,-0.125,-0.120,-0.105,-0.100,-0.100
-0.030,-0.040,-0.010,0.035,-0.010,-0.025,-0.035,-0.125,-0.120,-0.105,-0.100,-0.100
-0.030,-0.040,-0.010,0.035,-0.010,-0.025,-0.032,-0.125,-0.120,-0.108,-0.100,-0.100
-0.030,-0.040,-0.010,0.035,-0.010,-0.025,-0.029,-0.125,-0.120,-0.111,-0.100,-0.100
-0.031,-0.041,-0.010,0.036,-0.010,-0.025,-0.030,-0.125,-0.120,-0.110,-0.100,-0.100
-0.035,-0.045,-0.010,0.040,-0.012,-0.027,-0.030,-0.125,-0.120,-0.110,-0.100,-0.100
-0.035,-0.045,-0.010,0.040,-0.012,-0.027,-0.030,-0.125,-0.120,-0.110,-0.100,-0.100
-0.035,-0.045,-0.010,0.040,-0.012,-0.027,-0.030,-0.125,-0.120,-0.110,-0.099,-0.097
-0.035,-0.045,-0.010,0.040,-0.012,-0.027,-0.030,-0.125,-0.120,-0.110,-0.102,-0.094
-0.035,-0.045,-0.010,0.040,-0.012,-0.027,-0.030,-0.125,-0.119,-0.110,-0.105,-0.095
-0.035,-0.045,-0.010,0.040,-0.012,-0.027,-0.030,-0.125,-0.115,-0.110,-0.105,-0.095
-0.031,-0.045,-0.014,0.038,-0.008,-0.030,-0.026,-0.125,-0.115,-0.110,-0.105,-0.095
-0.030,-0.044,-0.015,0.038,-0.007,-0.030,-0.025,-0.125,-0.115,-0.110,-0.105,-0.095
-0.030,-0.047,-0.017,0.039,-0.006,-0.032,-0.025,-0.125,-0.115,-0.110,-0.105,-0.095
-0.030,-0.050,-0.021,0.040,-0.005,-0.035,-0.025,-0.125,-0.115,-0.110,-0.105,-0.095
-0.030,-0.050,-0.020,0.040,-0.005,-0.035,-0.025,-0.125,-0.115,-0.110,-0.105,-0.095
-0.030,-0.050,-0.019,0.040,-0.005,-0.035,-0.025,-0.125,-0.115,-0.114,-0.105,-0.091
-0.027,-0.050,-0.023,0.039,-0.002,-0.036,-0.025,-0.125,-0.116,-0.115,-0.108,-0.090
-0.025,-0.050,-0.025,0.038,0.000,-0.037,-0.025,-0.125,-0.113,-0.115,-0.111,-0.090
-0.024,-0.050,-0.026,0.038,0.001,-0.037,-0.024,-0.125,-0.110,-0.115,-0.110,-0.090
-0.020,-0.050,-0.030,0.035,0.005,-0.040,-0.020,-0.125,-0.110,-0.115,-0.110,-0.090
-0.019,-0.050,-0.030,0.034,0.005,-0.040,-0.020,-0.125,-0.110,-0.115,-0.110,-0.090
-0.023,-0.053,-0.029,0.038,0.003,-0.041,-0.020,-0.128,-0.110,-0.115,-0.110,-0.090
-0.025,-0.057,-0.032,0.041,0.004,-0.044,-0.020,-0.131,-0.110,-0.115,-0.110,-0.090
-0.026,-0.061,-0.035,0.044,0.005,-0.048,-0.020,-0.130,-0.110,-0.115,-0.110,-0.090
-0.030,-0.065,-0.035,0.048,0.003,-0.050,-0.020,-0.130,-0.110,-0.115,-0.110,-0.090
-0.026,-0.065,-0.039,0.045,0.007,-0.051,-0.020,-0.130,-0.110,-0.115,-0.114,-0.098
-0.027,-0.068,-0.041,0.048,0.007,-0.054,-0.020,-0.130,-0.107,-0.115,-0.115,-0.104
-0.032,-0.071,-0.039,0.051,0.004,-0.055,-0.020,-0.130,-0.104,-0.115,-0.115,-0.105
-0.028,-0.069,-0.041,0.049,0.006,-0.055,-0.020,-0.130,-0.105,-0.116,-0.115,-0.105
-0.020,-0.065,-0.045,0.043,0.013,-0.055,-0.020,-0.130,-0.105,-0.120,-0.115,-0.105
-0.020,-0.065,-0.045,0.043,0.013,-0.055,-0.020,-0.130,-0.105,-0.120,-0.115,-0.105
-0.020,-0.065,-0.045,0.043,0.013,-0.055,-0.020,-0.130,-0.105,-0.120,-0.115,-0.105
-0.022,-0.065,-0.043,0.044,0.011,-0.054,-0.020,-0.130,-0.105,-0.120,-0.115,-0.105
-0.026,-0.065,-0.040,0.045,0.007,-0.052,-0.020,-0.130,-0.105,-0.120,-0.115,-0.105
-0.025,-0.065,-0.040,0.045,0.008,-0.052,-0.020,-0.130,-0.105,-0.120,-0.115,-0.105
-0.024,-0.065,-0.040,0.045,0.009,-0.052,-0.020,-0.130,-0.105,-0.120,-0.115,-0.105
-0.029,-0.066,-0.037,0.047,0.005,-0.051,-0.020,-0.130,-0.108,-0.120,-0.115,-0.104
-0.029,-0.063,-0.035,0.046,0.003,-0.049,-0.020,-0.130,-0.110,-0.120,-0.115,-0.107
-0.025,-0.060,-0.035,0.043,0.005,-0.047,-0.020,-0.130,-0.111,-0.120,-0.115,-0.110
-0.025,-0.060,-0.035,0.043,0.005,-0.047,-0.020,-0.130,-0.115,-0.120,-0.115,-0.110
-0.025,-0.060,-0.035,0.043,0.005,-0.047,-0.020,-0.130,-0.115,-0.120,-0.115,-0.110
-0.028,-0.060,-0.032,0.044,0.002,-0.046,-0.020,-0.130,-0.119,-0.120,-0.115,-0.110
-0.031,-0.060,-0.029,0.045,-0.001,-0.045,-0.020,-0.130,-0.119,-0.120,-0.115,-0.110
-0.030,-0.060,-0.030,0.045,0.000,-0.045,-0.020,-0.130,-0.114,-0.120,-0.115,-0.110
-0.030,-0.060,-0.030,0.045,0.000,-0.045,-0.020,-0.130,-0.115,-0.120,-0.115,-0.110
-0.030,-0.060,-0.030,0.045,0.000,-0.045,-0.020,-0.130,-0.115,-0.120,-0.115,-0.110
-0.030,-0.057,-0.027,0.044,-0.001,-0.042,-0.020,-0.130,-0.116,-0.120,-0.115,-0.110
-0.030,-0.054,-0.024,0.043,-0.002,-0.039,-0.020,-0.130,-0.113,-0.120,-0.115,-0.110
-0.030,-0.055,-0.025,0.043,-0.002,-0.040,-0.020,-0.129,-0.110,-0.120,-0.115,-0.109
-0.030,-0.055,-0.025,0.043,-0.002,-0.040,-0.020,-0.125,-0.110,-0.120,-0.115,-0.105
-0.034,-0.055,-0.021,0.045,-0.006,-0.037,-0.019,-0.125,-0.110,-0.120,-0.115,-0.105
-0.035,-0.055,-0.020,0.045,-0.007,-0.037,-0.025,-0.125,-0.111,-0.120,-0.115,-0.105
-0.035,-0.055,-0.020,0.045,-0.007,-0.037,-0.033,-0.125,-0.108,-0.120,-0.115,-0.105
-0.035,-0.055,-0.020,0.045,-0.007,-0.037,-0.034,-0.125,-0.105,-0.120,-0.115,-0.104
-0.035,-0.055,-0.020,0.045,-0.007,-0.037,-0.030,-0.125,-0.105,-0.120,-0.115,-0.100
-0.039,-0.055,-0.016,0.047,-0.011,-0.035,-0.030,-0.125,-0.105,-0.120,-0.115,-0.100
-0.044,-0.058,-0.015,0.051,-0.014,-0.036,-0.030,-0.125,-0.105,-0.117,-0.115,-0.100
-0.045,-0.061,-0.015,0.053,-0.015,-0.037,-0.030,-0.125,-0.105,-0.115,-0.115,-0.100
-0.045,-0.060,-0.015,0.053,-0.015,-0.037,-0.030,-0.125,-0.104,-0.114,-0.115,-0.099
-0.045,-0.060,-0.015,0.053,-0.015,-0.037,-0.030,-0.125,-0.100,-0.110,-0.115,-0.095
-0.037,-0.060,-0.023,0.049,-0.007,-0.041,-0.030,-0.125,-0.100,-0.110,-0.115,-0.095
-0.029,-0.060,-0.031,0.045,0.001,-0.045,-0.030,-0.125,-0.100,-0.111,-0.116,-0.095
-0.021,-0.060,-0.039,0.041,0.009,-0.049,-0.030,-0.125,-0.100,-0.108,-0.113,-0.095
-0.014,-0.061,-0.047,0.038,0.017,-0.053,-0.030,-0.125,-0.099,-0.105,-0.110,-0.095
-0.010,-0.065,-0.055,0.038,0.023,-0.060,-0.030,-0.125,-0.095,-0.105,-0.110,-0.095
-0.009,-0.069,-0.060,0.039,0.025,-0.064,-0.030,-0.125,-0.095,-0.105,-0.106,-0.091
-0.013,-0.073,-0.060,0.043,0.023,-0.066,-0.030,-0.125,-0.095,-0.102,-0.105,-0.090
-0.014,-0.076,-0.062,0.045,0.024,-0.069,-0.030,-0.125,-0.095,-0.099,-0.103,-0.090
-0.008,-0.073,-0.065,0.041,0.029,-0.069,-0.030,-0.125,-0.095,-0.100,-0.100,-0.090
0.000,-0.065,-0.065,0.033,0.033,-0.065,-0.030,-0.125,-0.095,-0.100,-0.100,-0.090
0.008,-0.061,-0.069,0.027,0.038,-0.065,-0.031,-0.126,-0.091,-0.096,-0.096,-0.086
0.018,-0.054,-0.072,0.018,0.045,-0.063,-0.025,-0.117,-0.089,-0.094,-0.095,-0.085
0.017,-0.048,-0.065,0.016,0.041,-0.057,-0.016,-0.105,-0.091,-0.096,-0.093,-0.085
0.008,-0.043,-0.052,0.018,0.031,-0.047,-0.008,-0.098,-0.089,-0.094,-0.090,-0.085
0.005,-0.035,-0.040,0.015,0.023,-0.037,0.000,-0.090,-0.085,-0.090,-0.090,-0.085
-0.002,-0.030,-0.028,0.017,0.013,-0.029,0.008,-0.082,-0.085,-0.090,-0.086,-0.085
-0.015,-0.030,-0.015,0.022,0.000,-0.022,0.016,-0.074,-0.085,-0.087,-0.085,-0.082
-0.023,-0.030,-0.007,0.027,-0.008,-0.018,0.024,-0.066,-0.085,-0.084,-0.085,-0.079
-0.025,-0.030,-0.005,0.028,-0.010,-0.017,0.031,-0.058,-0.084,-0.085,-0.085,-0.080
-0.025,-0.030,-0.005,0.028,-0.010,-0.017,0.035,-0.055,-0.080,-0.085,-0.085,-0.080
-0.025,-0.030,-0.005,0.028,-0.010,-0.017,0.039,-0.055,-0.080,-0.081,-0.085,-0.080
-0.025,-0.030,-0.005,0.028,-0.010,-0.017,0.040,-0.052,-0.081,-0.080,-0.085,-0.081
-0.025,-0.030,-0.005,0.028,-0.010,-0.017,0.040,-0.049,-0.078,-0.078,-0.085,-0.078
-0.025,-0.030,-0.005,0.028,-0.010,-0.017,0.040,-0.050,-0.075,-0.075,-0.085,-0.075
-0.025,-0.030,-0.005,0.028,-0.010,-0.017,0.040,-0.050,-0.075,-0.075,-0.085,-0.075
-0.025,-0.030,-0.005,0.028,-0.010,-0.017,0.040,-0.046,-0.075,-0.075,-0.085,-0.075
-0.025,-0.030,-0.005,0.028,-0.010,-0.017,0.039,-0.044,-0.074,-0.078,-0.084,-0.075
-0.025,-0.030,-0.005,0.028,-0.010,-0.017,0.043,-0.046,-0.077,-0.081,-0.087,-0.075
-0.025,-0.029,-0.005,0.027,-0.010,-0.016,0.052,-0.044,-0.080,-0.080,-0.090,-0.075
-0.020,-0.025,-0.005,0.023,-0.007,-0.015,0.055,-0.040,-0.080,-0.080,-0.090,-0.075
-0.012,-0.025,-0.013,0.019,0.001,-0.019,0.047,-0.040,-0.080,-0.080,-0.090,-0.071
-0.004,-0.022,-0.018,0.013,0.007,-0.020,0.041,-0.041,-0.080,-0.080,-0.090,-0.070
0.005,-0.019,-0.024,0.007,0.014,-0.022,0.039,-0.038,-0.080,-0.080,-0.090,-0.070
0.011,-0.020,-0.031,0.005,0.021,-0.026,0.033,-0.035,-0.080,-0.080,-0.090,-0.070
0.015,-0.020,-0.035,0.003,0.025,-0.027,0.025,-0.035,-0.080,-0.080,-0.090,-0.070
0.028,-0.016,-0.043,-0.005,0.036,-0.029,0.021,-0.034,-0.080,-0.080,-0.090,-0.070
0.033,-0.015,-0.048,-0.009,0.041,-0.031,0.018,-0.045,-0.083,-0.079,-0.093,-0.067
0.041,-0.013,-0.054,-0.014,0.048,-0.033,0.009,-0.065,-0.086,-0.082,-0.096,-0.064
0.052,-0.010,-0.061,-0.021,0.056,-0.035,-0.002,-0.076,-0.085,-0.085,-0.095,-0.065
0.055,-0.010,-0.065,-0.022,0.060,-0.037,-0.010,-0.080,-0.085,-0.085,-0.095,-0.065
0.064,-0.009,-0.073,-0.027,0.068,-0.041,-0.022,-0.095,-0.085,-0.085,-0.095,-0.065
0.064,-0.016,-0.079,-0.024,0.072,-0.047,-0.031,-0.114,-0.085,-0.085,-0.095,-0.065
0.056,-0.023,-0.078,-0.016,0.067,-0.051,-0.041,-0.123,-0.085,-0.085,-0.095,-0.064
0.049,-0.026,-0.075,-0.011,0.062,-0.050,-0.052,-0.125,-0.084,-0.085,-0.095,-0.066
0.045,-0.030,-0.075,-0.007,0.060,-0.052,-0.060,-0.125,-0.085,-0.085,-0.095,-0.075
0.037,-0.034,-0.071,-0.001,0.054,-0.052,-0.077,-0.125,-0.101,-0.085,-0.099,-0.079
0.032,-0.039,-0.070,0.003,0.051,-0.054,-0.079,-0.128,-0.110,-0.085,-0.100,-0.083
0.028,-0.040,-0.068,0.006,0.048,-0.054,-0.074,-0.131,-0.110,-0.085,-0.100,-0.085
0.024,-0.041,-0.065,0.009,0.044,-0.052,-0.075,-0.130,-0.110,-0.086,-0.100,-0.085
0.020,-0.045,-0.065,0.013,0.043,-0.055,-0.075,-0.130,-0.110,-0.090,-0.100,-0.085
0.016,-0.045,-0.061,0.014,0.039,-0.052,-0.071,-0.134,-0.110,-0.090,-0.100,-0.085
0.012,-0.048,-0.060,0.018,0.036,-0.054,-0.070,-0.138,-0.110,-0.093,-0.100,-0.085
0.008,-0.050,-0.058,0.021,0.033,-0.054,-0.070,-0.142,-0.109,-0.095,-0.100,-0.084
0.003,-0.051,-0.055,0.024,0.029,-0.052,-0.070,-0.146,-0.111,-0.096,-0.100,-0.087
-0.005,-0.060,-0.055,0.033,0.025,-0.057,-0.070,-0.150,-0.120,-0.100,-0.100,-0.100
-0.014,-0.065,-0.051,0.040,0.019,-0.058,-0.066,-0.150,-0.128,-0.104,-0.104,-0.105
-0.015,-0.062,-0.046,0.039,0.016,-0.054,-0.065,-0.150,-0.133,-0.109,-0.108,-0.104
-0.032,-0.077,-0.045,0.055,0.007,-0.061,-0.065,-0.150,-0.137,-0.110,-0.112,-0.108
-0.052,-0.097,-0.044,0.075,-0.004,-0.071,-0.065,-0.151,-0.140,-0.111,-0.115,-0.116
-0.050,-0.090,-0.040,0.070,-0.005,-0.065,-0.065,-0.155,-0.140,-0.115,-0.115,-0.120
-0.054,-0.089,-0.036,0.072,-0.009,-0.062,-0.061,-0.155,-0.140,-0.115,-0.119,-0.124
-0.058,-0.091,-0.034,0.075,-0.012,-0.062,-0.059,-0.155,-0.143,-0.118,-0.123,-0.125
-0.064,-0.103,-0.038,0.084,-0.012,-0.071,-0.061,-0.155,-0.145,-0.120,-0.129,-0.125
-0.070,-0.117,-0.047,0.094,-0.011,-0.082,-0.059,-0.155,-0.145,-0.121,-0.137,-0.125
-0.070,-0.120,-0.050,0.095,-0.010,-0.085,-0.055,-0.155,-0.145,-0.125,-0.140,-0.125
-0.072,-0.120,-0.048,0.096,-0.012,-0.084,-0.055,-0.155,-0.143,-0.129,-0.136,-0.129
-0.054,-0.120,-0.066,0.087,0.006,-0.093,-0.055,-0.152,-0.158,-0.133,-0.135,-0.130
-0.046,-0.120,-0.074,0.084,0.014,-0.097,-0.055,-0.149,-0.165,-0.135,-0.135,-0.130
-0.057,-0.120,-0.063,0.089,0.003,-0.091,-0.054,-0.150,-0.159,-0.135,-0.135,-0.130
-0.060,-0.120,-0.060,0.090,0.000,-0.090,-0.050,-0.150,-0.160,-0.135,-0.135,-0.130
-0.064,-0.120,-0.056,0.092,-0.004,-0.088,-0.050,-0.150,-0.161,-0.135,-0.135,-0.130
-0.068,-0.119,-0.052,0.094,-0.008,-0.085,-0.050,-0.150,-0.157,-0.135,-0.135,-0.130
-0.074,-0.122,-0.048,0.098,-0.013,-0.085,-0.050,-0.150,-0.155,-0.135,-0.135,-0.130
-0.082,-0.125,-0.044,0.104,-0.019,-0.084,-0.049,-0.150,-0.155,-0.135,-0.135,-0.131
-0.085,-0.125,-0.040,0.105,-0.022,-0.082,-0.045,-0.150,-0.155,-0.135,-0.135,-0.135
-0.081,-0.125,-0.044,0.103,-0.018,-0.084,-0.045,-0.150,-0.155,-0.135,-0.135,-0.135
-0.080,-0.125,-0.046,0.103,-0.017,-0.085,-0.045,-0.150,-0.152,-0.135,-0.135,-0.135
-0.080,-0.125,-0.045,0.103,-0.017,-0.085,-0.045,-0.150,-0.149,-0.135,-0.135,-0.135
-0.080,-0.125,-0.045,0.103,-0.017,-0.085,-0.045,-0.150,-0.150,-0.135,-0.135,-0.135
-0.080,-0.125,-0.045,0.103,-0.017,-0.085,-0.045,-0.150,-0.150,-0.135,-0.135,-0.135
-0.080,-0.125,-0.045,0.103,-0.017,-0.085,-0.041,-0.146,-0.150,-0.135,-0.135,-0.135
-0.083,-0.128,-0.045,0.106,-0.019,-0.086,-0.040,-0.145,-0.147,-0.135,-0.135,-0.134
-0.086,-0.131,-0.045,0.109,-0.020,-0.087,-0.040,-0.145,-0.144,-0.135,-0.135,-0.137
-0.085,-0.130,-0.045,0.108,-0.020,-0.087,-0.040,-0.145,-0.145,-0.135,-0.135,-0.140
-0.085,-0.130,-0.045,0.108,-0.020,-0.087,-0.040,-0.145,-0.145,-0.135,-0.135,-0.140
-0.085,-0.130,-0.045,0.108,-0.020,-0.087,-0.040,-0.145,-0.141,-0.135,-0.135,-0.140
-0.085,-0.130,-0.045,0.108,-0.020,-0.087,-0.041,-0.145,-0.140,-0.135,-0.135,-0.140
-0.085,-0.130,-0.045,0.108,-0.020,-0.087,-0.038,-0.145,-0.140,-0.135,-0.135,-0.140
-0.084,-0.130,-0.046,0.107,-0.019,-0.087,-0.035,-0.145,-0.140,-0.135,-0.135,-0.140
-0.080,-0.130,-0.050,0.105,-0.015,-0.090,-0.035,-0.145,-0.140,-0.135,-0.135,-0.140
-0.080,-0.130,-0.050,0.105,-0.015,-0.090,-0.035,-0.145,-0.136,-0.135,-0.135,-0.140
-0.077,-0.127,-0.050,0.102,-0.013,-0.088,-0.035,-0.145,-0.135,-0.135,-0.136,-0.141
-0.074,-0.124,-0.050,0.099,-0.012,-0.087,-0.035,-0.145,-0.135,-0.135,-0.133,-0.138
-0.075,-0.125,-0.050,0.100,-0.012,-0.087,-0.034,-0.145,-0.135,-0.134,-0.130,-0.135
-0.075,-0.125,-0.050,0.100,-0.012,-0.087,-0.030,-0.145,-0.135,-0.130,-0.130,-0.135
-0.075,-0.125,-0.050,0.100,-0.012,-0.087,-0.030,-0.145,-0.131,-0.130,-0.130,-0.131
-0.076,-0.126,-0.050,0.101,-0.012,-0.087,-0.030,-0.145,-0.130,-0.127,-0.127,-0.130
-0.073,-0.123,-0.050,0.098,-0.011,-0.086,-0.030,-0.145,-0.128,-0.125,-0.125,-0.128
-0.070,-0.120,-0.050,0.095,-0.010,-0.085,-0.030,-0.145,-0.124,-0.124,-0.125,-0.124
-0.070,-0.120,-0.050,0.095,-0.010,-0.085,-0.030,-0.145,-0.125,-0.120,-0.125,-0.125
-0.070,-0.120,-0.050,0.095,-0.010,-0.085,-0.030,-0.145,-0.126,-0.120,-0.125,-0.126
-0.069,-0.120,-0.051,0.094,-0.009,-0.085,-0.027,-0.145,-0.122,-0.121,-0.122,-0.122
-0.074,-0.121,-0.047,0.098,-0.014,-0.084,-0.025,-0.145,-0.120,-0.118,-0.119,-0.120
-0.080,-0.118,-0.038,0.099,-0.021,-0.078,-0.024,-0.145,-0.119,-0.115,-0.120,-0.119
-0.075,-0.105,-0.030,0.090,-0.022,-0.067,-0.020,-0.145,-0.115,-0.115,-0.120,-0.115
-0.075,-0.097,-0.022,0.086,-0.026,-0.059,-0.020,-0.146,-0.115,-0.111,-0.116,-0.115
-0.071,-0.086,-0.015,0.078,-0.028,-0.050,-0.017,-0.137,-0.116,-0.110,-0.115,-0.112
-0.073,-0.076,-0.003,0.074,-0.035,-0.039,-0.016,-0.124,-0.112,-0.108,-0.115,-0.109
-0.081,-0.067,0.014,0.074,-0.048,-0.026,-0.012,-0.111,-0.103,-0.104,-0.116,-0.111
-0.085,-0.055,0.030,0.070,-0.057,-0.012,0.005,-0.100,-0.095,-0.105,-0.115,-0.110
-0.094,-0.047,0.047,0.070,-0.070,0.000,0.021,-0.096,-0.086,-0.108,-0.099,-0.098
-0.095,-0.039,0.057,0.067,-0.076,0.009,0.039,-0.049,-0.087,-0.085,-0.087,-0.089
-0.112,-0.033,0.079,0.072,-0.095,0.023,0.060,0.014,-0.059,-0.059,-0.069,-0.079
-0.122,-0.028,0.094,0.075,-0.108,0.032,0.079,0.071,-0.002,-0.031,-0.044,-0.068
-0.095,-0.020,0.075,0.057,-0.085,0.027,0.100,0.155,0.050,0.015,-0.020,-0.060
-0.081,-0.016,0.065,0.048,-0.072,0.024,0.134,0.281,0.124,0.058,0.008,-0.048
-0.044,-0.009,0.035,0.026,-0.039,0.013,0.180,0.403,0.205,0.113,0.036,-0.038
0.000,-0.002,-0.002,0.001,0.001,-0.002,0.228,0.437,0.269,0.161,0.065,-0.015
0.034,0.000,-0.034,-0.016,0.034,-0.016,0.242,0.409,0.316,0.201,0.099,0.017
0.075,-0.005,-0.080,-0.035,0.078,-0.042,0.210,0.395,0.375,0.260,0.145,0.045
0.135,-0.014,-0.149,-0.060,0.142,-0.081,0.188,0.375,0.468,0.344,0.207,0.092
0.225,0.021,-0.205,-0.123,0.215,-0.092,0.132,0.382,0.542,0.422,0.284,0.145
0.305,0.063,-0.242,-0.183,0.273,-0.090,0.009,0.290,0.598,0.503,0.365,0.210
0.376,0.113,-0.263,-0.244,0.319,-0.074,-0.185,0.056,0.645,0.592,0.454,0.291
0.475,0.210,-0.265,-0.342,0.370,-0.027,-0.395,-0.165,0.700,0.690,0.565,0.385
0.577,0.313,-0.264,-0.444,0.421,0.024,-0.526,-0.268,0.809,0.821,0.693,0.493
0.696,0.427,-0.269,-0.561,0.482,0.079,-0.697,-0.445,0.901,0.953,0.821,0.599
0.791,0.538,-0.253,-0.664,0.521,0.143,-0.915,-0.597,1.047,1.125,0.981,0.733
0.867,0.577,-0.289,-0.721,0.578,0.144,-1.090,-0.626,1.201,1.274,1.118,0.850
0.960,0.495,-0.465,-0.727,0.712,0.015,-1.190,-0.620,1.215,1.285,1.135,0.875
1.035,0.366,-0.669,-0.700,0.852,-0.151,-1.290,-0.632,1.124,1.214,1.085,0.860
1.112,0.288,-0.824,-0.699,0.968,-0.268,-1.385,-0.714,0.933,1.078,1.033,0.843
1.068,0.227,-0.842,-0.647,0.955,-0.307,-1.441,-0.837,0.730,0.943,0.985,0.824
0.948,0.170,-0.778,-0.559,0.863,-0.304,-1.430,-0.934,0.582,0.850,0.932,0.800
0.885,0.155,-0.730,-0.520,0.807,-0.287,-1.360,-0.995,0.455,0.775,0.880,0.780
0.764,0.145,-0.620,-0.454,0.692,-0.238,-1.276,-1.076,0.292,0.665,0.810,0.746
0.635,0.083,-0.552,-0.358,0.593,-0.235,-1.193,-1.150,0.089,0.506,0.690,0.663
0.515,0.001,-0.513,-0.258,0.514,-0.255,-1.122,-1.300,-0.160,0.309,0.536,0.558
0.396,-0.075,-0.472,-0.161,0.434,-0.273,-1.068,-1.409,-0.386,0.124,0.384,0.461
0.300,-0.150,-0.450,-0.075,0.375,-0.300,-1.010,-1.330,-0.495,0.005,0.265,0.375
0.245,-0.183,-0.428,-0.031,0.337,-0.305,-0.913,-1.278,-0.517,-0.056,0.190,0.305
0.203,-0.183,-0.386,-0.010,0.295,-0.284,-0.796,-1.165,-0.500,-0.117,0.133,0.245
0.155,-0.179,-0.335,0.012,0.245,-0.257,-0.675,-1.008,-0.483,-0.162,0.075,0.183
0.119,-0.179,-0.299,0.030,0.209,-0.239,-0.565,-0.865,-0.463,-0.169,0.025,0.128
0.110,-0.175,-0.285,0.033,0.198,-0.230,-0.480,-0.735,-0.425,-0.160,-0.005,0.090
0.094,-0.175,-0.270,0.041,0.182,-0.222,-0.420,-0.623,-0.389,-0.156,-0.039,0.053
0.080,-0.172,-0.252,0.047,0.166,-0.211,-0.359,-0.541,-0.353,-0.152,-0.052,0.028
0.071,-0.170,-0.241,0.050,0.156,-0.205,-0.306,-0.466,-0.317,-0.148,-0.063,0.012
0.054,-0.169,-0.223,0.058,0.138,-0.196,-0.246,-0.377,-0.281,-0.144,-0.086,-0.004
0.015,-0.165,-0.180,0.075,0.098,-0.172,-0.165,-0.290,-0.240,-0.140,-0.100,-0.015
-0.028,-0.165,-0.137,0.097,0.055,-0.151,-0.112,-0.229,-0.199,-0.136,-0.096,-0.023
-0.040,-0.162,-0.121,0.101,0.041,-0.141,-0.062,-0.172,-0.171,-0.129,-0.094,-0.034
-0.043,-0.160,-0.117,0.101,0.037,-0.138,-0.023,-0.123,-0.149,-0.121,-0.095,-0.044
-0.051,-0.159,-0.108,0.105,0.028,-0.133,0.001,-0.085,-0.132,-0.113,-0.095,-0.053
-0.055,-0.155,-0.100,0.105,0.023,-0.127,0.025,-0.050,-0.125,-0.105,-0.095,-0.065
-0.063,-0.155,-0.092,0.109,0.015,-0.123,0.047,-0.033,-0.121,-0.097,-0.095,-0.073
-0.068,-0.152,-0.084,0.110,0.008,-0.118,0.054,-0.019,-0.118,-0.089,-0.095,-0.079
-0.072,-0.148,-0.076,0.110,0.002,-0.112,0.056,-0.002,-0.111,-0.080,-0.095,-0.080
-0.076,-0.144,-0.068,0.110,-0.003,-0.106,0.062,0.013,-0.104,-0.083,-0.095,-0.081
-0.075,-0.140,-0.065,0.108,-0.005,-0.102,0.070,0.025,-0.100,-0.100,-0.095,-0.085
-0.071,-0.136,-0.065,0.104,-0.003,-0.100,0.073,0.034,-0.096,-0.097,-0.095,-0.085
-0.066,-0.131,-0.065,0.099,0.000,-0.098,0.089,0.037,-0.089,-0.094,-0.095,-0.088
-0.066,-0.131,-0.065,0.099,-0.001,-0.097,0.110,0.047,-0.080,-0.096,-0.095,-0.091
-0.063,-0.128,-0.065,0.096,0.001,-0.096,0.122,0.063,-0.074,-0.094,-0.095,-0.088
-0.050,-0.115,-0.065,0.083,0.008,-0.090,0.125,0.070,-0.070,-0.090,-0.095,-0.080
-0.043,-0.104,-0.061,0.074,0.009,-0.082,0.125,0.081,-0.062,-0.090,-0.095,-0.076
-0.023,-0.083,-0.060,0.053,0.018,-0.071,0.129,0.095,-0.053,-0.091,-0.096,-0.073
0.002,-0.058,-0.060,0.028,0.031,-0.059,0.129,0.103,-0.048,-0.087,-0.090,-0.066
0.027,-0.033,-0.060,0.003,0.044,-0.046,0.133,0.115,-0.043,-0.078,-0.077,-0.059
0.055,-0.005,-0.060,-0.025,0.058,-0.032,0.155,0.140,-0.035,-0.070,-0.070,-0.055
0.079,0.019,-0.060,-0.049,0.069,-0.020,0.173,0.146,-0.027,-0.062,-0.062,-0.050
0.106,0.046,-0.061,-0.076,0.083,-0.007,0.177,0.144,-0.019,-0.054,-0.054,-0.053
0.116,0.058,-0.058,-0.086,0.087,0.000,0.188,0.164,-0.011,-0.046,-0.046,-0.056
0.118,0.064,-0.055,-0.090,0.086,0.004,0.201,0.189,-0.003,-0.037,-0.037,-0.055
0.135,0.080,-0.055,-0.107,0.095,0.012,0.195,0.190,0.005,-0.030,-0.030,-0.055
0.128,0.073,-0.055,-0.100,0.092,0.008,0.195,0.194,0.014,-0.034,-0.034,-0.055
0.121,0.066,-0.055,-0.093,0.087,0.005,0.195,0.199,0.016,-0.036,-0.036,-0.055
0.119,0.064,-0.055,-0.091,0.087,0.004,0.195,0.200,0.015,-0.035,-0.034,-0.055
0.112,0.058,-0.054,-0.085,0.083,0.001,0.195,0.201,0.015,-0.035,-0.036,-0.055
0.100,0.050,-0.050,-0.075,0.075,0.000,0.195,0.205,0.015,-0.035,-0.040,-0.055
0.095,0.046,-0.050,-0.071,0.072,-0.002,0.195,0.204,0.015,-0.039,-0.040,-0.055
0.093,0.043,-0.050,-0.068,0.071,-0.003,0.195,0.214,0.015,-0.040,-0.039,-0.055
0.084,0.035,-0.050,-0.060,0.067,-0.008,0.195,0.223,0.014,-0.040,-0.042,-0.055
0.072,0.022,-0.050,-0.047,0.061,-0.013,0.195,0.227,0.016,-0.040,-0.045,-0.056
0.065,0.015,-0.050,-0.040,0.057,-0.017,0.195,0.235,0.025,-0.040,-0.045,-0.060
0.058,0.007,-0.050,-0.033,0.054,-0.021,0.195,0.239,0.034,-0.040,-0.045,-0.060
0.043,-0.004,-0.047,-0.019,0.045,-0.025,0.195,0.243,0.033,-0.043,-0.045,-0.063
0.029,-0.015,-0.044,-0.006,0.037,-0.029,0.195,0.246,0.029,-0.046,-0.046,-0.065
0.025,-0.020,-0.045,-0.002,0.035,-0.032,0.195,0.245,0.030,-0.045,-0.052,-0.066
0.015,-0.030,-0.045,0.008,0.030,-0.037,0.195,0.245,0.030,-0.045,-0.060,-0.070
-0.019,-0.064,-0.045,0.042,0.013,-0.054,0.195,0.246,0.030,-0.045,-0.065,-0.070
-0.027,-0.072,-0.045,0.050,0.009,-0.058,0.195,0.238,0.030,-0.046,-0.062,-0.070
-0.045,-0.090,-0.045,0.068,0.000,-0.068,0.195,0.254,0.030,-0.043,-0.060,-0.068
-0.073,-0.118,-0.045,0.096,-0.013,-0.081,0.195,0.284,0.030,-0.040,-0.059,-0.073
-0.065,-0.110,-0.045,0.088,-0.010,-0.077,0.195,0.285,0.030,-0.040,-0.055,-0.090
-0.065,-0.110,-0.045,0.088,-0.010,-0.077,0.195,0.288,0.030,-0.036,-0.055,-0.087
-0.062,-0.107,-0.045,0.085,-0.008,-0.076,0.195,0.294,0.030,-0.035,-0.056,-0.084
-0.060,-0.105,-0.045,0.083,-0.007,-0.075,0.195,0.294,0.029,-0.033,-0.053,-0.086
-0.059,-0.104,-0.045,0.082,-0.007,-0.075,0.195,0.298,0.032,-0.030,-0.050,-0.084
-0.055,-0.100,-0.045,0.078,-0.005,-0.072,0.195,0.315,0.040,-0.030,-0.050,-0.080
-0.059,-0.100,-0.041,0.079,-0.009,-0.070,0.195,0.328,0.044,-0.026,-0.046,-0.080
-0.061,-0.101,-0.040,0.081,-0.011,-0.070,0.198,0.337,0.051,-0.025,-0.044,-0.081
-0.058,-0.098,-0.040,0.078,-0.009,-0.069,0.202,0.358,0.057,-0.023,-0.046,-0.078
-0.055,-0.095,-0.040,0.075,-0.007,-0.067,0.206,0.378,0.062,-0.020,-0.044,-0.075
-0.055,-0.095,-0.040,0.075,-0.007,-0.067,0.210,0.380,0.070,-0.020,-0.040,-0.075
-0.051,-0.091,-0.040,0.071,-0.005,-0.065,0.214,0.390,0.073,-0.016,-0.040,-0.075
-0.050,-0.090,-0.040,0.070,-0.005,-0.065,0.218,0.413,0.087,-0.015,-0.037,-0.072
-0.048,-0.088,-0.040,0.068,-0.004,-0.064,0.222,0.434,0.101,-0.013,-0.034,-0.069
-0.044,-0.084,-0.040,0.064,-0.002,-0.062,0.226,0.448,0.106,-0.010,-0.035,-0.070
-0.045,-0.085,-0.040,0.065,-0.002,-0.062,0.235,0.465,0.110,-0.010,-0.035,-0.070
-0.046,-0.086,-0.040,0.066,-0.002,-0.062,0.247,0.489,0.122,-0.002,-0.031,-0.066
-0.039,-0.079,-0.040,0.059,0.001,-0.059,0.258,0.512,0.134,0.006,-0.029,-0.064
-0.032,-0.072,-0.040,0.052,0.005,-0.056,0.276,0.541,0.146,0.014,-0.030,-0.066
-0.030,-0.069,-0.039,0.050,0.005,-0.054,0.292,0.571,0.157,0.022,-0.029,-0.064
-0.030,-0.065,-0.035,0.048,0.003,-0.050,0.295,0.590,0.170,0.030,-0.025,-0.060
-0.022,-0.057,-0.035,0.040,0.007,-0.046,0.306,0.614,0.195,0.038,-0.021,-0.060
-0.016,-0.052,-0.036,0.034,0.010,-0.043,0.320,0.639,0.208,0.043,-0.017,-0.061
-0.015,-0.048,-0.033,0.032,0.009,-0.040,0.329,0.660,0.212,0.047,-0.013,-0.057
-0.014,-0.044,-0.030,0.029,0.008,-0.036,0.329,0.680,0.216,0.051,-0.009,-0.048
-0.010,-0.040,-0.030,0.025,0.010,-0.035,0.330,0.705,0.225,0.055,-0.005,-0.045
-0.006,-0.036,-0.030,0.021,0.013,-0.033,0.348,0.735,0.242,0.067,-0.006,-0.042
-0.005,-0.032,-0.027,0.019,0.011,-0.029,0.348,0.749,0.246,0.075,0.003,-0.034
-0.004,-0.028,-0.025,0.016,0.011,-0.026,0.364,0.781,0.263,0.088,0.015,-0.027
0.001,-0.024,-0.025,0.012,0.014,-0.024,0.395,0.821,0.289,0.103,0.022,-0.024
0.005,-0.020,-0.025,0.008,0.015,-0.022,0.400,0.830,0.295,0.110,0.030,-0.020
0.005,-0.021,-0.026,0.008,0.015,-0.023,0.403,0.845,0.311,0.118,0.038,-0.016
0.006,-0.014,-0.020,0.005,0.013,-0.016,0.411,0.864,0.326,0.124,0.046,-0.012
0.003,-0.008,-0.010,0.003,0.007,-0.009,0.419,0.890,0.346,0.140,0.054,-0.008
0.001,-0.003,-0.004,0.002,0.003,-0.004,0.426,0.914,0.362,0.159,0.062,-0.004
0.005,0.005,0.000,-0.005,0.002,0.002,0.430,0.925,0.370,0.165,0.070,0.000
0.001,0.009,0.008,-0.005,-0.004,0.008,0.435,0.951,0.391,0.168,0.074,0.005
0.000,0.016,0.016,-0.008,-0.008,0.016,0.431,0.956,0.396,0.177,0.079,0.004
-0.001,0.022,0.023,-0.011,-0.012,0.022,0.449,0.975,0.400,0.181,0.079,0.008
0.002,0.027,0.025,-0.015,-0.012,0.026,0.472,1.005,0.420,0.189,0.084,0.017
0.015,0.040,0.025,-0.028,-0.005,0.032,0.465,1.010,0.440,0.210,0.105,0.025
0.023,0.048,0.025,-0.036,-0.001,0.036,0.464,1.022,0.453,0.223,0.114,0.033
0.032,0.057,0.025,-0.045,0.003,0.041,0.466,1.027,0.461,0.232,0.118,0.041
0.050,0.075,0.025,-0.063,0.012,0.050,0.463,1.023,0.470,0.236,0.121,0.049
0.068,0.093,0.025,-0.081,0.021,0.058,0.460,1.029,0.484,0.244,0.127,0.056
0.070,0.095,0.025,-0.083,0.022,0.060,0.460,1.045,0.500,0.265,0.140,0.060
0.068,0.093,0.025,-0.081,0.021,0.059,0.460,1.038,0.505,0.270,0.149,0.064
0.081,0.107,0.026,-0.094,0.027,0.066,0.457,1.032,0.504,0.270,0.154,0.065
0.080,0.118,0.039,-0.099,0.020,0.078,0.455,1.026,0.509,0.270,0.156,0.065
0.071,0.121,0.051,-0.096,0.010,0.086,0.455,1.019,0.515,0.279,0.163,0.074
0.085,0.130,0.045,-0.108,0.020,0.087,0.455,1.015,0.510,0.295,0.180,0.090
0.090,0.135,0.045,-0.113,0.022,0.090,0.456,1.007,0.506,0.291,0.189,0.095
0.094,0.136,0.042,-0.115,0.026,0.089,0.450,1.003,0.502,0.290,0.194,0.098
0.109,0.148,0.040,-0.128,0.035,0.094,0.441,0.994,0.500,0.288,0.193,0.103
0.122,0.161,0.039,-0.141,0.041,0.100,0.433,0.983,0.499,0.285,0.189,0.105
0.120,0.155,0.035,-0.138,0.042,0.095,0.425,0.970,0.495,0.285,0.190,0.105
0.116,0.150,0.035,-0.133,0.040,0.092,0.417,0.935,0.491,0.281,0.190,0.109
0.115,0.150,0.036,-0.133,0.040,0.093,0.409,0.900,0.490,0.280,0.191,0.113
0.115,0.148,0.033,-0.132,0.041,0.090,0.402,0.872,0.489,0.278,0.188,0.117
0.115,0.145,0.030,-0.130,0.042,0.087,0.391,0.851,0.484,0.275,0.185,0.121
0.115,0.145,0.030,-0.130,0.042,0.087,0.370,0.830,0.480,0.275,0.185,0.120
0.115,0.141,0.026,-0.128,0.045,0.083,0.350,0.794,0.481,0.271,0.185,0.116
0.115,0.140,0.025,-0.128,0.045,0.082,0.327,0.761,0.469,0.270,0.185,0.115
0.115,0.139,0.023,-0.127,0.046,0.080,0.304,0.727,0.452,0.268,0.185,0.113
0.114,0.134,0.019,-0.124,0.047,0.076,0.286,0.692,0.436,0.265,0.184,0.110
0.110,0.130,0.020,-0.120,0.045,0.075,0.270,0.660,0.420,0.265,0.180,0.110
0.110,0.130,0.020,-0.120,0.045,0.075,0.254,0.616,0.408,0.260,0.180,0.106
0.109,0.127,0.017,-0.118,0.046,0.072,0.237,0.574,0.393,0.261,0.180,0.105
0.112,0.125,0.012,-0.119,0.049,0.068,0.224,0.538,0.377,0.254,0.180,0.103
0.114,0.124,0.010,-0.119,0.052,0.067,0.211,0.508,0.360,0.236,0.181,0.100
0.110,0.120,0.010,-0.115,0.050,0.065,0.195,0.480,0.340,0.225,0.180,0.100
0.115,0.121,0.006,-0.118,0.055,0.063,0.179,0.444,0.325,0.213,0.168,0.096
0.107,0.112,0.005,-0.110,0.051,0.058,0.163,0.411,0.300,0.201,0.158,0.095
0.096,0.100,0.004,-0.099,0.046,0.052,0.146,0.379,0.272,0.187,0.152,0.092
0.095,0.093,-0.001,-0.094,0.048,0.046,0.132,0.348,0.250,0.172,0.142,0.083
0.090,0.085,-0.005,-0.087,0.047,0.040,0.125,0.320,0.235,0.160,0.130,0.075
0.077,0.073,-0.005,-0.075,0.041,0.034,0.117,0.288,0.219,0.148,0.122,0.071
0.072,0.064,-0.008,-0.068,0.040,0.027,0.112,0.258,0.202,0.136,0.115,0.065
0.066,0.056,-0.010,-0.061,0.038,0.023,0.107,0.234,0.189,0.124,0.104,0.055
0.059,0.048,-0.011,-0.054,0.035,0.018,0.098,0.215,0.176,0.112,0.093,0.049
0.060,0.040,-0.020,-0.050,0.040,0.010,0.090,0.195,0.155,0.100,0.085,0.045
0.060,0.032,-0.028,-0.046,0.044,0.002,0.086,0.175,0.139,0.088,0.073,0.037
0.063,0.027,-0.036,-0.045,0.049,-0.004,0.082,0.155,0.121,0.076,0.064,0.032
0.065,0.022,-0.043,-0.043,0.053,-0.010,0.078,0.137,0.099,0.064,0.054,0.026
0.057,0.013,-0.044,-0.034,0.050,-0.016,0.075,0.121,0.081,0.053,0.043,0.019
0.045,0.005,-0.040,-0.025,0.042,-0.017,0.075,0.105,0.070,0.045,0.035,0.015
0.041,0.001,-0.040,-0.021,0.040,-0.019,0.071,0.092,0.062,0.037,0.027,0.007
0.037,-0.003,-0.040,-0.017,0.039,-0.021,0.066,0.084,0.055,0.029,0.019,0.001
0.034,-0.006,-0.040,-0.014,0.038,-0.022,0.065,0.074,0.044,0.021,0.011,-0.002
0.035,-0.005,-0.040,-0.015,0.038,-0.022,0.064,0.063,0.033,0.013,0.003,-0.006
0.035,-0.005,-0.040,-0.015,0.038,-0.022,0.060,0.055,0.025,0.005,-0.005,-0.010
0.031,-0.009,-0.040,-0.011,0.036,-0.024,0.060,0.043,0.017,-0.003,-0.013,-0.010
0.029,-0.011,-0.040,-0.009,0.035,-0.025,0.057,0.030,0.008,-0.008,-0.021,-0.013
0.031,-0.009,-0.040,-0.011,0.035,-0.025,0.055,0.021,0.003,-0.011,-0.028,-0.015
0.028,-0.012,-0.040,-0.008,0.034,-0.026,0.054,0.012,-0.002,-0.017,-0.030,-0.016
0.020,-0.020,-0.040,0.000,0.030,-0.030,0.050,0.000,-0.010,-0.025,-0.030,-0.020
0.016,-0.024,-0.040,0.004,0.029,-0.031,0.050,-0.012,-0.014,-0.029,-0.034,-0.020
0.009,-0.031,-0.040,0.011,0.025,-0.035,0.051,-0.022,-0.021,-0.033,-0.035,-0.022
0.003,-0.037,-0.040,0.017,0.022,-0.038,0.048,-0.028,-0.027,-0.037,-0.037,-0.028
-0.002,-0.042,-0.040,0.022,0.019,-0.041,0.045,-0.030,-0.031,-0.040,-0.041,-0.030
-0.010,-0.050,-0.040,0.030,0.015,-0.045,0.045,-0.030,-0.035,-0.040,-0.040,-0.030
-0.013,-0.054,-0.041,0.034,0.014,-0.047,0.041,-0.030,-0.035,-0.044,-0.040,-0.034
-0.021,-0.058,-0.037,0.040,0.008,-0.047,0.040,-0.033,-0.038,-0.045,-0.043,-0.035
-0.010,-0.062,-0.052,0.036,0.021,-0.057,0.038,-0.036,-0.040,-0.047,-0.046,-0.037
0.005,-0.067,-0.072,0.031,0.039,-0.069,0.035,-0.035,-0.041,-0.050,-0.045,-0.040
-0.010,-0.075,-0.065,0.043,0.028,-0.070,0.035,-0.035,-0.045,-0.050,-0.045,-0.040
-0.015,-0.079,-0.064,0.048,0.025,-0.071,0.035,-0.039,-0.045,-0.054,-0.049,-0.044
-0.017,-0.083,-0.065,0.051,0.024,-0.074,0.038,-0.040,-0.048,-0.058,-0.051,-0.045
-0.022,-0.088,-0.065,0.056,0.022,-0.076,0.041,-0.042,-0.050,-0.062,-0.049,-0.047
-0.025,-0.090,-0.064,0.058,0.019,-0.076,0.040,-0.046,-0.051,-0.066,-0.051,-0.050
-0.025,-0.085,-0.060,0.055,0.018,-0.072,0.040,-0.045,-0.055,-0.065,-0.055,-0.050
-0.025,-0.085,-0.060,0.055,0.018,-0.072,0.040,-0.041,-0.056,-0.061,-0.055,-0.054
-0.025,-0.085,-0.060,0.055,0.018,-0.072,0.040,-0.040,-0.052,-0.060,-0.055,-0.056
-0.025,-0.085,-0.060,0.055,0.018,-0.072,0.040,-0.040,-0.049,-0.060,-0.053,-0.053
-0.025,-0.084,-0.059,0.055,0.018,-0.071,0.040,-0.040,-0.050,-0.060,-0.050,-0.050
-0.025,-0.080,-0.055,0.053,0.015,-0.067,0.040,-0.040,-0.050,-0.060,-0.050,-0.050
-0.025,-0.080,-0.055,0.053,0.015,-0.067,0.040,-0.040,-0.050,-0.060,-0.050,-0.050
-0.025,-0.080,-0.055,0.053,0.015,-0.067,0.040,-0.040,-0.051,-0.057,-0.050,-0.050
-0.025,-0.080,-0.055,0.053,0.015,-0.067,0.040,-0.040,-0.048,-0.054,-0.050,-0.050
-0.025,-0.080,-0.055,0.053,0.015,-0.067,0.040,-0.040,-0.045,-0.055,-0.049,-0.050
-0.025,-0.080,-0.055,0.053,0.015,-0.067,0.040,-0.040,-0.045,-0.055,-0.045,-0.050
-0.025,-0.076,-0.051,0.050,0.013,-0.063,0.040,-0.040,-0.045,-0.055,-0.045,-0.050
-0.025,-0.075,-0.050,0.050,0.013,-0.062,0.040,-0.040,-0.045,-0.055,-0.045,-0.047
-0.025,-0.075,-0.050,0.050,0.013,-0.062,0.040,-0.040,-0.045,-0.055,-0.045,-0.044
-0.025,-0.075,-0.050,0.050,0.013,-0.062,0.040,-0.040,-0.045,-0.054,-0.045,-0.045
-0.025,-0.075,-0.050,0.050,0.013,-0.062,0.040,-0.040,-0.045,-0.050,-0.045,-0.045
-0.025,-0.071,-0.046,0.048,0.010,-0.058,0.040,-0.040,-0.041,-0.050,-0.045,-0.045
-0.025,-0.070,-0.045,0.048,0.010,-0.057,0.040,-0.040,-0.040,-0.050,-0.042,-0.045
-0.025,-0.070,-0.045,0.048,0.010,-0.057,0.040,-0.040,-0.040,-0.050,-0.039,-0.045
-0.025,-0.070,-0.045,0.048,0.010,-0.057,0.040,-0.040,-0.040,-0.050,-0.040,-0.045
-0.025,-0.070,-0.045,0.048,0.010,-0.057,0.040,-0.040,-0.040,-0.050,-0.040,-0.045
-0.025,-0.070,-0.045,0.048,0.010,-0.057,0.040,-0.040,-0.040,-0.046,-0.040,-0.041
-0.025,-0.067,-0.042,0.046,0.009,-0.054,0.040,-0.040,-0.037,-0.045,-0.041,-0.040
-0.025,-0.064,-0.039,0.045,0.008,-0.051,0.040,-0.040,-0.034,-0.045,-0.038,-0.040
-0.025,-0.065,-0.040,0.045,0.008,-0.052,0.039,-0.040,-0.035,-0.045,-0.035,-0.040
-0.025,-0.065,-0.040,0.045,0.008,-0.052,0.035,-0.040,-0.035,-0.045,-0.035,-0.040
-0.029,-0.065,-0.036,0.047,0.004,-0.050,0.035,-0.040,-0.035,-0.045,-0.035,-0.040
-0.031,-0.066,-0.035,0.049,0.002,-0.050,0.035,-0.039,-0.035,-0.046,-0.035,-0.040
-0.028,-0.063,-0.035,0.046,0.004,-0.049,0.035,-0.042,-0.035,-0.043,-0.035,-0.040
-0.024,-0.060,-0.035,0.043,0.005,-0.047,0.035,-0.045,-0.034,-0.040,-0.035,-0.040
-0.025,-0.060,-0.035,0.043,0.005,-0.047,0.035,-0.045,-0.030,-0.040,-0.035,-0.040
-0.029,-0.060,-0.031,0.045,0.001,-0.045,0.035,-0.045,-0.030,-0.040,-0.039,-0.036
-0.030,-0.060,-0.030,0.045,0.000,-0.045,0.035,-0.045,-0.030,-0.040,-0.040,-0.035
-0.030,-0.060,-0.030,0.045,0.000,-0.045,0.035,-0.045,-0.030,-0.040,-0.040,-0.035
-0.030,-0.060,-0.030,0.045,0.000,-0.045,0.035,-0.045,-0.030,-0.040,-0.040,-0.035
-0.030,-0.060,-0.030,0.045,0.000,-0.045,0.035,-0.045,-0.030,-0.040,-0.040,-0.035
-0.030,-0.056,-0.026,0.043,-0.002,-0.041,0.035,-0.045,-0.030,-0.040,-0.040,-0.035
-0.030,-0.055,-0.024,0.043,-0.002,-0.039,0.035,-0.048,-0.030,-0.040,-0.040,-0.035
-0.030,-0.055,-0.026,0.043,-0.002,-0.040,0.035,-0.051,-0.030,-0.040,-0.040,-0.035
-0.031,-0.055,-0.024,0.043,-0.003,-0.039,0.035,-0.050,-0.030,-0.040,-0.040,-0.035
-0.035,-0.055,-0.020,0.045,-0.007,-0.037,0.035,-0.050,-0.030,-0.040,-0.040,-0.035
-0.036,-0.055,-0.020,0.046,-0.007,-0.037,0.035,-0.050,-0.028,-0.040,-0.040,-0.035
-0.032,-0.052,-0.020,0.042,-0.006,-0.036,0.035,-0.050,-0.042,-0.040,-0.040,-0.035
-0.029,-0.049,-0.020,0.039,-0.004,-0.035,0.035,-0.050,-0.054,-0.040,-0.040,-0.035
-0.031,-0.050,-0.019,0.041,-0.006,-0.035,0.035,-0.050,-0.055,-0.040,-0.040,-0.035
-0.035,-0.050,-0.015,0.043,-0.010,-0.032,0.035,-0.050,-0.055,-0.040,-0.040,-0.035
-0.035,-0.050,-0.015,0.043,-0.010,-0.032,0.035,-0.054,-0.055,-0.040,-0.040,-0.035
-0.035,-0.050,-0.015,0.043,-0.010,-0.032,0.035,-0.055,-0.055,-0.040,-0.040,-0.035
-0.036,-0.050,-0.015,0.044,-0.011,-0.032,0.035,-0.055,-0.055,-0.040,-0.040,-0.035
-0.033,-0.049,-0.016,0.042,-0.009,-0.032,0.035,-0.055,-0.055,-0.040,-0.040,-0.035
-0.025,-0.045,-0.020,0.035,-0.002,-0.032,0.035,-0.055,-0.055,-0.040,-0.040,-0.035
-0.024,-0.045,-0.020,0.035,-0.002,-0.032,0.035,-0.055,-0.055,-0.040,-0.040,-0.035
-0.026,-0.045,-0.019,0.035,-0.003,-0.032,0.032,-0.055,-0.058,-0.040,-0.040,-0.035
-0.023,-0.045,-0.022,0.034,0.000,-0.033,0.029,-0.055,-0.061,-0.040,-0.040,-0.035
-0.020,-0.045,-0.025,0.033,0.003,-0.035,0.030,-0.055,-0.060,-0.040,-0.040,-0.035
-0.020,-0.045,-0.025,0.033,0.003,-0.035,0.030,-0.055,-0.060,-0.040,-0.040,-0.035
-0.021,-0.045,-0.024,0.033,0.002,-0.035,0.030,-0.059,-0.060,-0.044,-0.040,-0.035
-0.017,-0.045,-0.028,0.031,0.006,-0.036,0.030,-0.060,-0.060,-0.048,-0.039,-0.034
-0.015,-0.045,-0.030,0.030,0.008,-0.037,0.030,-0.060,-0.060,-0.052,-0.042,-0.037
-0.015,-0.045,-0.031,0.030,0.009,-0.038,0.030,-0.060,-0.060,-0.055,-0.045,-0.040
-0.010,-0.045,-0.035,0.028,0.013,-0.040,0.030,-0.060,-0.060,-0.055,-0.045,-0.040
-0.008,-0.043,-0.035,0.026,0.014,-0.039,0.026,-0.060,-0.064,-0.059,-0.045,-0.040
-0.023,-0.061,-0.038,0.042,0.007,-0.049,0.025,-0.059,-0.065,-0.060,-0.045,-0.040
-0.029,-0.071,-0.042,0.050,0.007,-0.056,0.025,-0.062,-0.065,-0.060,-0.045,-0.040
-0.018,-0.064,-0.046,0.041,0.015,-0.055,0.025,-0.065,-0.065,-0.060,-0.045,-0.040
-0.015,-0.065,-0.050,0.040,0.018,-0.057,0.025,-0.065,-0.065,-0.060,-0.045,-0.040
-0.015,-0.065,-0.050,0.040,0.018,-0.057,0.025,-0.065,-0.065,-0.060,-0.045,-0.040
-0.015,-0.065,-0.050,0.040,0.018,-0.057,0.025,-0.065,-0.065,-0.060,-0.045,-0.040
-0.015,-0.065,-0.050,0.040,0.018,-0.057,0.025,-0.065,-0.065,-0.060,-0.045,-0.040
-0.015,-0.065,-0.050,0.040,0.018,-0.057,0.024,-0.065,-0.065,-0.060,-0.045,-0.040
-0.015,-0.065,-0.050,0.040,0.018,-0.057,0.020,-0.065,-0.065,-0.060,-0.045,-0.040
-0.015,-0.065,-0.050,0.040,0.018,-0.057,0.020,-0.073,-0.069,-0.060,-0.049,-0.040
-0.012,-0.062,-0.050,0.037,0.019,-0.056,0.020,-0.078,-0.070,-0.060,-0.050,-0.040
-0.009,-0.059,-0.050,0.034,0.020,-0.055,0.020,-0.082,-0.070,-0.060,-0.050,-0.040
-0.010,-0.060,-0.050,0.035,0.020,-0.055,0.020,-0.085,-0.070,-0.060,-0.050,-0.040
-0.010,-0.060,-0.050,0.035,0.020,-0.055,0.020,-0.085,-0.070,-0.060,-0.050,-0.040
-0.010,-0.060,-0.050,0.035,0.020,-0.055,0.020,-0.085,-0.070,-0.060,-0.050,-0.040
-0.010,-0.060,-0.050,0.035,0.020,-0.055,0.020,-0.085,-0.070,-0.060,-0.050,-0.040
-0.010,-0.060,-0.050,0.035,0.020,-0.055,0.020,-0.085,-0.070,-0.060,-0.050,-0.040
-0.010,-0.060,-0.050,0.035,0.020,-0.055,0.019,-0.085,-0.070,-0.060,-0.050,-0.040
-0.010,-0.060,-0.050,0.035,0.020,-0.055,0.015,-0.085,-0.070,-0.060,-0.050,-0.040
-0.006,-0.056,-0.050,0.031,0.023,-0.052,0.015,-0.089,-0.070,-0.060,-0.050,-0.040
-0.005,-0.055,-0.050,0.030,0.023,-0.052,0.015,-0.090,-0.070,-0.059,-0.050,-0.040
-0.005,-0.055,-0.050,0.030,0.023,-0.052,0.015,-0.090,-0.070,-0.062,-0.050,-0.040
-0.005,-0.055,-0.050,0.030,0.023,-0.052,0.015,-0.090,-0.070,-0.065,-0.050,-0.040
-0.005,-0.055,-0.050,0.030,0.023,-0.052,0.015,-0.090,-0.070,-0.065,-0.050,-0.040
-0.005,-0.055,-0.050,0.030,0.023,-0.052,0.015,-0.090,-0.070,-0.065,-0.050,-0.040
-0.005,-0.055,-0.050,0.030,0.023,-0.052,0.015,-0.089,-0.070,-0.065,-0.050,-0.040
-0.005,-0.055,-0.050,0.030,0.023,-0.052,0.015,-0.092,-0.070,-0.065,-0.050,-0.040
-0.005,-0.055,-0.050,0.030,0.023,-0.052,0.015,-0.095,-0.070,-0.065,-0.050,-0.040
-0.005,-0.055,-0.050,0.030,0.023,-0.052,0.015,-0.095,-0.070,-0.065,-0.050,-0.040
-0.009,-0.059,-0.050,0.034,0.021,-0.055,0.015,-0.095,-0.070,-0.065,-0.050,-0.040
-0.013,-0.060,-0.047,0.037,0.017,-0.053,0.015,-0.095,-0.070,-0.065,-0.050,-0.040
-0.016,-0.060,-0.044,0.039,0.014,-0.052,0.015,-0.095,-0.070,-0.065,-0.050,-0.040
-0.014,-0.059,-0.045,0.037,0.016,-0.052,0.015,-0.095,-0.070,-0.065,-0.050,-0.040
-0.015,-0.060,-0.045,0.038,0.015,-0.052,0.015,-0.095,-0.070,-0.065,-0.050,-0.040
-0.032,-0.077,-0.045,0.055,0.006,-0.061,0.015,-0.091,-0.070,-0.065,-0.050,-0.040
-0.034,-0.079,-0.045,0.057,0.006,-0.062,0.015,-0.090,-0.069,-0.065,-0.049,-0.039
-0.029,-0.074,-0.045,0.052,0.009,-0.059,0.015,-0.090,-0.072,-0.065,-0.052,-0.042
-0.030,-0.075,-0.045,0.053,0.008,-0.060,0.015,-0.090,-0.075,-0.065,-0.055,-0.045
-0.030,-0.075,-0.045,0.053,0.008,-0.060,0.015,-0.090,-0.075,-0.065,-0.055,-0.045
-0.030,-0.075,-0.045,0.053,0.008,-0.060,0.015,-0.090,-0.075,-0.065,-0.055,-0.045
-0.031,-0.076,-0.045,0.054,0.008,-0.060,0.015,-0.090,-0.075,-0.065,-0.055,-0.045
-0.028,-0.073,-0.045,0.051,0.009,-0.059,0.015,-0.090,-0.075,-0.065,-0.055,-0.045
-0.025,-0.070,-0.045,0.048,0.010,-0.057,0.015,-0.090,-0.075,-0.065,-0.055,-0.045
-0.025,-0.070,-0.045,0.048,0.010,-0.057,0.015,-0.090,-0.075,-0.065,-0.055,-0.045
-0.025,-0.070,-0.045,0.048,0.010,-0.057,0.015,-0.090,-0.075,-0.065,-0.055,-0.045
-0.025,-0.070,-0.045,0.048,0.010,-0.057,0.018,-0.090,-0.075,-0.065,-0.055,-0.045
-0.025,-0.070,-0.045,0.048,0.010,-0.057,0.021,-0.090,-0.075,-0.065,-0.055,-0.045
-0.025,-0.070,-0.045,0.048,0.010,-0.057,0.020,-0.090,-0.075,-0.065,-0.055,-0.045
-0.025,-0.070,-0.045,0.048,0.010,-0.057,0.020,-0.090,-0.075,-0.065,-0.055,-0.045
-0.021,-0.066,-0.045,0.044,0.013,-0.055,0.020,-0.090,-0.075,-0.065,-0.055,-0.045
-0.020,-0.065,-0.045,0.043,0.013,-0.055,0.020,-0.090,-0.078,-0.065,-0.055,-0.048
-0.020,-0.065,-0.045,0.043,0.013,-0.055,0.020,-0.090,-0.081,-0.065,-0.055,-0.051
-0.020,-0.065,-0.045,0.043,0.013,-0.055,0.020,-0.090,-0.080,-0.065,-0.055,-0.050
-0.020,-0.065,-0.045,0.043,0.013,-0.055,0.020,-0.090,-0.080,-0.065,-0.055,-0.050
-0.020,-0.065,-0.045,0.043,0.013,-0.055,0.020,-0.090,-0.080,-0.065,-0.055,-0.050
-0.017,-0.062,-0.045,0.040,0.014,-0.053,0.020,-0.090,-0.080,-0.065,-0.055,-0.050
-0.014,-0.059,-0.045,0.037,0.015,-0.052,0.020,-0.090,-0.080,-0.065,-0.055,-0.050
-0.015,-0.060,-0.045,0.038,0.015,-0.052,0.020,-0.090,-0.080,-0.065,-0.055,-0.050
-0.015,-0.060,-0.045,0.038,0.015,-0.052,0.020,-0.090,-0.080,-0.065,-0.055,-0.050
-0.015,-0.060,-0.045,0.038,0.015,-0.052,0.024,-0.090,-0.080,-0.065,-0.055,-0.050
-0.015,-0.060,-0.045,0.038,0.015,-0.052,0.025,-0.089,-0.080,-0.065,-0.055,-0.050
-0.015,-0.060,-0.045,0.038,0.015,-0.052,0.025,-0.092,-0.080,-0.065,-0.055,-0.050
-0.016,-0.061,-0.045,0.039,0.015,-0.052,0.025,-0.095,-0.080,-0.065,-0.055,-0.050
-0.020,-0.065,-0.045,0.043,0.013,-0.055,0.025,-0.095,-0.080,-0.065,-0.055,-0.050
-0.020,-0.065,-0.045,0.043,0.013,-0.055,0.025,-0.099,-0.076,-0.065,-0.055,-0.050
-0.020,-0.065,-0.045,0.043,0.013,-0.055,0.025,-0.100,-0.075,-0.065,-0.055,-0.050
-0.020,-0.065,-0.045,0.043,0.013,-0.055,0.025,-0.100,-0.075,-0.065,-0.055,-0.050
-0.020,-0.065,-0.045,0.043,0.013,-0.055,0.025,-0.100,-0.075,-0.065,-0.055,-0.050
-0.020,-0.065,-0.045,0.043,0.013,-0.055,0.025,-0.100,-0.075,-0.065,-0.055,-0.050
-0.024,-0.069,-0.045,0.047,0.010,-0.057,0.025,-0.100,-0.075,-0.065,-0.055,-0.050
-0.025,-0.070,-0.045,0.048,0.010,-0.057,0.025,-0.100,-0.075,-0.064,-0.055,-0.050
-0.025,-0.070,-0.045,0.048,0.010,-0.057,0.025,-0.100,-0.075,-0.067,-0.055,-0.050
-0.025,-0.070,-0.045,0.048,0.010,-0.057,0.024,-0.100,-0.075,-0.070,-0.055,-0.050
-0.025,-0.070,-0.045,0.048,0.010,-0.057,0.020,-0.100,-0.075,-0.070,-0.055,-0.050
-0.025,-0.070,-0.045,0.048,0.010,-0.057,0.020,-0.100,-0.075,-0.070,-0.055,-0.050
-0.022,-0.067,-0.045,0.045,0.012,-0.056,0.020,-0.100,-0.075,-0.070,-0.055,-0.050
-0.019,-0.064,-0.045,0.042,0.013,-0.055,0.020,-0.100,-0.075,-0.070,-0.055,-0.050
-0.020,-0.065,-0.045,0.043,0.013,-0.055,0.020,-0.101,-0.075,-0.070,-0.055,-0.050
-0.020,-0.065,-0.045,0.043,0.013,-0.055,0.020,-0.105,-0.075,-0.070,-0.055,-0.050
-0.020,-0.065,-0.045,0.043,0.013,-0.055,0.020,-0.105,-0.075,-0.070,-0.055,-0.050
-0.020,-0.065,-0.045,0.043,0.013,-0.055,0.021,-0.105,-0.075,-0.070,-0.055,-0.050
-0.020,-0.065,-0.045,0.043,0.013,-0.055,0.018,-0.105,-0.075,-0.070,-0.055,-0.050
-0.020,-0.065,-0.045,0.043,0.013,-0.055,0.015,-0.105,-0.075,-0.070,-0.055,-0.050
-0.020,-0.065,-0.045,0.043,0.013,-0.055,0.015,-0.105,-0.075,-0.070,-0.055,-0.050
-0.015,-0.061,-0.045,0.039,0.015,-0.053,0.015,-0.105,-0.075,-0.070,-0.055,-0.050
-0.018,-0.060,-0.042,0.039,0.012,-0.051,0.015,-0.105,-0.075,-0.070,-0.055,-0.050
-0.021,-0.060,-0.039,0.040,0.009,-0.050,0.015,-0.105,-0.075,-0.070,-0.055,-0.050
-0.020,-0.060,-0.040,0.040,0.010,-0.050,0.015,-0.105,-0.075,-0.070,-0.055,-0.050
-0.020,-0.060,-0.040,0.040,0.010,-0.050,0.015,-0.105,-0.075,-0.070,-0.055,-0.050
-0.020,-0.060,-0.040,0.040,0.010,-0.050,0.015,-0.105,-0.075,-0.070,-0.055,-0.050
-0.020,-0.060,-0.040,0.040,0.010,-0.050,0.012,-0.106,-0.076,-0.070,-0.056,-0.051
-0.020,-0.060,-0.040,0.040,0.010,-0.050,0.009,-0.103,-0.073,-0.070,-0.053,-0.048
-0.019,-0.059,-0.040,0.039,0.010,-0.050,0.010,-0.100,-0.070,-0.070,-0.050,-0.045
-0.015,-0.055,-0.040,0.035,0.013,-0.047,0.010,-0.100,-0.070,-0.070,-0.050,-0.045
-0.015,-0.055,-0.040,0.035,0.013,-0.047,0.010,-0.100,-0.070,-0.070,-0.050,-0.045
-0.015,-0.055,-0.040,0.035,0.013,-0.047,0.010,-0.101,-0.070,-0.070,-0.047,-0.046
-0.015,-0.055,-0.040,0.035,0.013,-0.047,0.010,-0.098,-0.070,-0.070,-0.045,-0.043
-0.015,-0.055,-0.040,0.035,0.013,-0.047,0.010,-0.095,-0.070,-0.070,-0.045,-0.040
-0.015,-0.055,-0.040,0.035,0.013,-0.047,0.010,-0.095,-0.070,-0.070,-0.045,-0.040
-0.015,-0.055,-0.040,0.035,0.013,-0.047,0.010,-0.095,-0.070,-0.066,-0.045,-0.040
-0.015,-0.055,-0.040,0.035,0.013,-0.047,0.013,-0.095,-0.067,-0.065,-0.042,-0.040
-0.015,-0.055,-0.040,0.035,0.013,-0.047,0.016,-0.095,-0.064,-0.063,-0.039,-0.040
-0.014,-0.054,-0.040,0.034,0.013,-0.047,0.015,-0.094,-0.065,-0.060,-0.040,-0.039
-0.010,-0.050,-0.040,0.030,0.015,-0.045,0.015,-0.090,-0.065,-0.060,-0.040,-0.035
-0.010,-0.050,-0.040,0.030,0.015,-0.045,0.019,-0.090,-0.065,-0.056,-0.036,-0.035
-0.010,-0.050,-0.040,0.030,0.015,-0.045,0.021,-0.090,-0.065,-0.055,-0.035,-0.035
-0.010,-0.050,-0.040,0.030,0.015,-0.045,0.019,-0.090,-0.065,-0.053,-0.035,-0.035
-0.010,-0.050,-0.040,0.030,0.015,-0.045,0.021,-0.090,-0.065,-0.050,-0.035,-0.035
-0.010,-0.050,-0.040,0.030,0.015,-0.045,0.025,-0.090,-0.065,-0.050,-0.035,-0.035
-0.011,-0.051,-0.040,0.031,0.015,-0.045,0.025,-0.082,-0.057,-0.046,-0.031,-0.031
-0.005,-0.045,-0.040,0.025,0.018,-0.042,0.025,-0.074,-0.048,-0.045,-0.030,-0.030
0.005,-0.036,-0.040,0.016,0.023,-0.038,0.023,-0.066,-0.043,-0.044,-0.028,-0.028
0.011,-0.028,-0.039,0.009,0.025,-0.034,0.028,-0.058,-0.038,-0.039,-0.025,-0.024
0.015,-0.020,-0.035,0.003,0.025,-0.027,0.050,-0.050,-0.030,-0.035,-0.025,-0.025
0.023,-0.012,-0.035,-0.005,0.029,-0.023,0.069,-0.042,-0.022,-0.035,-0.021,-0.025
0.028,-0.004,-0.032,-0.012,0.030,-0.018,0.066,-0.034,-0.017,-0.032,-0.019,-0.022
0.032,0.002,-0.030,-0.017,0.031,-0.014,0.073,-0.028,-0.013,-0.030,-0.021,-0.019
0.035,0.006,-0.029,-0.020,0.032,-0.011,0.093,-0.024,-0.010,-0.030,-0.019,-0.020
0.035,0.010,-0.025,-0.022,0.030,-0.007,0.095,-0.020,-0.010,-0.025,-0.015,-0.020
0.039,0.014,-0.025,-0.026,0.032,-0.006,0.095,-0.020,-0.010,-0.020,-0.015,-0.016
0.040,0.019,-0.022,-0.029,0.031,-0.002,0.095,-0.018,-0.011,-0.020,-0.012,-0.014
0.040,0.020,-0.020,-0.030,0.030,0.000,0.095,-0.012,-0.008,-0.018,-0.010,-0.016
0.040,0.021,-0.020,-0.030,0.030,0.000,0.095,-0.010,-0.005,-0.015,-0.009,-0.014
0.040,0.025,-0.015,-0.032,0.027,0.005,0.095,-0.010,-0.005,-0.015,-0.005,-0.010
0.042,0.029,-0.013,-0.035,0.027,0.008,0.094,-0.006,-0.005,-0.011,-0.005,-0.010
0.060,0.030,-0.030,-0.045,0.045,0.000,0.100,-0.002,-0.005,-0.010,-0.006,-0.011
0.076,0.031,-0.045,-0.054,0.060,-0.007,0.109,0.002,-0.005,-0.010,-0.001,-0.008
0.081,0.036,-0.045,-0.058,0.062,-0.004,0.109,0.006,-0.004,-0.010,0.007,-0.005
0.085,0.040,-0.045,-0.062,0.065,-0.002,0.100,0.010,0.000,-0.010,0.010,-0.005
0.086,0.041,-0.045,-0.063,0.065,-0.002,0.092,0.014,0.000,-0.010,0.014,-0.005
0.079,0.034,-0.045,-0.056,0.062,-0.005,0.084,0.020,0.000,-0.007,0.018,-0.002
0.072,0.027,-0.045,-0.049,0.058,-0.009,0.076,0.014,0.000,-0.004,0.022,0.001
0.069,0.024,-0.045,-0.046,0.057,-0.010,0.068,-0.004,0.000,-0.005,0.026,0.000
0.065,0.020,-0.045,-0.042,0.055,-0.012,0.060,-0.015,0.000,-0.005,0.030,0.000
0.059,0.012,-0.047,-0.035,0.053,-0.017,0.057,-0.027,-0.008,-0.005,0.026,0.004
0.075,0.006,-0.068,-0.041,0.071,-0.031,0.041,-0.040,-0.013,-0.005,0.022,0.005
0.089,0.004,-0.085,-0.046,0.086,-0.040,0.020,-0.049,-0.019,-0.007,0.018,0.005
0.083,-0.002,-0.085,-0.040,0.084,-0.043,0.007,-0.058,-0.026,-0.011,0.014,0.005
0.075,-0.010,-0.085,-0.032,0.080,-0.047,0.000,-0.070,-0.030,-0.015,0.010,0.005
0.071,-0.014,-0.085,-0.028,0.079,-0.050,-0.004,-0.075,-0.038,-0.019,0.010,0.001
0.065,-0.018,-0.083,-0.023,0.074,-0.050,-0.007,-0.077,-0.043,-0.020,0.007,0.000
0.069,-0.022,-0.091,-0.023,0.080,-0.056,-0.014,-0.084,-0.047,-0.021,0.003,-0.002
0.074,-0.026,-0.100,-0.024,0.088,-0.063,-0.021,-0.091,-0.050,-0.026,-0.001,-0.005
0.065,-0.030,-0.095,-0.017,0.080,-0.062,-0.025,-0.095,-0.050,-0.030,-0.005,-0.005
0.061,-0.034,-0.095,-0.013,0.079,-0.064,-0.030,-0.099,-0.058,-0.030,-0.009,-0.009
0.053,-0.039,-0.092,-0.007,0.073,-0.065,-0.027,-0.100,-0.064,-0.032,-0.010,-0.011
0.050,-0.040,-0.090,-0.005,0.070,-0.065,-0.024,-0.102,-0.067,-0.038,-0.011,-0.009
0.048,-0.041,-0.089,-0.004,0.069,-0.065,-0.025,-0.105,-0.071,-0.040,-0.016,-0.011
0.040,-0.045,-0.085,0.003,0.063,-0.065,-0.025,-0.105,-0.075,-0.040,-0.020,-0.015
0.040,-0.045,-0.085,0.003,0.063,-0.065,-0.025,-0.109,-0.075,-0.048,-0.024,-0.015
0.034,-0.048,-0.082,0.007,0.058,-0.065,-0.022,-0.113,-0.078,-0.054,-0.029,-0.018
0.030,-0.050,-0.080,0.010,0.055,-0.065,-0.019,-0.117,-0.080,-0.057,-0.030,-0.020
0.029,-0.051,-0.079,0.011,0.054,-0.065,-0.020,-0.120,-0.081,-0.061,-0.031,-0.021
0.020,-0.055,-0.075,0.018,0.048,-0.065,-0.020,-0.120,-0.085,-0.065,-0.035,-0.025
0.020,-0.055,-0.075,0.018,0.048,-0.065,-0.020,-0.124,-0.085,-0.069,-0.039,-0.025
0.019,-0.057,-0.076,0.020,0.047,-0.066,-0.017,-0.125,-0.085,-0.070,-0.043,-0.024
0.009,-0.064,-0.073,0.028,0.041,-0.068,-0.014,-0.125,-0.085,-0.072,-0.047,-0.027
-0.002,-0.072,-0.070,0.037,0.034,-0.071,-0.015,-0.125,-0.085,-0.075,-0.050,-0.031
-0.005,-0.075,-0.070,0.040,0.033,-0.072,-0.015,-0.125,-0.085,-0.075,-0.050,-0.035
-0.005,-0.071,-0.066,0.038,0.031,-0.068,-0.015,-0.125,-0.083,-0.079,-0.050,-0.039
-0.005,-0.070,-0.064,0.038,0.030,-0.066,-0.016,-0.126,-0.098,-0.080,-0.050,-0.043
-0.005,-0.070,-0.066,0.038,0.031,-0.067,-0.013,-0.123,-0.105,-0.082,-0.050,-0.047
-0.006,-0.070,-0.064,0.038,0.029,-0.067,-0.010,-0.120,-0.099,-0.086,-0.050,-0.051
-0.010,-0.070,-0.060,0.040,0.025,-0.065,-0.010,-0.120,-0.100,-0.085,-0.050,-0.050
-0.010,-0.070,-0.060,0.040,0.025,-0.065,-0.010,-0.120,-0.100,-0.081,-0.050,-0.046
-0.013,-0.070,-0.057,0.042,0.022,-0.063,-0.011,-0.120,-0.100,-0.080,-0.050,-0.045
-0.016,-0.070,-0.054,0.043,0.019,-0.062,-0.008,-0.120,-0.100,-0.080,-0.050,-0.045
-0.015,-0.070,-0.055,0.043,0.020,-0.062,-0.005,-0.120,-0.100,-0.080,-0.050,-0.045
-0.015,-0.070,-0.055,0.043,0.020,-0.062,-0.005,-0.120,-0.100,-0.080,-0.050,-0.045
-0.019,-0.070,-0.051,0.045,0.016,-0.060,-0.005,-0.120,-0.100,-0.080,-0.050,-0.045
-0.020,-0.070,-0.049,0.045,0.015,-0.060,-0.005,-0.120,-0.097,-0.080,-0.050,-0.045
-0.020,-0.070,-0.051,0.045,0.015,-0.060,-0.005,-0.120,-0.094,-0.080,-0.050,-0.045
-0.020,-0.069,-0.049,0.045,0.015,-0.059,-0.004,-0.120,-0.095,-0.080,-0.050,-0.045
-0.020,-0.065,-0.045,0.043,0.013,-0.055,0.000,-0.120,-0.095,-0.080,-0.050,-0.045
-0.020,-0.065,-0.045,0.043,0.013,-0.055,0.000,-0.120,-0.095,-0.080,-0.050,-0.045
-0.020,-0.065,-0.045,0.043,0.013,-0.055,0.000,-0.117,-0.095,-0.080,-0.050,-0.045
-0.020,-0.065,-0.045,0.043,0.013,-0.055,0.000,-0.114,-0.095,-0.080,-0.050,-0.045
-0.020,-0.065,-0.045,0.043,0.013,-0.055,0.000,-0.115,-0.095,-0.079,-0.050,-0.044
-0.020,-0.065,-0.045,0.043,0.013,-0.055,0.000,-0.115,-0.095,-0.075,-0.050,-0.040
-0.020,-0.065,-0.045,0.043,0.013,-0.055,0.000,-0.115,-0.091,-0.075,-0.050,-0.040
-0.020,-0.065,-0.045,0.043,0.013,-0.055,-0.001,-0.115,-0.090,-0.075,-0.050,-0.040
-0.020,-0.065,-0.045,0.043,0.013,-0.055,0.002,-0.115,-0.090,-0.075,-0.050,-0.040
-0.020,-0.065,-0.045,0.043,0.013,-0.055,0.005,-0.115,-0.090,-0.075,-0.050,-0.040
-0.020,-0.065,-0.045,0.043,0.013,-0.055,0.005,-0.115,-0.090,-0.075,-0.050,-0.040
-0.020,-0.065,-0.045,0.043,0.013,-0.055,0.005,-0.115,-0.090,-0.075,-0.050,-0.040
-0.018,-0.063,-0.045,0.041,0.014,-0.054,0.005,-0.115,-0.090,-0.075,-0.051,-0.040
-0.028,-0.073,-0.045,0.051,0.009,-0.059,0.005,-0.115,-0.090,-0.075,-0.048,-0.040
-0.041,-0.086,-0.045,0.064,0.002,-0.065,0.005,-0.115,-0.090,-0.075,-0.045,-0.040
-0.035,-0.080,-0.045,0.058,0.005,-0.062,0.005,-0.115,-0.090,-0.075,-0.045,-0.040
-0.035,-0.080,-0.045,0.058,0.005,-0.062,0.005,-0.111,-0.086,-0.075,-0.045,-0.040
-0.032,-0.077,-0.045,0.055,0.007,-0.061,0.008,-0.110,-0.085,-0.076,-0.045,-0.041
-0.030,-0.075,-0.045,0.053,0.008,-0.060,0.011,-0.110,-0.085,-0.073,-0.045,-0.038
-0.029,-0.074,-0.045,0.052,0.008,-0.060,0.010,-0.110,-0.085,-0.070,-0.045,-0.035
-0.025,-0.070,-0.045,0.048,0.010,-0.057,0.010,-0.110,-0.085,-0.070,-0.045,-0.035
-0.025,-0.070,-0.045,0.048,0.010,-0.057,0.010,-0.110,-0.081,-0.066,-0.045,-0.031
-0.026,-0.071,-0.045,0.049,0.010,-0.057,0.010,-0.110,-0.080,-0.064,-0.042,-0.030
-0.023,-0.068,-0.045,0.046,0.011,-0.056,0.010,-0.110,-0.080,-0.066,-0.039,-0.028
-0.020,-0.065,-0.045,0.043,0.013,-0.055,0.010,-0.109,-0.080,-0.064,-0.040,-0.025
-0.020,-0.065,-0.045,0.043,0.013,-0.055,0.010,-0.105,-0.080,-0.060,-0.040,-0.025
-0.015,-0.061,-0.046,0.038,0.015,-0.053,0.009,-0.105,-0.080,-0.060,-0.040,-0.021
-0.020,-0.060,-0.040,0.041,0.010,-0.049,0.016,-0.105,-0.077,-0.057,-0.040,-0.020
-0.027,-0.058,-0.031,0.043,0.002,-0.044,0.023,-0.105,-0.074,-0.054,-0.040,-0.018
-0.031,-0.054,-0.023,0.043,-0.004,-0.039,0.026,-0.105,-0.075,-0.056,-0.041,-0.015
-0.040,-0.055,-0.015,0.048,-0.012,-0.035,0.030,-0.105,-0.075,-0.055,-0.040,-0.015
-0.048,-0.057,-0.008,0.053,-0.019,-0.033,0.038,-0.104,-0.075,-0.047,-0.028,-0.011
-0.054,-0.042,0.012,0.048,-0.033,-0.014,0.044,-0.108,-0.077,-0.042,-0.019,-0.010
-0.056,-0.020,0.036,0.037,-0.046,0.009,0.046,-0.096,-0.068,-0.038,-0.009,-0.008
-0.063,0.000,0.063,0.031,-0.063,0.032,0.053,-0.077,-0.052,-0.035,0.002,-0.005
-0.075,0.020,0.095,0.027,-0.085,0.057,0.070,-0.060,-0.040,-0.030,0.010,-0.005
-0.069,0.036,0.105,0.016,-0.087,0.070,0.086,-0.013,-0.005,-0.007,0.022,0.010
-0.087,0.054,0.141,0.016,-0.114,0.097,0.103,0.032,0.029,0.017,0.030,0.027
-0.074,0.077,0.151,-0.002,-0.113,0.114,0.116,0.101,0.065,0.047,0.045,0.043
-0.033,0.092,0.125,-0.029,-0.079,0.108,0.138,0.218,0.130,0.101,0.080,0.059
-0.020,0.090,0.110,-0.035,-0.065,0.100,0.185,0.350,0.220,0.165,0.120,0.070
0.012,0.090,0.078,-0.051,-0.033,0.084,0.243,0.428,0.280,0.198,0.145,0.078
0.039,0.090,0.051,-0.065,-0.006,0.070,0.246,0.430,0.312,0.232,0.168,0.091
0.080,0.090,0.010,-0.085,0.035,0.050,0.229,0.417,0.358,0.280,0.206,0.111
0.140,0.090,-0.050,-0.114,0.095,0.020,0.214,0.393,0.437,0.343,0.259,0.145
0.200,0.095,-0.105,-0.147,0.152,-0.005,0.165,0.335,0.520,0.420,0.320,0.195
0.279,0.121,-0.159,-0.200,0.219,-0.019,0.064,0.297,0.567,0.485,0.384,0.246
0.363,0.165,-0.198,-0.264,0.280,-0.016,-0.123,0.118,0.595,0.546,0.448,0.307
0.464,0.231,-0.233,-0.347,0.348,-0.002,-0.327,-0.097,0.631,0.620,0.529,0.388
0.569,0.310,-0.259,-0.439,0.414,0.025,-0.485,-0.235,0.693,0.715,0.631,0.476
0.660,0.400,-0.260,-0.530,0.460,0.070,-0.635,-0.360,0.770,0.820,0.740,0.565
0.770,0.512,-0.258,-0.641,0.514,0.127,-0.851,-0.515,0.851,0.932,0.868,0.684
0.890,0.607,-0.283,-0.748,0.586,0.162,-1.041,-0.588,0.990,1.099,1.019,0.800
0.994,0.596,-0.398,-0.794,0.696,0.098,-1.149,-0.569,1.089,1.139,1.065,0.860
1.082,0.475,-0.607,-0.778,0.844,-0.066,-1.237,-0.561,1.044,1.053,1.023,0.854
1.160,0.335,-0.825,-0.747,0.992,-0.245,-1.365,-0.640,0.870,0.990,1.000,0.815
1.195,0.232,-0.963,-0.713,1.079,-0.366,-1.453,-0.759,0.648,0.841,0.913,0.782
1.142,0.186,-0.956,-0.664,1.048,-0.385,-1.441,-0.873,0.459,0.700,0.843,0.758
1.080,0.164,-0.916,-0.622,0.998,-0.376,-1.410,-0.942,0.322,0.612,0.795,0.744
0.991,0.129,-0.862,-0.560,0.926,-0.366,-1.365,-0.989,0.205,0.541,0.741,0.713
0.820,0.080,-0.740,-0.450,0.780,-0.330,-1.260,-1.060,0.060,0.440,0.670,0.650
0.700,0.032,-0.668,-0.366,0.684,-0.318,-1.193,-1.159,-0.138,0.295,0.557,0.591
0.595,-0.016,-0.611,-0.289,0.602,-0.313,-1.138,-1.320,-0.337,0.138,0.432,0.517
0.488,-0.063,-0.551,-0.212,0.520,-0.307,-1.067,-1.358,-0.467,0.014,0.325,0.435
0.392,-0.104,-0.496,-0.144,0.445,-0.299,-0.975,-1.273,-0.509,-0.059,0.241,0.363
0.315,-0.125,-0.440,-0.095,0.378,-0.282,-0.865,-1.215,-0.510,-0.105,0.175,0.300
0.269,-0.118,-0.387,-0.075,0.328,-0.252,-0.754,-1.088,-0.514,-0.158,0.127,0.248
0.235,-0.108,-0.344,-0.063,0.290,-0.226,-0.632,-0.940,-0.476,-0.164,0.076,0.194
0.206,-0.101,-0.307,-0.052,0.257,-0.204,-0.528,-0.801,-0.416,-0.151,0.043,0.152
0.178,-0.093,-0.271,-0.042,0.225,-0.182,-0.443,-0.668,-0.370,-0.150,0.033,0.123
0.150,-0.085,-0.235,-0.032,0.193,-0.160,-0.360,-0.555,-0.335,-0.145,0.020,0.095
0.122,-0.077,-0.199,-0.022,0.161,-0.137,-0.299,-0.477,-0.304,-0.137,0.004,0.079
0.094,-0.071,-0.166,-0.012,0.130,-0.118,-0.243,-0.406,-0.263,-0.132,-0.010,0.063
0.065,-0.070,-0.135,0.003,0.100,-0.102,-0.186,-0.319,-0.218,-0.128,-0.018,0.049
0.040,-0.070,-0.110,0.016,0.075,-0.089,-0.124,-0.239,-0.182,-0.123,-0.021,0.037
0.025,-0.070,-0.095,0.023,0.060,-0.082,-0.065,-0.190,-0.155,-0.115,-0.025,0.025
0.009,-0.070,-0.079,0.031,0.044,-0.074,-0.032,-0.141,-0.126,-0.107,-0.029,0.017
-0.007,-0.070,-0.063,0.039,0.028,-0.066,-0.003,-0.104,-0.112,-0.102,-0.030,0.007
-0.022,-0.070,-0.048,0.046,0.013,-0.059,0.020,-0.075,-0.109,-0.097,-0.031,-0.007
-0.032,-0.070,-0.038,0.051,0.003,-0.054,0.033,-0.050,-0.103,-0.088,-0.036,-0.017
-0.040,-0.070,-0.030,0.055,-0.005,-0.050,0.045,-0.035,-0.095,-0.080,-0.040,-0.025
-0.044,-0.070,-0.026,0.058,-0.009,-0.047,0.057,-0.019,-0.091,-0.076,-0.040,-0.033
-0.048,-0.070,-0.022,0.059,-0.013,-0.046,0.068,-0.003,-0.084,-0.072,-0.043,-0.038
-0.052,-0.070,-0.018,0.061,-0.017,-0.044,0.083,0.012,-0.077,-0.070,-0.047,-0.042
-0.056,-0.070,-0.014,0.063,-0.021,-0.042,0.097,0.022,-0.074,-0.070,-0.051,-0.045
-0.060,-0.070,-0.010,0.065,-0.025,-0.040,0.100,0.025,-0.070,-0.070,-0.050,-0.045
-0.064,-0.070,-0.006,0.067,-0.029,-0.038,0.103,0.028,-0.066,-0.070,-0.046,-0.045
-0.069,-0.070,-0.001,0.070,-0.034,-0.035,0.117,0.043,-0.062,-0.067,-0.045,-0.045
-0.070,-0.070,0.000,0.070,-0.035,-0.035,0.129,0.053,-0.058,-0.064,-0.045,-0.045
-0.071,-0.070,0.001,0.070,-0.036,-0.035,0.130,0.057,-0.054,-0.065,-0.045,-0.045
-0.075,-0.070,0.005,0.072,-0.040,-0.032,0.130,0.070,-0.050,-0.065,-0.045,-0.045
-0.075,-0.070,0.005,0.072,-0.040,-0.032,0.130,0.079,-0.050,-0.065,-0.041,-0.045
-0.078,-0.070,0.008,0.074,-0.043,-0.031,0.130,0.083,-0.047,-0.062,-0.040,-0.045
-0.081,-0.070,0.011,0.075,-0.046,-0.030,0.130,0.087,-0.043,-0.059,-0.040,-0.045
-0.080,-0.070,0.010,0.075,-0.045,-0.030,0.130,0.090,-0.039,-0.060,-0.040,-0.045
-0.080,-0.070,0.010,0.075,-0.045,-0.030,0.130,0.090,-0.035,-0.060,-0.040,-0.045
-0.084,-0.070,0.014,0.077,-0.049,-0.027,0.134,0.097,-0.031,-0.060,-0.036,-0.045
-0.085,-0.070,0.015,0.077,-0.050,-0.027,0.135,0.107,-0.026,-0.061,-0.035,-0.045
-0.087,-0.070,0.017,0.078,-0.052,-0.026,0.137,0.112,-0.025,-0.058,-0.035,-0.045
-0.090,-0.070,0.020,0.080,-0.055,-0.025,0.140,0.118,-0.024,-0.055,-0.035,-0.045
-0.090,-0.070,0.020,0.080,-0.055,-0.025,0.140,0.130,-0.020,-0.055,-0.035,-0.045
-0.090,-0.066,0.024,0.078,-0.057,-0.021,0.145,0.134,-0.020,-0.055,-0.035,-0.045
-0.087,-0.061,0.025,0.074,-0.056,-0.018,0.143,0.138,-0.017,-0.056,-0.032,-0.045
-0.085,-0.060,0.025,0.072,-0.055,-0.017,0.152,0.142,-0.015,-0.053,-0.029,-0.045
-0.084,-0.059,0.025,0.071,-0.055,-0.017,0.168,0.146,-0.014,-0.050,-0.030,-0.045
-0.080,-0.055,0.025,0.067,-0.052,-0.015,0.170,0.150,-0.010,-0.050,-0.030,-0.045
-0.080,-0.055,0.025,0.067,-0.052,-0.015,0.170,0.158,-0.010,-0.050,-0.030,-0.045
-0.078,-0.053,0.025,0.065,-0.051,-0.013,0.169,0.163,-0.007,-0.050,-0.027,-0.045
-0.072,-0.047,0.025,0.059,-0.049,-0.011,0.172,0.169,-0.005,-0.050,-0.024,-0.045
-0.070,-0.045,0.025,0.057,-0.047,-0.010,0.176,0.184,-0.004,-0.049,-0.025,-0.045
-0.070,-0.045,0.025,0.057,-0.047,-0.010,0.175,0.200,0.000,-0.045,-0.025,-0.045
-0.066,-0.041,0.025,0.053,-0.045,-0.007,0.174,0.205,-0.001,-0.041,-0.025,-0.041
-0.065,-0.040,0.025,0.052,-0.045,-0.007,0.181,0.203,0.006,-0.036,-0.026,-0.039
-0.064,-0.039,0.025,0.051,-0.044,-0.007,0.188,0.212,0.013,-0.035,-0.023,-0.041
-0.059,-0.034,0.025,0.046,-0.042,-0.004,0.190,0.228,0.016,-0.034,-0.020,-0.039
-0.055,-0.030,0.025,0.042,-0.040,-0.002,0.190,0.235,0.020,-0.030,-0.020,-0.035
-0.051,-0.026,0.025,0.038,-0.037,0.000,0.190,0.238,0.028,-0.026,-0.016,-0.035
-0.050,-0.025,0.025,0.037,-0.037,0.000,0.191,0.252,0.033,-0.025,-0.015,-0.036
-0.049,-0.024,0.025,0.036,-0.037,0.000,0.188,0.264,0.037,-0.024,-0.013,-0.033
-0.044,-0.019,0.025,0.031,-0.034,0.003,0.193,0.274,0.041,-0.019,-0.010,-0.030
-0.040,-0.015,0.025,0.027,-0.032,0.005,0.210,0.290,0.045,-0.015,-0.010,-0.030
-0.040,-0.015,0.025,0.027,-0.032,0.005,0.211,0.289,0.049,-0.016,-0.006,-0.030
-0.038,-0.013,0.025,0.025,-0.031,0.006,0.209,0.301,0.055,-0.009,-0.005,-0.027
-0.032,-0.007,0.025,0.019,-0.029,0.008,0.211,0.317,0.066,-0.002,-0.003,-0.024
-0.030,-0.005,0.025,0.017,-0.027,0.010,0.218,0.329,0.077,0.001,0.000,-0.025
-0.030,-0.005,0.025,0.017,-0.027,0.010,0.230,0.345,0.085,0.005,0.000,-0.025
-0.026,-0.001,0.025,0.013,-0.025,0.012,0.235,0.357,0.093,0.013,0.004,-0.021
-0.024,0.001,0.025,0.011,-0.025,0.012,0.237,0.371,0.098,0.018,0.005,-0.019
-0.026,-0.001,0.025,0.013,-0.025,0.012,0.244,0.389,0.104,0.022,0.007,-0.021
-0.024,0.001,0.025,0.011,-0.025,0.013,0.251,0.411,0.111,0.026,0.010,-0.019
-0.020,0.005,0.025,0.007,-0.023,0.015,0.255,0.435,0.115,0.030,0.010,-0.015
-0.020,0.005,0.025,0.007,-0.023,0.015,0.259,0.447,0.127,0.030,0.014,-0.015
-0.020,0.005,0.025,0.007,-0.023,0.015,0.260,0.462,0.137,0.030,0.015,-0.016
-0.020,0.005,0.025,0.007,-0.023,0.015,0.262,0.477,0.141,0.028,0.017,-0.013
-0.019,0.006,0.025,0.006,-0.023,0.015,0.273,0.496,0.149,0.033,0.020,-0.010
-0.015,0.010,0.025,0.002,-0.020,0.017,0.285,0.520,0.165,0.050,0.020,-0.010
-0.013,0.010,0.023,0.001,-0.018,0.016,0.289,0.540,0.169,0.055,0.024,-0.010
-0.027,0.009,0.037,0.009,-0.032,0.023,0.299,0.563,0.178,0.054,0.024,-0.010
-0.037,0.012,0.049,0.012,-0.043,0.030,0.310,0.585,0.192,0.060,0.028,-0.008
-0.035,0.015,0.050,0.010,-0.043,0.032,0.317,0.607,0.202,0.072,0.037,-0.004
-0.035,0.015,0.050,0.010,-0.043,0.032,0.325,0.635,0.210,0.075,0.040,0.000
-0.035,0.015,0.050,0.010,-0.043,0.032,0.329,0.655,0.218,0.074,0.044,0.004
-0.036,0.014,0.050,0.011,-0.043,0.032,0.334,0.677,0.228,0.080,0.048,0.008
-0.032,0.018,0.050,0.007,-0.041,0.034,0.350,0.705,0.245,0.091,0.053,0.012
-0.023,0.027,0.050,-0.002,-0.037,0.038,0.367,0.731,0.264,0.103,0.055,0.015
-0.015,0.035,0.050,-0.010,-0.033,0.042,0.370,0.750,0.275,0.110,0.055,0.015
-0.007,0.043,0.050,-0.018,-0.029,0.046,0.381,0.774,0.282,0.114,0.067,0.019
0.002,0.052,0.050,-0.027,-0.025,0.050,0.395,0.799,0.297,0.120,0.074,0.023
0.006,0.056,0.050,-0.031,-0.022,0.052,0.404,0.819,0.312,0.131,0.077,0.027
0.005,0.055,0.050,-0.030,-0.023,0.052,0.412,0.842,0.323,0.143,0.081,0.031
0.005,0.055,0.050,-0.030,-0.023,0.052,0.420,0.870,0.330,0.150,0.080,0.035
0.009,0.055,0.046,-0.032,-0.019,0.051,0.429,0.878,0.333,0.154,0.079,0.040
0.012,0.055,0.043,-0.034,-0.016,0.049,0.431,0.893,0.348,0.160,0.089,0.039
0.003,0.056,0.052,-0.030,-0.025,0.054,0.445,0.917,0.371,0.171,0.097,0.043
0.005,0.072,0.068,-0.039,-0.032,0.070,0.463,0.940,0.389,0.182,0.103,0.051
0.035,0.105,0.070,-0.070,-0.018,0.087,0.465,0.960,0.405,0.190,0.120,0.055
0.041,0.111,0.070,-0.076,-0.014,0.091,0.468,0.976,0.421,0.206,0.133,0.063
0.037,0.107,0.069,-0.072,-0.016,0.088,0.477,0.992,0.438,0.220,0.141,0.071
0.049,0.121,0.072,-0.085,-0.012,0.096,0.482,1.007,0.450,0.230,0.150,0.079
0.069,0.144,0.075,-0.107,-0.003,0.109,0.488,1.026,0.465,0.244,0.164,0.086
0.075,0.150,0.075,-0.113,0.000,0.112,0.500,1.050,0.490,0.260,0.175,0.090
0.078,0.152,0.075,-0.116,0.001,0.113,0.501,1.059,0.503,0.269,0.177,0.098
0.090,0.168,0.078,-0.129,0.005,0.123,0.497,1.064,0.510,0.272,0.196,0.106
0.095,0.175,0.080,-0.135,0.007,0.127,0.510,1.064,0.523,0.282,0.206,0.113
0.098,0.178,0.080,-0.138,0.009,0.129,0.526,1.059,0.538,0.299,0.207,0.124
0.120,0.200,0.080,-0.160,0.020,0.140,0.515,1.060,0.545,0.310,0.225,0.140
0.131,0.209,0.078,-0.170,0.027,0.144,0.506,1.060,0.549,0.319,0.234,0.149
0.119,0.212,0.093,-0.166,0.013,0.152,0.502,1.060,0.550,0.322,0.238,0.153
0.119,0.219,0.100,-0.169,0.009,0.159,0.497,1.060,0.550,0.330,0.242,0.157
0.132,0.226,0.094,-0.180,0.018,0.160,0.488,1.061,0.550,0.335,0.245,0.161
0.135,0.230,0.095,-0.183,0.020,0.162,0.480,1.060,0.550,0.330,0.245,0.165
0.147,0.238,0.091,-0.193,0.028,0.164,0.477,1.041,0.550,0.330,0.249,0.169
0.154,0.244,0.090,-0.199,0.032,0.167,0.466,1.020,0.550,0.327,0.253,0.170
0.156,0.244,0.088,-0.200,0.033,0.165,0.456,1.000,0.551,0.325,0.257,0.172
0.154,0.239,0.085,-0.197,0.035,0.161,0.447,0.981,0.548,0.324,0.260,0.175
0.150,0.235,0.085,-0.193,0.032,0.160,0.435,0.965,0.535,0.320,0.260,0.175
0.150,0.231,0.081,-0.190,0.034,0.156,0.428,0.938,0.527,0.320,0.256,0.175
0.150,0.230,0.080,-0.190,0.035,0.155,0.413,0.908,0.516,0.317,0.251,0.176
0.151,0.229,0.078,-0.190,0.036,0.153,0.399,0.882,0.506,0.315,0.250,0.173
0.149,0.224,0.075,-0.187,0.037,0.149,0.386,0.860,0.497,0.314,0.249,0.170
0.145,0.220,0.075,-0.183,0.035,0.147,0.370,0.835,0.485,0.310,0.245,0.170
0.149,0.220,0.071,-0.185,0.039,0.145,0.359,0.792,0.478,0.310,0.245,0.170
0.147,0.218,0.070,-0.182,0.038,0.144,0.338,0.749,0.463,0.307,0.243,0.167
0.144,0.212,0.068,-0.178,0.038,0.140,0.314,0.711,0.448,0.305,0.237,0.164
0.145,0.210,0.065,-0.178,0.040,0.137,0.295,0.677,0.437,0.304,0.235,0.165
0.145,0.210,0.065,-0.178,0.040,0.137,0.275,0.645,0.425,0.300,0.235,0.165
0.141,0.202,0.061,-0.172,0.040,0.131,0.255,0.609,0.414,0.301,0.231,0.161
0.137,0.197,0.060,-0.167,0.038,0.128,0.238,0.573,0.392,0.289,0.231,0.160
0.133,0.191,0.058,-0.162,0.037,0.124,0.222,0.537,0.370,0.272,0.225,0.160
0.129,0.184,0.055,-0.157,0.037,0.119,0.206,0.501,0.349,0.256,0.212,0.160
0.125,0.180,0.055,-0.153,0.035,0.117,0.190,0.465,0.325,0.240,0.205,0.160
0.121,0.172,0.051,-0.146,0.035,0.111,0.174,0.429,0.305,0.228,0.197,0.152
0.117,0.168,0.050,-0.142,0.033,0.109,0.160,0.392,0.285,0.216,0.189,0.143
0.112,0.160,0.048,-0.136,0.031,0.103,0.151,0.360,0.267,0.204,0.181,0.138
0.103,0.147,0.045,-0.126,0.029,0.096,0.143,0.333,0.250,0.192,0.173,0.133
0.095,0.140,0.045,-0.118,0.025,0.092,0.135,0.305,0.230,0.180,0.165,0.125
0.091,0.132,0.041,-0.112,0.025,0.086,0.127,0.277,0.214,0.173,0.153,0.117
0.084,0.124,0.040,-0.104,0.022,0.082,0.119,0.249,0.195,0.159,0.141,0.112
0.078,0.116,0.038,-0.097,0.020,0.077,0.111,0.222,0.177,0.142,0.129,0.107
0.073,0.108,0.035,-0.091,0.019,0.071,0.103,0.200,0.161,0.126,0.118,0.098
0.065,0.100,0.035,-0.083,0.015,0.067,0.095,0.180,0.145,0.110,0.110,0.090
0.061,0.092,0.031,-0.077,0.015,0.061,0.091,0.156,0.133,0.098,0.098,0.082
0.054,0.084,0.030,-0.069,0.012,0.057,0.088,0.134,0.121,0.086,0.089,0.074
0.048,0.076,0.028,-0.062,0.010,0.052,0.081,0.116,0.109,0.075,0.081,0.066
0.044,0.068,0.025,-0.056,0.009,0.046,0.074,0.102,0.097,0.068,0.073,0.059
0.035,0.060,0.025,-0.048,0.005,0.042,0.070,0.090,0.085,0.060,0.065,0.055
0.027,0.052,0.025,-0.040,0.001,0.038,0.066,0.078,0.073,0.048,0.057,0.051
0.022,0.047,0.026,-0.035,-0.002,0.036,0.062,0.066,0.061,0.039,0.049,0.047
0.018,0.041,0.023,-0.030,-0.003,0.032,0.060,0.056,0.049,0.031,0.043,0.043
0.014,0.034,0.020,-0.024,-0.003,0.026,0.060,0.048,0.038,0.024,0.039,0.039
0.010,0.030,0.020,-0.020,-0.005,0.025,0.060,0.040,0.030,0.020,0.035,0.035
0.006,0.026,0.020,-0.016,-0.007,0.023,0.060,0.032,0.022,0.016,0.035,0.031
0.001,0.022,0.021,-0.012,-0.010,0.021,0.060,0.024,0.017,0.012,0.032,0.030
0.000,0.018,0.018,-0.009,-0.009,0.018,0.060,0.016,0.012,0.008,0.030,0.028
-0.001,0.014,0.015,-0.007,-0.008,0.014,0.059,0.008,0.003,0.004,0.030,0.024
-0.005,0.010,0.015,-0.003,-0.010,0.012,0.055,0.000,-0.005,0.000,0.025,0.025
-0.009,0.006,0.015,0.001,-0.013,0.010,0.055,-0.004,-0.009,-0.004,0.020,0.025
-0.010,0.005,0.015,0.002,-0.013,0.010,0.055,-0.008,-0.013,-0.008,0.020,0.022
-0.010,0.006,0.015,0.002,-0.013,0.010,0.055,-0.010,-0.015,-0.010,0.018,0.020
-0.010,0.004,0.014,0.003,-0.013,0.009,0.055,-0.011,-0.016,-0.010,0.015,0.020
-0.010,0.000,0.010,0.005,-0.010,0.005,0.055,-0.015,-0.020,-0.010,0.015,0.020
-0.010,0.000,0.010,0.005,-0.010,0.005,0.055,-0.015,-0.020,-0.010,0.011,0.020
-0.010,0.000,0.010,0.005,-0.010,0.005,0.052,-0.017,-0.019,-0.013,0.009,0.017
-0.010,0.000,0.010,0.005,-0.010,0.005,0.049,-0.023,-0.022,-0.016,0.011,0.014
-0.010,-0.001,0.009,0.005,-0.010,0.004,0.050,-0.025,-0.025,-0.015,0.009,0.015
-0.010,-0.005,0.005,0.007,-0.007,0.000,0.050,-0.025,-0.025,-0.015,0.005,0.015
-0.010,-0.005,0.005,0.007,-0.007,0.000,0.050,-0.029,-0.029,-0.015,0.005,0.015
-0.010,-0.005,0.005,0.007,-0.007,0.000,0.050,-0.030,-0.031,-0.018,0.005,0.012
-0.009,-0.005,0.005,0.007,-0.007,0.000,0.050,-0.031,-0.029,-0.021,0.005,0.009
-0.011,-0.006,0.005,0.008,-0.008,0.000,0.049,-0.037,-0.031,-0.020,0.004,0.010
-0.015,-0.010,0.005,0.012,-0.010,-0.002,0.045,-0.040,-0.035,-0.020,0.000,0.010
-0.011,-0.010,0.001,0.011,-0.006,-0.005,0.045,-0.036,-0.035,-0.020,0.000,0.006
-0.009,-0.009,0.000,0.009,-0.004,-0.005,0.045,-0.034,-0.038,-0.019,0.000,0.005
-0.012,-0.012,0.000,0.012,-0.006,-0.006,0.045,-0.035,-0.041,-0.022,0.000,0.005
-0.015,-0.015,0.000,0.015,-0.007,-0.007,0.045,-0.035,-0.040,-0.025,-0.001,0.005
-0.015,-0.015,0.000,0.015,-0.007,-0.007,0.045,-0.035,-0.040,-0.025,-0.005,0.005
-0.015,-0.015,0.000,0.015,-0.007,-0.007,0.045,-0.035,-0.044,-0.025,-0.005,0.001
-0.014,-0.014,0.000,0.014,-0.007,-0.007,0.046,-0.035,-0.045,-0.024,-0.004,0.000
-0.017,-0.017,0.000,0.017,-0.008,-0.008,0.043,-0.035,-0.045,-0.027,-0.007,0.000
-0.020,-0.020,0.000,0.020,-0.010,-0.010,0.040,-0.035,-0.044,-0.030,-0.010,0.000
-0.020,-0.020,0.000,0.020,-0.010,-0.010,0.040,-0.035,-0.040,-0.030,-0.010,0.000
-0.020,-0.020,0.000,0.020,-0.010,-0.010,0.040,-0.035,-0.040,-0.030,-0.010,0.000
-0.021,-0.021,0.000,0.021,-0.010,-0.010,0.040,-0.035,-0.040,-0.030,-0.009,0.000
-0.018,-0.018,0.000,0.018,-0.009,-0.009,0.040,-0.035,-0.040,-0.030,-0.012,0.000
-0.015,-0.015,0.000,0.015,-0.007,-0.007,0.040,-0.035,-0.040,-0.029,-0.015,0.000
-0.015,-0.015,0.000,0.015,-0.007,-0.007,0.040,-0.035,-0.040,-0.025,-0.015,0.000
-0.015,-0.015,0.000,0.015,-0.007,-0.007,0.040,-0.035,-0.040,-0.025,-0.015,0.000
-0.012,-0.012,0.000,0.012,-0.006,-0.006,0.037,-0.035,-0.040,-0.025,-0.016,0.000
-0.010,-0.010,0.000,0.010,-0.005,-0.005,0.034,-0.035,-0.040,-0.025,-0.013,0.000
-0.010,-0.010,0.000,0.010,-0.005,-0.005,0.035,-0.035,-0.040,-0.025,-0.010,0.000
-0.010,-0.010,0.000,0.010,-0.005,-0.005,0.035,-0.035,-0.040,-0.025,-0.010,0.000
-0.010,-0.010,0.000,0.010,-0.005,-0.005,0.035,-0.035,-0.040,-0.025,-0.010,0.000
-0.007,-0.007,0.000,0.007,-0.003,-0.003,0.035,-0.035,-0.041,-0.025,-0.010,0.000
-0.004,-0.004,0.000,0.004,-0.002,-0.002,0.035,-0.035,-0.038,-0.025,-0.010,0.000
-0.005,-0.005,0.000,0.005,-0.002,-0.002,0.035,-0.035,-0.035,-0.025,-0.010,0.000
-0.005,-0.005,0.000,0.005,-0.002,-0.002,0.035,-0.035,-0.035,-0.025,-0.010,0.000
-0.001,-0.001,0.000,0.001,0.000,0.000,0.035,-0.035,-0.035,-0.025,-0.010,0.000
0.001,0.000,0.000,-0.001,0.001,0.000,0.038,-0.036,-0.035,-0.025,-0.007,0.000
-0.001,0.000,0.001,0.001,-0.001,0.000,0.041,-0.033,-0.035,-0.025,-0.004,0.000
-0.006,0.000,0.006,0.003,-0.006,0.003,0.040,-0.030,-0.035,-0.025,-0.005,0.000
-0.010,0.000,0.010,0.005,-0.010,0.005,0.040,-0.030,-0.035,-0.025,-0.005,0.000
-0.006,0.004,0.010,0.001,-0.008,0.007,0.040,-0.030,-0.035,-0.025,-0.005,0.000
-0.008,0.005,0.013,0.001,-0.011,0.009,0.040,-0.030,-0.035,-0.025,-0.005,0.000
-0.010,0.005,0.015,0.002,-0.013,0.010,0.040,-0.030,-0.035,-0.025,-0.005,0.000
-0.011,0.005,0.015,0.002,-0.014,0.010,0.040,-0.030,-0.035,-0.025,-0.005,0.000
-0.015,0.005,0.020,0.005,-0.018,0.012,0.040,-0.030,-0.035,-0.025,-0.005,0.000
-0.016,0.009,0.025,0.003,-0.020,0.016,0.044,-0.030,-0.035,-0.025,-0.001,0.000
-0.011,0.014,0.025,-0.002,-0.018,0.019,0.045,-0.030,-0.035,-0.025,0.000,-0.001
-0.012,0.015,0.027,-0.002,-0.020,0.021,0.045,-0.030,-0.035,-0.025,0.000,0.002
-0.015,0.015,0.030,0.000,-0.023,0.022,0.045,-0.029,-0.035,-0.025,0.000,0.005
-0.010,0.020,0.030,-0.005,-0.020,0.025,0.045,-0.025,-0.035,-0.025,0.000,0.005
-0.009,0.025,0.034,-0.008,-0.022,0.029,0.045,-0.025,-0.035,-0.025,0.000,0.009
-0.012,0.024,0.035,-0.007,-0.024,0.030,0.045,-0.025,-0.035,-0.025,0.000,0.011
-0.004,0.030,0.035,-0.013,-0.020,0.032,0.045,-0.025,-0.035,-0.025,0.000,0.009
0.007,0.042,0.035,-0.025,-0.014,0.038,0.044,-0.025,-0.035,-0.025,0.000,0.011
0.010,0.045,0.035,-0.028,-0.013,0.040,0.040,-0.025,-0.035,-0.025,0.000,0.015
0.020,0.055,0.035,-0.038,-0.007,0.045,0.040,-0.025,-0.035,-0.025,0.004,0.015
0.043,0.078,0.035,-0.061,0.004,0.056,0.040,-0.025,-0.035,-0.025,0.005,0.018
0.049,0.084,0.035,-0.067,0.006,0.060,0.040,-0.025,-0.035,-0.025,0.005,0.020
0.037,0.072,0.035,-0.055,0.001,0.054,0.040,-0.024,-0.035,-0.025,0.005,0.020
0.030,0.065,0.035,-0.048,-0.003,0.050,0.040,-0.025,-0.035,-0.025,0.005,0.020
0.022,0.057,0.035,-0.040,-0.007,0.046,0.036,-0.037,-0.035,-0.025,0.005,0.016
0.014,0.049,0.034,-0.032,-0.010,0.042,0.035,-0.045,-0.035,-0.025,0.006,0.015
0.004,0.041,0.037,-0.023,-0.017,0.039,0.035,-0.045,-0.035,-0.025,0.003,0.015
-0.008,0.033,0.040,-0.013,-0.025,0.036,0.035,-0.046,-0.035,-0.025,0.000,0.015
-0.015,0.025,0.040,-0.005,-0.028,0.032,0.035,-0.050,-0.035,-0.025,0.000,0.015
-0.019,0.020,0.040,-0.001,-0.030,0.030,0.035,-0.050,-0.035,-0.025,0.000,0.015
-0.020,0.020,0.040,0.000,-0.030,0.030,0.036,-0.053,-0.035,-0.025,0.000,0.012
-0.020,0.020,0.040,0.000,-0.030,0.030,0.033,-0.055,-0.035,-0.025,0.000,0.009
-0.020,0.020,0.040,0.000,-0.030,0.030,0.030,-0.056,-0.035,-0.025,-0.001,0.010
-0.020,0.020,0.040,0.000,-0.030,0.030,0.030,-0.060,-0.035,-0.025,-0.005,0.010
-0.020,0.020,0.040,0.000,-0.030,0.030,0.030,-0.060,-0.035,-0.025,-0.005,0.010
-0.020,0.020,0.040,0.000,-0.030,0.030,0.030,-0.060,-0.035,-0.025,-0.005,0.010
-0.020,0.020,0.040,0.000,-0.030,0.030,0.030,-0.060,-0.035,-0.025,-0.005,0.010
-0.020,0.020,0.040,0.000,-0.030,0.030,0.029,-0.060,-0.035,-0.025,-0.005,0.009
-0.020,0.020,0.040,0.000,-0.030,0.030,0.025,-0.060,-0.035,-0.025,-0.005,0.005
-0.020,0.020,0.040,0.000,-0.030,0.030,0.025,-0.064,-0.035,-0.025,-0.005,0.005
-0.020,0.020,0.040,0.000,-0.030,0.030,0.025,-0.065,-0.035,-0.025,-0.008,0.005
-0.020,0.020,0.040,0.000,-0.030,0.030,0.025,-0.065,-0.035,-0.025,-0.011,0.005
-0.021,0.019,0.040,0.001,-0.030,0.030,0.025,-0.065,-0.035,-0.026,-0.010,0.005
-0.025,0.015,0.040,0.005,-0.033,0.027,0.025,-0.065,-0.035,-0.030,-0.010,0.005
-0.025,0.015,0.040,0.005,-0.033,0.027,0.025,-0.065,-0.035,-0.030,-0.010,0.001
-0.025,0.015,0.040,0.005,-0.033,0.027,0.022,-0.068,-0.038,-0.033,-0.009,0.000
-0.025,0.015,0.040,0.005,-0.033,0.027,0.019,-0.071,-0.040,-0.035,-0.012,0.000
-0.025,0.015,0.040,0.005,-0.033,0.027,0.020,-0.070,-0.041,-0.036,-0.015,0.000
-0.025,0.015,0.040,0.005,-0.033,0.027,0.020,-0.070,-0.045,-0.040,-0.015,0.000
-0.025,0.015,0.040,0.005,-0.033,0.027,0.020,-0.074,-0.045,-0.040,-0.015,0.000
-0.025,0.015,0.040,0.005,-0.033,0.027,0.020,-0.076,-0.048,-0.043,-0.015,0.001
-0.025,0.015,0.040,0.005,-0.033,0.027,0.020,-0.075,-0.050,-0.046,-0.015,-0.002
-0.025,0.015,0.040,0.005,-0.033,0.027,0.020,-0.076,-0.051,-0.045,-0.015,-0.005
-0.025,0.015,0.040,0.005,-0.033,0.027,0.020,-0.080,-0.055,-0.045,-0.015,-0.005
-0.029,0.015,0.044,0.007,-0.037,0.029,0.016,-0.084,-0.055,-0.045,-0.019,-0.005
-0.030,0.016,0.045,0.007,-0.038,0.031,0.015,-0.088,-0.058,-0.044,-0.020,-0.005
-0.032,0.013,0.045,0.009,-0.039,0.029,0.015,-0.091,-0.061,-0.047,-0.020,-0.005
-0.035,0.010,0.045,0.012,-0.040,0.027,0.015,-0.090,-0.060,-0.050,-0.020,-0.005
-0.035,0.010,0.045,0.012,-0.040,0.027,0.015,-0.090,-0.060,-0.050,-0.020,-0.005
-0.035,0.010,0.045,0.012,-0.040,0.027,0.015,-0.094,-0.060,-0.050,-0.020,-0.005
-0.035,0.010,0.045,0.012,-0.040,0.027,0.015,-0.096,-0.060,-0.050,-0.020,-0.005
-0.035,0.010,0.045,0.012,-0.040,0.027,0.015,-0.094,-0.060,-0.050,-0.020,-0.005
-0.035,0.010,0.045,0.012,-0.040,0.027,0.014,-0.096,-0.060,-0.051,-0.020,-0.005
-0.035,0.010,0.045,0.012,-0.040,0.027,0.010,-0.100,-0.060,-0.055,-0.020,-0.005
-0.035,0.010,0.045,0.012,-0.040,0.027,0.010,-0.100,-0.060,-0.055,-0.020,-0.005
-0.038,0.007,0.045,0.015,-0.042,0.026,0.010,-0.099,-0.060,-0.055,-0.020,-0.005
-0.041,0.004,0.045,0.018,-0.043,0.025,0.010,-0.102,-0.060,-0.055,-0.020,-0.005
-0.040,0.005,0.045,0.017,-0.043,0.025,0.010,-0.105,-0.060,-0.055,-0.021,-0.005
-0.040,0.005,0.045,0.017,-0.043,0.025,0.010,-0.105,-0.060,-0.055,-0.025,-0.005
-0.040,0.005,0.045,0.017,-0.043,0.025,0.010,-0.105,-0.060,-0.055,-0.025,-0.005
-0.040,0.005,0.045,0.017,-0.043,0.025,0.010,-0.108,-0.060,-0.055,-0.025,-0.005
-0.040,0.005,0.045,0.017,-0.043,0.025,0.010,-0.110,-0.060,-0.055,-0.025,-0.005
-0.040,0.005,0.045,0.017,-0.043,0.025,0.009,-0.110,-0.061,-0.055,-0.025,-0.005
-0.040,0.005,0.045,0.017,-0.043,0.025,0.005,-0.110,-0.065,-0.055,-0.025,-0.005
-0.044,0.001,0.045,0.021,-0.045,0.022,0.005,-0.110,-0.065,-0.055,-0.025,-0.005
-0.045,0.000,0.045,0.022,-0.045,0.022,0.005,-0.113,-0.065,-0.054,-0.025,-0.005
-0.045,0.000,0.045,0.022,-0.045,0.022,0.005,-0.116,-0.065,-0.057,-0.025,-0.005
-0.045,0.000,0.045,0.022,-0.045,0.022,0.005,-0.115,-0.065,-0.060,-0.025,-0.005
-0.045,0.000,0.045,0.022,-0.045,0.022,0.005,-0.115,-0.065,-0.060,-0.025,-0.005
-0.045,0.000,0.045,0.022,-0.045,0.022,0.005,-0.115,-0.069,-0.060,-0.025,-0.009
-0.045,0.000,0.044,0.022,-0.044,0.022,0.005,-0.115,-0.070,-0.060,-0.024,-0.010
-0.047,0.000,0.047,0.023,-0.047,0.023,0.005,-0.115,-0.070,-0.060,-0.027,-0.010
-0.051,0.000,0.050,0.025,-0.051,0.025,0.005,-0.115,-0.070,-0.060,-0.030,-0.010
-0.050,0.000,0.050,0.025,-0.050,0.025,0.005,-0.115,-0.070,-0.060,-0.030,-0.010
-0.046,0.004,0.050,0.021,-0.048,0.027,0.005,-0.115,-0.070,-0.060,-0.030,-0.010
-0.045,0.005,0.050,0.020,-0.048,0.027,0.005,-0.115,-0.073,-0.060,-0.030,-0.010
-0.045,0.005,0.050,0.020,-0.048,0.027,0.005,-0.115,-0.076,-0.060,-0.030,-0.010
-0.045,0.005,0.050,0.020,-0.048,0.027,0.005,-0.115,-0.075,-0.060,-0.030,-0.010
-0.045,0.005,0.050,0.020,-0.048,0.027,0.005,-0.115,-0.075,-0.060,-0.030,-0.010
-0.045,0.005,0.050,0.020,-0.048,0.027,0.005,-0.119,-0.075,-0.060,-0.030,-0.010
-0.045,0.005,0.050,0.020,-0.048,0.027,0.005,-0.120,-0.075,-0.060,-0.030,-0.010
-0.045,0.005,0.050,0.020,-0.048,0.027,0.005,-0.120,-0.075,-0.060,-0.030,-0.010
-0.045,0.005,0.050,0.020,-0.048,0.027,0.005,-0.120,-0.076,-0.060,-0.030,-0.011
-0.045,0.005,0.050,0.020,-0.048,0.027,0.005,-0.120,-0.080,-0.060,-0.030,-0.015
-0.045,0.005,0.050,0.020,-0.048,0.027,0.005,-0.120,-0.080,-0.060,-0.030,-0.015
-0.045,0.005,0.050,0.020,-0.048,0.027,0.005,-0.120,-0.080,-0.060,-0.033,-0.015
-0.045,0.005,0.050,0.020,-0.048,0.027,0.005,-0.120,-0.080,-0.060,-0.036,-0.015
-0.045,0.005,0.050,0.020,-0.048,0.027,0.005,-0.120,-0.080,-0.060,-0.035,-0.015
-0.045,0.005,0.050,0.020,-0.048,0.027,0.005,-0.120,-0.080,-0.060,-0.035,-0.015
-0.045,0.005,0.050,0.020,-0.048,0.027,0.005,-0.120,-0.080,-0.060,-0.035,-0.015
-0.045,0.005,0.050,0.020,-0.048,0.027,0.002,-0.120,-0.083,-0.060,-0.035,-0.015
-0.045,0.005,0.050,0.020,-0.048,0.027,-0.001,-0.120,-0.086,-0.060,-0.035,-0.015
-0.045,0.005,0.050,0.020,-0.048,0.027,0.000,-0.120,-0.085,-0.060,-0.035,-0.015
-0.045,0.005,0.050,0.020,-0.048,0.027,0.000,-0.120,-0.085,-0.060,-0.035,-0.015
-0.045,0.005,0.050,0.020,-0.048,0.027,0.000,-0.120,-0.085,-0.060,-0.035,-0.015
-0.045,0.005,0.050,0.020,-0.048,0.027,0.000,-0.120,-0.085,-0.060,-0.035,-0.016
-0.045,0.005,0.050,0.020,-0.048,0.027,0.000,-0.120,-0.085,-0.060,-0.035,-0.013
-0.045,0.005,0.050,0.020,-0.048,0.027,0.000,-0.120,-0.085,-0.060,-0.035,-0.010
-0.045,0.005,0.050,0.020,-0.048,0.027,0.000,-0.120,-0.085,-0.060,-0.035,-0.010
-0.041,0.005,0.046,0.017,-0.044,0.025,0.000,-0.120,-0.085,-0.060,-0.039,-0.010
-0.040,0.004,0.045,0.017,-0.043,0.025,0.000,-0.120,-0.085,-0.060,-0.040,-0.010
-0.038,0.007,0.045,0.015,-0.042,0.026,0.000,-0.120,-0.085,-0.060,-0.040,-0.010
-0.035,0.010,0.045,0.012,-0.040,0.027,0.000,-0.120,-0.085,-0.060,-0.040,-0.010
-0.035,0.010,0.045,0.012,-0.040,0.027,0.000,-0.120,-0.085,-0.060,-0.040,-0.010
-0.035,0.010,0.045,0.012,-0.040,0.027,0.000,-0.120,-0.085,-0.060,-0.040,-0.010
-0.035,0.010,0.045,0.012,-0.040,0.027,0.000,-0.120,-0.085,-0.060,-0.040,-0.007
-0.035,0.010,0.045,0.012,-0.040,0.027,0.000,-0.120,-0.085,-0.060,-0.040,-0.004
-0.034,0.010,0.044,0.012,-0.039,0.027,0.000,-0.120,-0.085,-0.059,-0.040,-0.005
-0.030,0.010,0.040,0.010,-0.035,0.025,0.000,-0.120,-0.085,-0.055,-0.040,-0.005
-0.026,0.014,0.040,0.006,-0.033,0.027,0.000,-0.120,-0.085,-0.055,-0.040,-0.005
-0.025,0.015,0.040,0.005,-0.033,0.027,0.000,-0.120,-0.085,-0.055,-0.040,-0.005
-0.025,0.015,0.040,0.005,-0.033,0.027,0.000,-0.120,-0.085,-0.055,-0.040,-0.005
-0.025,0.015,0.040,0.005,-0.033,0.027,0.000,-0.120,-0.085,-0.055,-0.041,-0.005
-0.025,0.015,0.040,0.005,-0.033,0.027,0.000,-0.120,-0.085,-0.055,-0.045,-0.005
-0.025,0.015,0.040,0.005,-0.033,0.027,0.000,-0.120,-0.085,-0.055,-0.045,-0.001
-0.026,0.014,0.041,0.006,-0.034,0.027,0.000,-0.120,-0.085,-0.055,-0.045,0.000
-0.021,0.017,0.038,0.002,-0.030,0.027,0.000,-0.120,-0.085,-0.055,-0.045,0.000
-0.014,0.020,0.035,-0.004,-0.024,0.027,-0.001,-0.120,-0.085,-0.055,-0.045,0.000
-0.015,0.020,0.035,-0.003,-0.025,0.027,-0.005,-0.120,-0.085,-0.055,-0.045,0.000
-0.015,0.020,0.035,-0.003,-0.025,0.027,-0.005,-0.120,-0.085,-0.055,-0.045,0.000
-0.015,0.020,0.035,-0.003,-0.025,0.027,-0.008,-0.117,-0.085,-0.055,-0.045,0.000
-0.015,0.020,0.035,-0.003,-0.025,0.027,-0.011,-0.115,-0.085,-0.055,-0.045,0.000
-0.015,0.020,0.035,-0.003,-0.025,0.027,-0.010,-0.114,-0.085,-0.055,-0.045,0.000
-0.015,0.020,0.035,-0.003,-0.025,0.027,-0.010,-0.110,-0.085,-0.055,-0.045,0.000
-0.015,0.020,0.035,-0.003,-0.025,0.027,-0.014,-0.110,-0.085,-0.055,-0.045,0.004
-0.016,0.020,0.036,-0.003,-0.026,0.027,-0.015,-0.111,-0.082,-0.055,-0.046,0.006
-0.013,0.020,0.033,-0.004,-0.023,0.026,-0.017,-0.108,-0.080,-0.055,-0.043,0.004
-0.019,0.020,0.039,-0.001,-0.029,0.029,-0.020,-0.105,-0.079,-0.055,-0.040,0.006
-0.035,0.020,0.055,0.007,-0.045,0.037,-0.020,-0.105,-0.075,-0.055,-0.040,0.010
-0.032,0.020,0.052,0.006,-0.042,0.036,-0.020,-0.101,-0.075,-0.055,-0.036,0.010
-0.029,0.020,0.049,0.005,-0.039,0.035,-0.017,-0.099,-0.076,-0.055,-0.035,0.009
-0.031,0.020,0.051,0.005,-0.041,0.035,-0.013,-0.101,-0.073,-0.055,-0.033,0.012
-0.029,0.020,0.049,0.004,-0.039,0.034,-0.009,-0.099,-0.070,-0.055,-0.030,0.015
-0.025,0.020,0.045,0.002,-0.035,0.032,-0.005,-0.095,-0.070,-0.055,-0.030,0.015
-0.025,0.020,0.045,0.002,-0.035,0.032,-0.005,-0.095,-0.070,-0.055,-0.026,0.015
-0.026,0.020,0.046,0.002,-0.036,0.032,-0.003,-0.092,-0.067,-0.052,-0.025,0.018
-0.023,0.020,0.043,0.001,-0.033,0.031,0.003,-0.089,-0.064,-0.050,-0.023,0.021
-0.020,0.020,0.040,0.000,-0.030,0.030,0.005,-0.090,-0.065,-0.049,-0.020,0.020
-0.020,0.020,0.040,0.000,-0.030,0.030,0.005,-0.090,-0.065,-0.045,-0.020,0.020
-0.021,0.020,0.040,0.000,-0.031,0.030,0.009,-0.086,-0.061,-0.045,-0.016,0.024
-0.018,0.020,0.038,-0.001,-0.028,0.029,0.014,-0.084,-0.059,-0.042,-0.015,0.026
-0.027,0.020,0.047,0.004,-0.038,0.033,0.015,-0.086,-0.060,-0.040,-0.013,0.024
-0.033,0.029,0.062,0.002,-0.048,0.045,0.016,-0.083,-0.059,-0.039,-0.010,0.026
-0.015,0.050,0.065,-0.018,-0.040,0.057,0.025,-0.075,-0.055,-0.035,-0.010,0.030
-0.011,0.058,0.069,-0.024,-0.040,0.064,0.033,-0.071,-0.051,-0.035,-0.006,0.030
-0.002,0.069,0.071,-0.033,-0.037,0.070,0.041,-0.067,-0.046,-0.032,-0.004,0.029
0.011,0.078,0.068,-0.045,-0.029,0.073,0.049,-0.063,-0.045,-0.029,-0.006,0.032
0.006,0.080,0.074,-0.043,-0.034,0.077,0.057,-0.059,-0.044,-0.030,-0.004,0.035
-0.015,0.080,0.095,-0.033,-0.055,0.087,0.065,-0.055,-0.040,-0.030,0.000,0.035
-0.013,0.080,0.092,-0.033,-0.052,0.086,0.069,-0.051,-0.036,-0.026,0.000,0.035
-0.003,0.083,0.086,-0.040,-0.045,0.085,0.073,-0.046,-0.035,-0.025,-0.001,0.034
0.002,0.086,0.083,-0.044,-0.041,0.084,0.075,-0.045,-0.034,-0.023,0.002,0.037
0.006,0.085,0.079,-0.045,-0.037,0.081,0.075,-0.044,-0.029,-0.020,0.005,0.040
0.010,0.085,0.075,-0.048,-0.033,0.080,0.075,-0.040,-0.025,-0.020,0.005,0.040
0.014,0.089,0.075,-0.052,-0.031,0.082,0.073,-0.040,-0.025,-0.020,0.005,0.044
0.018,0.090,0.072,-0.054,-0.027,0.081,0.085,-0.037,-0.023,-0.020,0.005,0.045
0.023,0.090,0.068,-0.057,-0.023,0.079,0.088,-0.035,-0.017,-0.020,0.007,0.047
0.025,0.089,0.064,-0.058,-0.020,0.076,0.078,-0.034,-0.015,-0.020,0.011,0.051
0.030,0.090,0.060,-0.060,-0.015,0.075,0.075,-0.030,-0.015,-0.020,0.015,0.050
0.052,0.107,0.055,-0.080,-0.002,0.081,0.067,-0.030,-0.011,-0.020,0.019,0.046
0.053,0.109,0.056,-0.082,-0.001,0.082,0.062,-0.027,-0.007,-0.020,0.023,0.045
0.051,0.102,0.052,-0.077,-0.001,0.077,0.056,-0.023,-0.004,-0.020,0.027,0.043
0.056,0.099,0.043,-0.078,0.006,0.071,0.049,-0.027,-0.007,-0.020,0.031,0.039
0.055,0.095,0.040,-0.075,0.007,0.067,0.045,-0.040,-0.015,-0.020,0.030,0.040
0.055,0.091,0.036,-0.074,0.009,0.063,0.029,-0.048,-0.019,-0.020,0.026,0.040
0.054,0.086,0.032,-0.071,0.011,0.059,0.016,-0.058,-0.022,-0.020,0.022,0.037
0.057,0.085,0.028,-0.072,0.014,0.056,0.002,-0.071,-0.029,-0.020,0.018,0.034
0.059,0.084,0.024,-0.072,0.017,0.054,-0.013,-0.083,-0.036,-0.021,0.014,0.035
0.055,0.075,0.020,-0.065,0.017,0.047,-0.025,-0.090,-0.040,-0.025,0.010,0.035
0.059,0.067,0.008,-0.063,0.025,0.037,-0.042,-0.094,-0.044,-0.025,0.010,0.031
0.060,0.059,-0.001,-0.059,0.030,0.029,-0.049,-0.099,-0.048,-0.028,0.007,0.029
0.061,0.051,-0.010,-0.056,0.035,0.020,-0.052,-0.098,-0.052,-0.032,0.003,0.031
0.066,0.043,-0.023,-0.054,0.044,0.009,-0.055,-0.104,-0.056,-0.036,-0.001,0.029
0.065,0.035,-0.030,-0.050,0.047,0.002,-0.050,-0.125,-0.060,-0.040,-0.005,0.025
0.053,0.031,-0.022,-0.042,0.038,0.004,-0.050,-0.126,-0.064,-0.040,-0.010,0.025
0.043,0.027,-0.016,-0.035,0.030,0.005,-0.050,-0.124,-0.069,-0.040,-0.009,0.026
0.036,0.023,-0.013,-0.029,0.024,0.005,-0.050,-0.126,-0.070,-0.040,-0.013,0.023
0.028,0.019,-0.009,-0.023,0.018,0.005,-0.050,-0.124,-0.071,-0.041,-0.022,0.020
0.020,0.015,-0.005,-0.017,0.012,0.005,-0.050,-0.125,-0.080,-0.045,-0.025,0.020
0.012,0.011,-0.001,-0.011,0.006,0.005,-0.050,-0.146,-0.084,-0.049,-0.029,0.020
0.007,0.010,0.003,-0.009,0.002,0.006,-0.051,-0.152,-0.088,-0.053,-0.033,0.017
0.002,0.009,0.007,-0.005,-0.003,0.007,-0.048,-0.149,-0.090,-0.057,-0.037,0.014
-0.007,0.004,0.011,0.002,-0.010,0.007,-0.045,-0.150,-0.091,-0.061,-0.040,0.015
-0.015,0.000,0.015,0.007,-0.015,0.007,-0.045,-0.150,-0.095,-0.065,-0.040,0.015
-0.023,-0.004,0.019,0.013,-0.020,0.007,-0.045,-0.150,-0.095,-0.069,-0.040,0.011
-0.031,-0.009,0.023,0.020,-0.027,0.007,-0.045,-0.150,-0.098,-0.070,-0.043,0.009
-0.037,-0.010,0.027,0.023,-0.033,0.008,-0.045,-0.150,-0.100,-0.072,-0.046,0.011
-0.041,-0.011,0.030,0.026,-0.035,0.010,-0.045,-0.150,-0.101,-0.075,-0.045,0.009
-0.045,-0.015,0.030,0.030,-0.037,0.007,-0.045,-0.150,-0.105,-0.075,-0.045,0.005
-0.049,-0.015,0.034,0.032,-0.041,0.009,-0.045,-0.150,-0.105,-0.079,-0.046,0.005
-0.050,-0.015,0.035,0.032,-0.042,0.010,-0.042,-0.150,-0.108,-0.080,-0.043,0.005
-0.050,-0.015,0.035,0.032,-0.042,0.010,-0.039,-0.150,-0.111,-0.082,-0.053,0.005
-0.050,-0.015,0.035,0.032,-0.042,0.010,-0.040,-0.150,-0.110,-0.086,-0.066,0.004
-0.050,-0.015,0.035,0.032,-0.042,0.010,-0.040,-0.150,-0.110,-0.085,-0.060,0.000
-0.050,-0.015,0.035,0.032,-0.042,0.010,-0.040,-0.150,-0.114,-0.084,-0.060,0.000
-0.047,-0.012,0.035,0.029,-0.041,0.011,-0.040,-0.150,-0.115,-0.088,-0.060,0.000
-0.045,-0.010,0.035,0.027,-0.040,0.012,-0.040,-0.150,-0.115,-0.090,-0.060,0.000
-0.044,-0.009,0.035,0.026,-0.040,0.012,-0.040,-0.150,-0.115,-0.090,-0.060,-0.001
-0.040,-0.005,0.035,0.022,-0.037,0.015,-0.040,-0.150,-0.115,-0.090,-0.060,-0.005
-0.040,-0.005,0.035,0.022,-0.037,0.015,-0.040,-0.150,-0.115,-0.086,-0.060,-0.005
-0.041,-0.006,0.035,0.023,-0.037,0.015,-0.037,-0.150,-0.115,-0.085,-0.061,-0.004
-0.038,-0.003,0.035,0.020,-0.036,0.016,-0.034,-0.150,-0.115,-0.085,-0.058,-0.007
-0.035,0.000,0.035,0.017,-0.035,0.017,-0.035,-0.150,-0.115,-0.085,-0.055,-0.010
-0.035,0.000,0.035,0.017,-0.035,0.017,-0.035,-0.150,-0.115,-0.085,-0.055,-0.010
-0.030,0.004,0.035,0.013,-0.033,0.019,-0.035,-0.150,-0.115,-0.085,-0.055,-0.010
-0.032,0.005,0.037,0.013,-0.035,0.021,-0.036,-0.150,-0.115,-0.085,-0.055,-0.009
-0.023,0.005,0.029,0.008,-0.026,0.017,-0.033,-0.150,-0.115,-0.085,-0.055,-0.012
-0.025,0.004,0.029,0.010,-0.028,0.017,-0.030,-0.149,-0.115,-0.085,-0.055,-0.015
-0.055,0.000,0.055,0.027,-0.055,0.027,-0.030,-0.145,-0.115,-0.085,-0.055,-0.015
-0.053,0.000,0.052,0.026,-0.052,0.026,-0.030,-0.145,-0.115,-0.085,-0.055,-0.015
-0.048,0.001,0.049,0.024,-0.049,0.025,-0.030,-0.145,-0.115,-0.085,-0.052,-0.015
-0.052,-0.002,0.050,0.027,-0.051,0.024,-0.030,-0.145,-0.115,-0.085,-0.049,-0.015
-0.055,-0.005,0.050,0.030,-0.052,0.022,-0.030,-0.145,-0.115,-0.084,-0.050,-0.015
-0.055,-0.005,0.050,0.030,-0.052,0.022,-0.030,-0.145,-0.115,-0.080,-0.050,-0.015
-0.055,-0.005,0.050,0.030,-0.052,0.022,-0.026,-0.141,-0.115,-0.080,-0.050,-0.015
-0.058,-0.008,0.050,0.033,-0.054,0.021,-0.025,-0.140,-0.115,-0.080,-0.050,-0.015
-0.061,-0.011,0.050,0.036,-0.055,0.020,-0.025,-0.140,-0.115,-0.080,-0.050,-0.015
-0.060,-0.010,0.050,0.035,-0.055,0.020,-0.025,-0.140,-0.115,-0.080,-0.050,-0.015
-0.060,-0.010,0.050,0.035,-0.055,0.020,-0.025,-0.140,-0.115,-0.080,-0.050,-0.015
-0.064,-0.014,0.050,0.039,-0.057,0.018,-0.025,-0.140,-0.115,-0.080,-0.049,-0.020
-0.066,-0.016,0.050,0.041,-0.057,0.017,-0.022,-0.141,-0.115,-0.080,-0.060,-0.018
-0.064,-0.014,0.050,0.039,-0.057,0.017,-0.019,-0.138,-0.115,-0.080,-0.065,-0.028
-0.066,-0.016,0.050,0.041,-0.058,0.017,-0.020,-0.135,-0.115,-0.080,-0.059,-0.041
-0.070,-0.020,0.050,0.045,-0.060,0.015,-0.020,-0.135,-0.115,-0.080,-0.060,-0.035
-0.070,-0.020,0.050,0.045,-0.060,0.015,-0.020,-0.135,-0.115,-0.080,-0.056,-0.031
-0.069,-0.019,0.050,0.044,-0.060,0.015,-0.020,-0.135,-0.112,-0.080,-0.054,-0.027
-0.072,-0.022,0.050,0.047,-0.061,0.014,-0.020,-0.135,-0.110,-0.079,-0.056,-0.025
-0.075,-0.025,0.050,0.050,-0.062,0.012,-0.019,-0.134,-0.109,-0.074,-0.054,-0.024
-0.075,-0.025,0.050,0.050,-0.062,0.012,-0.015,-0.130,-0.105,-0.070,-0.050,-0.020
-0.076,-0.026,0.050,0.051,-0.062,0.011,-0.015,-0.130,-0.105,-0.070,-0.050,-0.016
-0.067,-0.016,0.051,0.042,-0.059,0.017,-0.012,-0.130,-0.106,-0.067,-0.047,-0.015
-0.053,-0.006,0.048,0.029,-0.050,0.021,-0.010,-0.130,-0.103,-0.065,-0.044,-0.014
-0.034,0.003,0.037,0.016,-0.035,0.020,-0.009,-0.130,-0.100,-0.065,-0.045,-0.009
-0.015,0.015,0.030,0.000,-0.023,0.022,-0.005,-0.130,-0.100,-0.060,-0.045,-0.005
-0.030,0.023,0.053,0.003,-0.042,0.037,-0.006,-0.131,-0.096,-0.055,-0.037,-0.006
-0.046,0.034,0.079,0.006,-0.063,0.056,0.003,-0.126,-0.094,-0.055,-0.029,0.003
-0.054,0.046,0.099,0.004,-0.076,0.072,0.016,-0.128,-0.097,-0.052,-0.021,0.015
-0.072,0.050,0.122,0.011,-0.097,0.085,0.028,-0.119,-0.090,-0.051,-0.013,0.022
-0.100,0.050,0.150,0.025,-0.125,0.100,0.040,-0.080,-0.065,-0.050,-0.005,0.030
-0.098,0.065,0.164,0.016,-0.131,0.114,0.052,-0.048,-0.048,-0.022,0.004,0.038
-0.086,0.082,0.169,0.001,-0.128,0.125,0.063,-0.010,-0.003,0.001,0.008,0.047
-0.088,0.098,0.186,-0.006,-0.137,0.142,0.080,0.060,0.048,0.038,0.030,0.052
-0.070,0.122,0.192,-0.027,-0.131,0.157,0.108,0.163,0.102,0.093,0.069,0.065
-0.020,0.145,0.165,-0.063,-0.093,0.155,0.145,0.280,0.180,0.140,0.100,0.090
-0.013,0.134,0.147,-0.061,-0.080,0.141,0.187,0.371,0.238,0.181,0.132,0.102
0.021,0.123,0.101,-0.072,-0.040,0.112,0.239,0.404,0.284,0.213,0.161,0.116
0.076,0.117,0.041,-0.097,0.018,0.079,0.239,0.405,0.325,0.251,0.191,0.136
0.120,0.106,-0.014,-0.113,0.067,0.046,0.197,0.414,0.384,0.305,0.232,0.163
0.170,0.100,-0.070,-0.135,0.120,0.015,0.165,0.415,0.465,0.370,0.285,0.200
0.254,0.132,-0.122,-0.192,0.187,0.005,0.074,0.337,0.512,0.433,0.340,0.251
0.366,0.193,-0.173,-0.279,0.269,0.010,-0.120,0.152,0.540,0.504,0.406,0.310
0.465,0.253,-0.212,-0.359,0.338,0.021,-0.327,-0.035,0.574,0.574,0.487,0.385
0.556,0.320,-0.235,-0.438,0.396,0.042,-0.487,-0.174,0.624,0.652,0.578,0.472
0.670,0.420,-0.250,-0.545,0.460,0.085,-0.640,-0.320,0.690,0.750,0.680,0.565
0.773,0.525,-0.249,-0.649,0.511,0.138,-0.830,-0.475,0.772,0.863,0.809,0.679
0.889,0.616,-0.273,-0.752,0.581,0.171,-1.020,-0.557,0.903,1.023,0.951,0.797
1.024,0.622,-0.402,-0.823,0.712,0.110,-1.148,-0.558,1.002,1.058,1.033,0.861
1.129,0.515,-0.614,-0.822,0.872,-0.049,-1.233,-0.555,0.965,0.981,1.020,0.853
1.180,0.370,-0.810,-0.775,0.995,-0.220,-1.345,-0.625,0.790,0.925,0.945,0.815
1.239,0.287,-0.952,-0.763,1.095,-0.332,-1.455,-0.760,0.571,0.774,0.850,0.782
1.252,0.246,-1.006,-0.749,1.129,-0.379,-1.502,-0.885,0.388,0.649,0.785,0.753
1.173,0.213,-0.960,-0.692,1.066,-0.373,-1.471,-0.964,0.250,0.562,0.733,0.730
1.017,0.175,-0.842,-0.595,0.929,-0.333,-1.394,-1.028,0.131,0.481,0.685,0.700
0.850,0.135,-0.715,-0.492,0.782,-0.290,-1.300,-1.110,0.000,0.395,0.635,0.650
0.732,0.096,-0.635,-0.414,0.683,-0.269,-1.204,-1.206,-0.173,0.267,0.527,0.606
0.619,0.044,-0.575,-0.331,0.596,-0.265,-1.144,-1.362,-0.359,0.117,0.401,0.525
0.502,-0.013,-0.516,-0.244,0.509,-0.265,-1.088,-1.398,-0.488,-0.003,0.299,0.445
0.394,-0.060,-0.453,-0.167,0.424,-0.256,-1.000,-1.313,-0.528,-0.075,0.221,0.383
0.305,-0.080,-0.385,-0.112,0.345,-0.232,-0.890,-1.255,-0.520,-0.125,0.155,0.315
0.249,-0.073,-0.321,-0.087,0.285,-0.196,-0.774,-1.124,-0.519,-0.161,0.111,0.266
0.190,-0.067,-0.257,-0.061,0.223,-0.161,-0.661,-0.974,-0.486,-0.165,0.065,0.218
0.151,-0.061,-0.212,-0.045,0.182,-0.137,-0.566,-0.838,-0.436,-0.157,0.031,0.177
0.136,-0.054,-0.189,-0.040,0.163,-0.122,-0.484,-0.708,-0.397,-0.154,0.010,0.148
0.115,-0.050,-0.165,-0.032,0.140,-0.107,-0.405,-0.595,-0.370,-0.150,-0.010,0.120
0.099,-0.042,-0.141,-0.028,0.120,-0.091,-0.343,-0.521,-0.343,-0.146,-0.019,0.096
0.082,-0.037,-0.119,-0.022,0.101,-0.078,-0.292,-0.451,-0.304,-0.141,-0.026,0.074
0.054,-0.033,-0.087,-0.010,0.071,-0.060,-0.220,-0.366,-0.257,-0.140,-0.034,0.058
0.015,-0.030,-0.044,0.008,0.029,-0.037,-0.145,-0.288,-0.216,-0.139,-0.042,0.048
-0.020,-0.030,-0.010,0.025,-0.005,-0.020,-0.100,-0.230,-0.180,-0.130,-0.050,0.040
-0.033,-0.030,0.003,0.031,-0.018,-0.013,-0.054,-0.172,-0.146,-0.122,-0.055,0.032
-0.040,-0.030,0.010,0.034,-0.025,-0.009,-0.028,-0.131,-0.132,-0.114,-0.055,0.021
-0.052,-0.030,0.022,0.040,-0.037,-0.004,-0.010,-0.097,-0.127,-0.106,-0.055,0.011
-0.061,-0.030,0.031,0.046,-0.046,0.001,0.009,-0.070,-0.118,-0.098,-0.055,0.003
-0.070,-0.030,0.040,0.050,-0.055,0.005,0.020,-0.060,-0.110,-0.090,-0.055,-0.005
-0.096,-0.030,0.066,0.063,-0.081,0.018,0.032,-0.048,-0.102,-0.086,-0.055,-0.010
-0.096,-0.027,0.069,0.061,-0.082,0.021,0.045,-0.036,-0.094,-0.082,-0.054,-0.010
-0.088,-0.024,0.064,0.056,-0.075,0.020,0.052,-0.024,-0.088,-0.080,-0.057,-0.012
-0.090,-0.025,0.065,0.057,-0.077,0.020,0.067,-0.012,-0.084,-0.080,-0.060,-0.016
-0.090,-0.025,0.065,0.057,-0.077,0.020,0.095,0.000,-0.080,-0.080,-0.060,-0.015
-0.090,-0.025,0.065,0.057,-0.077,0.020,0.092,0.008,-0.080,-0.080,-0.060,-0.014
-0.090,-0.025,0.065,0.057,-0.077,0.020,0.089,0.016,-0.077,-0.077,-0.060,-0.018
-0.090,-0.025,0.065,0.057,-0.077,0.020,0.090,0.024,-0.074,-0.074,-0.060,-0.020
-0.090,-0.025,0.065,0.057,-0.077,0.020,0.090,0.032,-0.075,-0.075,-0.060,-0.021
-0.090,-0.025,0.065,0.057,-0.077,0.020,0.090,0.040,-0.075,-0.075,-0.060,-0.025
-0.086,-0.021,0.065,0.053,-0.075,0.022,0.090,0.048,-0.071,-0.075,-0.064,-0.025
-0.085,-0.020,0.065,0.052,-0.075,0.022,0.091,0.054,-0.070,-0.072,-0.065,-0.024
-0.085,-0.020,0.065,0.052,-0.075,0.022,0.088,0.055,-0.068,-0.069,-0.065,-0.027
-0.085,-0.020,0.065,0.052,-0.075,0.022,0.094,0.056,-0.064,-0.070,-0.065,-0.030
-0.085,-0.020,0.065,0.052,-0.075,0.022,0.115,0.060,-0.065,-0.070,-0.065,-0.030
-0.085,-0.020,0.065,0.052,-0.075,0.022,0.116,0.059,-0.066,-0.070,-0.065,-0.034
-0.085,-0.020,0.065,0.052,-0.075,0.022,0.114,0.066,-0.062,-0.071,-0.066,-0.036
-0.085,-0.020,0.065,0.052,-0.075,0.022,0.115,0.072,-0.060,-0.068,-0.063,-0.034
-0.085,-0.020,0.065,0.052,-0.075,0.022,0.115,0.077,-0.059,-0.065,-0.060,-0.036
-0.085,-0.020,0.065,0.052,-0.075,0.022,0.115,0.090,-0.055,-0.065,-0.060,-0.040
-0.085,-0.020,0.065,0.052,-0.075,0.022,0.115,0.098,-0.055,-0.065,-0.060,-0.040
-0.085,-0.020,0.065,0.052,-0.075,0.022,0.116,0.105,-0.052,-0.066,-0.057,-0.040
-0.085,-0.020,0.065,0.052,-0.075,0.022,0.111,0.101,-0.050,-0.063,-0.054,-0.038
-0.084,-0.019,0.065,0.051,-0.075,0.022,0.115,0.104,-0.049,-0.060,-0.055,-0.035
-0.085,-0.020,0.065,0.052,-0.075,0.022,0.140,0.125,-0.040,-0.060,-0.055,-0.035
-0.102,-0.037,0.065,0.069,-0.084,0.013,0.141,0.124,-0.036,-0.060,-0.051,-0.031
-0.103,-0.039,0.065,0.071,-0.084,0.013,0.139,0.137,-0.033,-0.060,-0.049,-0.030
-0.099,-0.034,0.065,0.066,-0.082,0.016,0.140,0.148,-0.026,-0.060,-0.051,-0.028
-0.099,-0.035,0.064,0.067,-0.081,0.014,0.140,0.144,-0.019,-0.059,-0.049,-0.024
-0.095,-0.035,0.060,0.065,-0.077,0.012,0.140,0.145,-0.015,-0.055,-0.045,-0.025
-0.095,-0.035,0.060,0.065,-0.077,0.012,0.140,0.162,-0.011,-0.050,-0.045,-0.026
-0.095,-0.035,0.060,0.065,-0.077,0.012,0.140,0.168,-0.007,-0.050,-0.046,-0.022
-0.095,-0.035,0.060,0.065,-0.077,0.012,0.141,0.176,-0.003,-0.048,-0.043,-0.020
-0.094,-0.034,0.060,0.064,-0.077,0.013,0.147,0.195,0.001,-0.045,-0.040,-0.019
-0.090,-0.030,0.060,0.060,-0.075,0.015,0.155,0.210,0.005,-0.045,-0.040,-0.015
-0.090,-0.030,0.060,0.060,-0.075,0.015,0.159,0.215,0.009,-0.041,-0.040,-0.015
-0.091,-0.030,0.061,0.060,-0.076,0.015,0.163,0.212,0.013,-0.036,-0.037,-0.012
-0.088,-0.030,0.058,0.059,-0.073,0.014,0.166,0.225,0.017,-0.035,-0.034,-0.009
-0.085,-0.030,0.055,0.057,-0.070,0.012,0.165,0.241,0.021,-0.034,-0.035,-0.010
-0.085,-0.030,0.055,0.057,-0.070,0.012,0.165,0.240,0.025,-0.030,-0.035,-0.010
-0.085,-0.030,0.055,0.057,-0.070,0.012,0.169,0.255,0.024,-0.030,-0.031,-0.006
-0.082,-0.027,0.055,0.054,-0.068,0.014,0.171,0.271,0.033,-0.027,-0.030,-0.004
-0.080,-0.024,0.055,0.051,-0.067,0.015,0.168,0.278,0.045,-0.023,-0.028,-0.006
-0.080,-0.025,0.055,0.052,-0.067,0.015,0.173,0.290,0.051,-0.019,-0.024,-0.004
-0.080,-0.025,0.055,0.052,-0.067,0.015,0.190,0.310,0.055,-0.015,-0.025,0.000
-0.080,-0.025,0.055,0.052,-0.067,0.015,0.195,0.314,0.059,-0.011,-0.026,0.000
-0.077,-0.025,0.052,0.051,-0.064,0.013,0.195,0.325,0.066,-0.007,-0.022,0.000
-0.075,-0.026,0.049,0.051,-0.062,0.011,0.195,0.346,0.073,-0.003,-0.020,0.000
-0.074,-0.024,0.050,0.049,-0.061,0.013,0.194,0.362,0.076,0.002,-0.019,0.001
-0.065,-0.015,0.050,0.040,-0.057,0.017,0.195,0.370,0.080,0.010,-0.015,0.005
-0.061,-0.011,0.050,0.036,-0.055,0.020,0.207,0.390,0.085,0.014,-0.015,0.005
-0.057,-0.007,0.050,0.032,-0.053,0.021,0.218,0.407,0.086,0.017,-0.016,0.004
-0.053,-0.003,0.050,0.028,-0.051,0.023,0.221,0.425,0.100,0.024,-0.011,0.007
-0.049,0.001,0.050,0.024,-0.049,0.025,0.229,0.453,0.126,0.031,-0.003,0.010
-0.045,0.005,0.050,0.020,-0.048,0.027,0.250,0.485,0.140,0.035,0.000,0.010
-0.043,0.009,0.052,0.017,-0.047,0.030,0.259,0.502,0.145,0.039,0.004,0.010
-0.027,0.013,0.040,0.007,-0.034,0.026,0.263,0.515,0.146,0.046,0.008,0.009
-0.036,0.017,0.053,0.009,-0.045,0.034,0.268,0.539,0.160,0.053,0.012,0.012
-0.056,0.021,0.077,0.017,-0.067,0.049,0.270,0.565,0.178,0.056,0.016,0.015
-0.045,0.025,0.070,0.010,-0.058,0.047,0.270,0.580,0.180,0.060,0.020,0.015
-0.040,0.029,0.069,0.006,-0.055,0.049,0.286,0.599,0.183,0.064,0.025,0.015
-0.037,0.033,0.070,0.002,-0.054,0.051,0.298,0.626,0.197,0.068,0.025,0.014
-0.033,0.037,0.070,-0.002,-0.052,0.053,0.301,0.652,0.211,0.071,0.028,0.018
-0.037,0.033,0.070,0.002,-0.054,0.051,0.308,0.677,0.224,0.079,0.037,0.027
-0.040,0.030,0.070,0.005,-0.055,0.050,0.325,0.705,0.240,0.095,0.045,0.030
-0.015,0.055,0.070,-0.020,-0.043,0.062,0.333,0.725,0.251,0.098,0.048,0.034
-0.007,0.063,0.070,-0.028,-0.039,0.066,0.343,0.750,0.274,0.115,0.059,0.041
-0.011,0.059,0.070,-0.024,-0.040,0.064,0.358,0.779,0.290,0.128,0.070,0.048
-0.010,0.060,0.070,-0.025,-0.040,0.065,0.373,0.799,0.298,0.133,0.076,0.051
-0.010,0.060,0.070,-0.025,-0.040,0.065,0.380,0.815,0.315,0.150,0.080,0.055
-0.009,0.060,0.068,-0.026,-0.039,0.064,0.384,0.839,0.323,0.155,0.084,0.060
-0.018,0.063,0.082,-0.023,-0.050,0.073,0.391,0.863,0.336,0.157,0.087,0.058
-0.013,0.081,0.094,-0.034,-0.054,0.088,0.398,0.886,0.353,0.164,0.095,0.067
0.002,0.097,0.095,-0.050,-0.047,0.096,0.409,0.912,0.370,0.180,0.108,0.083
0.005,0.100,0.095,-0.053,-0.045,0.097,0.425,0.935,0.390,0.195,0.120,0.085
0.018,0.118,0.100,-0.068,-0.041,0.109,0.430,0.938,0.397,0.194,0.128,0.085
0.018,0.116,0.098,-0.067,-0.040,0.107,0.432,0.958,0.413,0.207,0.134,0.085
0.013,0.123,0.110,-0.068,-0.049,0.116,0.440,0.975,0.420,0.218,0.134,0.084
0.017,0.143,0.126,-0.080,-0.055,0.134,0.445,0.984,0.423,0.223,0.138,0.086
0.025,0.145,0.120,-0.085,-0.048,0.132,0.440,1.005,0.445,0.240,0.155,0.095
0.029,0.148,0.120,-0.088,-0.046,0.134,0.440,1.014,0.457,0.249,0.160,0.100
0.038,0.158,0.120,-0.098,-0.041,0.139,0.440,1.017,0.472,0.255,0.161,0.097
0.052,0.171,0.120,-0.111,-0.035,0.145,0.440,1.027,0.487,0.266,0.173,0.111
0.062,0.183,0.120,-0.122,-0.029,0.151,0.440,1.036,0.498,0.278,0.187,0.133
0.075,0.195,0.120,-0.135,-0.023,0.157,0.440,1.030,0.510,0.290,0.190,0.135
0.093,0.213,0.120,-0.153,-0.014,0.166,0.436,1.026,0.517,0.303,0.206,0.147
0.089,0.210,0.121,-0.149,-0.016,0.165,0.435,1.022,0.530,0.309,0.217,0.154
0.072,0.190,0.118,-0.131,-0.023,0.154,0.435,1.018,0.535,0.312,0.222,0.156
0.083,0.197,0.115,-0.140,-0.016,0.155,0.435,1.014,0.529,0.315,0.226,0.162
0.120,0.235,0.115,-0.178,0.002,0.175,0.435,1.010,0.530,0.315,0.230,0.170
0.118,0.233,0.115,-0.176,0.001,0.174,0.436,1.007,0.530,0.315,0.235,0.174
0.114,0.229,0.115,-0.172,-0.001,0.171,0.427,0.994,0.530,0.313,0.232,0.178
0.115,0.230,0.115,-0.173,0.000,0.172,0.414,0.977,0.530,0.323,0.230,0.181
0.115,0.230,0.115,-0.173,0.000,0.172,0.402,0.959,0.531,0.336,0.229,0.180
0.115,0.230,0.115,-0.173,0.000,0.172,0.390,0.935,0.530,0.330,0.225,0.180
0.110,0.226,0.115,-0.169,-0.003,0.171,0.378,0.915,0.514,0.326,0.225,0.184
0.113,0.225,0.112,-0.169,0.000,0.168,0.363,0.890,0.500,0.322,0.222,0.186
0.116,0.225,0.109,-0.170,0.003,0.167,0.349,0.862,0.489,0.318,0.220,0.184
0.115,0.225,0.110,-0.170,0.002,0.167,0.337,0.832,0.477,0.314,0.219,0.186
0.115,0.225,0.110,-0.170,0.002,0.167,0.325,0.795,0.465,0.310,0.215,0.190
0.115,0.225,0.110,-0.170,0.002,0.167,0.314,0.763,0.453,0.307,0.215,0.190
0.112,0.222,0.110,-0.167,0.001,0.166,0.293,0.728,0.441,0.296,0.212,0.190
0.109,0.219,0.110,-0.164,0.000,0.165,0.269,0.694,0.428,0.285,0.210,0.191
0.110,0.220,0.110,-0.165,0.000,0.165,0.250,0.661,0.418,0.278,0.209,0.189
0.110,0.220,0.110,-0.165,0.000,0.165,0.230,0.625,0.410,0.270,0.205,0.180
0.109,0.220,0.110,-0.165,0.000,0.165,0.214,0.594,0.394,0.262,0.205,0.176
0.114,0.221,0.107,-0.168,0.003,0.164,0.198,0.553,0.379,0.254,0.202,0.173
0.113,0.215,0.102,-0.164,0.005,0.158,0.182,0.507,0.357,0.247,0.201,0.166
0.102,0.202,0.100,-0.152,0.001,0.150,0.166,0.465,0.328,0.237,0.198,0.159
0.090,0.190,0.100,-0.140,-0.005,0.145,0.150,0.430,0.305,0.220,0.185,0.155
0.082,0.178,0.096,-0.131,-0.007,0.137,0.138,0.394,0.289,0.208,0.177,0.151
0.071,0.166,0.095,-0.119,-0.012,0.130,0.126,0.361,0.273,0.196,0.166,0.144
0.060,0.154,0.094,-0.108,-0.017,0.123,0.115,0.329,0.257,0.184,0.156,0.136
0.053,0.142,0.089,-0.098,-0.018,0.115,0.108,0.298,0.242,0.171,0.147,0.128
0.045,0.130,0.085,-0.088,-0.020,0.107,0.100,0.270,0.225,0.155,0.135,0.120
0.037,0.122,0.085,-0.080,-0.024,0.103,0.088,0.242,0.197,0.143,0.127,0.112
0.030,0.112,0.082,-0.071,-0.026,0.096,0.079,0.216,0.171,0.128,0.116,0.103
0.018,0.098,0.080,-0.058,-0.031,0.089,0.071,0.196,0.151,0.114,0.106,0.098
0.009,0.088,0.079,-0.048,-0.035,0.083,0.063,0.173,0.137,0.102,0.097,0.093
0.010,0.080,0.070,-0.045,-0.030,0.075,0.055,0.140,0.125,0.090,0.085,0.085
0.006,0.072,0.066,-0.039,-0.030,0.068,0.047,0.110,0.109,0.082,0.077,0.077
0.004,0.066,0.063,-0.035,-0.030,0.064,0.042,0.095,0.096,0.071,0.066,0.069
0.008,0.064,0.056,-0.035,-0.025,0.060,0.037,0.085,0.084,0.061,0.055,0.061
0.009,0.058,0.049,-0.034,-0.020,0.053,0.028,0.072,0.072,0.052,0.048,0.053
0.005,0.050,0.045,-0.028,-0.020,0.047,0.020,0.060,0.060,0.040,0.040,0.045
0.005,0.046,0.040,-0.026,-0.018,0.043,0.016,0.052,0.052,0.032,0.032,0.041
0.000,0.042,0.043,-0.021,-0.022,0.042,0.012,0.041,0.042,0.024,0.024,0.037
-0.008,0.038,0.046,-0.015,-0.027,0.041,0.010,0.030,0.029,0.018,0.016,0.033
-0.010,0.035,0.045,-0.013,-0.028,0.040,0.010,0.023,0.018,0.014,0.008,0.030
-0.010,0.035,0.045,-0.013,-0.028,0.040,0.010,0.015,0.010,0.010,0.000,0.030
-0.014,0.031,0.045,-0.009,-0.030,0.037,0.010,0.003,0.002,0.006,-0.004,0.026
-0.015,0.030,0.045,-0.008,-0.030,0.037,0.011,-0.006,-0.006,0.002,-0.008,0.025
-0.017,0.028,0.045,-0.006,-0.031,0.036,0.008,-0.014,-0.014,-0.002,-0.010,0.024
-0.020,0.025,0.045,-0.003,-0.033,0.035,0.005,-0.021,-0.022,-0.007,-0.011,0.019
-0.020,0.025,0.045,-0.003,-0.033,0.035,0.005,-0.025,-0.030,-0.015,-0.015,0.015
-0.024,0.021,0.045,0.001,-0.035,0.033,0.005,-0.037,-0.038,-0.019,-0.015,0.015
-0.025,0.019,0.045,0.003,-0.035,0.032,0.005,-0.045,-0.043,-0.023,-0.018,0.012
-0.025,0.021,0.045,0.002,-0.035,0.033,0.005,-0.044,-0.047,-0.027,-0.021,0.010
-0.025,0.019,0.044,0.003,-0.035,0.031,0.005,-0.046,-0.050,-0.031,-0.020,0.009
-0.025,0.015,0.040,0.005,-0.033,0.027,0.005,-0.055,-0.050,-0.035,-0.020,0.005
-0.025,0.015,0.040,0.005,-0.033,0.027,0.001,-0.059,-0.054,-0.039,-0.024,0.005
-0.028,0.012,0.040,0.008,-0.034,0.026,0.000,-0.063,-0.055,-0.043,-0.025,0.002
-0.030,0.010,0.040,0.010,-0.035,0.025,0.000,-0.065,-0.057,-0.046,-0.027,-0.001
-0.031,0.009,0.040,0.011,-0.035,0.025,0.000,-0.065,-0.060,-0.044,-0.030,0.000
-0.035,0.005,0.040,0.015,-0.038,0.022,0.000,-0.065,-0.060,-0.040,-0.030,0.000
-0.035,0.005,0.040,0.015,-0.038,0.022,0.000,-0.065,-0.060,-0.040,-0.034,-0.004
-0.038,0.002,0.040,0.018,-0.039,0.021,-0.003,-0.065,-0.060,-0.040,-0.036,-0.006
-0.041,-0.001,0.040,0.021,-0.040,0.020,-0.006,-0.065,-0.060,-0.040,-0.034,-0.004
-0.040,0.000,0.040,0.020,-0.040,0.020,-0.005,-0.066,-0.060,-0.040,-0.036,-0.006
-0.040,0.000,0.040,0.020,-0.040,0.020,-0.005,-0.070,-0.060,-0.040,-0.040,-0.010
-0.044,-0.004,0.040,0.024,-0.041,0.018,-0.005,-0.070,-0.060,-0.040,-0.040,-0.010
-0.048,-0.008,0.040,0.028,-0.044,0.016,-0.005,-0.070,-0.060,-0.040,-0.040,-0.009
-0.052,-0.012,0.040,0.032,-0.046,0.014,-0.005,-0.070,-0.060,-0.040,-0.040,-0.012
-0.056,-0.016,0.040,0.036,-0.048,0.011,-0.006,-0.070,-0.060,-0.040,-0.040,-0.015
-0.060,-0.020,0.040,0.040,-0.050,0.010,-0.010,-0.070,-0.060,-0.040,-0.040,-0.015
-0.056,-0.016,0.040,0.036,-0.048,0.012,-0.010,-0.070,-0.060,-0.040,-0.040,-0.019
-0.054,-0.014,0.040,0.034,-0.047,0.012,-0.010,-0.070,-0.060,-0.040,-0.040,-0.021
-0.055,-0.015,0.040,0.035,-0.047,0.012,-0.010,-0.070,-0.060,-0.040,-0.040,-0.019
-0.055,-0.015,0.040,0.035,-0.047,0.012,-0.010,-0.070,-0.060,-0.040,-0.040,-0.021
-0.055,-0.015,0.040,0.035,-0.047,0.012,-0.010,-0.070,-0.060,-0.040,-0.040,-0.025
-0.055,-0.015,0.040,0.035,-0.047,0.012,-0.010,-0.070,-0.060,-0.038,-0.040,-0.025
-0.055,-0.015,0.040,0.035,-0.047,0.012,-0.010,-0.070,-0.060,-0.053,-0.040,-0.024
-0.055,-0.015,0.040,0.035,-0.047,0.012,-0.010,-0.069,-0.060,-0.060,-0.040,-0.027
-0.055,-0.015,0.040,0.035,-0.047,0.012,-0.010,-0.071,-0.060,-0.054,-0.040,-0.030
-0.055,-0.015,0.040,0.035,-0.047,0.012,-0.010,-0.080,-0.060,-0.055,-0.040,-0.030
-0.055,-0.015,0.040,0.035,-0.047,0.012,-0.010,-0.085,-0.060,-0.055,-0.040,-0.030
-0.058,-0.015,0.043,0.036,-0.050,0.014,-0.010,-0.085,-0.060,-0.055,-0.040,-0.027
-0.060,-0.015,0.045,0.037,-0.052,0.015,-0.010,-0.085,-0.060,-0.055,-0.040,-0.024
-0.061,-0.015,0.046,0.038,-0.053,0.015,-0.010,-0.085,-0.060,-0.054,-0.040,-0.025
-0.065,-0.015,0.050,0.040,-0.057,0.017,-0.010,-0.085,-0.060,-0.050,-0.040,-0.025
-0.063,-0.015,0.048,0.039,-0.055,0.016,-0.010,-0.085,-0.060,-0.050,-0.040,-0.025
-0.078,-0.015,0.063,0.046,-0.070,0.023,-0.010,-0.085,-0.061,-0.050,-0.040,-0.025
-0.085,-0.015,0.070,0.050,-0.077,0.027,-0.010,-0.085,-0.058,-0.050,-0.040,-0.025
-0.079,-0.015,0.064,0.047,-0.071,0.025,-0.010,-0.085,-0.055,-0.050,-0.040,-0.025
-0.080,-0.015,0.065,0.047,-0.072,0.025,-0.010,-0.085,-0.055,-0.050,-0.040,-0.025
-0.080,-0.015,0.065,0.047,-0.072,0.025,-0.010,-0.085,-0.055,-0.050,-0.040,-0.021
-0.080,-0.015,0.065,0.047,-0.072,0.025,-0.010,-0.085,-0.055,-0.047,-0.040,-0.020
-0.080,-0.015,0.065,0.047,-0.072,0.025,-0.010,-0.085,-0.055,-0.044,-0.040,-0.020
-0.079,-0.015,0.064,0.047,-0.071,0.024,-0.010,-0.086,-0.055,-0.045,-0.040,-0.020
-0.075,-0.015,0.060,0.045,-0.067,0.022,-0.010,-0.090,-0.055,-0.045,-0.040,-0.020
-0.075,-0.015,0.060,0.045,-0.067,0.022,-0.010,-0.090,-0.055,-0.045,-0.040,-0.020
-0.076,-0.016,0.060,0.046,-0.067,0.022,-0.013,-0.090,-0.055,-0.046,-0.040,-0.020
-0.073,-0.013,0.060,0.043,-0.066,0.023,-0.016,-0.090,-0.055,-0.043,-0.040,-0.020
-0.070,-0.010,0.060,0.040,-0.065,0.025,-0.015,-0.090,-0.055,-0.040,-0.040,-0.019
-0.070,-0.010,0.060,0.040,-0.065,0.025,-0.015,-0.090,-0.055,-0.040,-0.040,-0.015
-0.070,-0.010,0.060,0.040,-0.065,0.025,-0.015,-0.090,-0.055,-0.040,-0.040,-0.015
-0.067,-0.010,0.057,0.038,-0.062,0.023,-0.018,-0.090,-0.055,-0.040,-0.040,-0.015
-0.064,-0.010,0.054,0.037,-0.059,0.022,-0.021,-0.090,-0.055,-0.040,-0.040,-0.015
-0.065,-0.010,0.055,0.037,-0.060,0.022,-0.020,-0.090,-0.055,-0.041,-0.040,-0.015
-0.065,-0.010,0.055,0.037,-0.060,0.022,-0.020,-0.090,-0.055,-0.040,-0.040,-0.015
-0.065,-0.010,0.055,0.037,-0.060,0.022,-0.020,-0.090,-0.049,-0.029,-0.040,-0.015
-0.066,-0.010,0.056,0.037,-0.061,0.022,-0.023,-0.089,-0.064,-0.048,-0.040,-0.015
-0.063,-0.010,0.053,0.036,-0.058,0.021,-0.026,-0.092,-0.080,-0.064,-0.040,-0.015
-0.060,-0.010,0.050,0.035,-0.055,0.020,-0.025,-0.095,-0.080,-0.059,-0.040,-0.016
-0.060,-0.010,0.050,0.035,-0.055,0.020,-0.025,-0.095,-0.080,-0.060,-0.040,-0.020
-0.060,-0.010,0.050,0.035,-0.055,0.020,-0.025,-0.095,-0.080,-0.060,-0.040,-0.020
-0.057,-0.007,0.050,0.032,-0.053,0.021,-0.024,-0.095,-0.080,-0.060,-0.040,-0.020
-0.054,-0.004,0.050,0.029,-0.052,0.022,-0.027,-0.095,-0.080,-0.060,-0.040,-0.020
-0.055,-0.005,0.050,0.030,-0.052,0.022,-0.030,-0.095,-0.080,-0.060,-0.040,-0.020
-0.055,-0.005,0.050,0.030,-0.052,0.022,-0.030,-0.095,-0.080,-0.060,-0.040,-0.020
-0.055,-0.005,0.050,0.030,-0.052,0.022,-0.030,-0.095,-0.080,-0.060,-0.040,-0.020
-0.056,-0.005,0.051,0.031,-0.053,0.023,-0.029,-0.098,-0.080,-0.060,-0.040,-0.020
-0.051,-0.005,0.046,0.028,-0.048,0.020,-0.032,-0.101,-0.080,-0.060,-0.040,-0.020
-0.054,-0.005,0.049,0.029,-0.051,0.022,-0.035,-0.100,-0.080,-0.060,-0.041,-0.020
-0.075,-0.005,0.070,0.040,-0.072,0.032,-0.035,-0.100,-0.080,-0.060,-0.045,-0.020
-0.072,-0.005,0.067,0.038,-0.069,0.031,-0.035,-0.100,-0.080,-0.060,-0.045,-0.020
-0.069,-0.005,0.064,0.036,-0.066,0.030,-0.035,-0.100,-0.080,-0.060,-0.045,-0.019
-0.071,-0.005,0.065,0.037,-0.067,0.030,-0.035,-0.100,-0.080,-0.060,-0.045,-0.022
-0.070,-0.005,0.065,0.037,-0.067,0.030,-0.036,-0.100,-0.080,-0.060,-0.045,-0.025
-0.070,-0.005,0.065,0.037,-0.067,0.030,-0.040,-0.100,-0.080,-0.060,-0.045,-0.025
-0.075,-0.009,0.065,0.041,-0.070,0.028,-0.040,-0.104,-0.080,-0.060,-0.045,-0.025
-0.072,-0.010,0.062,0.041,-0.067,0.026,-0.040,-0.105,-0.080,-0.060,-0.045,-0.025
-0.071,-0.012,0.059,0.042,-0.065,0.024,-0.040,-0.107,-0.080,-0.060,-0.045,-0.025
-0.075,-0.015,0.060,0.045,-0.067,0.022,-0.040,-0.110,-0.080,-0.060,-0.045,-0.025
-0.075,-0.015,0.060,0.045,-0.067,0.022,-0.040,-0.110,-0.080,-0.060,-0.045,-0.025
-0.079,-0.019,0.060,0.049,-0.070,0.020,-0.040,-0.114,-0.080,-0.060,-0.045,-0.025
-0.080,-0.020,0.060,0.050,-0.070,0.020,-0.040,-0.115,-0.080,-0.060,-0.048,-0.025
-0.082,-0.022,0.060,0.052,-0.071,0.019,-0.040,-0.117,-0.080,-0.060,-0.051,-0.025
-0.084,-0.025,0.059,0.055,-0.071,0.017,-0.040,-0.120,-0.080,-0.060,-0.050,-0.025
-0.080,-0.025,0.055,0.052,-0.067,0.015,-0.040,-0.120,-0.080,-0.060,-0.050,-0.025
-0.084,-0.029,0.055,0.056,-0.069,0.012,-0.040,-0.124,-0.076,-0.064,-0.054,-0.025
-0.085,-0.030,0.055,0.057,-0.070,0.012,-0.040,-0.129,-0.075,-0.065,-0.056,-0.022
-0.087,-0.032,0.055,0.059,-0.071,0.011,-0.040,-0.130,-0.074,-0.067,-0.054,-0.019
-0.090,-0.035,0.055,0.062,-0.072,0.010,-0.040,-0.130,-0.069,-0.070,-0.056,-0.020
-0.090,-0.035,0.055,0.062,-0.072,0.010,-0.040,-0.130,-0.070,-0.070,-0.060,-0.020
-0.090,-0.039,0.051,0.065,-0.070,0.006,-0.040,-0.130,-0.083,-0.074,-0.060,-0.020
-0.090,-0.040,0.050,0.065,-0.070,0.005,-0.040,-0.130,-0.083,-0.076,-0.060,-0.020
-0.092,-0.042,0.050,0.067,-0.071,0.004,-0.040,-0.130,-0.079,-0.073,-0.060,-0.020
-0.096,-0.046,0.050,0.071,-0.072,0.002,-0.040,-0.130,-0.080,-0.070,-0.059,-0.020
-0.095,-0.045,0.050,0.070,-0.072,0.002,-0.040,-0.130,-0.080,-0.070,-0.055,-0.020
-0.094,-0.045,0.050,0.069,-0.072,0.002,-0.040,-0.130,-0.080,-0.070,-0.055,-0.020
-0.099,-0.048,0.051,0.073,-0.074,0.001,-0.040,-0.130,-0.080,-0.067,-0.055,-0.020
-0.099,-0.051,0.048,0.074,-0.073,-0.001,-0.040,-0.130,-0.080,-0.065,-0.055,-0.020
-0.094,-0.050,0.045,0.071,-0.069,-0.002,-0.040,-0.130,-0.080,-0.065,-0.055,-0.020
-0.095,-0.050,0.045,0.072,-0.070,-0.002,-0.040,-0.130,-0.080,-0.065,-0.055,-0.020
-0.099,-0.054,0.045,0.076,-0.072,-0.005,-0.040,-0.130,-0.076,-0.065,-0.055,-0.020
-0.101,-0.055,0.046,0.078,-0.073,-0.005,-0.040,-0.130,-0.075,-0.062,-0.055,-0.020
-0.098,-0.055,0.043,0.076,-0.070,-0.006,-0.040,-0.130,-0.075,-0.059,-0.055,-0.020
-0.094,-0.055,0.040,0.075,-0.066,-0.007,-0.040,-0.130,-0.075,-0.060,-0.055,-0.020
-0.095,-0.055,0.040,0.075,-0.067,-0.007,-0.040,-0.130,-0.075,-0.060,-0.055,-0.020
-0.099,-0.059,0.040,0.079,-0.069,-0.009,-0.040,-0.130,-0.075,-0.060,-0.055,-0.020
-0.105,-0.064,0.041,0.084,-0.072,-0.012,-0.040,-0.130,-0.075,-0.057,-0.055,-0.020
-0.102,-0.063,0.038,0.082,-0.069,-0.012,-0.040,-0.130,-0.075,-0.054,-0.055,-0.020
-0.094,-0.059,0.035,0.076,-0.064,-0.012,-0.040,-0.130,-0.074,-0.055,-0.055,-0.020
-0.095,-0.060,0.035,0.077,-0.065,-0.012,-0.040,-0.130,-0.070,-0.055,-0.055,-0.020
-0.095,-0.060,0.035,0.077,-0.065,-0.012,-0.040,-0.130,-0.070,-0.051,-0.055,-0.020
-0.095,-0.060,0.035,0.077,-0.065,-0.012,-0.040,-0.130,-0.070,-0.050,-0.055,-0.020
-0.096,-0.060,0.035,0.078,-0.066,-0.012,-0.040,-0.130,-0.070,-0.050,-0.055,-0.020
-0.093,-0.059,0.034,0.076,-0.064,-0.012,-0.040,-0.130,-0.070,-0.050,-0.055,-0.021
-0.085,-0.055,0.030,0.070,-0.057,-0.012,-0.040,-0.130,-0.070,-0.050,-0.055,-0.025
-0.085,-0.055,0.030,0.070,-0.057,-0.012,-0.040,-0.126,-0.070,-0.046,-0.055,-0.025
-0.085,-0.055,0.030,0.070,-0.057,-0.012,-0.040,-0.125,-0.070,-0.045,-0.055,-0.025
-0.085,-0.055,0.030,0.070,-0.057,-0.012,-0.040,-0.125,-0.069,-0.045,-0.055,-0.025
-0.084,-0.055,0.029,0.069,-0.056,-0.012,-0.040,-0.125,-0.071,-0.045,-0.055,-0.025
-0.080,-0.055,0.025,0.067,-0.052,-0.015,-0.040,-0.125,-0.080,-0.045,-0.055,-0.025
-0.080,-0.055,0.025,0.067,-0.052,-0.015,-0.040,-0.125,-0.084,-0.053,-0.055,-0.025
-0.077,-0.052,0.025,0.064,-0.051,-0.013,-0.040,-0.125,-0.088,-0.058,-0.058,-0.025
-0.075,-0.049,0.025,0.061,-0.050,-0.012,-0.040,-0.125,-0.090,-0.062,-0.061,-0.025
-0.075,-0.050,0.025,0.062,-0.050,-0.012,-0.040,-0.125,-0.090,-0.065,-0.060,-0.025
-0.075,-0.050,0.025,0.062,-0.050,-0.012,-0.040,-0.125,-0.090,-0.065,-0.060,-0.025
-0.079,-0.050,0.029,0.064,-0.054,-0.010,-0.040,-0.125,-0.090,-0.065,-0.060,-0.025
-0.081,-0.051,0.030,0.066,-0.056,-0.010,-0.040,-0.125,-0.090,-0.065,-0.060,-0.024
-0.078,-0.048,0.030,0.063,-0.054,-0.009,-0.040,-0.125,-0.090,-0.065,-0.060,-0.027
-0.075,-0.045,0.030,0.060,-0.052,-0.007,-0.041,-0.125,-0.090,-0.065,-0.060,-0.030
-0.075,-0.045,0.030,0.060,-0.052,-0.007,-0.045,-0.125,-0.090,-0.065,-0.060,-0.030
-0.075,-0.045,0.030,0.060,-0.052,-0.007,-0.045,-0.125,-0.090,-0.065,-0.060,-0.030
-0.075,-0.045,0.030,0.060,-0.052,-0.007,-0.045,-0.125,-0.090,-0.065,-0.060,-0.030
-0.075,-0.045,0.030,0.060,-0.052,-0.007,-0.045,-0.127,-0.090,-0.065,-0.060,-0.030
-0.076,-0.045,0.031,0.060,-0.053,-0.007,-0.045,-0.131,-0.090,-0.065,-0.060,-0.030
-0.080,-0.045,0.035,0.062,-0.057,-0.005,-0.045,-0.130,-0.090,-0.065,-0.060,-0.030
-0.084,-0.049,0.035,0.066,-0.060,-0.007,-0.045,-0.128,-0.090,-0.065,-0.060,-0.030
-0.085,-0.050,0.035,0.067,-0.060,-0.007,-0.044,-0.142,-0.090,-0.065,-0.060,-0.030
-0.087,-0.052,0.035,0.069,-0.061,-0.008,-0.047,-0.154,-0.090,-0.065,-0.060,-0.030
-0.091,-0.056,0.035,0.073,-0.062,-0.010,-0.050,-0.155,-0.090,-0.065,-0.060,-0.030
-0.090,-0.055,0.035,0.072,-0.062,-0.010,-0.050,-0.155,-0.090,-0.065,-0.060,-0.030
-0.086,-0.051,0.035,0.068,-0.060,-0.007,-0.050,-0.155,-0.090,-0.065,-0.060,-0.030
-0.084,-0.050,0.034,0.066,-0.059,-0.007,-0.050,-0.155,-0.090,-0.065,-0.060,-0.033
-0.087,-0.050,0.037,0.068,-0.062,-0.006,-0.050,-0.155,-0.090,-0.065,-0.060,-0.036
-0.090,-0.050,0.040,0.070,-0.065,-0.005,-0.050,-0.155,-0.090,-0.065,-0.061,-0.035
-0.090,-0.050,0.040,0.070,-0.065,-0.005,-0.050,-0.155,-0.090,-0.065,-0.065,-0.035
-0.090,-0.050,0.040,0.070,-0.065,-0.005,-0.050,-0.155,-0.090,-0.069,-0.065,-0.035
-0.090,-0.050,0.040,0.070,-0.065,-0.005,-0.053,-0.155,-0.090,-0.070,-0.065,-0.035
-0.090,-0.050,0.040,0.070,-0.065,-0.005,-0.056,-0.155,-0.090,-0.070,-0.065,-0.035
-0.090,-0.050,0.040,0.070,-0.065,-0.005,-0.055,-0.155,-0.089,-0.070,-0.065,-0.035
-0.090,-0.050,0.040,0.070,-0.065,-0.005,-0.055,-0.155,-0.085,-0.070,-0.065,-0.035
-0.090,-0.050,0.040,0.070,-0.065,-0.005,-0.055,-0.155,-0.085,-0.070,-0.065,-0.035
-0.093,-0.050,0.043,0.071,-0.068,-0.003,-0.055,-0.155,-0.085,-0.069,-0.065,-0.035
-0.096,-0.050,0.046,0.073,-0.071,-0.002,-0.055,-0.155,-0.085,-0.072,-0.065,-0.035
-0.094,-0.049,0.045,0.071,-0.069,-0.002,-0.055,-0.155,-0.085,-0.075,-0.065,-0.035
-0.090,-0.045,0.045,0.067,-0.067,0.000,-0.055,-0.155,-0.085,-0.075,-0.065,-0.035
-0.090,-0.045,0.045,0.067,-0.067,0.000,-0.055,-0.155,-0.085,-0.075,-0.069,-0.039
-0.090,-0.045,0.045,0.067,-0.067,0.000,-0.058,-0.155,-0.085,-0.075,-0.070,-0.040
-0.090,-0.045,0.045,0.067,-0.067,0.000,-0.061,-0.155,-0.085,-0.075,-0.070,-0.040
-0.090,-0.045,0.045,0.067,-0.067,0.000,-0.060,-0.155,-0.085,-0.075,-0.070,-0.040
-0.090,-0.045,0.045,0.067,-0.067,0.000,-0.060,-0.155,-0.085,-0.075,-0.070,-0.040
-0.094,-0.045,0.049,0.070,-0.071,0.002,-0.060,-0.155,-0.085,-0.075,-0.070,-0.040
-0.095,-0.045,0.050,0.070,-0.072,0.002,-0.060,-0.155,-0.085,-0.078,-0.070,-0.040
-0.095,-0.045,0.050,0.070,-0.072,0.002,-0.060,-0.155,-0.085,-0.081,-0.070,-0.040
-0.095,-0.045,0.050,0.070,-0.072,0.002,-0.060,-0.155,-0.085,-0.080,-0.070,-0.040
-0.095,-0.045,0.050,0.070,-0.072,0.002,-0.060,-0.155,-0.085,-0.080,-0.070,-0.040
-0.095,-0.045,0.050,0.070,-0.072,0.002,-0.060,-0.151,-0.084,-0.080,-0.070,-0.040
-0.096,-0.046,0.050,0.071,-0.072,0.002,-0.060,-0.150,-0.090,-0.080,-0.067,-0.040
-0.093,-0.043,0.050,0.068,-0.071,0.003,-0.060,-0.150,-0.098,-0.080,-0.064,-0.040
-0.090,-0.040,0.050,0.065,-0.070,0.005,-0.060,-0.150,-0.099,-0.080,-0.065,-0.039
-0.090,-0.040,0.050,0.065,-0.070,0.005,-0.060,-0.150,-0.095,-0.080,-0.065,-0.035
-0.090,-0.040,0.050,0.065,-0.070,0.005,-0.064,-0.146,-0.095,-0.076,-0.065,-0.035
-0.087,-0.037,0.050,0.062,-0.068,0.006,-0.065,-0.145,-0.092,-0.075,-0.066,-0.035
-0.084,-0.035,0.050,0.059,-0.066,0.007,-0.065,-0.145,-0.089,-0.073,-0.063,-0.035
-0.086,-0.035,0.051,0.060,-0.068,0.007,-0.065,-0.145,-0.090,-0.069,-0.060,-0.035
-0.085,-0.035,0.050,0.060,-0.067,0.007,-0.065,-0.145,-0.090,-0.070,-0.060,-0.035
-0.079,-0.035,0.044,0.057,-0.061,0.004,-0.065,-0.145,-0.086,-0.071,-0.060,-0.031
-0.092,-0.032,0.060,0.062,-0.076,0.014,-0.065,-0.142,-0.085,-0.067,-0.060,-0.030
-0.101,-0.029,0.071,0.065,-0.086,0.021,-0.065,-0.139,-0.083,-0.065,-0.060,-0.030
-0.094,-0.030,0.063,0.062,-0.078,0.016,-0.065,-0.140,-0.079,-0.064,-0.060,-0.030
-0.090,-0.030,0.060,0.060,-0.075,0.015,-0.065,-0.140,-0.080,-0.060,-0.060,-0.030
-0.082,-0.026,0.056,0.053,-0.069,0.015,-0.065,-0.140,-0.081,-0.060,-0.056,-0.030
-0.077,-0.025,0.052,0.050,-0.064,0.013,-0.065,-0.137,-0.077,-0.061,-0.055,-0.031
-0.073,-0.025,0.048,0.049,-0.060,0.011,-0.066,-0.134,-0.075,-0.058,-0.055,-0.028
-0.069,-0.025,0.044,0.047,-0.056,0.009,-0.063,-0.135,-0.074,-0.055,-0.055,-0.025
-0.065,-0.025,0.040,0.045,-0.052,0.007,-0.055,-0.135,-0.070,-0.055,-0.055,-0.025
-0.064,-0.021,0.043,0.042,-0.054,0.011,-0.051,-0.135,-0.070,-0.051,-0.055,-0.025
-0.067,-0.017,0.050,0.042,-0.058,0.016,-0.044,-0.136,-0.071,-0.049,-0.052,-0.025
-0.059,-0.013,0.047,0.036,-0.053,0.017,-0.038,-0.132,-0.068,-0.051,-0.049,-0.025
-0.066,-0.010,0.057,0.038,-0.062,0.023,-0.033,-0.123,-0.065,-0.049,-0.050,-0.024
-0.100,-0.010,0.090,0.055,-0.095,0.040,-0.025,-0.120,-0.065,-0.045,-0.050,-0.020
-0.094,-0.006,0.088,0.050,-0.091,0.041,-0.021,-0.116,-0.065,-0.045,-0.050,-0.020
-0.082,-0.001,0.081,0.042,-0.081,0.040,-0.017,-0.112,-0.062,-0.046,-0.050,-0.020
-0.078,0.000,0.078,0.039,-0.078,0.039,-0.013,-0.108,-0.057,-0.043,-0.050,-0.020
-0.073,0.000,0.074,0.036,-0.074,0.037,-0.010,-0.104,-0.055,-0.040,-0.049,-0.020
-0.070,0.005,0.075,0.032,-0.073,0.040,-0.010,-0.100,-0.055,-0.040,-0.045,-0.020
-0.082,0.010,0.092,0.036,-0.087,0.051,-0.006,-0.096,-0.051,-0.036,-0.045,-0.020
-0.086,0.008,0.094,0.039,-0.090,0.051,-0.001,-0.091,-0.047,-0.035,-0.045,-0.017
-0.068,0.019,0.087,0.025,-0.078,0.053,0.000,-0.090,-0.044,-0.033,-0.045,-0.015
-0.046,0.038,0.084,0.003,-0.065,0.061,0.001,-0.089,-0.046,-0.029,-0.045,-0.014
-0.040,0.040,0.080,0.000,-0.060,0.060,0.005,-0.085,-0.050,-0.030,-0.045,-0.010
-0.041,0.039,0.080,0.001,-0.060,0.060,0.009,-0.081,-0.050,-0.034,-0.045,-0.010
-0.034,0.043,0.078,-0.005,-0.056,0.060,0.013,-0.080,-0.050,-0.035,-0.048,-0.007
-0.027,0.045,0.072,-0.009,-0.050,0.059,0.017,-0.080,-0.050,-0.035,-0.051,-0.005
-0.024,0.046,0.070,-0.011,-0.047,0.057,0.021,-0.080,-0.050,-0.035,-0.050,-0.004
-0.020,0.050,0.070,-0.015,-0.045,0.060,0.025,-0.080,-0.050,-0.035,-0.050,0.000
-0.016,0.050,0.066,-0.018,-0.041,0.058,0.027,-0.080,-0.050,-0.035,-0.050,0.000
-0.011,0.050,0.061,-0.020,-0.036,0.055,0.014,-0.080,-0.050,-0.035,-0.050,0.003
0.004,0.064,0.060,-0.034,-0.028,0.062,-0.003,-0.081,-0.050,-0.035,-0.050,0.005
0.015,0.074,0.059,-0.045,-0.022,0.066,-0.019,-0.079,-0.050,-0.035,-0.050,0.006
0.005,0.060,0.055,-0.033,-0.025,0.057,-0.035,-0.080,-0.050,-0.035,-0.050,0.010
-0.003,0.052,0.055,-0.025,-0.029,0.053,-0.048,-0.100,-0.049,-0.035,-0.050,0.011
-0.015,0.041,0.056,-0.014,-0.035,0.048,-0.055,-0.113,-0.056,-0.034,-0.049,0.007
-0.022,0.031,0.053,-0.005,-0.038,0.042,-0.069,-0.117,-0.063,-0.037,-0.052,0.003
-0.027,0.022,0.050,0.002,-0.039,0.035,-0.089,-0.122,-0.074,-0.040,-0.055,-0.001
-0.040,0.010,0.050,0.015,-0.045,0.030,-0.100,-0.130,-0.090,-0.040,-0.055,-0.005
-0.049,0.002,0.050,0.024,-0.050,0.026,-0.101,-0.134,-0.087,-0.044,-0.055,-0.005
-0.051,-0.004,0.047,0.027,-0.048,0.022,-0.098,-0.138,-0.084,-0.045,-0.055,-0.007
-0.050,-0.005,0.044,0.027,-0.047,0.019,-0.108,-0.142,-0.086,-0.047,-0.055,-0.013
-0.050,-0.005,0.045,0.027,-0.047,0.020,-0.121,-0.147,-0.084,-0.051,-0.055,-0.015
-0.050,-0.005,0.045,0.027,-0.047,0.020,-0.115,-0.155,-0.080,-0.050,-0.055,-0.015
-0.050,-0.009,0.041,0.029,-0.045,0.016,-0.115,-0.155,-0.080,-0.046,-0.055,-0.019
-0.050,-0.011,0.039,0.030,-0.045,0.014,-0.115,-0.154,-0.079,-0.040,-0.055,-0.024
-0.050,-0.009,0.041,0.029,-0.045,0.016,-0.115,-0.157,-0.085,-0.044,-0.054,-0.025
-0.051,-0.011,0.039,0.031,-0.045,0.014,-0.115,-0.169,-0.097,-0.060,-0.056,-0.026
-0.055,-0.020,0.035,0.037,-0.045,0.007,-0.115,-0.185,-0.100,-0.075,-0.065,-0.030
-0.063,-0.028,0.035,0.045,-0.049,0.003,-0.111,-0.190,-0.104,-0.080,-0.069,-0.030
-0.072,-0.036,0.036,0.053,-0.054,0.000,-0.110,-0.190,-0.108,-0.083,-0.073,-0.033
-0.077,-0.044,0.033,0.060,-0.055,-0.005,-0.110,-0.190,-0.111,-0.088,-0.077,-0.035
-0.082,-0.052,0.030,0.067,-0.056,-0.011,-0.110,-0.190,-0.109,-0.090,-0.080,-0.036
-0.090,-0.060,0.030,0.075,-0.060,-0.015,-0.110,-0.190,-0.110,-0.090,-0.080,-0.045
-0.093,-0.063,0.030,0.078,-0.062,-0.016,-0.110,-0.194,-0.127,-0.094,-0.083,-0.049
-0.104,-0.077,0.027,0.090,-0.065,-0.025,-0.111,-0.195,-0.132,-0.098,-0.091,-0.053
-0.114,-0.089,0.024,0.101,-0.069,-0.032,-0.108,-0.195,-0.129,-0.102,-0.098,-0.057
-0.114,-0.089,0.025,0.101,-0.070,-0.031,-0.105,-0.195,-0.130,-0.105,-0.099,-0.061
-0.115,-0.090,0.025,0.102,-0.070,-0.032,-0.105,-0.195,-0.130,-0.105,-0.095,-0.065
-0.131,-0.106,0.025,0.118,-0.078,-0.040,-0.105,-0.195,-0.130,-0.105,-0.095,-0.065
-0.140,-0.115,0.025,0.127,-0.082,-0.045,-0.105,-0.198,-0.130,-0.105,-0.095,-0.068
-0.140,-0.115,0.025,0.127,-0.082,-0.045,-0.105,-0.201,-0.129,-0.105,-0.095,-0.070
-0.140,-0.115,0.025,0.127,-0.082,-0.045,-0.104,-0.200,-0.132,-0.106,-0.095,-0.071
-0.140,-0.115,0.025,0.127,-0.082,-0.045,-0.100,-0.200,-0.140,-0.110,-0.095,-0.075
-0.140,-0.115,0.025,0.127,-0.082,-0.045,-0.100,-0.200,-0.136,-0.110,-0.095,-0.076
-0.140,-0.115,0.025,0.127,-0.082,-0.045,-0.100,-0.201,-0.134,-0.110,-0.095,-0.072
-0.140,-0.115,0.025,0.127,-0.082,-0.045,-0.100,-0.198,-0.135,-0.110,-0.095,-0.070
-0.140,-0.115,0.025,0.127,-0.082,-0.045,-0.100,-0.195,-0.135,-0.110,-0.095,-0.070
-0.140,-0.115,0.025,0.127,-0.082,-0.045,-0.100,-0.195,-0.135,-0.110,-0.095,-0.070
-0.136,-0.115,0.021,0.125,-0.078,-0.047,-0.100,-0.195,-0.135,-0.106,-0.095,-0.070
-0.135,-0.115,0.020,0.125,-0.077,-0.047,-0.097,-0.195,-0.135,-0.105,-0.095,-0.070
-0.135,-0.115,0.020,0.125,-0.077,-0.047,-0.094,-0.195,-0.135,-0.105,-0.095,-0.070
-0.135,-0.115,0.020,0.125,-0.077,-0.047,-0.095,-0.195,-0.134,-0.105,-0.095,-0.070
-0.135,-0.115,0.020,0.125,-0.077,-0.047,-0.095,-0.195,-0.130,-0.105,-0.095,-0.070
-0.135,-0.115,0.020,0.125,-0.077,-0.047,-0.095,-0.195,-0.130,-0.105,-0.095,-0.066
-0.135,-0.115,0.020,0.125,-0.077,-0.047,-0.095,-0.192,-0.130,-0.105,-0.095,-0.065
-0.135,-0.115,0.020,0.125,-0.077,-0.047,-0.095,-0.189,-0.130,-0.105,-0.095,-0.065
-0.135,-0.115,0.020,0.125,-0.077,-0.047,-0.095,-0.190,-0.130,-0.105,-0.095,-0.065
-0.135,-0.115,0.020,0.125,-0.077,-0.047,-0.095,-0.190,-0.130,-0.105,-0.095,-0.065
-0.135,-0.115,0.020,0.125,-0.077,-0.047,-0.091,-0.190,-0.130,-0.105,-0.095,-0.065
-0.135,-0.115,0.020,0.125,-0.077,-0.047,-0.090,-0.190,-0.131,-0.105,-0.095,-0.065
-0.134,-0.115,0.019,0.124,-0.076,-0.048,-0.090,-0.190,-0.128,-0.105,-0.095,-0.065
-0.138,-0.115,0.023,0.126,-0.080,-0.046,-0.090,-0.190,-0.125,-0.105,-0.095,-0.064
-0.150,-0.115,0.035,0.132,-0.092,-0.040,-0.090,-0.190,-0.125,-0.105,-0.095,-0.060
-0.146,-0.115,0.031,0.131,-0.088,-0.041,-0.090,-0.186,-0.125,-0.105,-0.095,-0.060
-0.144,-0.115,0.029,0.130,-0.086,-0.042,-0.090,-0.185,-0.125,-0.105,-0.092,-0.060
-0.146,-0.115,0.030,0.130,-0.087,-0.042,-0.090,-0.185,-0.125,-0.105,-0.089,-0.060
-0.144,-0.114,0.030,0.129,-0.087,-0.042,-0.089,-0.185,-0.125,-0.105,-0.090,-0.060
-0.140,-0.110,0.030,0.125,-0.085,-0.040,-0.085,-0.185,-0.125,-0.105,-0.090,-0.060
-0.142,-0.106,0.037,0.124,-0.089,-0.034,-0.085,-0.185,-0.125,-0.105,-0.090,-0.060
-0.158,-0.105,0.053,0.131,-0.105,-0.026,-0.085,-0.185,-0.126,-0.105,-0.090,-0.060
-0.167,-0.104,0.064,0.135,-0.115,-0.019,-0.085,-0.185,-0.123,-0.105,-0.090,-0.060
-0.164,-0.099,0.065,0.131,-0.114,-0.016,-0.085,-0.185,-0.120,-0.105,-0.090,-0.059
-0.160,-0.095,0.065,0.127,-0.112,-0.015,-0.085,-0.185,-0.120,-0.105,-0.090,-0.055
-0.160,-0.095,0.065,0.127,-0.112,-0.015,-0.085,-0.181,-0.120,-0.105,-0.090,-0.055
-0.158,-0.093,0.065,0.125,-0.111,-0.013,-0.085,-0.180,-0.120,-0.106,-0.091,-0.055
-0.152,-0.087,0.065,0.119,-0.108,-0.011,-0.085,-0.180,-0.120,-0.103,-0.088,-0.055
-0.151,-0.085,0.066,0.117,-0.108,-0.009,-0.084,-0.180,-0.119,-0.100,-0.085,-0.054
-0.155,-0.085,0.070,0.120,-0.112,-0.007,-0.080,-0.180,-0.115,-0.100,-0.085,-0.050
-0.152,-0.081,0.070,0.116,-0.111,-0.006,-0.080,-0.180,-0.115,-0.096,-0.085,-0.050
-0.146,-0.076,0.070,0.111,-0.108,-0.003,-0.081,-0.180,-0.115,-0.095,-0.085,-0.050
-0.145,-0.075,0.070,0.110,-0.107,-0.002,-0.078,-0.180,-0.116,-0.093,-0.085,-0.050
-0.144,-0.074,0.070,0.109,-0.107,-0.001,-0.074,-0.180,-0.114,-0.090,-0.085,-0.050
-0.135,-0.065,0.070,0.100,-0.102,0.002,-0.075,-0.180,-0.115,-0.090,-0.085,-0.050
-0.125,-0.057,0.068,0.091,-0.096,0.005,-0.076,-0.179,-0.133,-0.082,-0.085,-0.046
-0.136,-0.049,0.086,0.092,-0.110,0.018,-0.064,-0.183,-0.126,-0.077,-0.085,-0.045
-0.152,-0.041,0.111,0.096,-0.131,0.034,-0.047,-0.168,-0.106,-0.071,-0.086,-0.045
-0.155,-0.033,0.122,0.094,-0.138,0.044,-0.031,-0.139,-0.091,-0.064,-0.083,-0.045
-0.150,-0.025,0.125,0.087,-0.137,0.050,-0.015,-0.115,-0.075,-0.060,-0.070,-0.045
-0.152,-0.017,0.135,0.084,-0.143,0.058,-0.004,-0.059,-0.066,-0.036,-0.064,-0.046
-0.168,-0.009,0.159,0.088,-0.163,0.075,0.018,-0.008,-0.023,-0.017,-0.040,-0.034
-0.160,-0.002,0.157,0.080,-0.158,0.077,0.039,0.074,0.029,0.014,-0.012,-0.017
-0.129,0.001,0.129,0.064,-0.129,0.065,0.063,0.205,0.089,0.061,0.011,-0.001
-0.105,0.005,0.110,0.050,-0.108,0.057,0.105,0.340,0.175,0.100,0.035,0.015
-0.061,0.010,0.071,0.025,-0.066,0.040,0.149,0.422,0.236,0.142,0.058,0.026
-0.028,0.004,0.031,0.012,-0.029,0.017,0.189,0.430,0.294,0.200,0.095,0.050
0.001,-0.015,-0.016,0.007,0.009,-0.016,0.184,0.427,0.357,0.257,0.148,0.078
0.058,-0.016,-0.074,-0.021,0.066,-0.045,0.148,0.408,0.429,0.318,0.203,0.110
0.145,0.015,-0.130,-0.080,0.137,-0.057,0.115,0.350,0.510,0.405,0.260,0.160
0.219,0.036,-0.183,-0.128,0.200,-0.073,0.013,0.315,0.578,0.491,0.339,0.218
0.284,0.092,-0.192,-0.188,0.238,-0.050,-0.161,0.114,0.613,0.564,0.420,0.293
0.393,0.182,-0.210,-0.287,0.301,-0.014,-0.372,-0.129,0.659,0.655,0.521,0.393
0.516,0.288,-0.228,-0.402,0.372,0.030,-0.535,-0.275,0.752,0.778,0.647,0.502
0.590,0.405,-0.185,-0.497,0.387,0.110,-0.645,-0.400,0.870,0.920,0.780,0.615
0.665,0.521,-0.144,-0.593,0.404,0.188,-0.861,-0.583,0.986,1.078,0.940,0.756
0.778,0.590,-0.188,-0.684,0.483,0.200,-1.074,-0.676,1.137,1.243,1.088,0.877
0.880,0.545,-0.335,-0.713,0.607,0.105,-1.203,-0.673,1.229,1.321,1.167,0.934
0.962,0.417,-0.545,-0.690,0.754,-0.064,-1.287,-0.678,1.162,1.266,1.154,0.931
1.040,0.310,-0.730,-0.675,0.885,-0.210,-1.390,-0.760,0.965,1.130,1.085,0.905
1.042,0.263,-0.779,-0.652,0.910,-0.258,-1.478,-0.891,0.768,0.993,1.020,0.885
0.970,0.225,-0.745,-0.597,0.857,-0.260,-1.463,-1.015,0.612,0.898,0.963,0.861
0.837,0.188,-0.649,-0.512,0.743,-0.230,-1.417,-1.092,0.479,0.820,0.920,0.843
0.692,0.166,-0.526,-0.429,0.609,-0.180,-1.367,-1.144,0.328,0.714,0.859,0.812
0.580,0.140,-0.440,-0.360,0.510,-0.150,-1.270,-1.220,0.125,0.560,0.740,0.735
0.466,0.067,-0.399,-0.267,0.432,-0.165,-1.190,-1.336,-0.117,0.375,0.591,0.642
0.339,-0.021,-0.359,-0.159,0.349,-0.190,-1.137,-1.467,-0.360,0.173,0.426,0.529
0.233,-0.093,-0.326,-0.070,0.279,-0.209,-1.076,-1.490,-0.502,0.034,0.303,0.432
0.166,-0.139,-0.305,-0.013,0.235,-0.222,-0.992,-1.400,-0.525,-0.037,0.226,0.364
0.120,-0.160,-0.280,0.020,0.200,-0.220,-0.885,-1.285,-0.515,-0.100,0.150,0.300
0.084,-0.157,-0.241,0.036,0.163,-0.198,-0.754,-1.124,-0.514,-0.130,0.093,0.234
0.049,-0.152,-0.200,0.052,0.125,-0.175,-0.661,-0.988,-0.483,-0.153,0.038,0.183
0.026,-0.148,-0.175,0.061,0.101,-0.161,-0.585,-0.854,-0.438,-0.159,0.000,0.134
0.018,-0.144,-0.162,0.063,0.091,-0.153,-0.508,-0.722,-0.401,-0.148,-0.021,0.093
0.010,-0.140,-0.150,0.065,0.080,-0.145,-0.455,-0.635,-0.370,-0.145,-0.045,0.075
-0.003,-0.136,-0.133,0.069,0.066,-0.134,-0.405,-0.556,-0.343,-0.137,-0.065,0.055
-0.009,-0.132,-0.123,0.071,0.057,-0.127,-0.337,-0.467,-0.303,-0.132,-0.084,0.038
-0.029,-0.128,-0.099,0.079,0.035,-0.113,-0.267,-0.374,-0.258,-0.126,-0.092,0.022
-0.072,-0.125,-0.053,0.099,-0.009,-0.089,-0.204,-0.300,-0.223,-0.119,-0.090,0.006
-0.110,-0.125,-0.015,0.118,-0.047,-0.070,-0.145,-0.255,-0.200,-0.115,-0.090,-0.010
-0.119,-0.125,-0.006,0.123,-0.056,-0.065,-0.115,-0.210,-0.175,-0.111,-0.090,-0.027
-0.126,-0.126,0.000,0.126,-0.063,-0.063,-0.092,-0.173,-0.159,-0.110,-0.091,-0.035
-0.132,-0.123,0.009,0.127,-0.070,-0.057,-0.071,-0.136,-0.151,-0.110,-0.088,-0.035
-0.136,-0.120,0.017,0.128,-0.077,-0.051,-0.057,-0.104,-0.143,-0.110,-0.094,-0.044
-0.145,-0.120,0.025,0.132,-0.085,-0.047,-0.045,-0.090,-0.135,-0.110,-0.110,-0.065
-0.153,-0.120,0.033,0.136,-0.093,-0.043,-0.029,-0.074,-0.127,-0.106,-0.107,-0.070
-0.159,-0.121,0.038,0.139,-0.099,-0.041,-0.015,-0.058,-0.119,-0.105,-0.104,-0.070
-0.160,-0.118,0.042,0.139,-0.101,-0.038,-0.007,-0.043,-0.111,-0.105,-0.105,-0.070
-0.160,-0.115,0.045,0.137,-0.102,-0.035,-0.004,-0.033,-0.103,-0.105,-0.105,-0.070
-0.160,-0.115,0.045,0.137,-0.102,-0.035,0.000,-0.025,-0.100,-0.105,-0.105,-0.070
-0.160,-0.115,0.045,0.137,-0.102,-0.035,0.004,-0.021,-0.100,-0.101,-0.105,-0.078
-0.160,-0.115,0.045,0.137,-0.102,-0.035,0.008,-0.018,-0.097,-0.100,-0.105,-0.084
-0.160,-0.115,0.045,0.137,-0.102,-0.035,0.012,-0.011,-0.094,-0.100,-0.105,-0.083
-0.159,-0.114,0.045,0.136,-0.102,-0.034,0.016,-0.004,-0.095,-0.100,-0.104,-0.080
-0.155,-0.110,0.045,0.132,-0.100,-0.032,0.020,0.000,-0.095,-0.100,-0.100,-0.080
-0.154,-0.110,0.045,0.132,-0.100,-0.032,0.024,0.003,-0.091,-0.100,-0.100,-0.080
-0.158,-0.110,0.048,0.134,-0.103,-0.031,0.025,0.011,-0.090,-0.097,-0.100,-0.080
-0.161,-0.110,0.051,0.136,-0.106,-0.030,0.027,0.017,-0.088,-0.094,-0.100,-0.080
-0.159,-0.109,0.050,0.134,-0.104,-0.030,0.030,0.022,-0.084,-0.095,-0.100,-0.080
-0.155,-0.105,0.050,0.130,-0.102,-0.027,0.030,0.030,-0.085,-0.095,-0.100,-0.080
-0.155,-0.105,0.050,0.130,-0.102,-0.027,0.034,0.034,-0.085,-0.095,-0.100,-0.080
-0.155,-0.105,0.050,0.130,-0.102,-0.027,0.035,0.041,-0.082,-0.092,-0.101,-0.080
-0.155,-0.105,0.050,0.130,-0.102,-0.027,0.035,0.048,-0.078,-0.089,-0.098,-0.080
-0.155,-0.105,0.050,0.130,-0.102,-0.027,0.035,0.050,-0.074,-0.090,-0.095,-0.080
-0.155,-0.105,0.050,0.130,-0.102,-0.027,0.035,0.055,-0.070,-0.090,-0.095,-0.080
-0.155,-0.101,0.054,0.127,-0.105,-0.023,0.035,0.067,-0.070,-0.090,-0.095,-0.080
-0.155,-0.100,0.055,0.127,-0.105,-0.022,0.034,0.075,-0.068,-0.090,-0.095,-0.080
-0.155,-0.100,0.055,0.127,-0.105,-0.022,0.038,0.074,-0.062,-0.089,-0.095,-0.080
-0.155,-0.100,0.055,0.127,-0.105,-0.022,0.047,0.076,-0.060,-0.084,-0.095,-0.080
-0.155,-0.100,0.055,0.127,-0.105,-0.022,0.050,0.085,-0.060,-0.080,-0.095,-0.080
-0.155,-0.100,0.055,0.127,-0.105,-0.022,0.050,0.089,-0.056,-0.080,-0.095,-0.080
-0.152,-0.097,0.055,0.124,-0.103,-0.021,0.050,0.093,-0.051,-0.077,-0.096,-0.080
-0.149,-0.094,0.055,0.121,-0.102,-0.020,0.050,0.095,-0.050,-0.075,-0.093,-0.080
-0.150,-0.095,0.055,0.122,-0.102,-0.020,0.050,0.104,-0.049,-0.075,-0.090,-0.080
-0.150,-0.095,0.055,0.122,-0.102,-0.020,0.050,0.125,-0.040,-0.070,-0.090,-0.080
-0.146,-0.095,0.051,0.120,-0.098,-0.022,0.050,0.130,-0.031,-0.065,-0.086,-0.080
-0.144,-0.095,0.050,0.120,-0.097,-0.022,0.048,0.130,-0.027,-0.065,-0.084,-0.080
-0.146,-0.095,0.050,0.120,-0.097,-0.022,0.057,0.145,-0.022,-0.063,-0.086,-0.080
-0.144,-0.094,0.050,0.119,-0.097,-0.022,0.073,0.163,-0.013,-0.060,-0.084,-0.080
-0.140,-0.090,0.050,0.115,-0.095,-0.020,0.080,0.165,-0.005,-0.060,-0.080,-0.080
-0.140,-0.090,0.050,0.115,-0.095,-0.020,0.084,0.167,-0.001,-0.056,-0.080,-0.076
-0.140,-0.090,0.050,0.115,-0.095,-0.020,0.089,0.186,0.006,-0.052,-0.077,-0.075
-0.140,-0.090,0.050,0.115,-0.095,-0.020,0.090,0.196,0.013,-0.048,-0.074,-0.075
-0.140,-0.090,0.050,0.115,-0.095,-0.020,0.091,0.197,0.016,-0.044,-0.075,-0.075
-0.140,-0.090,0.050,0.115,-0.095,-0.020,0.095,0.215,0.020,-0.040,-0.075,-0.075
-0.136,-0.086,0.050,0.111,-0.093,-0.017,0.099,0.224,0.024,-0.036,-0.071,-0.071
-0.134,-0.085,0.050,0.109,-0.092,-0.017,0.103,0.228,0.028,-0.035,-0.070,-0.070
-0.136,-0.085,0.050,0.110,-0.093,-0.017,0.107,0.249,0.031,-0.033,-0.068,-0.070
-0.134,-0.085,0.049,0.109,-0.091,-0.017,0.110,0.274,0.038,-0.030,-0.064,-0.070
-0.130,-0.085,0.045,0.107,-0.087,-0.020,0.115,0.280,0.050,-0.030,-0.065,-0.070
-0.130,-0.085,0.045,0.107,-0.087,-0.020,0.132,0.296,0.054,-0.026,-0.065,-0.070
-0.128,-0.083,0.045,0.105,-0.086,-0.019,0.139,0.309,0.058,-0.025,-0.062,-0.067
-0.138,-0.093,0.045,0.115,-0.091,-0.024,0.141,0.323,0.063,-0.023,-0.059,-0.064
-0.151,-0.106,0.045,0.128,-0.098,-0.030,0.146,0.339,0.065,-0.020,-0.060,-0.065
-0.145,-0.100,0.045,0.122,-0.095,-0.027,0.150,0.355,0.065,-0.020,-0.060,-0.065
-0.140,-0.095,0.045,0.117,-0.092,-0.025,0.149,0.376,0.076,-0.012,-0.056,-0.065
-0.140,-0.095,0.045,0.117,-0.092,-0.025,0.156,0.388,0.089,-0.007,-0.054,-0.062
-0.138,-0.093,0.045,0.115,-0.091,-0.024,0.162,0.406,0.101,-0.001,-0.056,-0.059
-0.135,-0.090,0.045,0.112,-0.090,-0.022,0.166,0.431,0.113,0.006,-0.054,-0.060
-0.135,-0.090,0.045,0.112,-0.090,-0.022,0.170,0.450,0.120,0.010,-0.050,-0.060
-0.131,-0.086,0.045,0.108,-0.088,-0.021,0.168,0.465,0.123,0.018,-0.050,-0.060
-0.126,-0.081,0.044,0.103,-0.085,-0.018,0.188,0.492,0.134,0.023,-0.051,-0.061
-0.127,-0.080,0.047,0.103,-0.087,-0.016,0.205,0.512,0.144,0.027,-0.046,-0.057
-0.130,-0.079,0.050,0.104,-0.090,-0.014,0.205,0.526,0.153,0.031,-0.039,-0.048
-0.125,-0.075,0.050,0.100,-0.087,-0.012,0.210,0.555,0.165,0.035,-0.035,-0.045
-0.126,-0.076,0.050,0.101,-0.087,-0.012,0.217,0.575,0.173,0.039,-0.027,-0.041
-0.119,-0.069,0.050,0.094,-0.084,-0.009,0.232,0.598,0.182,0.044,-0.022,-0.034
-0.113,-0.063,0.050,0.088,-0.081,-0.006,0.247,0.637,0.201,0.059,-0.016,-0.027
-0.108,-0.058,0.050,0.083,-0.079,-0.004,0.257,0.670,0.217,0.071,-0.009,-0.024
-0.100,-0.050,0.050,0.075,-0.075,0.000,0.265,0.680,0.225,0.075,-0.005,-0.020
-0.096,-0.046,0.050,0.071,-0.072,0.001,0.277,0.699,0.253,0.099,0.003,-0.012
-0.092,-0.039,0.053,0.065,-0.072,0.007,0.290,0.724,0.270,0.113,0.011,-0.007
-0.088,-0.033,0.056,0.060,-0.072,0.011,0.298,0.746,0.282,0.118,0.019,-0.003
-0.083,-0.028,0.055,0.055,-0.069,0.013,0.309,0.774,0.299,0.128,0.027,0.001
-0.075,-0.020,0.055,0.047,-0.065,0.017,0.325,0.810,0.315,0.140,0.035,0.005
-0.067,-0.012,0.055,0.039,-0.061,0.021,0.330,0.827,0.328,0.149,0.043,0.009
-0.059,-0.004,0.055,0.031,-0.057,0.025,0.333,0.841,0.336,0.153,0.048,0.013
-0.051,0.004,0.055,0.023,-0.053,0.029,0.336,0.860,0.345,0.158,0.054,0.018
-0.042,0.012,0.055,0.015,-0.049,0.033,0.343,0.880,0.359,0.168,0.062,0.027
-0.035,0.020,0.055,0.007,-0.045,0.037,0.360,0.895,0.375,0.180,0.065,0.035
-0.039,0.024,0.063,0.007,-0.051,0.043,0.364,0.906,0.391,0.187,0.067,0.039
-0.038,0.031,0.069,0.003,-0.054,0.050,0.369,0.924,0.406,0.202,0.085,0.045
-0.033,0.036,0.069,-0.002,-0.052,0.053,0.369,0.946,0.426,0.217,0.101,0.055
-0.028,0.043,0.071,-0.007,-0.050,0.057,0.364,0.963,0.443,0.227,0.107,0.061
-0.020,0.060,0.080,-0.020,-0.050,0.070,0.365,0.970,0.450,0.235,0.115,0.065
-0.016,0.069,0.084,-0.027,-0.050,0.076,0.365,0.973,0.457,0.246,0.118,0.070
-0.014,0.073,0.088,-0.030,-0.051,0.080,0.365,0.982,0.472,0.264,0.129,0.069
-0.016,0.076,0.092,-0.030,-0.055,0.083,0.365,0.984,0.485,0.272,0.140,0.073
-0.012,0.083,0.096,-0.036,-0.054,0.089,0.364,0.979,0.493,0.278,0.146,0.082
0.005,0.100,0.095,-0.053,-0.045,0.097,0.360,0.975,0.505,0.295,0.150,0.085
0.016,0.108,0.092,-0.063,-0.038,0.099,0.360,0.971,0.512,0.298,0.152,0.089
0.002,0.119,0.117,-0.060,-0.058,0.117,0.360,0.967,0.528,0.312,0.170,0.092
-0.002,0.130,0.132,-0.064,-0.067,0.131,0.360,0.962,0.535,0.324,0.185,0.099
0.012,0.136,0.124,-0.075,-0.056,0.130,0.361,0.961,0.528,0.325,0.185,0.106
0.015,0.140,0.125,-0.078,-0.055,0.132,0.360,0.960,0.525,0.325,0.185,0.110
0.019,0.144,0.125,-0.082,-0.053,0.135,0.348,0.940,0.521,0.325,0.189,0.114
0.019,0.145,0.125,-0.083,-0.054,0.135,0.339,0.923,0.517,0.328,0.190,0.115
0.024,0.147,0.123,-0.086,-0.050,0.135,0.329,0.905,0.513,0.330,0.192,0.117
0.031,0.150,0.120,-0.090,-0.044,0.135,0.318,0.886,0.509,0.330,0.195,0.120
0.030,0.150,0.120,-0.090,-0.045,0.135,0.310,0.865,0.505,0.330,0.195,0.120
0.034,0.154,0.120,-0.094,-0.043,0.137,0.298,0.829,0.493,0.326,0.199,0.128
0.036,0.156,0.120,-0.096,-0.042,0.138,0.286,0.795,0.484,0.325,0.204,0.135
0.048,0.168,0.120,-0.108,-0.036,0.145,0.274,0.765,0.474,0.323,0.204,0.133
0.062,0.181,0.119,-0.121,-0.029,0.150,0.262,0.739,0.463,0.320,0.199,0.130
0.060,0.175,0.115,-0.118,-0.028,0.145,0.250,0.715,0.455,0.320,0.195,0.130
0.060,0.175,0.115,-0.118,-0.028,0.145,0.230,0.679,0.443,0.316,0.191,0.130
0.057,0.172,0.115,-0.115,-0.029,0.143,0.212,0.646,0.434,0.316,0.190,0.130
0.055,0.170,0.115,-0.113,-0.030,0.142,0.197,0.611,0.423,0.310,0.189,0.130
0.054,0.169,0.115,-0.112,-0.031,0.142,0.181,0.570,0.406,0.298,0.184,0.130
0.050,0.165,0.115,-0.108,-0.033,0.140,0.165,0.535,0.390,0.290,0.180,0.130
0.054,0.165,0.111,-0.110,-0.029,0.138,0.149,0.499,0.374,0.278,0.180,0.130
0.053,0.160,0.107,-0.107,-0.028,0.133,0.133,0.463,0.358,0.269,0.178,0.130
0.048,0.151,0.103,-0.100,-0.028,0.127,0.117,0.429,0.342,0.259,0.172,0.130
0.043,0.143,0.100,-0.093,-0.029,0.121,0.101,0.397,0.327,0.248,0.170,0.131
0.035,0.135,0.100,-0.085,-0.033,0.117,0.085,0.365,0.310,0.240,0.170,0.130
0.031,0.128,0.096,-0.080,-0.033,0.112,0.069,0.329,0.279,0.220,0.154,0.118
0.022,0.114,0.091,-0.068,-0.035,0.102,0.056,0.293,0.247,0.203,0.140,0.109
0.007,0.097,0.090,-0.052,-0.042,0.093,0.044,0.258,0.226,0.187,0.129,0.099
-0.009,0.081,0.089,-0.036,-0.050,0.085,0.033,0.228,0.211,0.172,0.117,0.088
-0.020,0.065,0.085,-0.023,-0.053,0.075,0.025,0.200,0.195,0.160,0.105,0.080
-0.028,0.052,0.080,-0.012,-0.054,0.066,0.017,0.168,0.179,0.144,0.093,0.068
-0.036,0.044,0.080,-0.004,-0.058,0.062,0.006,0.137,0.164,0.131,0.084,0.059
-0.042,0.036,0.078,0.003,-0.060,0.057,-0.004,0.116,0.145,0.119,0.074,0.051
-0.046,0.029,0.075,0.008,-0.060,0.051,-0.012,0.101,0.126,0.107,0.063,0.043
-0.050,0.025,0.075,0.012,-0.063,0.050,-0.020,0.085,0.110,0.095,0.055,0.035
-0.053,0.017,0.071,0.018,-0.063,0.044,-0.024,0.065,0.090,0.083,0.043,0.027
-0.062,0.008,0.070,0.027,-0.066,0.039,-0.028,0.044,0.069,0.071,0.033,0.019
-0.066,0.003,0.068,0.031,-0.067,0.035,-0.033,0.027,0.053,0.061,0.027,0.011
-0.066,-0.001,0.065,0.033,-0.065,0.031,-0.035,0.011,0.043,0.053,0.017,0.003
-0.070,-0.005,0.065,0.037,-0.067,0.030,-0.035,-0.005,0.035,0.045,0.005,-0.005
-0.070,-0.009,0.061,0.039,-0.065,0.026,-0.051,-0.021,0.027,0.037,-0.003,-0.009
-0.073,-0.013,0.060,0.043,-0.066,0.023,-0.060,-0.038,0.016,0.029,-0.011,-0.013
-0.077,-0.017,0.060,0.047,-0.068,0.021,-0.060,-0.048,0.005,0.021,-0.019,-0.017
-0.081,-0.021,0.060,0.051,-0.070,0.019,-0.060,-0.050,-0.002,0.013,-0.027,-0.020
-0.085,-0.025,0.060,0.055,-0.072,0.017,-0.060,-0.055,-0.010,0.005,-0.035,-0.020
-0.089,-0.029,0.060,0.059,-0.074,0.016,-0.060,-0.063,-0.018,-0.003,-0.043,-0.024
-0.096,-0.036,0.060,0.066,-0.078,0.012,-0.060,-0.067,-0.023,-0.008,-0.052,-0.029
-0.103,-0.043,0.060,0.073,-0.081,0.008,-0.060,-0.076,-0.029,-0.014,-0.054,-0.030
-0.106,-0.046,0.060,0.076,-0.083,0.007,-0.060,-0.087,-0.036,-0.021,-0.049,-0.031
-0.110,-0.050,0.060,0.080,-0.085,0.005,-0.060,-0.090,-0.040,-0.025,-0.050,-0.035
-0.114,-0.054,0.060,0.084,-0.087,0.003,-0.064,-0.090,-0.048,-0.033,-0.050,-0.040
-0.119,-0.059,0.060,0.089,-0.089,0.000,-0.065,-0.089,-0.053,-0.039,-0.050,-0.040
-0.120,-0.060,0.060,0.090,-0.090,0.000,-0.065,-0.092,-0.057,-0.038,-0.050,-0.042
-0.121,-0.061,0.060,0.091,-0.090,0.000,-0.065,-0.096,-0.060,-0.035,-0.050,-0.045
-0.125,-0.065,0.060,0.095,-0.092,-0.002,-0.065,-0.095,-0.060,-0.035,-0.050,-0.045
-0.124,-0.064,0.060,0.094,-0.092,-0.002,-0.065,-0.094,-0.064,-0.035,-0.058,-0.049
-0.131,-0.071,0.060,0.101,-0.095,-0.005,-0.065,-0.101,-0.065,-0.035,-0.063,-0.050
-0.137,-0.077,0.060,0.107,-0.098,-0.008,-0.065,-0.108,-0.065,-0.035,-0.067,-0.052
-0.141,-0.081,0.060,0.111,-0.101,-0.011,-0.064,-0.109,-0.065,-0.034,-0.070,-0.055
-0.145,-0.085,0.060,0.115,-0.102,-0.012,-0.060,-0.105,-0.065,-0.030,-0.070,-0.055
-0.141,-0.081,0.060,0.111,-0.100,-0.010,-0.060,-0.105,-0.065,-0.030,-0.070,-0.055
-0.139,-0.079,0.060,0.109,-0.100,-0.010,-0.060,-0.105,-0.065,-0.030,-0.070,-0.055
-0.140,-0.080,0.060,0.110,-0.100,-0.010,-0.060,-0.105,-0.064,-0.030,-0.070,-0.055
-0.140,-0.080,0.060,0.110,-0.100,-0.010,-0.060,-0.105,-0.058,-0.030,-0.070,-0.055
-0.140,-0.080,0.060,0.110,-0.100,-0.010,-0.060,-0.105,-0.055,-0.030,-0.070,-0.055
-0.140,-0.080,0.060,0.110,-0.100,-0.010,-0.056,-0.105,-0.066,-0.037,-0.075,-0.051
-0.137,-0.077,0.061,0.107,-0.099,-0.008,-0.055,-0.106,-0.084,-0.051,-0.072,-0.050
-0.133,-0.074,0.058,0.103,-0.095,-0.008,-0.055,-0.103,-0.090,-0.054,-0.069,-0.050
-0.130,-0.075,0.055,0.102,-0.092,-0.010,-0.055,-0.100,-0.084,-0.049,-0.070,-0.050
-0.130,-0.075,0.055,0.102,-0.092,-0.010,-0.055,-0.100,-0.085,-0.050,-0.070,-0.050
-0.130,-0.075,0.055,0.102,-0.092,-0.010,-0.055,-0.100,-0.086,-0.050,-0.070,-0.050
-0.130,-0.075,0.055,0.102,-0.092,-0.010,-0.056,-0.100,-0.082,-0.050,-0.071,-0.050
-0.130,-0.075,0.055,0.102,-0.092,-0.010,-0.053,-0.100,-0.080,-0.048,-0.068,-0.050
-0.129,-0.074,0.055,0.101,-0.092,-0.010,-0.050,-0.100,-0.080,-0.045,-0.065,-0.050
-0.125,-0.070,0.055,0.097,-0.090,-0.007,-0.050,-0.100,-0.080,-0.045,-0.065,-0.050
-0.125,-0.070,0.055,0.097,-0.090,-0.007,-0.050,-0.100,-0.080,-0.045,-0.065,-0.050
-0.125,-0.070,0.055,0.097,-0.090,-0.007,-0.050,-0.097,-0.077,-0.046,-0.065,-0.050
-0.125,-0.070,0.055,0.097,-0.090,-0.007,-0.050,-0.094,-0.074,-0.043,-0.065,-0.050
-0.125,-0.070,0.055,0.097,-0.090,-0.007,-0.049,-0.095,-0.075,-0.040,-0.065,-0.049
-0.125,-0.070,0.055,0.097,-0.090,-0.007,-0.045,-0.095,-0.075,-0.040,-0.065,-0.045
-0.121,-0.066,0.055,0.093,-0.087,-0.005,-0.045,-0.095,-0.075,-0.040,-0.061,-0.045
-0.120,-0.065,0.055,0.092,-0.087,-0.005,-0.045,-0.095,-0.072,-0.040,-0.060,-0.045
-0.120,-0.065,0.055,0.092,-0.087,-0.005,-0.045,-0.095,-0.069,-0.040,-0.060,-0.045
-0.120,-0.065,0.055,0.092,-0.087,-0.005,-0.045,-0.095,-0.070,-0.039,-0.060,-0.045
-0.120,-0.065,0.055,0.092,-0.087,-0.005,-0.045,-0.095,-0.070,-0.035,-0.060,-0.045
-0.120,-0.065,0.055,0.092,-0.087,-0.005,-0.045,-0.095,-0.066,-0.035,-0.060,-0.045
-0.121,-0.066,0.055,0.093,-0.087,-0.005,-0.048,-0.098,-0.065,-0.035,-0.057,-0.045
-0.118,-0.063,0.055,0.090,-0.086,-0.004,-0.052,-0.102,-0.065,-0.035,-0.054,-0.045
-0.115,-0.060,0.055,0.087,-0.085,-0.002,-0.056,-0.106,-0.065,-0.034,-0.055,-0.045
-0.115,-0.060,0.055,0.087,-0.085,-0.002,-0.060,-0.110,-0.065,-0.030,-0.055,-0.045
-0.115,-0.060,0.055,0.087,-0.085,-0.002,-0.060,-0.110,-0.061,-0.030,-0.055,-0.045
-0.115,-0.060,0.055,0.087,-0.085,-0.002,-0.063,-0.113,-0.060,-0.030,-0.055,-0.045
-0.116,-0.060,0.055,0.088,-0.085,-0.002,-0.066,-0.116,-0.060,-0.030,-0.055,-0.045
-0.114,-0.059,0.055,0.086,-0.084,-0.002,-0.065,-0.115,-0.060,-0.030,-0.055,-0.045
-0.110,-0.055,0.055,0.082,-0.082,0.000,-0.065,-0.115,-0.060,-0.030,-0.055,-0.045
-0.118,-0.055,0.063,0.086,-0.090,0.004,-0.065,-0.115,-0.060,-0.034,-0.055,-0.045
-0.125,-0.055,0.069,0.090,-0.097,0.007,-0.065,-0.115,-0.058,-0.035,-0.055,-0.045
-0.123,-0.055,0.068,0.089,-0.095,0.006,-0.065,-0.115,-0.068,-0.035,-0.055,-0.045
-0.120,-0.055,0.065,0.087,-0.092,0.005,-0.065,-0.115,-0.081,-0.035,-0.055,-0.045
-0.120,-0.055,0.065,0.087,-0.092,0.005,-0.065,-0.115,-0.075,-0.035,-0.055,-0.045
-0.116,-0.051,0.065,0.083,-0.090,0.007,-0.069,-0.115,-0.075,-0.035,-0.055,-0.045
-0.115,-0.050,0.065,0.082,-0.090,0.007,-0.070,-0.115,-0.075,-0.035,-0.055,-0.045
-0.115,-0.050,0.065,0.082,-0.090,0.007,-0.070,-0.115,-0.075,-0.035,-0.055,-0.045
-0.115,-0.050,0.065,0.082,-0.090,0.007,-0.070,-0.115,-0.075,-0.036,-0.055,-0.045
-0.115,-0.050,0.065,0.082,-0.090,0.007,-0.070,-0.115,-0.075,-0.040,-0.055,-0.045
-0.115,-0.050,0.065,0.082,-0.090,0.007,-0.070,-0.115,-0.075,-0.040,-0.055,-0.045
-0.112,-0.047,0.065,0.079,-0.088,0.009,-0.070,-0.115,-0.075,-0.040,-0.055,-0.045
-0.109,-0.044,0.065,0.076,-0.087,0.010,-0.070,-0.115,-0.075,-0.040,-0.055,-0.045
-0.110,-0.045,0.065,0.077,-0.087,0.010,-0.071,-0.115,-0.075,-0.040,-0.055,-0.045
-0.110,-0.045,0.065,0.077,-0.087,0.010,-0.075,-0.115,-0.075,-0.040,-0.055,-0.045
-0.110,-0.045,0.065,0.077,-0.087,0.010,-0.075,-0.115,-0.075,-0.040,-0.055,-0.045
-0.107,-0.045,0.062,0.076,-0.084,0.008,-0.075,-0.115,-0.075,-0.039,-0.058,-0.045
-0.105,-0.045,0.059,0.075,-0.082,0.006,-0.075,-0.115,-0.075,-0.042,-0.060,-0.045
-0.104,-0.044,0.060,0.074,-0.082,0.008,-0.075,-0.116,-0.075,-0.045,-0.061,-0.044
-0.100,-0.040,0.060,0.070,-0.080,0.010,-0.075,-0.120,-0.075,-0.045,-0.065,-0.045
-0.100,-0.040,0.060,0.070,-0.080,0.010,-0.075,-0.124,-0.075,-0.045,-0.065,-0.062
-0.100,-0.040,0.060,0.070,-0.080,0.010,-0.075,-0.129,-0.075,-0.045,-0.065,-0.064
-0.100,-0.040,0.060,0.070,-0.080,0.010,-0.075,-0.130,-0.075,-0.045,-0.065,-0.059
-0.100,-0.040,0.060,0.070,-0.080,0.010,-0.074,-0.131,-0.075,-0.045,-0.065,-0.060
-0.100,-0.040,0.060,0.070,-0.080,0.010,-0.070,-0.135,-0.075,-0.045,-0.065,-0.060
-0.096,-0.036,0.060,0.066,-0.078,0.012,-0.070,-0.135,-0.075,-0.045,-0.065,-0.060
-0.095,-0.035,0.060,0.065,-0.077,0.012,-0.070,-0.138,-0.075,-0.045,-0.065,-0.060
-0.095,-0.035,0.060,0.065,-0.077,0.012,-0.070,-0.141,-0.075,-0.045,-0.065,-0.060
-0.095,-0.035,0.060,0.065,-0.077,0.012,-0.070,-0.140,-0.075,-0.045,-0.065,-0.060
-0.095,-0.035,0.060,0.065,-0.077,0.012,-0.070,-0.140,-0.075,-0.045,-0.065,-0.060
-0.103,-0.035,0.068,0.069,-0.085,0.016,-0.070,-0.140,-0.075,-0.045,-0.065,-0.060
-0.109,-0.034,0.074,0.071,-0.091,0.020,-0.070,-0.140,-0.078,-0.048,-0.064,-0.060
-0.110,-0.037,0.073,0.073,-0.092,0.018,-0.070,-0.140,-0.081,-0.051,-0.067,-0.060
-0.110,-0.040,0.070,0.075,-0.090,0.015,-0.070,-0.140,-0.080,-0.050,-0.070,-0.060
-0.110,-0.040,0.070,0.075,-0.090,0.015,-0.070,-0.140,-0.080,-0.050,-0.070,-0.060
-0.117,-0.047,0.070,0.082,-0.094,0.012,-0.070,-0.140,-0.084,-0.050,-0.070,-0.056
-0.129,-0.060,0.070,0.095,-0.099,0.005,-0.070,-0.140,-0.086,-0.050,-0.070,-0.055
-0.139,-0.068,0.070,0.103,-0.104,0.001,-0.070,-0.140,-0.084,-0.050,-0.070,-0.055
-0.139,-0.070,0.069,0.105,-0.104,0.000,-0.070,-0.140,-0.086,-0.050,-0.070,-0.055
-0.135,-0.070,0.065,0.102,-0.100,-0.002,-0.070,-0.140,-0.090,-0.050,-0.070,-0.055
-0.135,-0.070,0.065,0.102,-0.100,-0.002,-0.070,-0.140,-0.090,-0.050,-0.070,-0.055
-0.135,-0.070,0.065,0.102,-0.100,-0.002,-0.070,-0.143,-0.090,-0.050,-0.070,-0.055
-0.135,-0.070,0.065,0.102,-0.100,-0.002,-0.070,-0.147,-0.090,-0.050,-0.070,-0.055
-0.135,-0.070,0.065,0.102,-0.100,-0.002,-0.070,-0.151,-0.090,-0.050,-0.070,-0.055
-0.135,-0.070,0.065,0.102,-0.100,-0.002,-0.070,-0.155,-0.090,-0.050,-0.070,-0.055
-0.135,-0.070,0.065,0.102,-0.100,-0.002,-0.070,-0.155,-0.090,-0.054,-0.070,-0.055
-0.132,-0.070,0.062,0.101,-0.097,-0.004,-0.070,-0.154,-0.090,-0.055,-0.070,-0.055
-0.129,-0.070,0.059,0.100,-0.094,-0.005,-0.070,-0.157,-0.090,-0.055,-0.070,-0.055
-0.130,-0.070,0.060,0.100,-0.095,-0.005,-0.070,-0.160,-0.090,-0.055,-0.070,-0.054
-0.130,-0.070,0.060,0.100,-0.095,-0.005,-0.070,-0.160,-0.090,-0.055,-0.070,-0.050
-0.129,-0.070,0.060,0.099,-0.095,-0.005,-0.070,-0.160,-0.090,-0.055,-0.070,-0.050
-0.134,-0.073,0.061,0.103,-0.097,-0.006,-0.067,-0.163,-0.090,-0.055,-0.070,-0.050
-0.134,-0.076,0.058,0.104,-0.095,-0.008,-0.064,-0.166,-0.090,-0.055,-0.070,-0.050
-0.129,-0.075,0.055,0.102,-0.092,-0.010,-0.065,-0.165,-0.090,-0.055,-0.070,-0.050
-0.130,-0.075,0.055,0.102,-0.092,-0.010,-0.065,-0.165,-0.090,-0.055,-0.070,-0.050
-0.130,-0.075,0.055,0.102,-0.092,-0.010,-0.065,-0.165,-0.090,-0.055,-0.070,-0.050
-0.130,-0.075,0.055,0.102,-0.092,-0.010,-0.065,-0.165,-0.088,-0.054,-0.070,-0.051
-0.130,-0.075,0.055,0.102,-0.092,-0.010,-0.065,-0.165,-0.098,-0.057,-0.070,-0.048
-0.130,-0.075,0.055,0.102,-0.092,-0.010,-0.065,-0.165,-0.112,-0.060,-0.070,-0.045
-0.130,-0.075,0.055,0.102,-0.092,-0.010,-0.065,-0.165,-0.110,-0.060,-0.070,-0.045
-0.130,-0.075,0.055,0.102,-0.092,-0.010,-0.065,-0.165,-0.110,-0.060,-0.070,-0.045
-0.130,-0.075,0.055,0.102,-0.092,-0.010,-0.065,-0.165,-0.110,-0.060,-0.070,-0.045
-0.130,-0.075,0.055,0.102,-0.092,-0.010,-0.065,-0.165,-0.110,-0.060,-0.070,-0.045
-0.130,-0.075,0.055,0.102,-0.092,-0.010,-0.065,-0.165,-0.110,-0.060,-0.070,-0.045
-0.130,-0.075,0.055,0.102,-0.092,-0.010,-0.065,-0.165,-0.110,-0.060,-0.070,-0.045
-0.134,-0.079,0.055,0.106,-0.095,-0.012,-0.061,-0.165,-0.110,-0.060,-0.070,-0.045
-0.135,-0.080,0.055,0.107,-0.095,-0.012,-0.060,-0.165,-0.110,-0.063,-0.070,-0.042
-0.135,-0.080,0.055,0.107,-0.095,-0.012,-0.060,-0.165,-0.110,-0.066,-0.070,-0.039
-0.135,-0.080,0.055,0.107,-0.095,-0.012,-0.060,-0.165,-0.110,-0.065,-0.070,-0.040
-0.135,-0.080,0.055,0.107,-0.095,-0.012,-0.060,-0.165,-0.110,-0.065,-0.070,-0.040
-0.135,-0.080,0.055,0.107,-0.095,-0.012,-0.060,-0.165,-0.110,-0.065,-0.070,-0.040
-0.135,-0.080,0.055,0.107,-0.095,-0.012,-0.060,-0.165,-0.110,-0.065,-0.070,-0.040
-0.135,-0.080,0.055,0.107,-0.095,-0.012,-0.060,-0.165,-0.110,-0.065,-0.070,-0.040
-0.135,-0.080,0.055,0.107,-0.095,-0.012,-0.060,-0.165,-0.110,-0.065,-0.071,-0.040
-0.135,-0.080,0.055,0.107,-0.095,-0.012,-0.060,-0.165,-0.110,-0.065,-0.075,-0.040
-0.135,-0.080,0.055,0.107,-0.095,-0.012,-0.060,-0.165,-0.110,-0.069,-0.075,-0.039
-0.135,-0.080,0.055,0.107,-0.095,-0.012,-0.061,-0.165,-0.110,-0.070,-0.075,-0.045
-0.135,-0.080,0.055,0.107,-0.095,-0.012,-0.058,-0.165,-0.110,-0.070,-0.075,-0.053
-0.136,-0.081,0.055,0.108,-0.095,-0.012,-0.064,-0.165,-0.110,-0.070,-0.075,-0.054
-0.140,-0.085,0.055,0.112,-0.097,-0.015,-0.085,-0.165,-0.110,-0.070,-0.075,-0.050
-0.140,-0.085,0.055,0.112,-0.097,-0.015,-0.082,-0.165,-0.110,-0.070,-0.075,-0.050
-0.140,-0.085,0.055,0.112,-0.097,-0.015,-0.079,-0.165,-0.110,-0.070,-0.075,-0.050
-0.140,-0.085,0.055,0.112,-0.097,-0.015,-0.080,-0.165,-0.110,-0.070,-0.075,-0.050
-0.140,-0.085,0.055,0.112,-0.097,-0.015,-0.080,-0.166,-0.110,-0.070,-0.075,-0.050
-0.140,-0.085,0.055,0.112,-0.097,-0.015,-0.080,-0.170,-0.110,-0.070,-0.075,-0.050
-0.140,-0.085,0.055,0.112,-0.097,-0.015,-0.080,-0.170,-0.110,-0.070,-0.075,-0.050
-0.141,-0.085,0.056,0.112,-0.098,-0.015,-0.080,-0.173,-0.110,-0.070,-0.075,-0.050
-0.138,-0.085,0.053,0.111,-0.095,-0.016,-0.080,-0.175,-0.110,-0.070,-0.075,-0.050
-0.135,-0.085,0.050,0.110,-0.092,-0.017,-0.080,-0.176,-0.110,-0.070,-0.075,-0.050
-0.135,-0.085,0.050,0.110,-0.092,-0.017,-0.080,-0.180,-0.110,-0.070,-0.075,-0.050
-0.135,-0.085,0.050,0.110,-0.092,-0.017,-0.080,-0.181,-0.110,-0.070,-0.075,-0.050
-0.135,-0.086,0.050,0.111,-0.092,-0.017,-0.080,-0.177,-0.110,-0.070,-0.075,-0.050
-0.133,-0.083,0.050,0.108,-0.091,-0.016,-0.080,-0.174,-0.110,-0.070,-0.075,-0.050
-0.130,-0.080,0.050,0.105,-0.090,-0.015,-0.079,-0.175,-0.110,-0.070,-0.075,-0.050
-0.130,-0.080,0.050,0.105,-0.090,-0.015,-0.075,-0.175,-0.110,-0.070,-0.075,-0.050
-0.130,-0.080,0.050,0.105,-0.090,-0.015,-0.075,-0.175,-0.110,-0.070,-0.075,-0.050
-0.127,-0.080,0.047,0.103,-0.087,-0.016,-0.075,-0.176,-0.110,-0.070,-0.075,-0.050
-0.124,-0.080,0.044,0.102,-0.084,-0.017,-0.075,-0.173,-0.110,-0.070,-0.075,-0.050
-0.125,-0.080,0.045,0.102,-0.085,-0.017,-0.075,-0.170,-0.110,-0.070,-0.075,-0.050
-0.125,-0.080,0.045,0.102,-0.085,-0.017,-0.075,-0.170,-0.110,-0.070,-0.075,-0.050
-0.125,-0.080,0.045,0.102,-0.085,-0.017,-0.075,-0.170,-0.110,-0.070,-0.075,-0.050
-0.125,-0.080,0.045,0.102,-0.085,-0.017,-0.075,-0.170,-0.110,-0.070,-0.075,-0.050
-0.125,-0.080,0.045,0.102,-0.085,-0.017,-0.075,-0.170,-0.110,-0.070,-0.075,-0.050
-0.125,-0.080,0.045,0.102,-0.085,-0.017,-0.075,-0.170,-0.110,-0.070,-0.075,-0.050
-0.125,-0.080,0.045,0.102,-0.085,-0.017,-0.075,-0.170,-0.110,-0.070,-0.075,-0.050
-0.121,-0.080,0.041,0.101,-0.081,-0.020,-0.075,-0.166,-0.110,-0.070,-0.075,-0.050
-0.116,-0.077,0.040,0.097,-0.078,-0.018,-0.076,-0.165,-0.110,-0.070,-0.075,-0.047
-0.115,-0.074,0.040,0.095,-0.077,-0.017,-0.073,-0.165,-0.110,-0.070,-0.075,-0.044
-0.115,-0.075,0.040,0.095,-0.077,-0.017,-0.070,-0.165,-0.110,-0.070,-0.075,-0.045
-0.115,-0.075,0.040,0.095,-0.077,-0.017,-0.070,-0.165,-0.110,-0.070,-0.075,-0.045
-0.115,-0.075,0.040,0.095,-0.077,-0.017,-0.070,-0.165,-0.110,-0.070,-0.075,-0.045
-0.115,-0.075,0.040,0.095,-0.077,-0.017,-0.070,-0.162,-0.110,-0.071,-0.075,-0.046
-0.115,-0.075,0.040,0.095,-0.077,-0.017,-0.070,-0.159,-0.110,-0.068,-0.075,-0.043
-0.115,-0.075,0.040,0.095,-0.077,-0.017,-0.070,-0.160,-0.109,-0.065,-0.075,-0.040
-0.115,-0.075,0.040,0.095,-0.077,-0.017,-0.070,-0.160,-0.105,-0.065,-0.075,-0.040
-0.119,-0.075,0.044,0.097,-0.081,-0.015,-0.070,-0.160,-0.105,-0.065,-0.075,-0.040
-0.120,-0.075,0.045,0.097,-0.082,-0.015,-0.070,-0.160,-0.105,-0.062,-0.075,-0.040
-0.120,-0.075,0.045,0.097,-0.082,-0.015,-0.070,-0.160,-0.105,-0.060,-0.075,-0.040
-0.120,-0.075,0.045,0.097,-0.082,-0.015,-0.070,-0.159,-0.105,-0.060,-0.075,-0.040
-0.120,-0.075,0.045,0.097,-0.082,-0.015,-0.070,-0.155,-0.105,-0.060,-0.075,-0.040
-0.116,-0.071,0.045,0.093,-0.080,-0.012,-0.070,-0.155,-0.105,-0.060,-0.075,-0.036
-0.115,-0.070,0.045,0.092,-0.080,-0.012,-0.070,-0.155,-0.105,-0.057,-0.075,-0.035
-0.115,-0.070,0.045,0.092,-0.080,-0.012,-0.070,-0.155,-0.105,-0.054,-0.075,-0.035
-0.115,-0.070,0.045,0.092,-0.080,-0.012,-0.070,-0.155,-0.105,-0.055,-0.075,-0.035
-0.115,-0.070,0.045,0.092,-0.080,-0.012,-0.070,-0.155,-0.105,-0.055,-0.075,-0.035
-0.115,-0.070,0.045,0.092,-0.080,-0.012,-0.070,-0.151,-0.105,-0.051,-0.075,-0.035
-0.115,-0.070,0.045,0.092,-0.080,-0.012,-0.070,-0.150,-0.105,-0.050,-0.075,-0.032
-0.115,-0.070,0.045,0.092,-0.080,-0.012,-0.070,-0.150,-0.105,-0.050,-0.076,-0.029
-0.115,-0.070,0.045,0.092,-0.080,-0.012,-0.070,-0.150,-0.105,-0.050,-0.074,-0.030
-0.115,-0.070,0.045,0.092,-0.080,-0.012,-0.070,-0.150,-0.105,-0.050,-0.065,-0.030
-0.115,-0.070,0.045,0.092,-0.080,-0.012,-0.062,-0.151,-0.106,-0.046,-0.061,-0.030
-0.115,-0.071,0.045,0.093,-0.080,-0.013,-0.054,-0.145,-0.100,-0.045,-0.058,-0.030
-0.113,-0.067,0.047,0.090,-0.080,-0.010,-0.046,-0.135,-0.090,-0.045,-0.051,-0.030
-0.109,-0.058,0.051,0.083,-0.080,-0.004,-0.038,-0.129,-0.084,-0.045,-0.044,-0.029
-0.105,-0.050,0.055,0.077,-0.080,0.002,-0.030,-0.125,-0.080,-0.045,-0.040,-0.025
-0.102,-0.042,0.060,0.072,-0.081,0.009,-0.022,-0.117,-0.072,-0.041,-0.036,-0.025
-0.092,-0.034,0.058,0.063,-0.075,0.012,-0.014,-0.108,-0.064,-0.036,-0.032,-0.022
-0.095,-0.026,0.070,0.060,-0.083,0.022,-0.007,-0.103,-0.057,-0.035,-0.030,-0.019
-0.105,-0.019,0.086,0.061,-0.096,0.033,-0.005,-0.099,-0.056,-0.034,-0.030,-0.020
-0.095,-0.015,0.080,0.055,-0.087,0.032,-0.005,-0.095,-0.060,-0.030,-0.030,-0.020
-0.090,-0.011,0.079,0.050,-0.085,0.034,-0.001,-0.095,-0.060,-0.030,-0.030,-0.016
-0.091,-0.010,0.081,0.051,-0.086,0.036,0.000,-0.095,-0.060,-0.028,-0.031,-0.014
-0.086,-0.008,0.078,0.047,-0.082,0.034,0.002,-0.095,-0.060,-0.022,-0.028,-0.016
-0.089,-0.004,0.084,0.047,-0.086,0.039,0.005,-0.095,-0.060,-0.020,-0.025,-0.014
-0.110,-0.005,0.105,0.057,-0.107,0.050,0.005,-0.095,-0.060,-0.020,-0.025,-0.010
-0.108,-0.005,0.102,0.057,-0.104,0.048,0.009,-0.095,-0.060,-0.016,-0.025,-0.010
-0.098,-0.002,0.096,0.050,-0.097,0.047,0.010,-0.098,-0.060,-0.015,-0.025,-0.011
-0.093,0.001,0.093,0.046,-0.093,0.047,0.012,-0.101,-0.060,-0.013,-0.025,-0.008
-0.089,0.000,0.089,0.045,-0.089,0.044,0.015,-0.100,-0.060,-0.009,-0.025,-0.005
-0.085,0.000,0.085,0.042,-0.085,0.042,0.015,-0.100,-0.060,-0.010,-0.025,-0.005
-0.077,0.004,0.081,0.036,-0.079,0.042,0.019,-0.100,-0.064,-0.010,-0.025,-0.005
-0.072,0.006,0.078,0.033,-0.076,0.042,0.020,-0.099,-0.065,-0.007,-0.025,-0.002
-0.065,0.004,0.070,0.030,-0.068,0.037,0.021,-0.102,-0.065,-0.004,-0.025,0.001
-0.052,0.006,0.057,0.023,-0.055,0.031,0.026,-0.105,-0.065,-0.005,-0.025,0.000
-0.040,0.010,0.050,0.015,-0.045,0.030,0.025,-0.105,-0.065,-0.005,-0.025,0.000
-0.033,0.010,0.043,0.011,-0.038,0.026,0.006,-0.105,-0.065,-0.001,-0.025,0.000
-0.019,0.011,0.031,0.004,-0.025,0.021,-0.014,-0.106,-0.065,0.000,-0.025,-0.001
-0.016,0.005,0.021,0.005,-0.018,0.013,-0.025,-0.103,-0.065,0.000,-0.025,0.002
-0.020,-0.008,0.012,0.013,-0.015,0.002,-0.041,-0.110,-0.065,0.000,-0.025,0.005
-0.020,-0.015,0.005,0.017,-0.012,-0.005,-0.065,-0.135,-0.065,0.000,-0.025,0.005
-0.045,-0.023,0.022,0.033,-0.033,-0.001,-0.073,-0.140,-0.064,-0.008,-0.025,0.005
-0.055,-0.031,0.024,0.043,-0.039,-0.003,-0.088,-0.140,-0.075,-0.014,-0.025,0.005
-0.056,-0.039,0.017,0.047,-0.036,-0.011,-0.095,-0.141,-0.080,-0.016,-0.025,0.005
-0.062,-0.047,0.015,0.054,-0.038,-0.016,-0.089,-0.139,-0.074,-0.022,-0.025,0.004
-0.070,-0.055,0.015,0.062,-0.042,-0.020,-0.090,-0.140,-0.075,-0.030,-0.025,0.000
-0.070,-0.060,0.011,0.065,-0.040,-0.024,-0.090,-0.157,-0.075,-0.034,-0.025,-0.005
-0.070,-0.060,0.010,0.065,-0.040,-0.025,-0.090,-0.162,-0.075,-0.038,-0.025,-0.005
-0.069,-0.060,0.009,0.064,-0.039,-0.025,-0.090,-0.159,-0.075,-0.042,-0.025,-0.007
-0.064,-0.060,0.004,0.061,-0.034,-0.028,-0.090,-0.160,-0.075,-0.045,-0.025,-0.010
-0.060,-0.060,0.000,0.060,-0.030,-0.030,-0.090,-0.160,-0.075,-0.045,-0.025,-0.010
-0.060,-0.060,0.000,0.060,-0.030,-0.030,-0.090,-0.158,-0.077,-0.045,-0.024,-0.014
-0.057,-0.060,-0.003,0.058,-0.027,-0.031,-0.090,-0.175,-0.096,-0.048,-0.031,-0.019
-0.055,-0.062,-0.006,0.059,-0.024,-0.034,-0.090,-0.188,-0.108,-0.051,-0.038,-0.020
-0.062,-0.066,-0.004,0.065,-0.029,-0.035,-0.090,-0.184,-0.104,-0.050,-0.041,-0.021
-0.075,-0.070,0.005,0.072,-0.040,-0.032,-0.090,-0.185,-0.105,-0.050,-0.045,-0.025
-0.088,-0.075,0.013,0.081,-0.050,-0.031,-0.090,-0.185,-0.105,-0.054,-0.049,-0.025
-0.094,-0.073,0.021,0.083,-0.057,-0.026,-0.090,-0.185,-0.105,-0.058,-0.054,-0.025
-0.112,-0.083,0.029,0.097,-0.070,-0.027,-0.090,-0.185,-0.105,-0.062,-0.055,-0.025
-0.133,-0.096,0.037,0.114,-0.085,-0.029,-0.090,-0.185,-0.105,-0.065,-0.056,-0.025
-0.135,-0.090,0.045,0.112,-0.090,-0.022,-0.090,-0.185,-0.105,-0.065,-0.065,-0.030
-0.139,-0.090,0.049,0.114,-0.094,-0.020,-0.090,-0.185,-0.112,-0.069,-0.069,-0.047
-0.144,-0.090,0.053,0.117,-0.098,-0.018,-0.090,-0.185,-0.129,-0.074,-0.073,-0.052
-0.145,-0.090,0.055,0.117,-0.100,-0.017,-0.090,-0.185,-0.135,-0.075,-0.075,-0.049
-0.145,-0.090,0.055,0.117,-0.100,-0.017,-0.090,-0.184,-0.129,-0.076,-0.076,-0.050
-0.145,-0.090,0.055,0.117,-0.100,-0.017,-0.090,-0.185,-0.130,-0.080,-0.080,-0.050
-0.141,-0.086,0.055,0.113,-0.098,-0.015,-0.090,-0.202,-0.130,-0.080,-0.080,-0.050
-0.140,-0.085,0.055,0.112,-0.097,-0.015,-0.090,-0.204,-0.130,-0.083,-0.083,-0.050
-0.140,-0.085,0.055,0.112,-0.097,-0.015,-0.090,-0.199,-0.130,-0.086,-0.086,-0.050
-0.140,-0.085,0.055,0.112,-0.097,-0.015,-0.090,-0.200,-0.130,-0.084,-0.084,-0.050
-0.140,-0.085,0.055,0.112,-0.097,-0.015,-0.090,-0.200,-0.130,-0.080,-0.080,-0.050
-0.140,-0.085,0.055,0.112,-0.097,-0.015,-0.086,-0.196,-0.130,-0.080,-0.080,-0.050
-0.141,-0.086,0.055,0.113,-0.097,-0.015,-0.084,-0.194,-0.130,-0.080,-0.080,-0.050
-0.138,-0.083,0.055,0.110,-0.096,-0.014,-0.086,-0.196,-0.130,-0.080,-0.080,-0.050
-0.135,-0.080,0.055,0.107,-0.095,-0.012,-0.084,-0.194,-0.130,-0.080,-0.080,-0.050
-0.135,-0.080,0.055,0.107,-0.095,-0.012,-0.080,-0.190,-0.130,-0.080,-0.080,-0.050
-0.135,-0.080,0.055,0.107,-0.095,-0.012,-0.080,-0.190,-0.130,-0.080,-0.080,-0.050
-0.135,-0.080,0.055,0.107,-0.095,-0.012,-0.080,-0.191,-0.130,-0.081,-0.081,-0.050
-0.135,-0.080,0.055,0.107,-0.095,-0.012,-0.080,-0.188,-0.130,-0.078,-0.078,-0.050
-0.134,-0.079,0.055,0.106,-0.095,-0.012,-0.079,-0.185,-0.130,-0.075,-0.075,-0.050
-0.130,-0.075,0.055,0.102,-0.092,-0.010,-0.075,-0.185,-0.130,-0.075,-0.075,-0.050
-0.130,-0.075,0.055,0.102,-0.092,-0.010,-0.075,-0.185,-0.130,-0.075,-0.075,-0.050
-0.130,-0.075,0.055,0.102,-0.092,-0.010,-0.075,-0.182,-0.130,-0.075,-0.075,-0.050
-0.130,-0.075,0.055,0.102,-0.092,-0.010,-0.075,-0.179,-0.130,-0.075,-0.075,-0.050
-0.130,-0.075,0.055,0.102,-0.092,-0.010,-0.074,-0.180,-0.130,-0.075,-0.075,-0.050
-0.130,-0.075,0.055,0.102,-0.092,-0.010,-0.070,-0.180,-0.130,-0.075,-0.075,-0.050
-0.130,-0.075,0.055,0.102,-0.092,-0.010,-0.070,-0.176,-0.130,-0.075,-0.075,-0.050
-0.130,-0.075,0.055,0.102,-0.092,-0.010,-0.071,-0.174,-0.130,-0.072,-0.072,-0.050
-0.131,-0.076,0.055,0.103,-0.093,-0.010,-0.068,-0.176,-0.130,-0.069,-0.069,-0.050
-0.127,-0.073,0.054,0.100,-0.090,-0.009,-0.065,-0.174,-0.130,-0.070,-0.070,-0.049
-0.120,-0.070,0.050,0.095,-0.085,-0.010,-0.065,-0.170,-0.130,-0.070,-0.070,-0.045
-0.141,-0.091,0.050,0.116,-0.095,-0.020,-0.065,-0.170,-0.126,-0.070,-0.070,-0.045
-0.144,-0.094,0.050,0.119,-0.097,-0.022,-0.066,-0.170,-0.125,-0.070,-0.070,-0.045
-0.139,-0.089,0.050,0.114,-0.094,-0.019,-0.063,-0.170,-0.125,-0.070,-0.070,-0.045
-0.141,-0.090,0.050,0.115,-0.095,-0.020,-0.060,-0.169,-0.125,-0.070,-0.070,-0.045
-0.140,-0.090,0.050,0.115,-0.095,-0.020,-0.060,-0.165,-0.125,-0.070,-0.070,-0.045
-0.136,-0.086,0.050,0.111,-0.092,-0.018,-0.060,-0.165,-0.121,-0.070,-0.070,-0.045
-0.135,-0.084,0.051,0.110,-0.092,-0.016,-0.060,-0.162,-0.120,-0.070,-0.073,-0.045
-0.134,-0.086,0.048,0.109,-0.090,-0.018,-0.059,-0.160,-0.120,-0.070,-0.076,-0.045
-0.129,-0.084,0.045,0.106,-0.086,-0.020,-0.054,-0.159,-0.120,-0.070,-0.075,-0.045
-0.125,-0.080,0.045,0.102,-0.085,-0.017,-0.050,-0.155,-0.120,-0.070,-0.075,-0.045
-0.125,-0.080,0.045,0.102,-0.085,-0.017,-0.050,-0.155,-0.120,-0.070,-0.075,-0.041
-0.125,-0.080,0.045,0.102,-0.085,-0.017,-0.047,-0.152,-0.117,-0.070,-0.074,-0.040
-0.126,-0.081,0.045,0.103,-0.086,-0.018,-0.045,-0.150,-0.114,-0.070,-0.077,-0.040
-0.123,-0.078,0.045,0.100,-0.084,-0.016,-0.045,-0.149,-0.115,-0.070,-0.080,-0.040
-0.110,-0.065,0.045,0.087,-0.077,-0.010,-0.040,-0.145,-0.115,-0.070,-0.080,-0.040
-0.101,-0.057,0.044,0.078,-0.072,-0.006,-0.035,-0.145,-0.115,-0.070,-0.080,-0.040
-0.103,-0.049,0.054,0.075,-0.078,0.002,-0.035,-0.142,-0.116,-0.070,-0.080,-0.040
-0.122,-0.041,0.081,0.081,-0.101,0.020,-0.033,-0.140,-0.110,-0.071,-0.081,-0.040
-0.135,-0.033,0.102,0.084,-0.118,0.034,-0.030,-0.139,-0.097,-0.067,-0.078,-0.040
-0.135,-0.025,0.110,0.080,-0.122,0.042,-0.030,-0.135,-0.090,-0.050,-0.065,-0.040
-0.169,-0.018,0.151,0.094,-0.160,0.066,-0.014,-0.139,-0.081,-0.034,-0.053,-0.042
-0.172,-0.002,0.169,0.087,-0.171,0.083,-0.001,-0.103,-0.078,-0.017,-0.040,-0.029
-0.164,0.009,0.173,0.077,-0.169,0.091,0.015,-0.051,-0.051,-0.006,-0.031,-0.014
-0.145,0.028,0.173,0.058,-0.159,0.100,0.034,0.000,-0.004,0.014,-0.013,0.000
-0.095,0.060,0.155,0.017,-0.125,0.107,0.050,0.080,0.040,0.060,0.025,0.025
-0.086,0.057,0.143,0.014,-0.115,0.100,0.089,0.197,0.109,0.099,0.057,0.045
-0.076,0.054,0.130,0.010,-0.103,0.092,0.134,0.326,0.195,0.152,0.089,0.066
-0.069,0.053,0.123,0.008,-0.096,0.088,0.189,0.402,0.268,0.204,0.119,0.081
-0.050,0.050,0.100,0.000,-0.075,0.075,0.214,0.407,0.314,0.246,0.149,0.094
0.010,0.050,0.040,-0.030,-0.015,0.045,0.180,0.385,0.360,0.295,0.190,0.115
0.060,0.047,-0.013,-0.053,0.037,0.017,0.153,0.369,0.444,0.353,0.237,0.146
0.132,0.072,-0.060,-0.101,0.096,0.005,0.107,0.345,0.516,0.425,0.291,0.188
0.218,0.106,-0.112,-0.162,0.165,-0.003,-0.012,0.245,0.575,0.507,0.366,0.247
0.308,0.157,-0.151,-0.232,0.230,0.004,-0.209,0.033,0.615,0.591,0.458,0.326
0.400,0.245,-0.155,-0.322,0.277,0.045,-0.415,-0.195,0.645,0.680,0.555,0.420
0.479,0.333,-0.147,-0.406,0.313,0.093,-0.557,-0.298,0.749,0.795,0.668,0.519
0.569,0.428,-0.141,-0.498,0.354,0.144,-0.708,-0.448,0.836,0.917,0.802,0.625
0.674,0.547,-0.127,-0.610,0.400,0.210,-0.914,-0.601,0.958,1.077,0.951,0.752
0.790,0.622,-0.167,-0.706,0.478,0.228,-1.112,-0.663,1.104,1.229,1.083,0.868
0.900,0.575,-0.325,-0.737,0.612,0.125,-1.230,-0.660,1.160,1.275,1.140,0.915
0.984,0.452,-0.532,-0.718,0.758,-0.040,-1.320,-0.652,1.119,1.227,1.092,0.901
1.067,0.340,-0.727,-0.703,0.897,-0.193,-1.427,-0.720,0.927,1.088,1.034,0.883
1.086,0.269,-0.817,-0.678,0.952,-0.274,-1.508,-0.845,0.713,0.945,0.984,0.864
1.027,0.216,-0.811,-0.621,0.919,-0.297,-1.522,-0.951,0.558,0.840,0.924,0.840
0.920,0.160,-0.760,-0.540,0.840,-0.300,-1.475,-1.015,0.410,0.745,0.870,0.815
0.752,0.126,-0.626,-0.438,0.689,-0.250,-1.390,-1.088,0.267,0.661,0.831,0.767
0.636,0.103,-0.534,-0.369,0.585,-0.215,-1.289,-1.149,0.104,0.535,0.734,0.724
0.531,0.042,-0.489,-0.287,0.510,-0.224,-1.211,-1.267,-0.125,0.354,0.593,0.650
0.406,-0.044,-0.450,-0.181,0.429,-0.247,-1.157,-1.406,-0.361,0.168,0.449,0.546
0.310,-0.100,-0.410,-0.105,0.360,-0.255,-1.095,-1.435,-0.495,0.040,0.320,0.460
0.235,-0.128,-0.362,-0.054,0.299,-0.245,-1.011,-1.361,-0.539,-0.034,0.228,0.378
0.185,-0.128,-0.313,-0.029,0.250,-0.220,-0.897,-1.250,-0.530,-0.099,0.166,0.314
0.143,-0.124,-0.268,-0.009,0.206,-0.196,-0.774,-1.110,-0.513,-0.139,0.113,0.254
0.100,-0.124,-0.224,0.013,0.162,-0.174,-0.665,-0.960,-0.492,-0.144,0.065,0.198
0.065,-0.120,-0.185,0.028,0.125,-0.152,-0.575,-0.835,-0.445,-0.140,0.035,0.160
0.043,-0.120,-0.164,0.038,0.103,-0.142,-0.497,-0.712,-0.400,-0.140,0.006,0.119
0.032,-0.117,-0.149,0.042,0.091,-0.133,-0.435,-0.622,-0.364,-0.137,-0.014,0.093
0.014,-0.115,-0.129,0.051,0.072,-0.121,-0.372,-0.545,-0.337,-0.135,-0.026,0.077
-0.010,-0.114,-0.104,0.062,0.047,-0.109,-0.304,-0.458,-0.306,-0.134,-0.039,0.061
-0.030,-0.110,-0.080,0.070,0.025,-0.095,-0.245,-0.370,-0.265,-0.130,-0.055,0.045
-0.062,-0.110,-0.048,0.086,-0.007,-0.079,-0.190,-0.282,-0.224,-0.130,-0.068,0.029
-0.090,-0.107,-0.017,0.099,-0.037,-0.062,-0.130,-0.229,-0.196,-0.125,-0.074,0.013
-0.106,-0.105,0.001,0.106,-0.053,-0.052,-0.088,-0.187,-0.174,-0.115,-0.075,-0.004
-0.110,-0.104,0.006,0.107,-0.057,-0.049,-0.063,-0.147,-0.157,-0.109,-0.075,-0.018
-0.110,-0.100,0.010,0.105,-0.060,-0.045,-0.035,-0.125,-0.150,-0.105,-0.075,-0.025
-0.118,-0.100,0.018,0.109,-0.068,-0.041,-0.018,-0.101,-0.142,-0.097,-0.075,-0.029
-0.123,-0.101,0.023,0.112,-0.073,-0.039,-0.006,-0.077,-0.134,-0.088,-0.075,-0.032
-0.127,-0.098,0.029,0.112,-0.078,-0.034,0.006,-0.054,-0.126,-0.083,-0.075,-0.039
-0.130,-0.095,0.036,0.112,-0.082,-0.030,0.018,-0.037,-0.118,-0.079,-0.075,-0.046
-0.135,-0.095,0.040,0.115,-0.087,-0.027,0.030,-0.030,-0.110,-0.075,-0.075,-0.050
-0.152,-0.091,0.061,0.121,-0.107,-0.014,0.039,-0.022,-0.102,-0.075,-0.075,-0.055
-0.154,-0.090,0.064,0.122,-0.109,-0.013,0.043,-0.014,-0.097,-0.076,-0.075,-0.052
-0.147,-0.088,0.059,0.118,-0.103,-0.015,0.049,-0.006,-0.093,-0.073,-0.075,-0.049
-0.145,-0.085,0.060,0.115,-0.102,-0.012,0.057,0.002,-0.089,-0.070,-0.075,-0.050
-0.145,-0.085,0.060,0.115,-0.102,-0.012,0.060,0.010,-0.085,-0.070,-0.075,-0.050
-0.145,-0.085,0.060,0.115,-0.102,-0.012,0.060,0.018,-0.085,-0.070,-0.075,-0.050
-0.148,-0.088,0.060,0.118,-0.104,-0.014,0.060,0.026,-0.083,-0.070,-0.075,-0.050
-0.151,-0.091,0.060,0.121,-0.105,-0.015,0.059,0.033,-0.077,-0.068,-0.075,-0.050
-0.150,-0.090,0.060,0.120,-0.105,-0.015,0.062,0.035,-0.075,-0.065,-0.075,-0.050
-0.150,-0.090,0.060,0.120,-0.105,-0.015,0.075,0.040,-0.075,-0.065,-0.075,-0.050
-0.150,-0.090,0.060,0.120,-0.105,-0.015,0.084,0.056,-0.071,-0.065,-0.075,-0.050
-0.151,-0.090,0.061,0.120,-0.106,-0.015,0.088,0.065,-0.066,-0.062,-0.075,-0.050
-0.147,-0.090,0.057,0.119,-0.102,-0.016,0.092,0.064,-0.065,-0.060,-0.075,-0.050
-0.155,-0.090,0.065,0.123,-0.110,-0.012,0.095,0.066,-0.064,-0.060,-0.075,-0.050
-0.180,-0.090,0.090,0.135,-0.135,0.000,0.095,0.075,-0.060,-0.060,-0.075,-0.050
-0.173,-0.090,0.083,0.132,-0.128,-0.003,0.095,0.079,-0.056,-0.060,-0.075,-0.046
-0.166,-0.090,0.076,0.128,-0.121,-0.007,0.095,0.083,-0.052,-0.057,-0.075,-0.045
-0.163,-0.090,0.073,0.126,-0.118,-0.008,0.095,0.087,-0.050,-0.054,-0.075,-0.045
-0.159,-0.090,0.069,0.124,-0.114,-0.010,0.095,0.091,-0.049,-0.055,-0.074,-0.045
-0.155,-0.090,0.065,0.122,-0.110,-0.012,0.095,0.095,-0.045,-0.055,-0.070,-0.045
-0.151,-0.090,0.061,0.120,-0.106,-0.014,0.099,0.098,-0.041,-0.055,-0.070,-0.045
-0.147,-0.090,0.057,0.118,-0.102,-0.016,0.103,0.109,-0.040,-0.052,-0.067,-0.045
-0.143,-0.090,0.053,0.116,-0.098,-0.018,0.107,0.120,-0.039,-0.050,-0.064,-0.045
-0.140,-0.090,0.050,0.115,-0.095,-0.020,0.110,0.126,-0.034,-0.049,-0.065,-0.045
-0.140,-0.090,0.050,0.115,-0.095,-0.020,0.110,0.130,-0.030,-0.045,-0.065,-0.045
-0.140,-0.090,0.050,0.115,-0.095,-0.020,0.114,0.134,-0.031,-0.045,-0.061,-0.045
-0.140,-0.090,0.050,0.115,-0.095,-0.020,0.115,0.140,-0.024,-0.042,-0.060,-0.045
-0.140,-0.090,0.050,0.115,-0.095,-0.020,0.117,0.151,-0.017,-0.040,-0.058,-0.045
-0.139,-0.090,0.049,0.115,-0.094,-0.020,0.121,0.163,-0.014,-0.039,-0.054,-0.044
-0.135,-0.090,0.045,0.112,-0.090,-0.022,0.120,0.175,-0.010,-0.035,-0.055,-0.040
-0.135,-0.090,0.045,0.112,-0.090,-0.022,0.116,0.179,-0.006,-0.035,-0.056,-0.040
-0.135,-0.090,0.045,0.112,-0.090,-0.022,0.113,0.182,-0.002,-0.032,-0.052,-0.041
-0.135,-0.090,0.045,0.112,-0.090,-0.022,0.120,0.190,0.002,-0.030,-0.050,-0.038
-0.134,-0.089,0.045,0.111,-0.089,-0.022,0.132,0.204,0.007,-0.029,-0.049,-0.035
-0.130,-0.085,0.045,0.107,-0.087,-0.020,0.135,0.215,0.015,-0.025,-0.045,-0.035
-0.131,-0.085,0.045,0.107,-0.087,-0.020,0.134,0.219,0.019,-0.021,-0.045,-0.035
-0.124,-0.082,0.042,0.103,-0.083,-0.020,0.141,0.227,0.022,-0.017,-0.046,-0.032
-0.119,-0.079,0.039,0.099,-0.079,-0.020,0.147,0.246,0.029,-0.013,-0.043,-0.029
-0.120,-0.080,0.040,0.100,-0.080,-0.020,0.144,0.262,0.036,-0.009,-0.040,-0.030
-0.120,-0.080,0.040,0.100,-0.080,-0.020,0.145,0.265,0.040,-0.005,-0.040,-0.030
-0.116,-0.076,0.040,0.096,-0.077,-0.018,0.161,0.277,0.044,-0.005,-0.040,-0.026
-0.115,-0.074,0.041,0.095,-0.077,-0.016,0.170,0.285,0.048,-0.002,-0.037,-0.024
-0.114,-0.076,0.038,0.094,-0.075,-0.018,0.169,0.300,0.051,0.002,-0.033,-0.026
-0.109,-0.074,0.035,0.091,-0.071,-0.020,0.172,0.326,0.058,0.006,-0.029,-0.024
-0.105,-0.070,0.035,0.087,-0.070,-0.017,0.180,0.345,0.075,0.010,-0.025,-0.020
-0.105,-0.070,0.035,0.087,-0.070,-0.017,0.181,0.353,0.080,0.014,-0.021,-0.020
-0.106,-0.071,0.035,0.088,-0.070,-0.017,0.177,0.368,0.083,0.019,-0.016,-0.021
-0.103,-0.068,0.035,0.085,-0.069,-0.016,0.189,0.394,0.087,0.020,-0.015,-0.018
-0.099,-0.065,0.035,0.081,-0.067,-0.015,0.209,0.412,0.091,0.021,-0.014,-0.015
-0.100,-0.065,0.035,0.082,-0.067,-0.015,0.215,0.415,0.095,0.025,-0.010,-0.015
-0.105,-0.065,0.039,0.085,-0.071,-0.013,0.219,0.443,0.107,0.029,-0.006,-0.015
-0.103,-0.062,0.040,0.083,-0.071,-0.011,0.224,0.466,0.116,0.036,-0.002,-0.012
-0.098,-0.058,0.040,0.078,-0.069,-0.009,0.225,0.485,0.125,0.042,0.000,-0.009
-0.094,-0.054,0.040,0.074,-0.067,-0.007,0.235,0.512,0.139,0.047,0.001,-0.010
-0.090,-0.050,0.040,0.070,-0.065,-0.005,0.260,0.540,0.155,0.055,0.005,-0.010
-0.086,-0.046,0.040,0.066,-0.062,-0.003,0.265,0.555,0.163,0.059,0.009,-0.010
-0.084,-0.041,0.043,0.063,-0.064,0.001,0.267,0.580,0.174,0.066,0.010,-0.007
-0.086,-0.040,0.046,0.063,-0.066,0.002,0.272,0.607,0.183,0.071,0.011,-0.003
-0.083,-0.039,0.045,0.061,-0.064,0.003,0.285,0.632,0.195,0.078,0.016,0.001
-0.075,-0.030,0.045,0.052,-0.060,0.007,0.305,0.660,0.220,0.095,0.020,0.005
-0.071,-0.026,0.045,0.048,-0.057,0.009,0.310,0.681,0.226,0.100,0.019,0.009
-0.065,-0.019,0.047,0.042,-0.055,0.014,0.311,0.699,0.225,0.098,0.028,0.013
-0.053,-0.013,0.040,0.033,-0.046,0.014,0.322,0.723,0.242,0.106,0.042,0.017
-0.054,-0.008,0.046,0.031,-0.050,0.019,0.340,0.752,0.273,0.125,0.052,0.021
-0.075,0.000,0.075,0.037,-0.075,0.037,0.355,0.780,0.295,0.140,0.060,0.025
-0.069,0.003,0.072,0.033,-0.071,0.037,0.359,0.800,0.302,0.144,0.068,0.029
-0.055,0.014,0.069,0.021,-0.062,0.041,0.369,0.820,0.321,0.151,0.074,0.034
-0.047,0.024,0.071,0.011,-0.059,0.048,0.377,0.841,0.331,0.156,0.074,0.033
-0.037,0.033,0.069,0.002,-0.053,0.051,0.382,0.859,0.333,0.164,0.078,0.039
-0.025,0.045,0.070,-0.010,-0.048,0.057,0.395,0.875,0.355,0.185,0.095,0.060
-0.030,0.053,0.082,-0.012,-0.057,0.068,0.403,0.904,0.368,0.189,0.100,0.065
-0.023,0.064,0.087,-0.021,-0.055,0.075,0.411,0.923,0.378,0.198,0.099,0.064
-0.008,0.075,0.083,-0.034,-0.045,0.078,0.418,0.938,0.393,0.210,0.104,0.067
-0.008,0.081,0.089,-0.037,-0.048,0.085,0.421,0.953,0.409,0.217,0.120,0.070
-0.025,0.085,0.110,-0.030,-0.068,0.097,0.425,0.965,0.425,0.225,0.135,0.070
-0.028,0.088,0.116,-0.030,-0.072,0.101,0.430,0.978,0.438,0.233,0.134,0.073
-0.011,0.101,0.112,-0.046,-0.061,0.106,0.427,0.981,0.445,0.241,0.146,0.083
-0.008,0.117,0.125,-0.055,-0.067,0.121,0.424,0.995,0.458,0.249,0.160,0.097
-0.015,0.127,0.141,-0.056,-0.078,0.133,0.425,1.011,0.473,0.265,0.168,0.107
-0.005,0.130,0.135,-0.063,-0.070,0.132,0.425,1.005,0.480,0.285,0.180,0.110
-0.002,0.133,0.135,-0.066,-0.069,0.134,0.421,1.005,0.488,0.288,0.184,0.113
0.012,0.144,0.132,-0.078,-0.061,0.138,0.419,1.002,0.499,0.302,0.194,0.121
0.025,0.155,0.129,-0.090,-0.052,0.142,0.421,1.000,0.511,0.314,0.204,0.127
0.032,0.162,0.130,-0.097,-0.049,0.146,0.419,0.999,0.522,0.315,0.205,0.131
0.040,0.170,0.130,-0.105,-0.045,0.150,0.415,0.995,0.530,0.320,0.205,0.135
0.048,0.174,0.126,-0.112,-0.039,0.150,0.415,0.996,0.535,0.328,0.217,0.139
0.053,0.179,0.125,-0.117,-0.036,0.152,0.415,0.984,0.533,0.334,0.227,0.146
0.057,0.180,0.123,-0.119,-0.033,0.151,0.416,0.969,0.528,0.336,0.232,0.152
0.070,0.190,0.119,-0.130,-0.025,0.154,0.413,0.956,0.524,0.334,0.236,0.157
0.090,0.210,0.120,-0.150,-0.015,0.165,0.400,0.940,0.520,0.330,0.240,0.165
0.087,0.207,0.121,-0.147,-0.017,0.164,0.392,0.929,0.516,0.326,0.244,0.169
0.084,0.201,0.117,-0.143,-0.017,0.158,0.381,0.905,0.512,0.325,0.248,0.176
0.085,0.200,0.115,-0.143,-0.015,0.157,0.371,0.876,0.509,0.323,0.251,0.183
0.085,0.199,0.114,-0.143,-0.015,0.156,0.362,0.848,0.502,0.320,0.249,0.184
0.085,0.195,0.110,-0.140,-0.013,0.152,0.345,0.820,0.490,0.320,0.245,0.180
0.081,0.191,0.110,-0.136,-0.015,0.150,0.329,0.792,0.482,0.316,0.241,0.180
0.079,0.190,0.111,-0.135,-0.015,0.150,0.312,0.761,0.471,0.311,0.237,0.177
0.080,0.189,0.108,-0.135,-0.014,0.148,0.300,0.730,0.461,0.310,0.233,0.174
0.079,0.184,0.105,-0.132,-0.013,0.144,0.285,0.696,0.451,0.309,0.230,0.175
0.075,0.180,0.105,-0.128,-0.015,0.142,0.260,0.655,0.430,0.305,0.230,0.175
0.071,0.176,0.105,-0.124,-0.018,0.141,0.235,0.615,0.410,0.306,0.226,0.171
0.070,0.172,0.102,-0.121,-0.017,0.137,0.217,0.575,0.393,0.297,0.222,0.170
0.070,0.167,0.097,-0.119,-0.014,0.132,0.204,0.537,0.377,0.283,0.218,0.168
0.070,0.165,0.095,-0.118,-0.013,0.130,0.192,0.501,0.361,0.273,0.214,0.164
0.070,0.165,0.095,-0.118,-0.013,0.130,0.180,0.465,0.345,0.265,0.210,0.165
0.062,0.153,0.091,-0.107,-0.015,0.122,0.168,0.433,0.330,0.253,0.211,0.166
0.058,0.144,0.086,-0.101,-0.014,0.115,0.153,0.398,0.305,0.240,0.199,0.160
0.049,0.134,0.085,-0.092,-0.018,0.109,0.137,0.364,0.277,0.231,0.183,0.151
0.039,0.123,0.084,-0.081,-0.023,0.103,0.121,0.331,0.254,0.222,0.171,0.143
0.035,0.115,0.080,-0.075,-0.023,0.097,0.105,0.295,0.230,0.205,0.155,0.135
0.023,0.103,0.080,-0.063,-0.029,0.091,0.088,0.263,0.205,0.189,0.142,0.127
0.017,0.094,0.077,-0.056,-0.030,0.085,0.078,0.231,0.187,0.173,0.134,0.118
0.011,0.086,0.075,-0.049,-0.032,0.080,0.071,0.200,0.172,0.157,0.126,0.113
0.005,0.079,0.074,-0.042,-0.035,0.076,0.063,0.174,0.156,0.142,0.118,0.108
0.005,0.075,0.070,-0.040,-0.033,0.072,0.055,0.150,0.140,0.130,0.110,0.100
-0.003,0.067,0.070,-0.032,-0.037,0.068,0.047,0.125,0.124,0.122,0.102,0.092
-0.009,0.062,0.071,-0.027,-0.040,0.066,0.039,0.107,0.107,0.115,0.094,0.087
-0.012,0.056,0.068,-0.022,-0.040,0.062,0.033,0.092,0.094,0.104,0.086,0.082
-0.016,0.049,0.065,-0.017,-0.040,0.056,0.029,0.076,0.081,0.093,0.078,0.073
-0.020,0.045,0.065,-0.013,-0.043,0.055,0.025,0.060,0.065,0.085,0.070,0.065
-0.028,0.033,0.061,-0.003,-0.044,0.047,0.025,0.044,0.053,0.077,0.062,0.061
-0.037,0.023,0.060,0.007,-0.048,0.042,0.026,0.031,0.041,0.066,0.054,0.055
-0.042,0.016,0.058,0.013,-0.050,0.037,0.023,0.019,0.030,0.055,0.046,0.045
-0.047,0.008,0.054,0.019,-0.051,0.031,0.020,0.008,0.023,0.048,0.038,0.039
-0.055,0.000,0.055,0.027,-0.055,0.027,0.020,0.000,0.015,0.040,0.030,0.035
-0.063,-0.008,0.055,0.035,-0.059,0.023,0.020,-0.012,0.003,0.028,0.022,0.027
-0.068,-0.016,0.052,0.042,-0.060,0.018,0.017,-0.024,-0.006,0.019,0.017,0.018
-0.072,-0.023,0.049,0.047,-0.061,0.013,0.014,-0.035,-0.014,0.011,0.013,0.013
-0.076,-0.025,0.050,0.050,-0.062,0.012,0.015,-0.041,-0.022,0.004,0.009,0.009
-0.075,-0.025,0.050,0.050,-0.062,0.012,0.015,-0.045,-0.025,0.000,0.005,0.005
-0.070,-0.025,0.046,0.047,-0.058,0.011,0.011,-0.047,-0.025,-0.004,0.005,0.005
-0.073,-0.028,0.044,0.050,-0.058,0.008,0.009,-0.065,-0.028,-0.005,0.003,0.005
-0.076,-0.031,0.046,0.053,-0.061,0.007,0.011,-0.079,-0.032,-0.007,-0.003,0.005
-0.074,-0.030,0.044,0.051,-0.059,0.007,0.009,-0.080,-0.036,-0.010,-0.005,0.005
-0.070,-0.030,0.040,0.050,-0.055,0.005,0.005,-0.080,-0.040,-0.010,-0.005,0.005
-0.073,-0.033,0.040,0.053,-0.056,0.003,0.005,-0.080,-0.040,-0.014,-0.009,0.005
-0.085,-0.044,0.041,0.065,-0.063,-0.002,0.006,-0.080,-0.043,-0.019,-0.014,0.006
-0.091,-0.053,0.038,0.072,-0.065,-0.008,0.003,-0.080,-0.047,-0.020,-0.015,0.003
-0.090,-0.055,0.035,0.072,-0.062,-0.010,0.000,-0.080,-0.051,-0.021,-0.016,0.000
-0.090,-0.055,0.035,0.072,-0.062,-0.010,0.000,-0.080,-0.055,-0.025,-0.020,0.000
-0.090,-0.055,0.035,0.072,-0.062,-0.010,0.000,-0.084,-0.059,-0.025,-0.020,0.000
-0.087,-0.055,0.032,0.071,-0.059,-0.011,-0.003,-0.088,-0.064,-0.028,-0.023,0.000
-0.084,-0.055,0.029,0.070,-0.056,-0.012,-0.005,-0.092,-0.065,-0.032,-0.026,0.000
-0.085,-0.055,0.030,0.070,-0.057,-0.012,-0.005,-0.095,-0.066,-0.036,-0.025,0.000
-0.085,-0.055,0.030,0.070,-0.057,-0.012,-0.005,-0.095,-0.070,-0.040,-0.025,0.000
-0.081,-0.055,0.026,0.068,-0.053,-0.014,-0.005,-0.095,-0.070,-0.041,-0.029,0.000
-0.079,-0.055,0.024,0.067,-0.051,-0.015,-0.008,-0.095,-0.070,-0.037,-0.030,-0.003
-0.081,-0.055,0.026,0.067,-0.053,-0.015,-0.011,-0.095,-0.070,-0.034,-0.032,-0.006
-0.079,-0.055,0.024,0.067,-0.051,-0.015,-0.010,-0.095,-0.070,-0.035,-0.035,-0.005
-0.075,-0.055,0.020,0.065,-0.047,-0.017,-0.010,-0.095,-0.070,-0.035,-0.035,-0.005
-0.075,-0.055,0.020,0.065,-0.047,-0.017,-0.010,-0.095,-0.070,-0.035,-0.035,-0.005
-0.076,-0.055,0.021,0.065,-0.048,-0.017,-0.010,-0.095,-0.070,-0.035,-0.035,-0.005
-0.073,-0.055,0.018,0.064,-0.045,-0.018,-0.010,-0.095,-0.070,-0.035,-0.035,-0.005
-0.080,-0.055,0.025,0.067,-0.052,-0.015,-0.010,-0.095,-0.070,-0.035,-0.035,-0.005
-0.105,-0.055,0.050,0.080,-0.077,-0.002,-0.010,-0.095,-0.070,-0.035,-0.035,-0.005
-0.110,-0.055,0.055,0.082,-0.082,0.000,-0.010,-0.095,-0.070,-0.035,-0.035,-0.005
-0.110,-0.055,0.055,0.082,-0.082,0.000,-0.010,-0.095,-0.069,-0.035,-0.035,-0.002
-0.110,-0.055,0.055,0.082,-0.082,0.000,-0.010,-0.095,-0.072,-0.035,-0.035,0.001
-0.110,-0.055,0.055,0.082,-0.082,0.000,-0.010,-0.095,-0.075,-0.035,-0.035,0.000
-0.110,-0.055,0.055,0.082,-0.082,0.000,-0.010,-0.095,-0.075,-0.035,-0.035,0.000
-0.110,-0.055,0.055,0.082,-0.082,0.000,-0.010,-0.099,-0.075,-0.035,-0.035,0.000
-0.110,-0.055,0.055,0.082,-0.082,0.000,-0.010,-0.100,-0.075,-0.035,-0.035,0.000
-0.110,-0.055,0.055,0.082,-0.082,0.000,-0.010,-0.100,-0.075,-0.035,-0.035,0.000
-0.110,-0.055,0.055,0.082,-0.082,0.000,-0.010,-0.100,-0.075,-0.035,-0.035,0.000
-0.110,-0.055,0.055,0.082,-0.082,0.000,-0.010,-0.100,-0.075,-0.035,-0.035,0.000
-0.106,-0.051,0.055,0.078,-0.080,0.002,-0.010,-0.100,-0.075,-0.035,-0.035,0.000
-0.105,-0.050,0.055,0.077,-0.080,0.002,-0.010,-0.100,-0.075,-0.035,-0.035,0.000
-0.105,-0.050,0.055,0.077,-0.080,0.002,-0.010,-0.100,-0.075,-0.035,-0.035,0.000
-0.105,-0.050,0.055,0.077,-0.080,0.002,-0.010,-0.100,-0.075,-0.035,-0.035,0.000
-0.105,-0.050,0.055,0.077,-0.080,0.002,-0.010,-0.100,-0.075,-0.035,-0.035,0.000
-0.105,-0.050,0.055,0.077,-0.080,0.002,-0.010,-0.100,-0.075,-0.035,-0.035,0.000
-0.105,-0.050,0.055,0.077,-0.080,0.002,-0.010,-0.100,-0.072,-0.035,-0.035,0.000
-0.105,-0.050,0.055,0.077,-0.080,0.002,-0.010,-0.100,-0.069,-0.035,-0.035,0.000
-0.104,-0.049,0.055,0.076,-0.080,0.003,-0.010,-0.101,-0.070,-0.034,-0.035,0.000
-0.100,-0.045,0.055,0.072,-0.077,0.005,-0.010,-0.105,-0.070,-0.030,-0.035,0.000
-0.100,-0.045,0.055,0.072,-0.077,0.005,-0.010,-0.105,-0.070,-0.030,-0.035,0.000
-0.101,-0.045,0.056,0.073,-0.078,0.005,-0.010,-0.105,-0.070,-0.030,-0.035,0.000
-0.097,-0.045,0.052,0.070,-0.074,0.003,-0.010,-0.105,-0.070,-0.030,-0.035,0.000
-0.088,-0.045,0.043,0.066,-0.065,-0.001,-0.010,-0.105,-0.070,-0.030,-0.034,0.000
-0.085,-0.045,0.040,0.065,-0.062,-0.002,-0.010,-0.105,-0.070,-0.030,-0.030,0.000
-0.081,-0.045,0.037,0.063,-0.059,-0.004,-0.010,-0.105,-0.066,-0.030,-0.030,0.000
-0.075,-0.046,0.029,0.060,-0.052,-0.008,-0.010,-0.105,-0.065,-0.030,-0.030,0.000
-0.080,-0.043,0.037,0.062,-0.059,-0.003,-0.010,-0.105,-0.065,-0.030,-0.030,0.000
-0.100,-0.040,0.061,0.069,-0.081,0.010,-0.010,-0.105,-0.065,-0.030,-0.030,-0.001
-0.115,-0.040,0.075,0.077,-0.095,0.017,-0.010,-0.105,-0.065,-0.030,-0.030,-0.005
-0.111,-0.040,0.071,0.076,-0.091,0.016,-0.010,-0.105,-0.065,-0.030,-0.030,-0.005
-0.110,-0.040,0.070,0.075,-0.090,0.015,-0.010,-0.104,-0.065,-0.030,-0.030,-0.005
-0.108,-0.040,0.068,0.074,-0.088,0.014,-0.010,-0.107,-0.065,-0.030,-0.030,-0.005
-0.104,-0.040,0.064,0.072,-0.084,0.012,-0.010,-0.110,-0.064,-0.030,-0.030,-0.005
-0.105,-0.040,0.065,0.072,-0.085,0.012,-0.010,-0.110,-0.060,-0.030,-0.030,-0.005
-0.106,-0.040,0.065,0.072,-0.086,0.012,-0.010,-0.110,-0.060,-0.030,-0.030,-0.005
-0.101,-0.039,0.062,0.070,-0.082,0.011,-0.010,-0.110,-0.060,-0.030,-0.031,-0.005
-0.101,-0.042,0.059,0.072,-0.080,0.009,-0.010,-0.110,-0.060,-0.030,-0.028,-0.005
-0.106,-0.045,0.060,0.076,-0.082,0.007,-0.010,-0.110,-0.060,-0.030,-0.025,-0.005
-0.105,-0.045,0.060,0.075,-0.082,0.007,-0.010,-0.110,-0.060,-0.030,-0.025,-0.005
-0.101,-0.045,0.056,0.072,-0.078,0.005,-0.010,-0.110,-0.060,-0.030,-0.025,-0.005
-0.099,-0.045,0.054,0.072,-0.076,0.005,-0.010,-0.110,-0.060,-0.030,-0.025,-0.004
-0.101,-0.045,0.056,0.072,-0.078,0.005,-0.010,-0.110,-0.060,-0.030,-0.025,-0.007
-0.099,-0.045,0.054,0.072,-0.076,0.004,-0.010,-0.111,-0.061,-0.030,-0.025,-0.010
-0.095,-0.045,0.050,0.070,-0.072,0.002,-0.010,-0.115,-0.065,-0.030,-0.025,-0.010
-0.095,-0.045,0.050,0.070,-0.072,0.002,-0.010,-0.115,-0.065,-0.030,-0.025,-0.010
-0.092,-0.045,0.047,0.068,-0.069,0.001,-0.013,-0.115,-0.068,-0.033,-0.025,-0.010
-0.089,-0.045,0.044,0.067,-0.066,0.000,-0.016,-0.115,-0.070,-0.036,-0.025,-0.010
-0.090,-0.045,0.045,0.067,-0.067,0.000,-0.015,-0.115,-0.071,-0.035,-0.025,-0.010
-0.090,-0.045,0.045,0.067,-0.067,0.000,-0.015,-0.115,-0.075,-0.035,-0.025,-0.010
-0.090,-0.050,0.041,0.070,-0.066,-0.004,-0.019,-0.115,-0.075,-0.035,-0.025,-0.010
-0.087,-0.047,0.039,0.067,-0.063,-0.004,-0.020,-0.115,-0.078,-0.035,-0.028,-0.010
-0.085,-0.044,0.041,0.065,-0.062,-0.001,-0.020,-0.115,-0.081,-0.035,-0.031,-0.010
-0.084,-0.045,0.039,0.065,-0.061,-0.003,-0.020,-0.115,-0.080,-0.035,-0.030,-0.010
-0.080,-0.045,0.035,0.062,-0.057,-0.005,-0.020,-0.115,-0.080,-0.035,-0.030,-0.010
-0.079,-0.045,0.035,0.062,-0.056,-0.005,-0.024,-0.119,-0.080,-0.039,-0.030,-0.010
-0.081,-0.045,0.036,0.063,-0.058,-0.004,-0.025,-0.121,-0.080,-0.040,-0.030,-0.013
-0.076,-0.045,0.031,0.060,-0.053,-0.007,-0.025,-0.119,-0.080,-0.040,-0.030,-0.016
-0.079,-0.045,0.034,0.062,-0.056,-0.005,-0.025,-0.121,-0.080,-0.040,-0.031,-0.015
-0.100,-0.045,0.055,0.072,-0.077,0.005,-0.025,-0.125,-0.080,-0.040,-0.035,-0.015
-0.093,-0.041,0.052,0.067,-0.072,0.006,-0.029,-0.125,-0.084,-0.040,-0.035,-0.015
-0.089,-0.040,0.049,0.064,-0.069,0.005,-0.031,-0.124,-0.085,-0.040,-0.035,-0.015
-0.090,-0.040,0.050,0.065,-0.070,0.005,-0.029,-0.127,-0.085,-0.040,-0.035,-0.015
-0.090,-0.040,0.050,0.065,-0.070,0.005,-0.031,-0.130,-0.085,-0.041,-0.035,-0.015
-0.090,-0.040,0.050,0.065,-0.070,0.005,-0.035,-0.130,-0.085,-0.045,-0.035,-0.015
-0.086,-0.040,0.046,0.063,-0.066,0.002,-0.035,-0.130,-0.085,-0.045,-0.035,-0.015
-0.084,-0.040,0.045,0.062,-0.065,0.002,-0.035,-0.129,-0.085,-0.045,-0.038,-0.015
-0.085,-0.040,0.045,0.062,-0.065,0.002,-0.035,-0.132,-0.085,-0.045,-0.041,-0.015
-0.084,-0.039,0.045,0.061,-0.065,0.003,-0.036,-0.135,-0.086,-0.045,-0.040,-0.015
-0.080,-0.035,0.045,0.057,-0.062,0.005,-0.040,-0.135,-0.090,-0.045,-0.040,-0.015
-0.076,-0.035,0.041,0.055,-0.058,0.003,-0.040,-0.135,-0.090,-0.045,-0.040,-0.019
-0.075,-0.035,0.040,0.055,-0.057,0.002,-0.040,-0.135,-0.090,-0.045,-0.040,-0.020
-0.075,-0.035,0.040,0.055,-0.057,0.002,-0.040,-0.135,-0.090,-0.045,-0.040,-0.020
-0.075,-0.035,0.040,0.055,-0.057,0.002,-0.041,-0.136,-0.090,-0.045,-0.041,-0.020
-0.075,-0.035,0.040,0.055,-0.057,0.002,-0.045,-0.140,-0.090,-0.045,-0.045,-0.020
-0.075,-0.035,0.040,0.055,-0.057,0.002,-0.045,-0.140,-0.090,-0.045,-0.045,-0.020
-0.072,-0.035,0.037,0.053,-0.054,0.001,-0.045,-0.140,-0.090,-0.045,-0.045,-0.020
-0.070,-0.035,0.034,0.052,-0.052,0.000,-0.045,-0.140,-0.090,-0.045,-0.045,-0.020
-0.069,-0.034,0.035,0.051,-0.052,0.000,-0.045,-0.140,-0.091,-0.045,-0.045,-0.020
-0.065,-0.030,0.035,0.047,-0.050,0.002,-0.045,-0.140,-0.095,-0.045,-0.045,-0.020
-0.065,-0.030,0.035,0.047,-0.050,0.002,-0.045,-0.136,-0.095,-0.045,-0.045,-0.020
-0.062,-0.030,0.032,0.046,-0.047,0.001,-0.045,-0.135,-0.095,-0.045,-0.045,-0.020
-0.059,-0.030,0.029,0.045,-0.044,0.000,-0.045,-0.135,-0.095,-0.045,-0.045,-0.020
-0.060,-0.030,0.030,0.045,-0.045,0.000,-0.045,-0.135,-0.095,-0.045,-0.045,-0.019
-0.060,-0.030,0.030,0.045,-0.045,0.000,-0.045,-0.135,-0.095,-0.045,-0.045,-0.015
-0.060,-0.030,0.030,0.045,-0.045,0.000,-0.045,-0.135,-0.095,-0.045,-0.045,-0.015
-0.061,-0.031,0.030,0.046,-0.046,0.000,-0.045,-0.132,-0.095,-0.045,-0.045,-0.015
-0.057,-0.028,0.029,0.043,-0.043,0.001,-0.045,-0.129,-0.095,-0.045,-0.045,-0.015
-0.065,-0.025,0.041,0.044,-0.052,0.008,-0.045,-0.130,-0.095,-0.045,-0.045,-0.015
-0.090,-0.025,0.065,0.057,-0.077,0.020,-0.045,-0.130,-0.095,-0.045,-0.045,-0.015
-0.087,-0.025,0.062,0.056,-0.074,0.018,-0.045,-0.130,-0.095,-0.045,-0.045,-0.015
-0.084,-0.025,0.059,0.054,-0.071,0.016,-0.045,-0.129,-0.094,-0.045,-0.045,-0.015
-0.086,-0.025,0.061,0.055,-0.073,0.017,-0.045,-0.133,-0.097,-0.045,-0.045,-0.015
-0.084,-0.025,0.059,0.054,-0.071,0.017,-0.045,-0.142,-0.100,-0.045,-0.045,-0.015
-0.080,-0.025,0.055,0.052,-0.067,0.015,-0.045,-0.145,-0.100,-0.045,-0.045,-0.015
-0.080,-0.025,0.055,0.052,-0.067,0.015,-0.045,-0.149,-0.100,-0.045,-0.045,-0.015
-0.082,-0.026,0.056,0.053,-0.068,0.014,-0.045,-0.153,-0.100,-0.048,-0.045,-0.016
-0.091,-0.038,0.053,0.064,-0.072,0.007,-0.045,-0.155,-0.100,-0.050,-0.045,-0.013
-0.102,-0.052,0.050,0.077,-0.076,-0.001,-0.045,-0.155,-0.100,-0.051,-0.045,-0.010
-0.105,-0.055,0.050,0.080,-0.077,-0.002,-0.045,-0.155,-0.100,-0.055,-0.045,-0.010
-0.105,-0.055,0.050,0.080,-0.077,-0.002,-0.045,-0.155,-0.100,-0.055,-0.045,-0.010
-0.102,-0.055,0.047,0.078,-0.074,-0.004,-0.045,-0.155,-0.100,-0.055,-0.048,-0.010
-0.099,-0.055,0.044,0.077,-0.071,-0.005,-0.045,-0.155,-0.100,-0.055,-0.051,-0.010
-0.100,-0.055,0.045,0.077,-0.072,-0.005,-0.045,-0.156,-0.100,-0.055,-0.050,-0.010
-0.100,-0.055,0.045,0.077,-0.072,-0.005,-0.045,-0.160,-0.100,-0.055,-0.050,-0.010
-0.096,-0.055,0.041,0.075,-0.068,-0.007,-0.045,-0.160,-0.100,-0.055,-0.050,-0.010
-0.094,-0.055,0.039,0.075,-0.066,-0.007,-0.045,-0.160,-0.097,-0.054,-0.050,-0.010
-0.096,-0.055,0.041,0.075,-0.068,-0.007,-0.045,-0.160,-0.094,-0.057,-0.050,-0.010
-0.094,-0.055,0.039,0.074,-0.066,-0.008,-0.045,-0.160,-0.095,-0.060,-0.050,-0.010
-0.090,-0.055,0.035,0.072,-0.062,-0.010,-0.045,-0.160,-0.095,-0.060,-0.050,-0.010
-0.090,-0.055,0.035,0.072,-0.062,-0.010,-0.045,-0.160,-0.095,-0.060,-0.050,-0.010
-0.091,-0.055,0.036,0.072,-0.063,-0.010,-0.045,-0.160,-0.095,-0.060,-0.050,-0.013
-0.088,-0.055,0.033,0.071,-0.060,-0.011,-0.045,-0.160,-0.095,-0.060,-0.050,-0.016
-0.085,-0.055,0.030,0.070,-0.057,-0.012,-0.045,-0.160,-0.095,-0.060,-0.050,-0.015
-0.085,-0.055,0.030,0.070,-0.057,-0.012,-0.045,-0.160,-0.095,-0.060,-0.050,-0.015
-0.085,-0.055,0.030,0.070,-0.057,-0.012,-0.045,-0.160,-0.095,-0.060,-0.054,-0.015
-0.085,-0.055,0.031,0.070,-0.058,-0.012,-0.045,-0.157,-0.095,-0.057,-0.055,-0.015
-0.083,-0.055,0.028,0.069,-0.055,-0.013,-0.045,-0.154,-0.095,-0.054,-0.055,-0.015
-0.080,-0.055,0.025,0.067,-0.052,-0.015,-0.045,-0.155,-0.095,-0.055,-0.055,-0.016
-0.080,-0.055,0.025,0.067,-0.052,-0.015,-0.045,-0.155,-0.095,-0.055,-0.055,-0.020
-0.080,-0.055,0.025,0.067,-0.052,-0.015,-0.045,-0.155,-0.095,-0.055,-0.055,-0.020
-0.077,-0.052,0.025,0.064,-0.051,-0.013,-0.045,-0.155,-0.095,-0.055,-0.055,-0.020
-0.074,-0.049,0.025,0.061,-0.050,-0.012,-0.045,-0.155,-0.095,-0.055,-0.055,-0.020
-0.075,-0.050,0.025,0.062,-0.050,-0.012,-0.045,-0.155,-0.095,-0.055,-0.055,-0.020
-0.075,-0.050,0.025,0.062,-0.050,-0.012,-0.045,-0.155,-0.095,-0.055,-0.055,-0.020
-0.075,-0.050,0.025,0.062,-0.050,-0.012,-0.045,-0.155,-0.095,-0.055,-0.055,-0.020
-0.076,-0.051,0.025,0.063,-0.050,-0.012,-0.045,-0.155,-0.095,-0.055,-0.055,-0.023
-0.073,-0.048,0.025,0.060,-0.049,-0.011,-0.045,-0.155,-0.095,-0.055,-0.055,-0.026
-0.070,-0.045,0.025,0.057,-0.047,-0.010,-0.044,-0.155,-0.095,-0.055,-0.054,-0.025
-0.070,-0.045,0.025,0.057,-0.047,-0.010,-0.040,-0.155,-0.095,-0.055,-0.050,-0.025
-0.070,-0.045,0.025,0.057,-0.047,-0.010,-0.040,-0.151,-0.095,-0.055,-0.050,-0.025
-0.070,-0.045,0.025,0.057,-0.047,-0.010,-0.040,-0.150,-0.095,-0.055,-0.050,-0.025
-0.070,-0.045,0.025,0.057,-0.047,-0.010,-0.040,-0.150,-0.095,-0.055,-0.050,-0.025
-0.070,-0.045,0.025,0.057,-0.047,-0.010,-0.039,-0.150,-0.094,-0.055,-0.050,-0.024
-0.070,-0.045,0.025,0.057,-0.047,-0.010,-0.035,-0.150,-0.090,-0.055,-0.050,-0.020
-0.066,-0.041,0.025,0.053,-0.045,-0.007,-0.035,-0.150,-0.090,-0.055,-0.050,-0.020
-0.065,-0.040,0.025,0.052,-0.045,-0.007,-0.035,-0.150,-0.090,-0.055,-0.051,-0.020
-0.065,-0.040,0.025,0.052,-0.045,-0.007,-0.035,-0.150,-0.090,-0.055,-0.048,-0.020
-0.065,-0.040,0.025,0.052,-0.045,-0.007,-0.034,-0.150,-0.090,-0.055,-0.045,-0.020
-0.065,-0.040,0.025,0.052,-0.045,-0.007,-0.030,-0.150,-0.090,-0.055,-0.045,-0.020
-0.065,-0.040,0.025,0.052,-0.045,-0.007,-0.030,-0.150,-0.090,-0.055,-0.045,-0.016
-0.062,-0.037,0.025,0.049,-0.043,-0.006,-0.030,-0.150,-0.090,-0.055,-0.045,-0.015
-0.059,-0.034,0.025,0.046,-0.042,-0.005,-0.030,-0.150,-0.090,-0.055,-0.045,-0.015
-0.060,-0.035,0.025,0.047,-0.042,-0.005,-0.030,-0.149,-0.090,-0.055,-0.045,-0.015
-0.060,-0.035,0.025,0.047,-0.042,-0.005,-0.030,-0.145,-0.090,-0.055,-0.045,-0.015
-0.056,-0.035,0.021,0.045,-0.038,-0.007,-0.026,-0.145,-0.090,-0.055,-0.045,-0.015
-0.055,-0.035,0.020,0.045,-0.037,-0.007,-0.025,-0.145,-0.091,-0.055,-0.042,-0.016
-0.055,-0.035,0.020,0.045,-0.037,-0.007,-0.025,-0.145,-0.088,-0.055,-0.039,-0.013
-0.056,-0.036,0.020,0.046,-0.037,-0.008,-0.025,-0.145,-0.085,-0.055,-0.040,-0.010
-0.060,-0.040,0.020,0.050,-0.040,-0.010,-0.025,-0.145,-0.085,-0.055,-0.040,-0.010
-0.060,-0.040,0.020,0.050,-0.040,-0.010,-0.021,-0.145,-0.085,-0.055,-0.040,-0.010
-0.061,-0.040,0.021,0.050,-0.041,-0.010,-0.020,-0.145,-0.085,-0.055,-0.040,-0.010
-0.058,-0.040,0.018,0.048,-0.038,-0.011,-0.020,-0.145,-0.085,-0.055,-0.040,-0.010
-0.055,-0.041,0.015,0.048,-0.035,-0.013,-0.020,-0.145,-0.085,-0.055,-0.040,-0.009
-0.060,-0.045,0.015,0.052,-0.037,-0.015,-0.020,-0.145,-0.085,-0.055,-0.040,-0.005
-0.060,-0.045,0.015,0.052,-0.037,-0.015,-0.020,-0.141,-0.085,-0.055,-0.040,-0.005
-0.060,-0.045,0.015,0.052,-0.037,-0.015,-0.023,-0.140,-0.085,-0.055,-0.037,-0.005
-0.060,-0.045,0.015,0.052,-0.037,-0.015,-0.025,-0.140,-0.085,-0.055,-0.035,-0.005
-0.060,-0.045,0.015,0.052,-0.037,-0.015,-0.026,-0.140,-0.085,-0.055,-0.034,-0.005
-0.060,-0.045,0.015,0.052,-0.037,-0.015,-0.030,-0.140,-0.085,-0.055,-0.030,-0.005
-0.060,-0.049,0.011,0.055,-0.035,-0.019,-0.031,-0.140,-0.085,-0.055,-0.030,-0.005
-0.060,-0.050,0.010,0.055,-0.035,-0.020,-0.027,-0.140,-0.082,-0.055,-0.031,-0.002
-0.060,-0.050,0.010,0.055,-0.035,-0.020,-0.023,-0.140,-0.078,-0.055,-0.028,0.001
-0.060,-0.050,0.010,0.055,-0.035,-0.020,-0.019,-0.140,-0.074,-0.055,-0.025,0.000
-0.060,-0.050,0.010,0.055,-0.035,-0.020,-0.015,-0.140,-0.070,-0.055,-0.025,0.000
-0.062,-0.052,0.010,0.057,-0.036,-0.021,-0.011,-0.141,-0.066,-0.056,-0.021,0.004
-0.045,-0.037,0.008,0.041,-0.026,-0.014,-0.006,-0.132,-0.061,-0.050,-0.019,0.006
-0.032,-0.015,0.017,0.023,-0.024,0.001,-0.005,-0.120,-0.060,-0.040,-0.021,0.004
-0.037,-0.003,0.034,0.020,-0.035,0.015,-0.004,-0.113,-0.059,-0.034,-0.019,0.006
-0.045,0.000,0.045,0.022,-0.045,0.022,0.005,-0.105,-0.055,-0.030,-0.015,0.010
-0.053,0.004,0.057,0.024,-0.055,0.030,0.009,-0.097,-0.050,-0.022,-0.015,0.010
-0.063,0.008,0.071,0.027,-0.067,0.039,0.016,-0.089,-0.050,-0.013,-0.012,0.009
-0.062,0.012,0.074,0.025,-0.068,0.042,0.022,-0.081,-0.048,-0.008,-0.010,0.012
-0.053,0.016,0.070,0.019,-0.062,0.042,0.027,-0.074,-0.045,-0.004,-0.009,0.015
-0.050,0.020,0.070,0.015,-0.060,0.045,0.035,-0.070,-0.045,0.000,-0.005,0.015
-0.044,0.022,0.066,0.011,-0.055,0.044,0.039,-0.070,-0.041,0.000,-0.005,0.015
-0.021,0.044,0.065,-0.012,-0.044,0.055,0.046,-0.071,-0.036,0.000,-0.002,0.018
-0.007,0.056,0.063,-0.025,-0.035,0.060,0.053,-0.068,-0.035,0.000,0.000,0.021
-0.011,0.049,0.060,-0.019,-0.035,0.054,0.056,-0.064,-0.034,0.000,0.001,0.020
-0.010,0.050,0.060,-0.020,-0.035,0.055,0.060,-0.065,-0.030,0.000,0.005,0.020
-0.005,0.051,0.056,-0.023,-0.030,0.053,0.064,-0.066,-0.029,0.000,0.005,0.024
-0.009,0.047,0.055,-0.020,-0.032,0.051,0.065,-0.059,-0.033,-0.001,0.008,0.026
-0.008,0.045,0.053,-0.019,-0.031,0.049,0.065,-0.052,-0.036,0.002,0.012,0.024
-0.006,0.044,0.050,-0.019,-0.028,0.046,0.065,-0.049,-0.035,0.005,0.016,0.026
-0.005,0.045,0.050,-0.020,-0.028,0.047,0.065,-0.045,-0.035,0.005,0.020,0.035
0.029,0.075,0.046,-0.053,-0.008,0.060,0.065,-0.037,-0.035,0.005,0.024,0.042
0.032,0.077,0.045,-0.055,-0.006,0.061,0.066,-0.032,-0.034,0.005,0.028,0.055
0.023,0.066,0.043,-0.045,-0.010,0.054,0.060,-0.027,-0.037,0.005,0.031,0.059
0.024,0.065,0.040,-0.044,-0.008,0.052,0.047,-0.027,-0.040,0.005,0.029,0.054
0.020,0.060,0.040,-0.040,-0.010,0.050,0.035,-0.045,-0.040,0.005,0.025,0.055
0.024,0.052,0.028,-0.038,-0.002,0.040,0.022,-0.066,-0.040,0.005,0.021,0.051
0.028,0.046,0.019,-0.038,0.004,0.032,0.015,-0.077,-0.040,0.002,0.017,0.050
0.034,0.044,0.009,-0.039,0.012,0.026,0.002,-0.084,-0.040,-0.002,0.013,0.048
0.040,0.038,-0.002,-0.039,0.021,0.018,-0.021,-0.092,-0.039,-0.006,0.010,0.045
0.040,0.030,-0.010,-0.035,0.025,0.010,-0.040,-0.100,-0.040,-0.010,0.010,0.045
0.048,0.026,-0.022,-0.037,0.035,0.002,-0.051,-0.107,-0.056,-0.010,0.006,0.041
0.052,0.019,-0.033,-0.035,0.042,-0.007,-0.069,-0.122,-0.064,-0.012,0.002,0.040
0.047,0.013,-0.034,-0.030,0.040,-0.011,-0.075,-0.134,-0.066,-0.018,-0.002,0.038
0.037,0.008,-0.029,-0.023,0.033,-0.010,-0.069,-0.134,-0.071,-0.020,-0.006,0.035
0.025,0.000,-0.025,-0.012,0.025,-0.012,-0.070,-0.135,-0.075,-0.020,-0.010,0.035
0.017,-0.004,-0.021,-0.006,0.019,-0.012,-0.070,-0.152,-0.075,-0.024,-0.010,0.031
0.009,-0.011,-0.020,0.001,0.015,-0.015,-0.070,-0.157,-0.078,-0.029,-0.013,0.030
0.002,-0.017,-0.019,0.008,0.010,-0.017,-0.070,-0.154,-0.080,-0.030,-0.017,0.028
-0.008,-0.022,-0.014,0.015,0.003,-0.017,-0.070,-0.155,-0.082,-0.032,-0.021,0.025
-0.020,-0.030,-0.010,0.025,-0.005,-0.020,-0.070,-0.155,-0.090,-0.040,-0.025,0.025
-0.024,-0.034,-0.010,0.029,-0.006,-0.022,-0.070,-0.153,-0.093,-0.043,-0.029,0.021
-0.033,-0.041,-0.008,0.037,-0.012,-0.024,-0.067,-0.167,-0.107,-0.057,-0.030,0.017
-0.045,-0.048,-0.002,0.047,-0.021,-0.025,-0.064,-0.179,-0.119,-0.069,-0.031,0.013
-0.050,-0.050,0.000,0.050,-0.025,-0.025,-0.065,-0.180,-0.120,-0.070,-0.036,0.009
-0.050,-0.050,0.000,0.050,-0.025,-0.025,-0.065,-0.180,-0.120,-0.070,-0.040,0.005
-0.053,-0.050,0.004,0.051,-0.029,-0.023,-0.065,-0.180,-0.120,-0.070,-0.044,0.001
-0.061,-0.053,0.008,0.057,-0.034,-0.022,-0.065,-0.180,-0.123,-0.073,-0.049,-0.003
-0.069,-0.057,0.012,0.063,-0.040,-0.022,-0.065,-0.180,-0.126,-0.076,-0.050,-0.007
-0.077,-0.061,0.016,0.069,-0.046,-0.022,-0.065,-0.181,-0.125,-0.075,-0.051,-0.010
-0.085,-0.065,0.020,0.075,-0.052,-0.022,-0.065,-0.185,-0.125,-0.075,-0.055,-0.010
-0.093,-0.069,0.024,0.081,-0.059,-0.022,-0.061,-0.185,-0.129,-0.079,-0.059,-0.010
-0.099,-0.073,0.026,0.085,-0.062,-0.023,-0.060,-0.185,-0.131,-0.083,-0.064,-0.009
-0.100,-0.077,0.023,0.089,-0.061,-0.027,-0.060,-0.185,-0.129,-0.087,-0.065,-0.012
-0.100,-0.080,0.020,0.090,-0.060,-0.030,-0.060,-0.185,-0.131,-0.090,-0.066,-0.015
-0.100,-0.080,0.020,0.090,-0.060,-0.030,-0.060,-0.185,-0.135,-0.090,-0.070,-0.015
-0.105,-0.085,0.020,0.095,-0.062,-0.032,-0.060,-0.181,-0.135,-0.090,-0.070,-0.015
-0.102,-0.082,0.020,0.092,-0.061,-0.031,-0.060,-0.180,-0.135,-0.090,-0.070,-0.014
-0.099,-0.079,0.020,0.089,-0.060,-0.030,-0.060,-0.180,-0.133,-0.090,-0.070,-0.017
-0.100,-0.080,0.020,0.090,-0.060,-0.030,-0.060,-0.180,-0.130,-0.090,-0.069,-0.020
-0.100,-0.080,0.020,0.090,-0.060,-0.030,-0.060,-0.180,-0.130,-0.090,-0.065,-0.020
-0.096,-0.076,0.020,0.086,-0.058,-0.027,-0.056,-0.180,-0.130,-0.090,-0.065,-0.020
-0.092,-0.075,0.017,0.083,-0.054,-0.029,-0.054,-0.180,-0.130,-0.090,-0.065,-0.020
-0.089,-0.075,0.014,0.082,-0.052,-0.030,-0.056,-0.180,-0.130,-0.090,-0.065,-0.020
-0.090,-0.075,0.015,0.082,-0.052,-0.030,-0.054,-0.179,-0.130,-0.090,-0.065,-0.021
-0.090,-0.075,0.015,0.082,-0.052,-0.030,-0.050,-0.175,-0.130,-0.090,-0.065,-0.025
-0.086,-0.071,0.015,0.078,-0.050,-0.028,-0.050,-0.175,-0.130,-0.090,-0.065,-0.025
-0.085,-0.070,0.015,0.077,-0.050,-0.027,-0.050,-0.175,-0.127,-0.090,-0.065,-0.025
-0.085,-0.070,0.015,0.077,-0.050,-0.027,-0.050,-0.175,-0.124,-0.090,-0.065,-0.025
-0.085,-0.070,0.015,0.077,-0.050,-0.027,-0.049,-0.175,-0.125,-0.090,-0.065,-0.026
-0.085,-0.070,0.015,0.077,-0.050,-0.027,-0.045,-0.175,-0.125,-0.090,-0.065,-0.030
-0.077,-0.066,0.011,0.071,-0.043,-0.027,-0.045,-0.175,-0.125,-0.090,-0.065,-0.030
-0.074,-0.064,0.010,0.069,-0.041,-0.027,-0.045,-0.176,-0.125,-0.090,-0.065,-0.030
-0.076,-0.066,0.010,0.071,-0.042,-0.027,-0.045,-0.173,-0.125,-0.090,-0.065,-0.030
-0.074,-0.064,0.010,0.069,-0.042,-0.027,-0.044,-0.170,-0.125,-0.090,-0.065,-0.030
-0.070,-0.060,0.010,0.065,-0.040,-0.025,-0.040,-0.170,-0.125,-0.090,-0.065,-0.030
-0.070,-0.060,0.010,0.065,-0.040,-0.025,-0.040,-0.170,-0.121,-0.090,-0.065,-0.026
-0.070,-0.060,0.010,0.065,-0.040,-0.025,-0.041,-0.170,-0.120,-0.090,-0.065,-0.024
-0.070,-0.060,0.010,0.065,-0.040,-0.025,-0.038,-0.170,-0.120,-0.090,-0.065,-0.026
-0.069,-0.059,0.010,0.064,-0.039,-0.025,-0.035,-0.170,-0.120,-0.090,-0.065,-0.024
-0.065,-0.055,0.010,0.060,-0.037,-0.022,-0.035,-0.170,-0.120,-0.090,-0.065,-0.020
-0.069,-0.055,0.014,0.061,-0.041,-0.020,-0.035,-0.170,-0.120,-0.086,-0.065,-0.020
-0.073,-0.055,0.018,0.064,-0.045,-0.018,-0.036,-0.171,-0.120,-0.085,-0.065,-0.021
-0.076,-0.055,0.022,0.065,-0.049,-0.016,-0.033,-0.168,-0.120,-0.085,-0.065,-0.018
-0.082,-0.056,0.026,0.069,-0.054,-0.015,-0.030,-0.165,-0.120,-0.085,-0.065,-0.015
-0.090,-0.060,0.030,0.075,-0.060,-0.015,-0.030,-0.165,-0.120,-0.085,-0.065,-0.015
-0.087,-0.061,0.026,0.073,-0.056,-0.017,-0.030,-0.161,-0.116,-0.081,-0.065,-0.015
-0.082,-0.057,0.024,0.069,-0.053,-0.016,-0.031,-0.160,-0.115,-0.080,-0.062,-0.012
-0.078,-0.052,0.026,0.065,-0.051,-0.013,-0.028,-0.158,-0.115,-0.080,-0.059,-0.009
-0.074,-0.050,0.024,0.062,-0.049,-0.012,-0.025,-0.155,-0.115,-0.080,-0.060,-0.010
-0.070,-0.050,0.020,0.060,-0.045,-0.015,-0.025,-0.155,-0.115,-0.080,-0.060,-0.010
-0.066,-0.046,0.020,0.056,-0.042,-0.013,-0.021,-0.151,-0.115,-0.080,-0.056,-0.006
-0.065,-0.045,0.020,0.055,-0.042,-0.012,-0.020,-0.150,-0.112,-0.077,-0.054,-0.004
-0.065,-0.044,0.021,0.054,-0.043,-0.011,-0.018,-0.148,-0.109,-0.074,-0.056,-0.006
-0.065,-0.039,0.026,0.051,-0.046,-0.006,-0.015,-0.145,-0.110,-0.075,-0.054,-0.004
-0.065,-0.035,0.030,0.050,-0.047,-0.002,-0.015,-0.145,-0.110,-0.075,-0.050,0.000
-0.067,-0.035,0.032,0.051,-0.049,-0.002,-0.003,-0.141,-0.110,-0.075,-0.050,0.000
-0.087,-0.031,0.056,0.059,-0.071,0.012,0.007,-0.140,-0.112,-0.077,-0.050,-0.001
-0.110,-0.031,0.079,0.071,-0.094,0.024,0.013,-0.137,-0.104,-0.069,-0.050,0.002
-0.123,-0.027,0.096,0.075,-0.109,0.035,0.023,-0.136,-0.086,-0.051,-0.049,0.005
-0.130,-0.005,0.125,0.067,-0.127,0.060,0.035,-0.135,-0.070,-0.035,-0.045,0.005
-0.125,0.016,0.141,0.054,-0.133,0.078,0.043,-0.092,-0.053,-0.018,-0.043,0.005
-0.128,0.032,0.160,0.048,-0.144,0.095,0.050,-0.049,-0.045,-0.009,-0.021,0.002
-0.111,0.049,0.160,0.031,-0.136,0.104,0.064,0.007,-0.011,0.019,0.009,0.015
-0.070,0.071,0.141,-0.001,-0.106,0.106,0.094,0.103,0.058,0.066,0.038,0.041
-0.040,0.090,0.130,-0.025,-0.085,0.110,0.140,0.235,0.135,0.110,0.075,0.065
-0.030,0.087,0.117,-0.029,-0.074,0.102,0.194,0.354,0.219,0.163,0.117,0.090
-0.027,0.084,0.111,-0.029,-0.070,0.097,0.226,0.374,0.266,0.203,0.143,0.104
0.011,0.086,0.075,-0.048,-0.033,0.080,0.212,0.364,0.311,0.240,0.172,0.119
0.075,0.084,0.009,-0.080,0.032,0.047,0.178,0.352,0.377,0.296,0.216,0.148
0.135,0.085,-0.050,-0.110,0.092,0.017,0.145,0.305,0.435,0.365,0.260,0.185
0.215,0.103,-0.112,-0.158,0.164,-0.004,0.061,0.275,0.475,0.421,0.305,0.223
0.291,0.139,-0.152,-0.215,0.221,-0.006,-0.089,0.142,0.519,0.484,0.377,0.282
0.391,0.198,-0.193,-0.294,0.291,0.003,-0.288,-0.064,0.558,0.556,0.462,0.360
0.497,0.275,-0.223,-0.386,0.359,0.025,-0.467,-0.226,0.606,0.637,0.555,0.448
0.575,0.355,-0.220,-0.465,0.397,0.067,-0.600,-0.335,0.680,0.735,0.665,0.545
0.688,0.447,-0.241,-0.567,0.464,0.103,-0.787,-0.503,0.753,0.849,0.780,0.646
0.817,0.568,-0.249,-0.692,0.533,0.159,-0.996,-0.606,0.887,1.006,0.934,0.772
0.924,0.615,-0.309,-0.769,0.616,0.153,-1.138,-0.620,1.000,1.115,1.037,0.852
1.022,0.528,-0.494,-0.775,0.758,0.017,-1.230,-0.617,0.997,1.109,1.039,0.850
1.130,0.380,-0.750,-0.755,0.940,-0.185,-1.345,-0.660,0.865,1.005,0.980,0.820
1.186,0.273,-0.914,-0.729,1.049,-0.320,-1.443,-0.769,0.636,0.834,0.882,0.792
1.179,0.219,-0.960,-0.699,1.070,-0.371,-1.488,-0.887,0.442,0.708,0.815,0.766
1.134,0.179,-0.956,-0.656,1.045,-0.389,-1.479,-0.972,0.290,0.607,0.760,0.745
1.020,0.135,-0.885,-0.577,0.952,-0.375,-1.412,-1.028,0.163,0.518,0.712,0.715
0.840,0.100,-0.740,-0.470,0.790,-0.320,-1.305,-1.080,0.055,0.450,0.675,0.670
0.736,0.066,-0.670,-0.400,0.702,-0.302,-1.229,-1.151,-0.109,0.315,0.572,0.630
0.608,0.016,-0.592,-0.312,0.600,-0.288,-1.175,-1.321,-0.322,0.156,0.445,0.552
0.472,-0.046,-0.519,-0.213,0.496,-0.282,-1.108,-1.386,-0.478,0.026,0.331,0.463
0.381,-0.093,-0.474,-0.143,0.428,-0.284,-1.023,-1.324,-0.540,-0.057,0.239,0.394
0.320,-0.105,-0.425,-0.107,0.373,-0.265,-0.930,-1.290,-0.555,-0.110,0.170,0.330
0.269,-0.097,-0.366,-0.086,0.318,-0.231,-0.816,-1.176,-0.532,-0.148,0.118,0.269
0.211,-0.091,-0.302,-0.059,0.257,-0.196,-0.693,-1.030,-0.509,-0.171,0.066,0.221
0.166,-0.088,-0.254,-0.039,0.210,-0.171,-0.584,-0.893,-0.472,-0.173,0.032,0.179
0.138,-0.084,-0.222,-0.027,0.180,-0.153,-0.493,-0.762,-0.416,-0.162,0.015,0.142
0.110,-0.080,-0.190,-0.015,0.150,-0.135,-0.415,-0.645,-0.370,-0.155,-0.005,0.115
0.089,-0.076,-0.165,-0.007,0.128,-0.120,-0.361,-0.567,-0.341,-0.151,-0.014,0.090
0.071,-0.072,-0.143,0.000,0.108,-0.108,-0.316,-0.496,-0.319,-0.145,-0.021,0.072
0.046,-0.068,-0.113,0.011,0.080,-0.091,-0.243,-0.410,-0.285,-0.135,-0.029,0.059
0.011,-0.065,-0.076,0.027,0.044,-0.070,-0.164,-0.328,-0.238,-0.129,-0.037,0.046
-0.020,-0.065,-0.045,0.043,0.013,-0.055,-0.115,-0.270,-0.200,-0.125,-0.045,0.030
-0.033,-0.065,-0.032,0.049,0.000,-0.048,-0.065,-0.212,-0.183,-0.121,-0.053,0.018
-0.040,-0.062,-0.021,0.051,-0.009,-0.041,-0.038,-0.176,-0.171,-0.120,-0.062,0.008
-0.051,-0.060,-0.009,0.056,-0.021,-0.034,-0.020,-0.154,-0.159,-0.118,-0.066,0.003
-0.063,-0.060,0.003,0.061,-0.033,-0.028,-0.001,-0.128,-0.147,-0.114,-0.065,-0.002
-0.075,-0.060,0.015,0.067,-0.045,-0.022,0.010,-0.100,-0.135,-0.115,-0.065,-0.010
-0.088,-0.060,0.027,0.074,-0.057,-0.017,0.018,-0.074,-0.126,-0.116,-0.065,-0.014
-0.094,-0.057,0.037,0.076,-0.065,-0.010,0.030,-0.063,-0.122,-0.112,-0.065,-0.021
-0.095,-0.054,0.041,0.075,-0.068,-0.006,0.038,-0.056,-0.118,-0.110,-0.065,-0.027
-0.095,-0.055,0.040,0.075,-0.067,-0.007,0.050,-0.048,-0.114,-0.109,-0.065,-0.032
-0.095,-0.055,0.040,0.075,-0.067,-0.007,0.070,-0.040,-0.110,-0.105,-0.065,-0.040
-0.102,-0.055,0.047,0.079,-0.074,-0.004,0.074,-0.032,-0.106,-0.105,-0.074,-0.045
-0.116,-0.052,0.064,0.084,-0.090,0.006,0.087,-0.024,-0.102,-0.106,-0.073,-0.042
-0.119,-0.049,0.070,0.084,-0.095,0.010,0.099,-0.016,-0.098,-0.103,-0.069,-0.039
-0.115,-0.050,0.064,0.082,-0.090,0.006,0.100,-0.008,-0.094,-0.100,-0.070,-0.040
-0.115,-0.050,0.065,0.082,-0.090,0.007,0.100,0.000,-0.090,-0.100,-0.070,-0.040
-0.107,-0.046,0.061,0.076,-0.083,0.007,0.100,0.004,-0.090,-0.096,-0.070,-0.040
-0.104,-0.045,0.059,0.074,-0.081,0.007,0.100,0.007,-0.087,-0.094,-0.070,-0.040
-0.106,-0.045,0.061,0.075,-0.083,0.007,0.100,0.014,-0.085,-0.096,-0.070,-0.040
-0.104,-0.045,0.059,0.075,-0.081,0.007,0.100,0.021,-0.085,-0.094,-0.070,-0.040
-0.100,-0.045,0.055,0.072,-0.077,0.005,0.100,0.025,-0.080,-0.090,-0.070,-0.040
-0.096,-0.041,0.055,0.068,-0.075,0.007,0.104,0.028,-0.075,-0.090,-0.066,-0.040
-0.095,-0.040,0.056,0.067,-0.075,0.007,0.108,0.036,-0.075,-0.091,-0.065,-0.040
-0.093,-0.040,0.053,0.066,-0.073,0.006,0.112,0.042,-0.073,-0.088,-0.065,-0.040
-0.089,-0.040,0.050,0.065,-0.069,0.005,0.115,0.048,-0.070,-0.084,-0.065,-0.040
-0.090,-0.040,0.050,0.065,-0.070,0.005,0.115,0.060,-0.070,-0.080,-0.065,-0.040
-0.095,-0.044,0.051,0.070,-0.072,0.003,0.119,0.064,-0.062,-0.076,-0.065,-0.036
-0.092,-0.045,0.047,0.068,-0.069,0.001,0.120,0.074,-0.056,-0.072,-0.065,-0.035
-0.092,-0.047,0.045,0.069,-0.068,-0.001,0.122,0.085,-0.054,-0.068,-0.065,-0.035
-0.095,-0.050,0.044,0.072,-0.069,-0.003,0.125,0.092,-0.048,-0.065,-0.064,-0.035
-0.090,-0.050,0.040,0.070,-0.065,-0.005,0.125,0.100,-0.040,-0.065,-0.060,-0.035
-0.094,-0.054,0.040,0.074,-0.066,-0.007,0.137,0.104,-0.036,-0.061,-0.060,-0.035
-0.097,-0.056,0.041,0.076,-0.068,-0.007,0.144,0.108,-0.032,-0.060,-0.060,-0.035
-0.091,-0.053,0.038,0.072,-0.064,-0.007,0.145,0.113,-0.028,-0.058,-0.060,-0.035
-0.084,-0.050,0.035,0.067,-0.059,-0.007,0.145,0.124,-0.024,-0.055,-0.060,-0.035
-0.085,-0.050,0.035,0.067,-0.060,-0.007,0.145,0.140,-0.020,-0.055,-0.060,-0.035
-0.081,-0.046,0.036,0.063,-0.058,-0.005,0.145,0.148,-0.016,-0.051,-0.060,-0.035
-0.077,-0.045,0.032,0.061,-0.054,-0.006,0.145,0.156,-0.012,-0.050,-0.060,-0.035
-0.073,-0.043,0.030,0.058,-0.051,-0.006,0.144,0.162,-0.008,-0.048,-0.060,-0.035
-0.069,-0.040,0.030,0.055,-0.050,-0.005,0.146,0.166,-0.005,-0.045,-0.059,-0.034
-0.070,-0.040,0.030,0.055,-0.050,-0.005,0.155,0.170,-0.005,-0.045,-0.055,-0.030
-0.074,-0.036,0.038,0.055,-0.056,0.001,0.159,0.169,-0.001,-0.041,-0.055,-0.030
-0.076,-0.035,0.041,0.056,-0.058,0.002,0.163,0.178,0.003,-0.040,-0.055,-0.031
-0.073,-0.033,0.040,0.053,-0.056,0.003,0.167,0.191,0.007,-0.038,-0.055,-0.028
-0.070,-0.030,0.040,0.050,-0.055,0.005,0.171,0.203,0.011,-0.035,-0.055,-0.025
-0.070,-0.030,0.040,0.050,-0.055,0.005,0.175,0.215,0.015,-0.035,-0.055,-0.025
-0.066,-0.026,0.040,0.046,-0.053,0.006,0.179,0.222,0.020,-0.031,-0.055,-0.025
-0.062,-0.021,0.041,0.042,-0.051,0.009,0.184,0.240,0.019,-0.030,-0.052,-0.022
-0.058,-0.020,0.038,0.039,-0.048,0.009,0.184,0.256,0.024,-0.029,-0.048,-0.019
-0.063,-0.019,0.044,0.041,-0.053,0.012,0.188,0.270,0.040,-0.024,-0.044,-0.020
-0.075,-0.015,0.060,0.045,-0.067,0.022,0.205,0.295,0.055,-0.020,-0.040,-0.020
-0.067,-0.010,0.057,0.038,-0.062,0.023,0.210,0.301,0.056,-0.016,-0.036,-0.016
-0.064,-0.010,0.054,0.037,-0.059,0.021,0.210,0.299,0.052,-0.012,-0.032,-0.014
-0.064,-0.008,0.055,0.035,-0.059,0.023,0.210,0.319,0.064,-0.007,-0.028,-0.016
-0.059,-0.004,0.055,0.031,-0.057,0.025,0.210,0.343,0.083,-0.005,-0.024,-0.014
-0.060,-0.005,0.055,0.032,-0.057,0.025,0.210,0.350,0.085,-0.005,-0.020,-0.010
-0.060,-0.005,0.055,0.032,-0.057,0.025,0.211,0.375,0.085,0.003,-0.016,-0.010
-0.057,-0.002,0.055,0.029,-0.056,0.026,0.206,0.388,0.083,0.009,-0.015,-0.011
-0.054,0.001,0.055,0.026,-0.055,0.027,0.223,0.410,0.094,0.011,-0.014,-0.008
-0.055,0.000,0.055,0.027,-0.055,0.027,0.249,0.440,0.114,0.017,-0.009,-0.005
-0.055,0.000,0.055,0.027,-0.055,0.027,0.250,0.450,0.120,0.025,-0.005,-0.005
-0.051,0.004,0.055,0.023,-0.053,0.030,0.248,0.460,0.126,0.029,-0.006,-0.005
-0.050,0.005,0.055,0.022,-0.053,0.030,0.263,0.486,0.146,0.032,0.001,-0.002
-0.050,0.005,0.055,0.022,-0.053,0.030,0.270,0.511,0.160,0.039,0.008,0.001
-0.050,0.005,0.055,0.022,-0.053,0.030,0.273,0.531,0.168,0.047,0.011,0.000
-0.050,0.005,0.055,0.022,-0.053,0.030,0.295,0.560,0.180,0.050,0.015,0.000
-0.042,0.013,0.055,0.014,-0.049,0.034,0.303,0.587,0.183,0.053,0.019,0.000
-0.033,0.021,0.055,0.006,-0.045,0.038,0.314,0.623,0.200,0.063,0.023,0.003
-0.027,0.029,0.056,-0.001,-0.042,0.042,0.322,0.652,0.215,0.076,0.027,0.008
-0.024,0.037,0.061,-0.006,-0.043,0.049,0.328,0.669,0.223,0.088,0.032,0.010
-0.015,0.045,0.060,-0.015,-0.038,0.052,0.340,0.685,0.240,0.095,0.040,0.010
0.009,0.053,0.044,-0.032,-0.018,0.049,0.344,0.695,0.256,0.098,0.044,0.014
-0.007,0.058,0.065,-0.026,-0.036,0.062,0.354,0.727,0.274,0.109,0.048,0.019
-0.022,0.062,0.084,-0.020,-0.053,0.073,0.363,0.755,0.280,0.117,0.052,0.020
-0.014,0.065,0.079,-0.026,-0.047,0.072,0.374,0.770,0.283,0.122,0.056,0.021
-0.015,0.065,0.080,-0.025,-0.048,0.072,0.395,0.795,0.305,0.135,0.060,0.025
-0.015,0.065,0.080,-0.025,-0.048,0.072,0.401,0.819,0.314,0.144,0.063,0.024
-0.016,0.063,0.079,-0.024,-0.048,0.071,0.398,0.846,0.319,0.147,0.074,0.037
-0.013,0.072,0.084,-0.029,-0.049,0.077,0.407,0.872,0.336,0.156,0.084,0.049
-0.001,0.089,0.090,-0.044,-0.046,0.089,0.424,0.888,0.360,0.167,0.093,0.051
0.015,0.100,0.085,-0.058,-0.035,0.092,0.435,0.900,0.375,0.175,0.105,0.055
0.023,0.105,0.082,-0.065,-0.030,0.094,0.440,0.916,0.387,0.191,0.110,0.059
0.001,0.103,0.101,-0.052,-0.050,0.102,0.439,0.932,0.398,0.202,0.112,0.062
0.004,0.114,0.111,-0.059,-0.054,0.112,0.443,0.949,0.416,0.208,0.119,0.071
0.029,0.133,0.104,-0.081,-0.038,0.118,0.452,0.962,0.432,0.218,0.127,0.082
0.030,0.135,0.105,-0.083,-0.038,0.120,0.455,0.970,0.435,0.230,0.130,0.085
0.037,0.139,0.101,-0.088,-0.032,0.120,0.451,0.992,0.451,0.233,0.133,0.083
0.047,0.145,0.098,-0.096,-0.025,0.121,0.449,0.995,0.460,0.244,0.148,0.097
0.051,0.158,0.106,-0.105,-0.027,0.132,0.451,1.003,0.460,0.252,0.158,0.109
0.058,0.173,0.115,-0.116,-0.029,0.144,0.449,1.015,0.468,0.257,0.162,0.111
0.075,0.185,0.110,-0.130,-0.018,0.147,0.445,1.005,0.485,0.270,0.175,0.115
0.096,0.206,0.110,-0.151,-0.007,0.158,0.445,1.001,0.494,0.274,0.184,0.120
0.105,0.215,0.110,-0.160,-0.003,0.162,0.446,0.997,0.499,0.281,0.188,0.119
0.105,0.215,0.110,-0.160,-0.003,0.162,0.443,0.993,0.499,0.287,0.194,0.123
0.106,0.215,0.109,-0.161,-0.002,0.162,0.440,0.989,0.494,0.291,0.201,0.132
0.110,0.215,0.105,-0.163,0.002,0.160,0.440,0.985,0.490,0.295,0.205,0.140
0.110,0.215,0.105,-0.163,0.002,0.160,0.440,0.982,0.486,0.295,0.209,0.144
0.110,0.215,0.105,-0.163,0.002,0.160,0.441,0.969,0.485,0.298,0.213,0.148
0.110,0.215,0.105,-0.163,0.002,0.160,0.435,0.952,0.484,0.300,0.217,0.152
0.111,0.215,0.104,-0.163,0.003,0.160,0.422,0.935,0.479,0.301,0.221,0.156
0.115,0.215,0.100,-0.165,0.007,0.157,0.415,0.910,0.475,0.310,0.220,0.160
0.115,0.215,0.100,-0.165,0.007,0.157,0.407,0.886,0.475,0.315,0.216,0.160
0.115,0.215,0.100,-0.165,0.007,0.157,0.400,0.859,0.473,0.309,0.214,0.160
0.115,0.215,0.100,-0.165,0.007,0.157,0.388,0.831,0.467,0.302,0.216,0.160
0.115,0.215,0.100,-0.165,0.007,0.157,0.371,0.803,0.465,0.299,0.214,0.159
0.115,0.215,0.100,-0.165,0.007,0.157,0.355,0.780,0.465,0.295,0.210,0.155
0.119,0.215,0.096,-0.167,0.011,0.155,0.339,0.761,0.454,0.287,0.210,0.150
0.121,0.216,0.095,-0.169,0.013,0.155,0.324,0.729,0.441,0.281,0.211,0.150
0.118,0.213,0.095,-0.166,0.011,0.154,0.305,0.692,0.429,0.279,0.208,0.148
0.123,0.219,0.095,-0.172,0.014,0.157,0.286,0.655,0.417,0.272,0.205,0.145
0.140,0.235,0.095,-0.188,0.022,0.165,0.270,0.615,0.405,0.260,0.205,0.145
0.137,0.228,0.091,-0.183,0.023,0.159,0.254,0.579,0.385,0.252,0.205,0.141
0.129,0.218,0.090,-0.174,0.019,0.153,0.238,0.540,0.368,0.241,0.206,0.136
0.121,0.211,0.090,-0.166,0.015,0.150,0.222,0.501,0.350,0.231,0.200,0.135
0.113,0.203,0.090,-0.158,0.011,0.146,0.206,0.467,0.330,0.222,0.187,0.134
0.105,0.195,0.090,-0.150,0.007,0.142,0.190,0.435,0.310,0.210,0.180,0.130
0.097,0.187,0.090,-0.142,0.003,0.138,0.177,0.403,0.286,0.202,0.172,0.131
0.092,0.180,0.087,-0.136,0.002,0.133,0.169,0.370,0.265,0.191,0.164,0.124
0.087,0.169,0.082,-0.128,0.002,0.126,0.159,0.341,0.245,0.179,0.156,0.117
0.078,0.158,0.080,-0.118,-0.001,0.119,0.148,0.312,0.225,0.167,0.148,0.114
0.070,0.150,0.080,-0.110,-0.005,0.115,0.140,0.275,0.205,0.155,0.140,0.110
0.066,0.142,0.076,-0.105,-0.005,0.108,0.128,0.242,0.189,0.143,0.128,0.102
0.059,0.134,0.075,-0.097,-0.008,0.104,0.119,0.214,0.174,0.128,0.116,0.096
0.053,0.126,0.073,-0.090,-0.010,0.099,0.111,0.187,0.155,0.113,0.104,0.094
0.048,0.118,0.070,-0.083,-0.011,0.094,0.104,0.165,0.135,0.102,0.093,0.088
0.040,0.110,0.070,-0.075,-0.015,0.090,0.100,0.145,0.120,0.090,0.085,0.080
0.036,0.102,0.066,-0.069,-0.015,0.084,0.092,0.125,0.108,0.078,0.077,0.076
0.033,0.094,0.061,-0.064,-0.014,0.077,0.087,0.108,0.096,0.069,0.069,0.069
0.026,0.086,0.060,-0.056,-0.017,0.073,0.081,0.092,0.084,0.061,0.061,0.063
0.019,0.078,0.059,-0.048,-0.020,0.069,0.074,0.076,0.072,0.053,0.053,0.058
0.015,0.070,0.055,-0.043,-0.020,0.062,0.070,0.060,0.060,0.045,0.045,0.050
0.007,0.062,0.055,-0.035,-0.024,0.058,0.066,0.048,0.048,0.037,0.037,0.046
0.002,0.054,0.052,-0.028,-0.025,0.053,0.061,0.036,0.039,0.028,0.032,0.039
-0.004,0.046,0.050,-0.021,-0.027,0.048,0.060,0.026,0.029,0.023,0.026,0.032
-0.011,0.039,0.049,-0.014,-0.030,0.044,0.059,0.017,0.018,0.018,0.019,0.029
-0.010,0.035,0.045,-0.013,-0.028,0.040,0.055,0.005,0.010,0.010,0.015,0.025
-0.013,0.031,0.045,-0.010,-0.029,0.038,0.055,-0.003,-0.002,0.006,0.007,0.017
-0.021,0.024,0.045,-0.002,-0.033,0.034,0.053,-0.014,-0.012,-0.001,0.002,0.012
-0.028,0.017,0.045,0.005,-0.036,0.031,0.047,-0.025,-0.017,-0.007,-0.004,0.008
-0.031,0.014,0.045,0.008,-0.038,0.030,0.045,-0.031,-0.021,-0.012,-0.011,0.004
-0.035,0.010,0.045,0.012,-0.040,0.027,0.045,-0.035,-0.025,-0.020,-0.015,0.000
-0.039,0.006,0.045,0.016,-0.043,0.025,0.041,-0.039,-0.029,-0.025,-0.019,0.000
-0.040,0.005,0.045,0.017,-0.043,0.025,0.040,-0.043,-0.034,-0.025,-0.020,0.000
-0.039,0.006,0.045,0.016,-0.043,0.025,0.038,-0.047,-0.035,-0.024,-0.022,0.000
-0.041,0.004,0.045,0.018,-0.043,0.024,0.035,-0.052,-0.036,-0.026,-0.025,0.000
-0.045,0.000,0.045,0.022,-0.045,0.022,0.035,-0.060,-0.040,-0.035,-0.025,0.000
-0.045,0.000,0.045,0.022,-0.045,0.022,0.035,-0.064,-0.044,-0.040,-0.029,-0.004
-0.045,0.000,0.045,0.022,-0.045,0.022,0.035,-0.068,-0.048,-0.040,-0.030,-0.005
-0.043,0.002,0.045,0.020,-0.044,0.023,0.035,-0.071,-0.052,-0.042,-0.030,-0.005
-0.040,0.005,0.045,0.017,-0.043,0.025,0.035,-0.070,-0.056,-0.045,-0.030,-0.005
-0.040,0.005,0.045,0.017,-0.043,0.025,0.035,-0.070,-0.055,-0.045,-0.030,-0.005
-0.036,0.009,0.045,0.013,-0.040,0.027,0.035,-0.074,-0.051,-0.049,-0.030,-0.005
-0.035,0.010,0.045,0.012,-0.040,0.027,0.035,-0.075,-0.050,-0.051,-0.033,-0.004
-0.033,0.012,0.045,0.010,-0.039,0.028,0.035,-0.075,-0.050,-0.048,-0.036,-0.007
-0.030,0.015,0.045,0.007,-0.038,0.030,0.035,-0.075,-0.050,-0.045,-0.035,-0.010
-0.030,0.015,0.045,0.007,-0.038,0.030,0.035,-0.075,-0.050,-0.045,-0.035,-0.010
-0.030,0.015,0.045,0.007,-0.038,0.030,0.035,-0.075,-0.050,-0.045,-0.035,-0.010
-0.033,0.015,0.048,0.009,-0.041,0.031,0.032,-0.075,-0.050,-0.045,-0.036,-0.010
-0.036,0.015,0.051,0.010,-0.044,0.032,0.029,-0.075,-0.050,-0.045,-0.033,-0.010
-0.035,0.015,0.050,0.010,-0.043,0.032,0.030,-0.075,-0.050,-0.045,-0.030,-0.011
-0.035,0.015,0.050,0.010,-0.043,0.032,0.030,-0.075,-0.050,-0.045,-0.030,-0.015
-0.035,0.015,0.050,0.010,-0.043,0.032,0.030,-0.075,-0.050,-0.045,-0.030,-0.015
-0.035,0.015,0.050,0.010,-0.043,0.032,0.030,-0.075,-0.050,-0.045,-0.030,-0.015
-0.035,0.015,0.050,0.010,-0.043,0.032,0.030,-0.075,-0.050,-0.045,-0.030,-0.015
-0.035,0.015,0.050,0.010,-0.043,0.032,0.030,-0.075,-0.050,-0.045,-0.030,-0.015
-0.035,0.015,0.050,0.010,-0.043,0.032,0.030,-0.075,-0.050,-0.045,-0.030,-0.015
-0.035,0.015,0.050,0.010,-0.043,0.032,0.030,-0.075,-0.050,-0.045,-0.030,-0.015
-0.035,0.015,0.050,0.010,-0.043,0.032,0.030,-0.075,-0.050,-0.045,-0.027,-0.018
-0.035,0.015,0.050,0.010,-0.043,0.032,0.030,-0.075,-0.050,-0.045,-0.024,-0.021
-0.035,0.015,0.050,0.010,-0.043,0.032,0.030,-0.075,-0.050,-0.045,-0.025,-0.020
-0.035,0.015,0.050,0.010,-0.043,0.032,0.030,-0.075,-0.050,-0.045,-0.025,-0.020
-0.039,0.015,0.054,0.012,-0.047,0.035,0.026,-0.075,-0.050,-0.045,-0.025,-0.020
-0.040,0.015,0.055,0.012,-0.048,0.035,0.025,-0.075,-0.050,-0.045,-0.025,-0.020
-0.040,0.015,0.055,0.012,-0.048,0.035,0.025,-0.075,-0.050,-0.045,-0.025,-0.020
-0.040,0.015,0.055,0.012,-0.048,0.035,0.025,-0.075,-0.050,-0.045,-0.025,-0.020
-0.040,0.015,0.055,0.012,-0.048,0.035,0.025,-0.075,-0.050,-0.045,-0.025,-0.020
-0.040,0.015,0.055,0.012,-0.048,0.035,0.025,-0.075,-0.050,-0.045,-0.021,-0.024
-0.040,0.015,0.055,0.012,-0.048,0.035,0.025,-0.075,-0.050,-0.045,-0.020,-0.025
-0.038,0.017,0.055,0.010,-0.047,0.036,0.025,-0.075,-0.050,-0.045,-0.020,-0.025
-0.034,0.021,0.055,0.006,-0.045,0.038,0.025,-0.075,-0.050,-0.045,-0.020,-0.025
-0.030,0.025,0.055,0.002,-0.043,0.040,0.025,-0.075,-0.050,-0.045,-0.020,-0.025
-0.026,0.029,0.055,-0.002,-0.041,0.042,0.025,-0.075,-0.050,-0.045,-0.020,-0.025
-0.024,0.031,0.055,-0.004,-0.039,0.042,0.025,-0.078,-0.050,-0.045,-0.020,-0.025
-0.027,0.028,0.055,-0.001,-0.042,0.041,0.025,-0.081,-0.050,-0.045,-0.020,-0.025
-0.030,0.025,0.054,0.002,-0.043,0.039,0.025,-0.080,-0.050,-0.045,-0.019,-0.026
-0.025,0.025,0.050,0.000,-0.038,0.037,0.025,-0.080,-0.050,-0.045,-0.020,-0.030
-0.020,0.025,0.046,-0.003,-0.033,0.035,0.025,-0.080,-0.050,-0.045,-0.036,-0.030
-0.020,0.025,0.045,-0.003,-0.033,0.035,0.025,-0.080,-0.050,-0.045,-0.045,-0.030
-0.018,0.025,0.043,-0.004,-0.031,0.034,0.025,-0.080,-0.050,-0.045,-0.045,-0.030
-0.014,0.025,0.039,-0.005,-0.027,0.032,0.025,-0.080,-0.050,-0.045,-0.045,-0.030
-0.010,0.025,0.035,-0.008,-0.023,0.030,0.025,-0.080,-0.050,-0.045,-0.045,-0.030
-0.007,0.025,0.032,-0.010,-0.020,0.028,0.025,-0.084,-0.050,-0.045,-0.045,-0.030
-0.032,0.025,0.057,0.004,-0.045,0.041,0.025,-0.085,-0.050,-0.045,-0.045,-0.030
-0.047,0.025,0.072,0.011,-0.060,0.048,0.025,-0.085,-0.050,-0.045,-0.045,-0.030
-0.039,0.025,0.064,0.006,-0.052,0.044,0.025,-0.085,-0.050,-0.045,-0.045,-0.031
-0.040,0.025,0.065,0.007,-0.053,0.045,0.025,-0.085,-0.050,-0.045,-0.045,-0.035
-0.040,0.025,0.065,0.007,-0.053,0.045,0.025,-0.085,-0.050,-0.045,-0.045,-0.035
-0.043,0.022,0.065,0.010,-0.054,0.043,0.026,-0.085,-0.050,-0.045,-0.045,-0.035
-0.046,0.019,0.065,0.013,-0.055,0.042,0.023,-0.085,-0.050,-0.045,-0.045,-0.035
-0.045,0.020,0.065,0.012,-0.055,0.042,0.020,-0.086,-0.050,-0.045,-0.045,-0.035
-0.045,0.020,0.065,0.012,-0.055,0.042,0.020,-0.090,-0.050,-0.045,-0.045,-0.035
-0.045,0.020,0.065,0.012,-0.055,0.042,0.020,-0.090,-0.050,-0.045,-0.045,-0.035
-0.045,0.020,0.065,0.012,-0.055,0.042,0.020,-0.090,-0.050,-0.045,-0.045,-0.035
-0.045,0.020,0.065,0.012,-0.055,0.042,0.020,-0.090,-0.050,-0.045,-0.045,-0.035
-0.045,0.020,0.065,0.012,-0.055,0.042,0.020,-0.090,-0.050,-0.045,-0.045,-0.035
-0.045,0.020,0.065,0.012,-0.055,0.042,0.020,-0.090,-0.050,-0.045,-0.045,-0.035
-0.045,0.020,0.065,0.012,-0.055,0.042,0.020,-0.090,-0.050,-0.045,-0.045,-0.035
-0.045,0.020,0.065,0.012,-0.055,0.042,0.017,-0.090,-0.050,-0.044,-0.045,-0.035
-0.045,0.020,0.065,0.012,-0.055,0.042,0.014,-0.090,-0.050,-0.047,-0.045,-0.035
-0.045,0.020,0.065,0.012,-0.055,0.042,0.015,-0.091,-0.049,-0.050,-0.045,-0.035
-0.045,0.020,0.065,0.012,-0.055,0.042,0.015,-0.095,-0.050,-0.050,-0.045,-0.035
-0.049,0.016,0.065,0.016,-0.058,0.040,0.015,-0.095,-0.066,-0.050,-0.045,-0.035
-0.050,0.015,0.065,0.017,-0.058,0.040,0.015,-0.094,-0.075,-0.050,-0.045,-0.035
-0.050,0.015,0.065,0.017,-0.058,0.040,0.015,-0.097,-0.075,-0.050,-0.045,-0.035
-0.050,0.015,0.065,0.017,-0.058,0.040,0.015,-0.100,-0.075,-0.050,-0.046,-0.035
-0.050,0.015,0.065,0.017,-0.058,0.040,0.015,-0.100,-0.075,-0.050,-0.050,-0.035
-0.050,0.015,0.065,0.017,-0.058,0.040,0.011,-0.100,-0.075,-0.050,-0.050,-0.035
-0.050,0.015,0.065,0.017,-0.058,0.040,0.010,-0.103,-0.075,-0.053,-0.050,-0.035
-0.050,0.015,0.065,0.017,-0.058,0.040,0.010,-0.105,-0.075,-0.056,-0.050,-0.035
-0.050,0.015,0.065,0.017,-0.058,0.040,0.010,-0.105,-0.075,-0.055,-0.050,-0.035
-0.050,0.015,0.065,0.017,-0.058,0.040,0.010,-0.105,-0.075,-0.055,-0.050,-0.035
-0.046,0.015,0.061,0.015,-0.054,0.037,0.010,-0.105,-0.075,-0.055,-0.050,-0.035
-0.045,0.015,0.060,0.015,-0.053,0.037,0.010,-0.108,-0.075,-0.055,-0.050,-0.038
-0.045,0.015,0.060,0.015,-0.053,0.037,0.010,-0.111,-0.075,-0.055,-0.050,-0.041
-0.045,0.015,0.060,0.015,-0.053,0.037,0.010,-0.110,-0.075,-0.055,-0.050,-0.040
-0.045,0.015,0.060,0.015,-0.053,0.037,0.010,-0.110,-0.075,-0.055,-0.050,-0.040
-0.045,0.015,0.060,0.015,-0.053,0.037,0.006,-0.114,-0.075,-0.059,-0.050,-0.040
-0.045,0.015,0.060,0.015,-0.053,0.037,0.005,-0.116,-0.075,-0.061,-0.050,-0.040
-0.045,0.015,0.060,0.015,-0.053,0.037,0.005,-0.114,-0.075,-0.059,-0.050,-0.040
-0.044,0.015,0.059,0.015,-0.052,0.037,0.005,-0.116,-0.075,-0.061,-0.050,-0.040
-0.040,0.015,0.055,0.012,-0.048,0.035,0.005,-0.120,-0.075,-0.065,-0.050,-0.040
-0.040,0.015,0.055,0.012,-0.048,0.035,0.005,-0.120,-0.075,-0.065,-0.050,-0.040
-0.040,0.015,0.055,0.012,-0.048,0.035,0.005,-0.120,-0.075,-0.064,-0.050,-0.040
-0.040,0.015,0.055,0.012,-0.048,0.035,0.005,-0.120,-0.075,-0.067,-0.050,-0.040
-0.040,0.015,0.055,0.012,-0.048,0.035,0.005,-0.120,-0.075,-0.070,-0.050,-0.041
-0.040,0.015,0.055,0.012,-0.048,0.035,0.005,-0.120,-0.075,-0.070,-0.050,-0.045
-0.040,0.015,0.055,0.012,-0.048,0.035,0.005,-0.120,-0.075,-0.070,-0.050,-0.049
-0.040,0.016,0.056,0.012,-0.048,0.036,0.005,-0.120,-0.075,-0.070,-0.050,-0.050
-0.040,0.013,0.053,0.013,-0.047,0.033,0.005,-0.120,-0.075,-0.070,-0.050,-0.050
-0.040,0.010,0.050,0.015,-0.045,0.030,0.005,-0.120,-0.076,-0.070,-0.050,-0.050
-0.040,0.010,0.050,0.015,-0.045,0.030,0.005,-0.120,-0.080,-0.070,-0.050,-0.050
-0.044,0.006,0.050,0.019,-0.048,0.028,0.005,-0.120,-0.080,-0.070,-0.050,-0.050
-0.046,0.004,0.050,0.021,-0.048,0.027,0.005,-0.120,-0.080,-0.070,-0.053,-0.050
-0.044,0.006,0.050,0.019,-0.048,0.027,0.005,-0.120,-0.080,-0.070,-0.056,-0.050
-0.046,0.004,0.050,0.021,-0.048,0.027,0.005,-0.120,-0.080,-0.070,-0.055,-0.050
-0.050,0.000,0.050,0.025,-0.050,0.025,0.005,-0.120,-0.080,-0.070,-0.055,-0.050
-0.050,0.000,0.050,0.025,-0.050,0.025,0.005,-0.120,-0.080,-0.070,-0.055,-0.050
-0.050,0.001,0.051,0.025,-0.050,0.026,0.005,-0.123,-0.080,-0.070,-0.055,-0.050
-0.050,-0.002,0.048,0.026,-0.049,0.023,0.005,-0.125,-0.080,-0.070,-0.055,-0.050
-0.050,-0.005,0.045,0.027,-0.047,0.020,0.005,-0.126,-0.080,-0.070,-0.055,-0.051
-0.050,-0.005,0.045,0.027,-0.047,0.020,0.005,-0.130,-0.080,-0.070,-0.055,-0.055
-0.050,-0.004,0.045,0.027,-0.047,0.020,0.005,-0.130,-0.080,-0.070,-0.055,-0.055
-0.053,-0.008,0.045,0.030,-0.049,0.018,0.006,-0.130,-0.080,-0.070,-0.055,-0.055
-0.055,-0.010,0.045,0.032,-0.050,0.017,0.003,-0.130,-0.080,-0.070,-0.055,-0.055
-0.056,-0.011,0.045,0.033,-0.050,0.017,0.000,-0.130,-0.080,-0.070,-0.055,-0.055
-0.060,-0.015,0.045,0.037,-0.052,0.015,0.000,-0.130,-0.080,-0.070,-0.055,-0.055
-0.061,-0.015,0.045,0.038,-0.053,0.015,0.000,-0.130,-0.080,-0.070,-0.059,-0.055
-0.056,-0.014,0.042,0.035,-0.049,0.013,0.000,-0.130,-0.080,-0.070,-0.060,-0.055
-0.056,-0.017,0.039,0.037,-0.048,0.011,0.000,-0.130,-0.080,-0.070,-0.060,-0.055
-0.061,-0.020,0.040,0.041,-0.050,0.010,0.000,-0.130,-0.080,-0.070,-0.060,-0.055
-0.060,-0.020,0.040,0.040,-0.050,0.010,0.000,-0.130,-0.080,-0.070,-0.060,-0.055
-0.059,-0.020,0.040,0.039,-0.050,0.010,0.000,-0.130,-0.080,-0.066,-0.060,-0.055
-0.063,-0.023,0.040,0.043,-0.051,0.008,0.000,-0.129,-0.080,-0.065,-0.060,-0.054
-0.065,-0.025,0.040,0.045,-0.052,0.007,0.000,-0.132,-0.080,-0.065,-0.060,-0.057
-0.065,-0.025,0.040,0.045,-0.052,0.007,0.000,-0.135,-0.080,-0.065,-0.060,-0.060
-0.065,-0.025,0.040,0.045,-0.052,0.007,0.000,-0.135,-0.080,-0.065,-0.060,-0.060
-0.057,-0.021,0.036,0.038,-0.046,0.007,0.000,-0.135,-0.080,-0.065,-0.060,-0.060
-0.055,-0.020,0.035,0.037,-0.045,0.007,0.000,-0.135,-0.083,-0.065,-0.060,-0.060
-0.054,-0.019,0.035,0.036,-0.044,0.008,0.000,-0.135,-0.086,-0.065,-0.060,-0.060
-0.049,-0.014,0.035,0.031,-0.041,0.011,0.000,-0.135,-0.085,-0.065,-0.060,-0.060
-0.050,-0.015,0.035,0.032,-0.042,0.010,0.000,-0.135,-0.085,-0.065,-0.060,-0.060
-0.062,-0.027,0.035,0.044,-0.048,0.004,0.000,-0.135,-0.085,-0.065,-0.060,-0.060
-0.073,-0.038,0.035,0.055,-0.054,-0.001,0.000,-0.135,-0.085,-0.065,-0.060,-0.060
-0.074,-0.039,0.035,0.056,-0.054,-0.001,0.000,-0.135,-0.085,-0.065,-0.060,-0.060
-0.069,-0.034,0.035,0.051,-0.051,0.000,0.000,-0.135,-0.085,-0.065,-0.060,-0.061
-0.070,-0.035,0.035,0.052,-0.052,0.000,0.000,-0.135,-0.085,-0.065,-0.060,-0.065
-0.075,-0.036,0.039,0.055,-0.056,0.001,0.000,-0.135,-0.085,-0.065,-0.060,-0.065
-0.072,-0.032,0.041,0.052,-0.056,0.004,0.000,-0.138,-0.085,-0.065,-0.060,-0.065
-0.069,-0.030,0.039,0.049,-0.054,0.005,0.000,-0.141,-0.085,-0.065,-0.060,-0.065
-0.071,-0.030,0.041,0.050,-0.056,0.005,0.000,-0.140,-0.085,-0.065,-0.060,-0.065
-0.075,-0.030,0.045,0.052,-0.060,0.007,0.000,-0.140,-0.085,-0.065,-0.060,-0.065
-0.076,-0.030,0.045,0.052,-0.060,0.007,-0.004,-0.140,-0.085,-0.065,-0.060,-0.065
-0.072,-0.027,0.045,0.049,-0.059,0.009,-0.005,-0.140,-0.085,-0.065,-0.060,-0.065
-0.068,-0.024,0.043,0.046,-0.055,0.009,-0.005,-0.140,-0.085,-0.065,-0.060,-0.065
-0.065,-0.025,0.040,0.045,-0.052,0.007,-0.005,-0.140,-0.085,-0.065,-0.060,-0.065
-0.065,-0.025,0.040,0.045,-0.052,0.007,-0.005,-0.140,-0.085,-0.065,-0.060,-0.065
-0.065,-0.025,0.040,0.045,-0.052,0.007,-0.005,-0.140,-0.085,-0.065,-0.060,-0.065
-0.062,-0.022,0.040,0.042,-0.051,0.009,-0.005,-0.140,-0.085,-0.064,-0.060,-0.065
-0.059,-0.019,0.040,0.039,-0.050,0.010,-0.005,-0.140,-0.085,-0.069,-0.060,-0.065
-0.060,-0.020,0.040,0.040,-0.050,0.010,-0.005,-0.140,-0.086,-0.075,-0.060,-0.065
-0.060,-0.020,0.040,0.040,-0.050,0.010,-0.005,-0.140,-0.090,-0.070,-0.060,-0.065
-0.056,-0.016,0.040,0.036,-0.047,0.012,-0.005,-0.140,-0.090,-0.070,-0.060,-0.065
-0.055,-0.015,0.040,0.035,-0.047,0.012,-0.005,-0.140,-0.090,-0.070,-0.060,-0.065
-0.055,-0.015,0.040,0.035,-0.047,0.012,-0.005,-0.140,-0.090,-0.070,-0.060,-0.065
-0.055,-0.015,0.040,0.035,-0.047,0.012,-0.005,-0.140,-0.090,-0.070,-0.060,-0.065
-0.055,-0.015,0.040,0.035,-0.047,0.012,-0.005,-0.140,-0.090,-0.070,-0.060,-0.065
-0.051,-0.011,0.040,0.031,-0.045,0.014,-0.005,-0.140,-0.090,-0.070,-0.060,-0.065
-0.050,-0.010,0.040,0.030,-0.045,0.015,-0.005,-0.140,-0.090,-0.070,-0.060,-0.065
-0.050,-0.010,0.040,0.030,-0.045,0.015,-0.005,-0.140,-0.090,-0.070,-0.060,-0.065
-0.050,-0.010,0.040,0.030,-0.045,0.015,-0.005,-0.141,-0.090,-0.070,-0.060,-0.065
-0.050,-0.010,0.040,0.030,-0.045,0.015,-0.005,-0.145,-0.090,-0.070,-0.060,-0.065
-0.054,-0.014,0.040,0.034,-0.047,0.013,-0.005,-0.145,-0.090,-0.070,-0.060,-0.065
-0.056,-0.016,0.040,0.036,-0.047,0.012,-0.005,-0.145,-0.089,-0.070,-0.060,-0.065
-0.054,-0.014,0.040,0.034,-0.047,0.012,-0.005,-0.145,-0.092,-0.070,-0.060,-0.065
-0.056,-0.016,0.040,0.036,-0.048,0.012,-0.005,-0.145,-0.095,-0.070,-0.060,-0.065
-0.060,-0.020,0.040,0.040,-0.050,0.010,-0.005,-0.145,-0.095,-0.070,-0.060,-0.065
-0.060,-0.020,0.040,0.040,-0.050,0.010,-0.005,-0.145,-0.095,-0.070,-0.060,-0.065
-0.059,-0.019,0.040,0.039,-0.050,0.010,-0.005,-0.145,-0.095,-0.070,-0.060,-0.065
-0.062,-0.022,0.040,0.042,-0.051,0.009,-0.005,-0.145,-0.095,-0.070,-0.060,-0.065
-0.066,-0.025,0.040,0.046,-0.052,0.007,-0.005,-0.145,-0.095,-0.070,-0.060,-0.065
-0.065,-0.025,0.040,0.045,-0.052,0.007,-0.005,-0.145,-0.095,-0.070,-0.060,-0.065
-0.061,-0.025,0.036,0.042,-0.048,0.005,-0.005,-0.145,-0.095,-0.070,-0.060,-0.065
-0.060,-0.025,0.035,0.042,-0.047,0.005,-0.005,-0.145,-0.095,-0.070,-0.060,-0.066
-0.060,-0.025,0.035,0.042,-0.047,0.005,-0.005,-0.145,-0.095,-0.070,-0.060,-0.063
-0.060,-0.025,0.035,0.042,-0.047,0.005,-0.005,-0.145,-0.095,-0.070,-0.060,-0.060
-0.060,-0.025,0.035,0.042,-0.047,0.005,-0.005,-0.145,-0.095,-0.070,-0.060,-0.060
-0.056,-0.025,0.031,0.041,-0.043,0.002,-0.005,-0.145,-0.095,-0.070,-0.060,-0.060
-0.053,-0.023,0.030,0.038,-0.041,0.003,-0.005,-0.145,-0.092,-0.067,-0.060,-0.060
-0.061,-0.031,0.030,0.046,-0.045,-0.001,-0.005,-0.145,-0.089,-0.064,-0.060,-0.060
-0.071,-0.040,0.030,0.056,-0.050,-0.005,-0.005,-0.145,-0.090,-0.065,-0.060,-0.060
-0.065,-0.035,0.030,0.050,-0.047,-0.002,-0.005,-0.145,-0.090,-0.065,-0.060,-0.060
-0.060,-0.035,0.026,0.047,-0.043,-0.004,-0.005,-0.145,-0.086,-0.065,-0.060,-0.060
-0.060,-0.036,0.025,0.047,-0.042,-0.006,-0.005,-0.145,-0.084,-0.062,-0.060,-0.057
-0.058,-0.033,0.025,0.045,-0.041,-0.004,-0.005,-0.145,-0.086,-0.059,-0.060,-0.054
-0.055,-0.030,0.025,0.042,-0.040,-0.002,-0.005,-0.145,-0.084,-0.060,-0.059,-0.055
-0.055,-0.030,0.025,0.042,-0.040,-0.002,-0.005,-0.145,-0.080,-0.060,-0.055,-0.055
-0.055,-0.030,0.025,0.042,-0.040,-0.002,-0.005,-0.145,-0.080,-0.060,-0.055,-0.055
-0.052,-0.030,0.022,0.041,-0.037,-0.004,-0.005,-0.145,-0.081,-0.061,-0.056,-0.055
-0.048,-0.028,0.019,0.038,-0.033,-0.004,-0.005,-0.145,-0.078,-0.058,-0.053,-0.055
-0.045,-0.025,0.020,0.035,-0.032,-0.002,-0.005,-0.145,-0.075,-0.055,-0.050,-0.055
-0.045,-0.025,0.020,0.035,-0.032,-0.002,-0.005,-0.145,-0.075,-0.055,-0.050,-0.055
-0.046,-0.025,0.020,0.036,-0.033,-0.002,-0.005,-0.145,-0.075,-0.055,-0.050,-0.051
-0.039,-0.022,0.017,0.030,-0.028,-0.002,-0.005,-0.145,-0.072,-0.056,-0.047,-0.050
-0.034,-0.020,0.014,0.026,-0.024,-0.002,-0.005,-0.146,-0.069,-0.053,-0.044,-0.050
-0.035,-0.020,0.015,0.027,-0.025,-0.002,-0.005,-0.144,-0.070,-0.050,-0.045,-0.050
-0.035,-0.020,0.015,0.027,-0.025,-0.002,-0.005,-0.135,-0.070,-0.050,-0.045,-0.050
-0.036,-0.021,0.015,0.028,-0.026,-0.002,0.003,-0.127,-0.066,-0.050,-0.041,-0.050
-0.025,-0.012,0.014,0.018,-0.019,0.001,0.008,-0.119,-0.064,-0.050,-0.039,-0.050
-0.020,0.000,0.020,0.010,-0.020,0.009,0.014,-0.111,-0.065,-0.050,-0.041,-0.050
-0.026,0.007,0.033,0.010,-0.030,0.020,0.021,-0.103,-0.064,-0.049,-0.039,-0.050
-0.030,0.015,0.045,0.007,-0.038,0.030,0.025,-0.095,-0.060,-0.045,-0.035,-0.050
-0.034,0.023,0.057,0.005,-0.046,0.040,0.033,-0.087,-0.056,-0.041,-0.035,-0.046
-0.037,0.031,0.068,0.003,-0.053,0.049,0.040,-0.081,-0.052,-0.040,-0.036,-0.045
-0.029,0.039,0.069,-0.005,-0.050,0.054,0.038,-0.080,-0.048,-0.039,-0.033,-0.045
-0.018,0.047,0.065,-0.015,-0.042,0.056,0.044,-0.079,-0.044,-0.034,-0.030,-0.045
-0.015,0.050,0.065,-0.018,-0.040,0.057,0.065,-0.075,-0.040,-0.030,-0.030,-0.045
-0.011,0.050,0.061,-0.019,-0.036,0.055,0.070,-0.075,-0.036,-0.030,-0.030,-0.045
-0.006,0.053,0.059,-0.023,-0.033,0.056,0.070,-0.072,-0.032,-0.030,-0.027,-0.042
-0.005,0.055,0.061,-0.025,-0.034,0.057,0.070,-0.070,-0.030,-0.030,-0.024,-0.039
-0.004,0.056,0.059,-0.026,-0.032,0.057,0.070,-0.069,-0.030,-0.030,-0.025,-0.040
0.005,0.060,0.055,-0.033,-0.025,0.057,0.070,-0.065,-0.030,-0.030,-0.025,-0.040
0.006,0.061,0.055,-0.034,-0.024,0.057,0.070,-0.065,-0.030,-0.030,-0.025,-0.040
-0.001,0.055,0.056,-0.027,-0.028,0.055,0.071,-0.066,-0.030,-0.030,-0.025,-0.040
-0.007,0.046,0.053,-0.020,-0.030,0.049,0.068,-0.063,-0.030,-0.030,-0.025,-0.040
-0.003,0.046,0.050,-0.022,-0.027,0.048,0.074,-0.060,-0.030,-0.030,-0.025,-0.039
0.010,0.060,0.050,-0.035,-0.020,0.055,0.090,-0.060,-0.030,-0.030,-0.025,-0.035
0.028,0.078,0.050,-0.053,-0.011,0.064,0.079,-0.060,-0.026,-0.030,-0.025,-0.035
0.029,0.076,0.047,-0.053,-0.009,0.061,0.068,-0.057,-0.025,-0.030,-0.025,-0.035
0.021,0.065,0.044,-0.043,-0.012,0.054,0.062,-0.054,-0.025,-0.030,-0.025,-0.035
0.013,0.059,0.046,-0.037,-0.016,0.052,0.052,-0.055,-0.025,-0.030,-0.025,-0.035
0.010,0.055,0.045,-0.033,-0.018,0.050,0.040,-0.055,-0.025,-0.030,-0.025,-0.035
0.014,0.047,0.033,-0.031,-0.010,0.040,0.032,-0.053,-0.025,-0.030,-0.025,-0.031
0.014,0.038,0.024,-0.026,-0.005,0.031,0.024,-0.069,-0.025,-0.030,-0.025,-0.030
0.019,0.033,0.014,-0.026,0.002,0.023,0.016,-0.086,-0.025,-0.030,-0.025,-0.030
0.026,0.028,0.003,-0.027,0.012,0.015,0.008,-0.091,-0.025,-0.030,-0.025,-0.030
0.025,0.020,-0.005,-0.022,0.015,0.007,0.000,-0.095,-0.030,-0.030,-0.025,-0.030
0.029,0.012,-0.017,-0.020,0.023,-0.003,-0.004,-0.102,-0.042,-0.030,-0.025,-0.030
0.032,0.004,-0.028,-0.018,0.030,-0.012,-0.010,-0.118,-0.049,-0.030,-0.025,-0.030
0.025,-0.004,-0.029,-0.010,0.027,-0.016,-0.020,-0.126,-0.050,-0.030,-0.025,-0.030
0.012,-0.012,-0.024,0.000,0.018,-0.018,-0.025,-0.118,-0.051,-0.031,-0.026,-0.030
0.005,-0.020,-0.025,0.008,0.015,-0.022,-0.030,-0.120,-0.055,-0.035,-0.030,-0.030
-0.003,-0.028,-0.025,0.016,0.011,-0.026,-0.051,-0.145,-0.059,-0.035,-0.034,-0.030
-0.009,-0.033,-0.025,0.021,0.009,-0.029,-0.054,-0.156,-0.064,-0.038,-0.039,-0.030
-0.011,-0.037,-0.025,0.025,0.007,-0.031,-0.049,-0.155,-0.065,-0.041,-0.040,-0.030
-0.017,-0.041,-0.024,0.030,0.004,-0.032,-0.050,-0.155,-0.066,-0.039,-0.041,-0.030
-0.025,-0.045,-0.020,0.035,-0.002,-0.032,-0.050,-0.155,-0.075,-0.040,-0.045,-0.030
-0.025,-0.045,-0.020,0.035,-0.002,-0.032,-0.050,-0.154,-0.079,-0.056,-0.045,-0.038
-0.028,-0.048,-0.020,0.038,-0.004,-0.034,-0.051,-0.164,-0.083,-0.065,-0.046,-0.045
-0.030,-0.050,-0.020,0.040,-0.005,-0.035,-0.048,-0.172,-0.087,-0.063,-0.042,-0.043
-0.031,-0.051,-0.020,0.041,-0.005,-0.035,-0.045,-0.170,-0.091,-0.069,-0.050,-0.049
-0.035,-0.055,-0.020,0.045,-0.007,-0.037,-0.045,-0.170,-0.095,-0.090,-0.075,-0.070
-0.034,-0.054,-0.020,0.044,-0.006,-0.037,-0.045,-0.170,-0.095,-0.095,-0.072,-0.075
-0.044,-0.061,-0.017,0.053,-0.013,-0.039,-0.045,-0.170,-0.098,-0.095,-0.069,-0.075
-0.053,-0.067,-0.014,0.060,-0.019,-0.041,-0.045,-0.170,-0.100,-0.095,-0.070,-0.075
-0.057,-0.072,-0.015,0.065,-0.021,-0.043,-0.045,-0.170,-0.101,-0.095,-0.070,-0.075
-0.065,-0.080,-0.015,0.073,-0.025,-0.047,-0.045,-0.170,-0.105,-0.095,-0.070,-0.075
-0.061,-0.076,-0.015,0.069,-0.023,-0.045,-0.041,-0.170,-0.105,-0.095,-0.070,-0.075
-0.059,-0.074,-0.016,0.067,-0.021,-0.045,-0.040,-0.170,-0.108,-0.095,-0.069,-0.075
-0.062,-0.075,-0.013,0.069,-0.024,-0.044,-0.040,-0.171,-0.111,-0.095,-0.075,-0.077
-0.065,-0.075,-0.010,0.070,-0.027,-0.042,-0.040,-0.169,-0.110,-0.095,-0.087,-0.081
-0.065,-0.075,-0.010,0.070,-0.027,-0.042,-0.040,-0.170,-0.110,-0.095,-0.090,-0.085
-0.065,-0.075,-0.010,0.070,-0.027,-0.042,-0.040,-0.191,-0.110,-0.095,-0.090,-0.089
-0.062,-0.072,-0.010,0.067,-0.026,-0.041,-0.037,-0.194,-0.110,-0.095,-0.090,-0.090
-0.060,-0.069,-0.010,0.065,-0.025,-0.040,-0.034,-0.189,-0.110,-0.095,-0.090,-0.090
-0.060,-0.070,-0.010,0.065,-0.025,-0.040,-0.035,-0.190,-0.110,-0.095,-0.090,-0.090
-0.060,-0.070,-0.010,0.065,-0.025,-0.040,-0.035,-0.190,-0.110,-0.095,-0.090,-0.090
-0.064,-0.070,-0.006,0.068,-0.029,-0.038,-0.035,-0.190,-0.110,-0.095,-0.090,-0.090
-0.064,-0.069,-0.005,0.067,-0.030,-0.036,-0.035,-0.191,-0.110,-0.095,-0.090,-0.090
-0.069,-0.074,-0.005,0.072,-0.032,-0.039,-0.035,-0.188,-0.110,-0.095,-0.090,-0.090
-0.076,-0.081,-0.005,0.079,-0.036,-0.043,-0.034,-0.185,-0.110,-0.095,-0.090,-0.090
-0.075,-0.080,-0.005,0.078,-0.035,-0.042,-0.030,-0.185,-0.110,-0.095,-0.090,-0.090
-0.073,-0.078,-0.005,0.076,-0.034,-0.041,-0.030,-0.185,-0.110,-0.095,-0.090,-0.090
-0.091,-0.093,-0.002,0.092,-0.045,-0.047,-0.031,-0.185,-0.110,-0.095,-0.090,-0.090
-0.101,-0.100,0.001,0.100,-0.050,-0.050,-0.028,-0.185,-0.110,-0.095,-0.090,-0.090
-0.094,-0.094,0.000,0.094,-0.046,-0.047,-0.025,-0.185,-0.110,-0.095,-0.090,-0.091
-0.095,-0.095,0.000,0.095,-0.047,-0.047,-0.025,-0.185,-0.110,-0.095,-0.090,-0.095
-0.095,-0.095,0.000,0.095,-0.047,-0.047,-0.025,-0.181,-0.110,-0.095,-0.090,-0.095
-0.095,-0.095,0.000,0.095,-0.047,-0.047,-0.026,-0.180,-0.110,-0.095,-0.090,-0.095
-0.095,-0.095,0.000,0.095,-0.047,-0.047,-0.023,-0.180,-0.110,-0.095,-0.090,-0.095
-0.096,-0.095,0.001,0.095,-0.048,-0.047,-0.020,-0.180,-0.110,-0.095,-0.090,-0.095
-0.100,-0.095,0.005,0.097,-0.052,-0.045,-0.020,-0.180,-0.110,-0.095,-0.090,-0.095
-0.101,-0.095,0.005,0.098,-0.052,-0.045,-0.020,-0.180,-0.110,-0.095,-0.090,-0.095
-0.097,-0.092,0.005,0.094,-0.051,-0.043,-0.020,-0.177,-0.110,-0.095,-0.090,-0.095
-0.095,-0.089,0.005,0.092,-0.050,-0.042,-0.018,-0.174,-0.110,-0.095,-0.090,-0.095
-0.095,-0.090,0.005,0.092,-0.050,-0.042,-0.015,-0.175,-0.109,-0.095,-0.090,-0.095
-0.095,-0.090,0.005,0.092,-0.050,-0.042,-0.015,-0.175,-0.105,-0.095,-0.090,-0.095
-0.099,-0.090,0.009,0.094,-0.054,-0.040,-0.015,-0.175,-0.105,-0.095,-0.090,-0.095
-0.100,-0.090,0.010,0.095,-0.055,-0.040,-0.012,-0.175,-0.102,-0.095,-0.087,-0.096
-0.100,-0.090,0.010,0.095,-0.055,-0.040,-0.010,-0.175,-0.099,-0.095,-0.084,-0.093
-0.100,-0.090,0.010,0.095,-0.055,-0.040,-0.010,-0.174,-0.100,-0.095,-0.085,-0.090
-0.100,-0.090,0.010,0.095,-0.055,-0.040,-0.010,-0.170,-0.100,-0.095,-0.085,-0.090
-0.096,-0.086,0.010,0.091,-0.053,-0.037,-0.010,-0.170,-0.096,-0.095,-0.085,-0.090
-0.094,-0.085,0.010,0.089,-0.052,-0.037,-0.007,-0.170,-0.095,-0.095,-0.085,-0.087
-0.096,-0.085,0.011,0.091,-0.053,-0.037,-0.004,-0.170,-0.093,-0.095,-0.085,-0.085
-0.094,-0.085,0.009,0.089,-0.051,-0.038,-0.005,-0.170,-0.089,-0.095,-0.085,-0.085
-0.095,-0.085,0.010,0.090,-0.052,-0.037,-0.005,-0.170,-0.090,-0.095,-0.085,-0.085
-0.120,-0.085,0.035,0.103,-0.077,-0.024,-0.005,-0.166,-0.091,-0.095,-0.085,-0.085
-0.125,-0.085,0.040,0.105,-0.082,-0.022,-0.005,-0.165,-0.087,-0.095,-0.085,-0.082
-0.117,-0.085,0.032,0.100,-0.074,-0.026,-0.005,-0.165,-0.085,-0.095,-0.085,-0.079
-0.115,-0.085,0.029,0.100,-0.071,-0.028,-0.005,-0.165,-0.084,-0.095,-0.085,-0.080
-0.110,-0.085,0.025,0.097,-0.067,-0.030,-0.005,-0.165,-0.080,-0.095,-0.085,-0.080
-0.097,-0.073,0.023,0.084,-0.060,-0.025,-0.005,-0.166,-0.080,-0.095,-0.085,-0.076
-0.099,-0.061,0.038,0.080,-0.068,-0.011,-0.004,-0.156,-0.081,-0.097,-0.085,-0.075
-0.109,-0.049,0.061,0.079,-0.085,0.006,-0.007,-0.146,-0.078,-0.088,-0.086,-0.075
-0.117,-0.037,0.080,0.077,-0.099,0.021,-0.002,-0.138,-0.074,-0.072,-0.082,-0.076
-0.130,-0.025,0.105,0.077,-0.117,0.040,0.020,-0.130,-0.075,-0.060,-0.065,-0.075
-0.144,-0.005,0.139,0.074,-0.141,0.067,0.041,-0.127,-0.079,-0.043,-0.049,-0.063
-0.142,0.012,0.154,0.065,-0.148,0.083,0.057,-0.078,-0.045,-0.033,-0.032,-0.053
-0.141,0.030,0.171,0.055,-0.156,0.100,0.075,-0.017,0.001,-0.010,-0.020,-0.046
-0.128,0.049,0.177,0.040,-0.153,0.112,0.095,0.051,0.041,0.021,-0.004,-0.038
-0.090,0.055,0.145,0.017,-0.118,0.100,0.115,0.165,0.100,0.050,0.030,-0.030
-0.070,0.051,0.121,0.009,-0.096,0.086,0.149,0.304,0.176,0.107,0.060,-0.014
-0.042,0.047,0.089,-0.003,-0.066,0.067,0.197,0.402,0.246,0.150,0.077,0.001
-0.011,0.043,0.054,-0.016,-0.032,0.048,0.238,0.431,0.301,0.198,0.111,0.023
0.027,0.039,0.012,-0.033,0.008,0.025,0.241,0.432,0.355,0.260,0.162,0.052
0.085,0.035,-0.050,-0.060,0.067,-0.007,0.210,0.430,0.425,0.320,0.205,0.080
0.142,0.036,-0.106,-0.089,0.124,-0.035,0.191,0.376,0.507,0.396,0.259,0.118
0.228,0.065,-0.163,-0.147,0.196,-0.049,0.114,0.347,0.564,0.467,0.326,0.175
0.331,0.120,-0.211,-0.225,0.271,-0.046,-0.058,0.212,0.592,0.534,0.408,0.248
0.420,0.188,-0.232,-0.304,0.326,-0.022,-0.271,-0.007,0.627,0.610,0.497,0.332
0.500,0.270,-0.230,-0.385,0.365,0.020,-0.440,-0.145,0.695,0.700,0.595,0.430
0.612,0.380,-0.232,-0.496,0.422,0.074,-0.570,-0.289,0.789,0.816,0.721,0.541
0.718,0.498,-0.220,-0.608,0.469,0.139,-0.767,-0.454,0.895,0.961,0.857,0.660
0.843,0.590,-0.253,-0.716,0.548,0.168,-0.980,-0.558,1.022,1.117,1.005,0.776
0.982,0.593,-0.389,-0.787,0.685,0.102,-1.124,-0.575,1.119,1.211,1.084,0.835
1.075,0.480,-0.595,-0.777,0.835,-0.057,-1.215,-0.585,1.085,1.175,1.040,0.820
1.114,0.341,-0.773,-0.727,0.943,-0.216,-1.317,-0.665,0.913,1.047,1.009,0.813
1.134,0.270,-0.864,-0.702,0.999,-0.297,-1.422,-0.796,0.703,0.901,0.957,0.790
1.121,0.223,-0.897,-0.672,1.009,-0.337,-1.432,-0.928,0.517,0.778,0.884,0.763
1.009,0.177,-0.831,-0.592,0.920,-0.327,-1.373,-1.017,0.381,0.693,0.830,0.737
0.825,0.170,-0.655,-0.497,0.740,-0.242,-1.330,-1.070,0.270,0.625,0.790,0.700
0.730,0.166,-0.564,-0.448,0.647,-0.198,-1.247,-1.153,0.104,0.511,0.700,0.669
0.595,0.089,-0.506,-0.341,0.550,-0.208,-1.167,-1.269,-0.102,0.352,0.571,0.589
0.450,0.005,-0.445,-0.227,0.448,-0.220,-1.107,-1.401,-0.313,0.180,0.430,0.482
0.344,-0.050,-0.393,-0.146,0.369,-0.222,-1.050,-1.460,-0.452,0.050,0.317,0.398
0.250,-0.105,-0.355,-0.072,0.303,-0.230,-0.975,-1.385,-0.490,-0.015,0.240,0.335
0.200,-0.120,-0.320,-0.040,0.260,-0.220,-0.865,-1.276,-0.519,-0.070,0.149,0.253
0.153,-0.122,-0.275,-0.015,0.214,-0.199,-0.744,-1.140,-0.501,-0.131,0.093,0.196
0.097,-0.128,-0.225,0.016,0.161,-0.176,-0.630,-0.991,-0.463,-0.153,0.053,0.151
0.059,-0.129,-0.189,0.036,0.124,-0.159,-0.541,-0.852,-0.430,-0.144,0.012,0.105
0.050,-0.125,-0.175,0.038,0.113,-0.150,-0.480,-0.735,-0.385,-0.145,-0.010,0.075
0.039,-0.125,-0.164,0.043,0.102,-0.144,-0.420,-0.642,-0.344,-0.141,-0.035,0.047
0.025,-0.122,-0.147,0.048,0.086,-0.134,-0.358,-0.550,-0.308,-0.140,-0.050,0.022
0.016,-0.119,-0.136,0.052,0.076,-0.127,-0.289,-0.463,-0.272,-0.138,-0.060,-0.003
-0.002,-0.120,-0.118,0.062,0.058,-0.119,-0.218,-0.378,-0.236,-0.135,-0.073,-0.024
-0.045,-0.120,-0.075,0.083,0.015,-0.097,-0.155,-0.295,-0.200,-0.135,-0.085,-0.035
-0.084,-0.116,-0.032,0.101,-0.026,-0.074,-0.093,-0.246,-0.166,-0.127,-0.090,-0.043
-0.095,-0.114,-0.019,0.105,-0.038,-0.066,-0.054,-0.198,-0.147,-0.121,-0.090,-0.050
-0.096,-0.116,-0.019,0.106,-0.038,-0.067,-0.025,-0.157,-0.132,-0.119,-0.090,-0.061
-0.101,-0.114,-0.014,0.108,-0.043,-0.064,-0.001,-0.128,-0.116,-0.113,-0.090,-0.072
-0.100,-0.110,-0.010,0.105,-0.045,-0.060,0.010,-0.100,-0.100,-0.105,-0.090,-0.080
-0.100,-0.110,-0.010,0.105,-0.045,-0.060,0.022,-0.083,-0.087,-0.101,-0.090,-0.088
-0.103,-0.111,-0.008,0.107,-0.048,-0.059,0.035,-0.071,-0.081,-0.097,-0.093,-0.094
-0.106,-0.108,-0.002,0.107,-0.051,-0.055,0.044,-0.057,-0.080,-0.093,-0.096,-0.095
-0.105,-0.105,0.000,0.105,-0.052,-0.052,0.053,-0.042,-0.079,-0.090,-0.095,-0.096
-0.105,-0.105,0.000,0.105,-0.052,-0.052,0.065,-0.030,-0.075,-0.090,-0.095,-0.100
-0.109,-0.105,0.004,0.107,-0.056,-0.051,0.074,-0.018,-0.075,-0.086,-0.095,-0.100
-0.111,-0.102,0.009,0.106,-0.060,-0.046,0.078,-0.009,-0.072,-0.084,-0.096,-0.104
-0.108,-0.099,0.008,0.104,-0.058,-0.046,0.082,-0.001,-0.070,-0.086,-0.093,-0.104
-0.114,-0.100,0.014,0.107,-0.064,-0.043,0.086,0.007,-0.069,-0.084,-0.090,-0.108
-0.135,-0.100,0.035,0.117,-0.085,-0.032,0.090,0.015,-0.060,-0.080,-0.090,-0.125
-0.132,-0.100,0.032,0.116,-0.082,-0.034,0.090,0.023,-0.056,-0.080,-0.090,-0.122
-0.129,-0.100,0.029,0.115,-0.079,-0.036,0.093,0.032,-0.053,-0.077,-0.090,-0.119
-0.130,-0.100,0.030,0.115,-0.080,-0.035,0.097,0.036,-0.046,-0.074,-0.090,-0.120
-0.130,-0.100,0.030,0.115,-0.080,-0.035,0.101,0.035,-0.039,-0.075,-0.089,-0.120
-0.130,-0.100,0.030,0.115,-0.080,-0.035,0.105,0.035,-0.035,-0.075,-0.085,-0.120
-0.130,-0.100,0.030,0.115,-0.080,-0.035,0.105,0.035,-0.031,-0.071,-0.085,-0.120
-0.130,-0.100,0.030,0.115,-0.080,-0.035,0.108,0.034,-0.026,-0.070,-0.085,-0.120
-0.130,-0.100,0.030,0.115,-0.080,-0.035,0.110,0.040,-0.025,-0.068,-0.085,-0.120
-0.129,-0.100,0.029,0.115,-0.079,-0.035,0.110,0.054,-0.024,-0.064,-0.085,-0.119
-0.125,-0.100,0.025,0.112,-0.075,-0.037,0.110,0.065,-0.020,-0.065,-0.085,-0.115
-0.121,-0.096,0.025,0.108,-0.072,-0.035,0.108,0.073,-0.020,-0.065,-0.085,-0.115
-0.120,-0.095,0.025,0.107,-0.072,-0.035,0.122,0.084,-0.017,-0.062,-0.082,-0.115
-0.120,-0.095,0.025,0.107,-0.072,-0.035,0.134,0.093,-0.015,-0.059,-0.079,-0.115
-0.120,-0.095,0.025,0.107,-0.072,-0.035,0.135,0.096,-0.014,-0.060,-0.080,-0.115
-0.120,-0.095,0.025,0.107,-0.072,-0.035,0.135,0.100,-0.010,-0.060,-0.080,-0.115
-0.120,-0.095,0.025,0.107,-0.072,-0.035,0.135,0.105,-0.010,-0.056,-0.080,-0.115
-0.121,-0.095,0.026,0.107,-0.073,-0.035,0.138,0.105,-0.007,-0.055,-0.081,-0.116
-0.118,-0.095,0.023,0.106,-0.070,-0.036,0.141,0.108,-0.005,-0.053,-0.078,-0.113
-0.115,-0.095,0.020,0.105,-0.067,-0.037,0.140,0.118,-0.004,-0.049,-0.075,-0.110
-0.115,-0.095,0.020,0.105,-0.067,-0.037,0.140,0.130,0.000,-0.050,-0.075,-0.110
-0.115,-0.095,0.020,0.105,-0.067,-0.037,0.144,0.142,0.000,-0.050,-0.075,-0.110
-0.115,-0.095,0.020,0.105,-0.067,-0.037,0.145,0.152,0.003,-0.047,-0.075,-0.110
-0.115,-0.095,0.020,0.105,-0.067,-0.037,0.147,0.157,0.005,-0.044,-0.075,-0.110
-0.114,-0.094,0.020,0.104,-0.067,-0.037,0.150,0.162,0.006,-0.045,-0.075,-0.110
-0.110,-0.090,0.020,0.100,-0.065,-0.035,0.150,0.170,0.015,-0.045,-0.075,-0.110
-0.110,-0.090,0.020,0.100,-0.065,-0.035,0.154,0.174,0.019,-0.041,-0.071,-0.110
-0.108,-0.087,0.021,0.097,-0.064,-0.033,0.155,0.179,0.026,-0.039,-0.070,-0.111
-0.101,-0.085,0.017,0.093,-0.058,-0.034,0.157,0.194,0.032,-0.041,-0.068,-0.108
-0.093,-0.084,0.008,0.088,-0.050,-0.037,0.160,0.206,0.037,-0.039,-0.065,-0.105
-0.085,-0.080,0.005,0.082,-0.045,-0.037,0.160,0.205,0.045,-0.035,-0.065,-0.105
-0.081,-0.080,0.002,0.080,-0.041,-0.039,0.164,0.220,0.049,-0.035,-0.061,-0.101
-0.075,-0.081,-0.006,0.078,-0.034,-0.043,0.165,0.235,0.054,-0.036,-0.060,-0.100
-0.066,-0.078,-0.012,0.072,-0.026,-0.045,0.165,0.244,0.055,-0.032,-0.058,-0.098
-0.059,-0.075,-0.016,0.067,-0.021,-0.045,0.164,0.252,0.057,-0.023,-0.055,-0.094
-0.055,-0.075,-0.020,0.065,-0.017,-0.047,0.165,0.265,0.070,-0.020,-0.055,-0.095
-0.054,-0.071,-0.016,0.063,-0.019,-0.043,0.182,0.292,0.083,-0.016,-0.051,-0.096
-0.058,-0.070,-0.012,0.064,-0.023,-0.041,0.188,0.290,0.086,-0.009,-0.050,-0.092
-0.060,-0.068,-0.008,0.064,-0.026,-0.038,0.196,0.302,0.099,-0.002,-0.048,-0.090
-0.060,-0.064,-0.004,0.063,-0.028,-0.034,0.206,0.337,0.118,0.001,-0.045,-0.089
-0.065,-0.065,0.000,0.065,-0.032,-0.032,0.205,0.350,0.120,0.005,-0.045,-0.085
-0.070,-0.065,0.004,0.067,-0.036,-0.031,0.204,0.356,0.120,0.013,-0.041,-0.085
-0.070,-0.062,0.007,0.066,-0.038,-0.028,0.214,0.381,0.123,0.019,-0.040,-0.082
-0.072,-0.058,0.014,0.065,-0.043,-0.022,0.223,0.403,0.126,0.021,-0.038,-0.079
-0.075,-0.054,0.021,0.064,-0.048,-0.016,0.226,0.414,0.125,0.027,-0.035,-0.080
-0.075,-0.050,0.025,0.062,-0.050,-0.012,0.230,0.435,0.135,0.035,-0.035,-0.080
-0.083,-0.050,0.033,0.066,-0.058,-0.008,0.238,0.457,0.165,0.039,-0.031,-0.076
-0.086,-0.048,0.038,0.067,-0.062,-0.004,0.242,0.465,0.171,0.043,-0.030,-0.075
-0.085,-0.042,0.042,0.063,-0.063,0.000,0.250,0.483,0.177,0.047,-0.028,-0.073
-0.085,-0.040,0.045,0.062,-0.065,0.002,0.263,0.519,0.192,0.051,-0.025,-0.070
-0.085,-0.040,0.045,0.062,-0.065,0.002,0.270,0.550,0.195,0.055,-0.025,-0.070
-0.081,-0.036,0.045,0.058,-0.062,0.004,0.276,0.565,0.207,0.063,-0.017,-0.066
-0.079,-0.031,0.048,0.055,-0.063,0.008,0.296,0.594,0.216,0.068,-0.012,-0.065
-0.081,-0.030,0.051,0.056,-0.066,0.010,0.308,0.621,0.225,0.073,-0.006,-0.063
-0.078,-0.029,0.050,0.053,-0.064,0.011,0.304,0.641,0.239,0.082,0.001,-0.060
-0.070,-0.020,0.050,0.045,-0.060,0.015,0.305,0.665,0.255,0.090,0.005,-0.060
-0.070,-0.016,0.054,0.043,-0.062,0.019,0.321,0.684,0.270,0.101,0.013,-0.056
-0.064,-0.009,0.055,0.036,-0.059,0.023,0.336,0.715,0.291,0.121,0.019,-0.056
-0.058,-0.003,0.055,0.030,-0.056,0.026,0.343,0.738,0.304,0.135,0.021,-0.052
-0.053,0.002,0.055,0.025,-0.054,0.028,0.354,0.757,0.314,0.134,0.019,-0.044
-0.045,0.010,0.055,0.017,-0.050,0.032,0.375,0.790,0.335,0.135,0.020,-0.040
-0.037,0.014,0.051,0.012,-0.045,0.032,0.384,0.811,0.343,0.147,0.036,-0.032
-0.026,0.021,0.047,0.002,-0.037,0.034,0.388,0.830,0.357,0.155,0.047,-0.027
-0.014,0.029,0.043,-0.008,-0.029,0.036,0.392,0.850,0.370,0.170,0.052,-0.021
-0.001,0.037,0.038,-0.018,-0.020,0.037,0.395,0.871,0.378,0.188,0.056,-0.014
0.005,0.045,0.040,-0.025,-0.018,0.042,0.400,0.895,0.395,0.190,0.060,-0.010
-0.017,0.047,0.065,-0.015,-0.041,0.056,0.416,0.913,0.412,0.193,0.063,-0.006
-0.010,0.065,0.076,-0.028,-0.043,0.070,0.425,0.916,0.423,0.201,0.074,-0.002
0.005,0.080,0.075,-0.043,-0.035,0.077,0.424,0.930,0.440,0.208,0.085,0.002
0.005,0.080,0.075,-0.043,-0.035,0.077,0.426,0.955,0.459,0.218,0.092,0.006
0.005,0.080,0.075,-0.043,-0.035,0.077,0.430,0.970,0.470,0.235,0.100,0.010
0.001,0.081,0.079,-0.041,-0.039,0.080,0.428,0.986,0.487,0.248,0.107,0.014
-0.003,0.077,0.081,-0.037,-0.042,0.079,0.443,1.003,0.496,0.255,0.122,0.018
0.010,0.089,0.079,-0.049,-0.035,0.084,0.451,1.015,0.506,0.268,0.136,0.022
0.027,0.108,0.081,-0.067,-0.027,0.094,0.443,1.022,0.517,0.283,0.141,0.026
0.025,0.110,0.085,-0.068,-0.030,0.097,0.440,1.025,0.520,0.285,0.145,0.030
0.029,0.114,0.085,-0.072,-0.028,0.099,0.440,1.017,0.531,0.283,0.153,0.038
0.031,0.119,0.088,-0.075,-0.029,0.104,0.438,1.012,0.546,0.300,0.159,0.043
0.029,0.120,0.090,-0.074,-0.030,0.105,0.432,1.006,0.550,0.314,0.161,0.047
0.031,0.122,0.091,-0.076,-0.030,0.106,0.430,0.999,0.544,0.315,0.167,0.051
0.035,0.130,0.095,-0.083,-0.030,0.112,0.430,0.995,0.540,0.320,0.175,0.055
0.036,0.131,0.095,-0.084,-0.029,0.112,0.418,0.987,0.536,0.324,0.179,0.054
0.029,0.127,0.098,-0.079,-0.034,0.113,0.408,0.983,0.535,0.326,0.183,0.063
0.038,0.138,0.100,-0.088,-0.031,0.119,0.402,0.972,0.534,0.323,0.187,0.075
0.050,0.151,0.101,-0.101,-0.025,0.126,0.392,0.950,0.529,0.320,0.190,0.082
0.040,0.145,0.105,-0.093,-0.033,0.125,0.380,0.930,0.525,0.320,0.190,0.085
0.039,0.145,0.106,-0.093,-0.034,0.126,0.372,0.906,0.525,0.316,0.190,0.081
0.043,0.142,0.099,-0.093,-0.028,0.120,0.365,0.883,0.523,0.314,0.190,0.080
0.047,0.140,0.092,-0.094,-0.022,0.116,0.352,0.855,0.517,0.316,0.190,0.078
0.050,0.139,0.089,-0.095,-0.020,0.114,0.337,0.822,0.515,0.314,0.190,0.075
0.050,0.135,0.085,-0.093,-0.018,0.110,0.325,0.790,0.515,0.310,0.190,0.075
0.054,0.135,0.081,-0.094,-0.014,0.107,0.309,0.762,0.500,0.310,0.190,0.071
0.059,0.136,0.077,-0.098,-0.010,0.106,0.296,0.735,0.483,0.307,0.190,0.070
0.060,0.133,0.073,-0.097,-0.007,0.103,0.283,0.701,0.467,0.304,0.190,0.068
0.061,0.130,0.069,-0.095,-0.004,0.099,0.266,0.660,0.452,0.306,0.190,0.065
0.065,0.130,0.065,-0.098,0.000,0.097,0.250,0.625,0.440,0.305,0.190,0.065
0.061,0.126,0.065,-0.094,-0.002,0.095,0.234,0.589,0.424,0.289,0.191,0.061
0.059,0.125,0.066,-0.093,-0.004,0.095,0.218,0.556,0.411,0.275,0.181,0.060
0.060,0.123,0.063,-0.092,-0.002,0.093,0.202,0.523,0.396,0.264,0.171,0.058
0.060,0.119,0.060,-0.090,0.000,0.089,0.186,0.486,0.375,0.252,0.162,0.055
0.060,0.120,0.060,-0.090,0.000,0.090,0.170,0.450,0.355,0.240,0.150,0.055
0.061,0.121,0.060,-0.091,0.000,0.091,0.154,0.414,0.335,0.228,0.142,0.051
0.055,0.112,0.057,-0.084,-0.001,0.085,0.141,0.378,0.315,0.216,0.131,0.050
0.044,0.099,0.055,-0.072,-0.005,0.076,0.127,0.342,0.295,0.203,0.121,0.047
0.032,0.087,0.055,-0.060,-0.012,0.071,0.112,0.306,0.275,0.193,0.113,0.038
0.020,0.075,0.055,-0.048,-0.018,0.065,0.100,0.275,0.255,0.185,0.100,0.030
0.007,0.063,0.055,-0.035,-0.024,0.059,0.088,0.247,0.235,0.169,0.088,0.022
0.002,0.054,0.052,-0.028,-0.025,0.053,0.079,0.218,0.218,0.153,0.079,0.014
-0.003,0.046,0.049,-0.021,-0.026,0.048,0.071,0.194,0.200,0.137,0.070,0.006
-0.012,0.038,0.050,-0.013,-0.031,0.044,0.063,0.175,0.181,0.122,0.057,-0.002
-0.020,0.030,0.050,-0.005,-0.035,0.040,0.055,0.155,0.165,0.110,0.045,-0.010
-0.023,0.022,0.046,0.000,-0.035,0.034,0.047,0.131,0.149,0.098,0.037,-0.018
-0.034,0.011,0.045,0.011,-0.040,0.028,0.039,0.106,0.136,0.088,0.029,-0.023
-0.045,0.000,0.045,0.022,-0.045,0.023,0.032,0.086,0.122,0.082,0.021,-0.027
-0.052,-0.007,0.045,0.029,-0.048,0.019,0.030,0.071,0.107,0.072,0.013,-0.031
-0.060,-0.015,0.045,0.037,-0.052,0.015,0.030,0.055,0.095,0.060,0.005,-0.035
-0.064,-0.023,0.041,0.043,-0.052,0.009,0.026,0.039,0.083,0.052,-0.003,-0.039
-0.071,-0.031,0.040,0.051,-0.055,0.004,0.024,0.023,0.070,0.044,-0.011,-0.042
-0.079,-0.039,0.040,0.059,-0.059,0.000,0.026,0.008,0.061,0.036,-0.019,-0.051
-0.087,-0.047,0.040,0.067,-0.063,-0.003,0.024,-0.002,0.052,0.028,-0.026,-0.062
-0.090,-0.050,0.040,0.070,-0.065,-0.005,0.020,-0.010,0.040,0.020,-0.030,-0.065
-0.084,-0.048,0.036,0.066,-0.060,-0.006,0.020,-0.018,0.028,0.012,-0.033,-0.065
-0.099,-0.065,0.034,0.082,-0.066,-0.015,0.021,-0.029,0.019,0.004,-0.044,-0.068
-0.115,-0.080,0.036,0.097,-0.075,-0.022,0.018,-0.040,0.011,-0.004,-0.053,-0.072
-0.114,-0.080,0.034,0.097,-0.074,-0.022,0.015,-0.047,0.004,-0.012,-0.056,-0.077
-0.110,-0.080,0.030,0.095,-0.070,-0.025,0.015,-0.055,0.000,-0.020,-0.060,-0.085
-0.109,-0.080,0.030,0.095,-0.070,-0.025,0.016,-0.063,-0.004,-0.024,-0.064,-0.090
-0.113,-0.083,0.030,0.098,-0.071,-0.026,0.012,-0.068,-0.008,-0.028,-0.068,-0.090
-0.116,-0.086,0.030,0.101,-0.073,-0.027,0.010,-0.072,-0.012,-0.032,-0.072,-0.092
-0.114,-0.085,0.029,0.099,-0.071,-0.027,0.009,-0.076,-0.016,-0.035,-0.075,-0.095
-0.110,-0.085,0.025,0.097,-0.067,-0.030,0.005,-0.080,-0.020,-0.035,-0.075,-0.095
-0.114,-0.089,0.025,0.101,-0.069,-0.032,0.005,-0.084,-0.024,-0.039,-0.075,-0.099
-0.118,-0.093,0.025,0.105,-0.071,-0.034,0.006,-0.085,-0.028,-0.043,-0.075,-0.100
-0.122,-0.097,0.025,0.109,-0.073,-0.036,0.003,-0.087,-0.032,-0.046,-0.075,-0.102
-0.126,-0.101,0.025,0.113,-0.075,-0.037,0.000,-0.091,-0.035,-0.044,-0.074,-0.105
-0.125,-0.100,0.025,0.112,-0.075,-0.037,0.000,-0.090,-0.035,-0.045,-0.075,-0.105
-0.121,-0.096,0.025,0.108,-0.072,-0.035,0.000,-0.089,-0.035,-0.062,-0.092,-0.109
-0.120,-0.095,0.026,0.107,-0.072,-0.035,-0.003,-0.093,-0.035,-0.064,-0.094,-0.110
-0.118,-0.095,0.023,0.106,-0.070,-0.036,-0.006,-0.095,-0.035,-0.059,-0.089,-0.110
-0.124,-0.096,0.028,0.109,-0.076,-0.034,-0.005,-0.095,-0.035,-0.060,-0.090,-0.110
-0.140,-0.095,0.045,0.117,-0.092,-0.025,-0.005,-0.095,-0.035,-0.060,-0.090,-0.110
-0.130,-0.088,0.042,0.109,-0.086,-0.023,-0.009,-0.091,-0.035,-0.060,-0.090,-0.110
-0.148,-0.112,0.036,0.129,-0.091,-0.038,-0.010,-0.090,-0.035,-0.060,-0.090,-0.110
-0.162,-0.127,0.035,0.144,-0.098,-0.046,-0.010,-0.090,-0.035,-0.060,-0.090,-0.110
-0.153,-0.119,0.034,0.135,-0.094,-0.042,-0.010,-0.090,-0.035,-0.060,-0.090,-0.110
-0.150,-0.120,0.030,0.135,-0.090,-0.045,-0.010,-0.090,-0.035,-0.060,-0.090,-0.110
-0.150,-0.120,0.030,0.135,-0.090,-0.045,-0.010,-0.090,-0.035,-0.060,-0.090,-0.110
-0.147,-0.120,0.028,0.133,-0.087,-0.046,-0.010,-0.090,-0.035,-0.060,-0.090,-0.110
-0.143,-0.120,0.022,0.131,-0.083,-0.049,-0.010,-0.090,-0.035,-0.060,-0.090,-0.110
-0.139,-0.119,0.020,0.129,-0.079,-0.050,-0.010,-0.090,-0.035,-0.060,-0.090,-0.110
-0.135,-0.115,0.020,0.125,-0.077,-0.047,-0.010,-0.090,-0.035,-0.060,-0.090,-0.110
-0.131,-0.115,0.016,0.122,-0.073,-0.049,-0.010,-0.090,-0.035,-0.056,-0.090,-0.115
-0.129,-0.115,0.014,0.122,-0.071,-0.051,-0.010,-0.090,-0.035,-0.055,-0.090,-0.112
-0.132,-0.115,0.017,0.123,-0.074,-0.049,-0.010,-0.090,-0.035,-0.055,-0.090,-0.109
-0.135,-0.115,0.020,0.125,-0.077,-0.047,-0.010,-0.090,-0.035,-0.055,-0.090,-0.110
-0.135,-0.115,0.020,0.125,-0.077,-0.047,-0.010,-0.090,-0.035,-0.055,-0.090,-0.110
-0.135,-0.115,0.020,0.125,-0.077,-0.047,-0.010,-0.090,-0.035,-0.055,-0.090,-0.110
-0.135,-0.112,0.023,0.123,-0.079,-0.044,-0.010,-0.090,-0.035,-0.055,-0.090,-0.110
-0.135,-0.109,0.026,0.122,-0.080,-0.041,-0.010,-0.090,-0.035,-0.055,-0.090,-0.110
-0.135,-0.110,0.025,0.122,-0.080,-0.042,-0.010,-0.090,-0.035,-0.055,-0.090,-0.110
-0.135,-0.110,0.025,0.122,-0.080,-0.042,-0.010,-0.090,-0.035,-0.055,-0.090,-0.110
-0.139,-0.110,0.029,0.124,-0.084,-0.040,-0.010,-0.090,-0.035,-0.055,-0.090,-0.110
-0.141,-0.111,0.030,0.126,-0.086,-0.040,-0.010,-0.090,-0.036,-0.055,-0.090,-0.110
-0.138,-0.108,0.030,0.123,-0.084,-0.039,-0.010,-0.090,-0.033,-0.055,-0.090,-0.110
-0.134,-0.105,0.030,0.120,-0.082,-0.037,-0.010,-0.090,-0.030,-0.054,-0.090,-0.110
-0.135,-0.105,0.030,0.120,-0.082,-0.037,-0.010,-0.090,-0.030,-0.050,-0.090,-0.110
-0.139,-0.105,0.034,0.122,-0.086,-0.035,-0.010,-0.090,-0.030,-0.050,-0.090,-0.106
-0.140,-0.105,0.035,0.122,-0.087,-0.035,-0.010,-0.089,-0.030,-0.050,-0.090,-0.105
-0.140,-0.105,0.035,0.122,-0.087,-0.035,-0.010,-0.092,-0.030,-0.050,-0.090,-0.105
-0.140,-0.105,0.035,0.122,-0.087,-0.035,-0.010,-0.095,-0.030,-0.050,-0.090,-0.105
-0.140,-0.105,0.035,0.122,-0.087,-0.035,-0.010,-0.095,-0.030,-0.050,-0.090,-0.105
-0.136,-0.101,0.035,0.118,-0.085,-0.033,-0.010,-0.095,-0.030,-0.050,-0.090,-0.105
-0.135,-0.099,0.035,0.117,-0.085,-0.031,-0.010,-0.095,-0.030,-0.050,-0.090,-0.105
-0.134,-0.101,0.034,0.117,-0.084,-0.033,-0.010,-0.095,-0.030,-0.050,-0.090,-0.105
-0.128,-0.099,0.028,0.113,-0.078,-0.035,-0.010,-0.095,-0.030,-0.050,-0.090,-0.105
-0.125,-0.095,0.030,0.110,-0.077,-0.032,-0.010,-0.095,-0.030,-0.050,-0.090,-0.105
-0.146,-0.095,0.051,0.120,-0.098,-0.022,-0.010,-0.095,-0.030,-0.050,-0.090,-0.105
-0.149,-0.095,0.054,0.122,-0.101,-0.020,-0.010,-0.098,-0.030,-0.051,-0.090,-0.105
-0.144,-0.095,0.049,0.120,-0.096,-0.023,-0.010,-0.101,-0.030,-0.048,-0.090,-0.105
-0.145,-0.094,0.050,0.119,-0.097,-0.021,-0.010,-0.100,-0.030,-0.045,-0.090,-0.106
-0.140,-0.090,0.050,0.115,-0.095,-0.020,-0.010,-0.100,-0.030,-0.045,-0.090,-0.110
-0.136,-0.090,0.046,0.112,-0.091,-0.022,-0.010,-0.100,-0.030,-0.045,-0.090,-0.110
-0.135,-0.090,0.045,0.112,-0.090,-0.022,-0.010,-0.100,-0.030,-0.045,-0.090,-0.109
-0.135,-0.090,0.045,0.112,-0.090,-0.022,-0.010,-0.100,-0.030,-0.045,-0.090,-0.112
-0.134,-0.089,0.045,0.111,-0.090,-0.022,-0.010,-0.100,-0.030,-0.045,-0.090,-0.115
-0.130,-0.085,0.045,0.107,-0.087,-0.020,-0.010,-0.100,-0.030,-0.045,-0.090,-0.115
-0.125,-0.085,0.041,0.105,-0.083,-0.022,-0.010,-0.104,-0.030,-0.045,-0.090,-0.115
-0.125,-0.086,0.040,0.106,-0.082,-0.022,-0.010,-0.105,-0.030,-0.045,-0.090,-0.118
-0.123,-0.083,0.040,0.103,-0.081,-0.021,-0.010,-0.105,-0.030,-0.045,-0.090,-0.121
-0.120,-0.080,0.040,0.100,-0.080,-0.020,-0.010,-0.105,-0.030,-0.045,-0.090,-0.120
-0.120,-0.080,0.040,0.100,-0.080,-0.020,-0.010,-0.105,-0.030,-0.045,-0.090,-0.120
-0.116,-0.080,0.036,0.097,-0.076,-0.022,-0.014,-0.105,-0.034,-0.045,-0.090,-0.120
-0.115,-0.081,0.034,0.097,-0.075,-0.022,-0.015,-0.105,-0.036,-0.048,-0.093,-0.120
-0.114,-0.078,0.036,0.095,-0.074,-0.021,-0.015,-0.105,-0.034,-0.051,-0.096,-0.120
-0.109,-0.075,0.034,0.091,-0.071,-0.020,-0.015,-0.105,-0.036,-0.050,-0.095,-0.120
-0.105,-0.075,0.030,0.090,-0.067,-0.022,-0.015,-0.105,-0.040,-0.050,-0.095,-0.120
-0.105,-0.075,0.030,0.090,-0.067,-0.022,-0.019,-0.109,-0.040,-0.050,-0.095,-0.120
-0.104,-0.074,0.030,0.089,-0.067,-0.022,-0.020,-0.110,-0.039,-0.050,-0.095,-0.120
-0.107,-0.077,0.030,0.092,-0.069,-0.023,-0.020,-0.110,-0.042,-0.050,-0.095,-0.120
-0.110,-0.080,0.029,0.095,-0.069,-0.026,-0.020,-0.110,-0.045,-0.050,-0.095,-0.120
-0.105,-0.080,0.025,0.092,-0.065,-0.027,-0.020,-0.110,-0.045,-0.050,-0.095,-0.120
-0.105,-0.080,0.025,0.092,-0.065,-0.027,-0.024,-0.118,-0.045,-0.050,-0.095,-0.120
-0.104,-0.079,0.025,0.091,-0.064,-0.027,-0.025,-0.123,-0.044,-0.049,-0.095,-0.120
-0.109,-0.084,0.025,0.096,-0.067,-0.029,-0.025,-0.127,-0.047,-0.052,-0.095,-0.120
-0.116,-0.091,0.024,0.103,-0.070,-0.033,-0.025,-0.130,-0.050,-0.055,-0.095,-0.120
-0.115,-0.095,0.020,0.105,-0.067,-0.037,-0.025,-0.130,-0.050,-0.055,-0.095,-0.120
-0.119,-0.099,0.020,0.109,-0.069,-0.040,-0.025,-0.130,-0.050,-0.055,-0.099,-0.120
-0.121,-0.100,0.020,0.110,-0.070,-0.040,-0.028,-0.133,-0.050,-0.055,-0.100,-0.120
-0.120,-0.100,0.020,0.110,-0.070,-0.040,-0.031,-0.136,-0.050,-0.055,-0.100,-0.120
-0.120,-0.100,0.020,0.110,-0.070,-0.040,-0.030,-0.135,-0.051,-0.055,-0.100,-0.120
-0.120,-0.100,0.020,0.110,-0.070,-0.040,-0.030,-0.135,-0.055,-0.055,-0.100,-0.120
-0.116,-0.100,0.016,0.108,-0.066,-0.042,-0.030,-0.139,-0.055,-0.055,-0.100,-0.120
-0.114,-0.099,0.015,0.106,-0.064,-0.042,-0.033,-0.140,-0.055,-0.055,-0.100,-0.120
-0.117,-0.102,0.015,0.109,-0.066,-0.043,-0.036,-0.140,-0.055,-0.055,-0.100,-0.120
-0.120,-0.105,0.015,0.112,-0.067,-0.045,-0.035,-0.140,-0.055,-0.055,-0.100,-0.120
-0.120,-0.105,0.015,0.112,-0.067,-0.045,-0.035,-0.140,-0.055,-0.055,-0.100,-0.120
-0.120,-0.105,0.015,0.112,-0.067,-0.045,-0.035,-0.144,-0.055,-0.055,-0.100,-0.120
-0.121,-0.105,0.016,0.112,-0.068,-0.045,-0.034,-0.146,-0.055,-0.055,-0.100,-0.120
-0.118,-0.105,0.013,0.111,-0.065,-0.046,-0.037,-0.144,-0.055,-0.055,-0.100,-0.120
-0.114,-0.105,0.010,0.110,-0.061,-0.047,-0.040,-0.146,-0.055,-0.055,-0.099,-0.119
-0.115,-0.105,0.010,0.110,-0.062,-0.047,-0.040,-0.150,-0.055,-0.055,-0.095,-0.115
-0.119,-0.109,0.010,0.114,-0.065,-0.049,-0.044,-0.150,-0.055,-0.055,-0.095,-0.115
-0.120,-0.110,0.010,0.115,-0.065,-0.050,-0.045,-0.150,-0.055,-0.058,-0.095,-0.115
-0.120,-0.110,0.010,0.115,-0.065,-0.050,-0.045,-0.148,-0.057,-0.060,-0.095,-0.115
-0.119,-0.110,0.009,0.115,-0.064,-0.050,-0.045,-0.145,-0.069,-0.061,-0.095,-0.115
-0.115,-0.110,0.005,0.112,-0.060,-0.052,-0.045,-0.145,-0.085,-0.065,-0.095,-0.115
-0.115,-0.110,0.005,0.112,-0.060,-0.052,-0.045,-0.145,-0.082,-0.065,-0.095,-0.115
-0.115,-0.110,0.005,0.112,-0.060,-0.052,-0.045,-0.145,-0.079,-0.065,-0.095,-0.115
-0.115,-0.110,0.005,0.112,-0.060,-0.052,-0.045,-0.145,-0.080,-0.065,-0.095,-0.115
-0.115,-0.110,0.005,0.112,-0.060,-0.052,-0.045,-0.145,-0.080,-0.065,-0.095,-0.115
-0.115,-0.110,0.005,0.112,-0.060,-0.052,-0.045,-0.145,-0.080,-0.065,-0.095,-0.115
-0.114,-0.110,0.004,0.112,-0.059,-0.052,-0.045,-0.145,-0.080,-0.065,-0.095,-0.115
-0.121,-0.110,0.011,0.115,-0.066,-0.049,-0.045,-0.145,-0.077,-0.065,-0.095,-0.116
-0.127,-0.110,0.017,0.118,-0.072,-0.046,-0.045,-0.145,-0.074,-0.065,-0.095,-0.113
-0.132,-0.110,0.022,0.121,-0.077,-0.044,-0.045,-0.145,-0.075,-0.065,-0.095,-0.110
-0.140,-0.110,0.030,0.125,-0.085,-0.040,-0.045,-0.145,-0.075,-0.065,-0.095,-0.110
-0.145,-0.110,0.035,0.127,-0.090,-0.037,-0.045,-0.145,-0.075,-0.065,-0.095,-0.110
-0.142,-0.110,0.032,0.126,-0.087,-0.039,-0.045,-0.145,-0.075,-0.065,-0.095,-0.110
-0.139,-0.110,0.029,0.125,-0.084,-0.040,-0.045,-0.145,-0.075,-0.065,-0.095,-0.110
-0.140,-0.110,0.030,0.125,-0.085,-0.040,-0.045,-0.145,-0.074,-0.065,-0.095,-0.110
-0.140,-0.110,0.030,0.125,-0.085,-0.040,-0.045,-0.145,-0.070,-0.065,-0.095,-0.110
-0.144,-0.114,0.030,0.129,-0.086,-0.041,-0.045,-0.145,-0.070,-0.065,-0.095,-0.110
-0.148,-0.118,0.030,0.133,-0.089,-0.044,-0.045,-0.145,-0.070,-0.065,-0.095,-0.110
-0.152,-0.122,0.030,0.137,-0.091,-0.046,-0.045,-0.145,-0.070,-0.065,-0.095,-0.110
-0.156,-0.126,0.030,0.141,-0.093,-0.047,-0.045,-0.145,-0.070,-0.065,-0.095,-0.110
-0.160,-0.130,0.030,0.145,-0.095,-0.050,-0.045,-0.145,-0.070,-0.065,-0.095,-0.110
-0.160,-0.134,0.026,0.147,-0.093,-0.054,-0.045,-0.145,-0.066,-0.065,-0.093,-0.110
-0.160,-0.135,0.025,0.147,-0.092,-0.055,-0.045,-0.145,-0.065,-0.065,-0.108,-0.113
-0.160,-0.135,0.025,0.147,-0.092,-0.055,-0.045,-0.145,-0.065,-0.065,-0.115,-0.116
-0.160,-0.135,0.025,0.147,-0.092,-0.055,-0.045,-0.145,-0.065,-0.065,-0.109,-0.115
-0.160,-0.135,0.025,0.147,-0.092,-0.055,-0.045,-0.145,-0.065,-0.065,-0.110,-0.115
-0.160,-0.135,0.025,0.147,-0.092,-0.055,-0.041,-0.149,-0.065,-0.065,-0.110,-0.115
-0.160,-0.135,0.025,0.147,-0.092,-0.055,-0.040,-0.150,-0.065,-0.062,-0.110,-0.118
-0.160,-0.135,0.025,0.147,-0.092,-0.055,-0.040,-0.152,-0.065,-0.059,-0.110,-0.120
-0.160,-0.136,0.024,0.147,-0.092,-0.056,-0.040,-0.155,-0.065,-0.060,-0.110,-0.121
-0.160,-0.140,0.020,0.150,-0.090,-0.060,-0.040,-0.155,-0.065,-0.060,-0.110,-0.125
-0.160,-0.140,0.020,0.150,-0.090,-0.060,-0.040,-0.159,-0.065,-0.060,-0.110,-0.126
-0.160,-0.140,0.020,0.150,-0.090,-0.060,-0.040,-0.160,-0.065,-0.060,-0.107,-0.122
-0.160,-0.140,0.020,0.150,-0.090,-0.060,-0.040,-0.160,-0.065,-0.060,-0.104,-0.120
-0.160,-0.140,0.020,0.150,-0.090,-0.060,-0.040,-0.160,-0.065,-0.060,-0.105,-0.120
-0.160,-0.140,0.020,0.150,-0.090,-0.060,-0.040,-0.160,-0.065,-0.060,-0.105,-0.120
-0.160,-0.140,0.020,0.150,-0.090,-0.060,-0.040,-0.160,-0.065,-0.060,-0.105,-0.120
-0.159,-0.139,0.020,0.149,-0.090,-0.060,-0.040,-0.160,-0.065,-0.060,-0.105,-0.120
-0.162,-0.142,0.020,0.152,-0.091,-0.061,-0.040,-0.160,-0.065,-0.060,-0.105,-0.120
-0.165,-0.145,0.019,0.155,-0.091,-0.063,-0.040,-0.160,-0.065,-0.060,-0.105,-0.120
-0.160,-0.145,0.015,0.152,-0.087,-0.065,-0.040,-0.160,-0.065,-0.060,-0.105,-0.120
-0.160,-0.145,0.015,0.152,-0.087,-0.065,-0.040,-0.160,-0.065,-0.056,-0.101,-0.120
-0.160,-0.145,0.015,0.152,-0.087,-0.065,-0.040,-0.160,-0.065,-0.055,-0.100,-0.120
-0.160,-0.145,0.015,0.152,-0.087,-0.065,-0.040,-0.160,-0.065,-0.055,-0.100,-0.120
-0.159,-0.145,0.014,0.152,-0.086,-0.065,-0.040,-0.160,-0.065,-0.055,-0.100,-0.120
-0.155,-0.145,0.010,0.150,-0.082,-0.067,-0.040,-0.160,-0.065,-0.055,-0.100,-0.120
-0.155,-0.145,0.010,0.150,-0.082,-0.067,-0.040,-0.160,-0.065,-0.055,-0.100,-0.120
-0.156,-0.146,0.010,0.150,-0.082,-0.067,-0.040,-0.160,-0.065,-0.055,-0.100,-0.120
-0.153,-0.143,0.010,0.148,-0.082,-0.066,-0.040,-0.160,-0.065,-0.055,-0.100,-0.120
-0.149,-0.140,0.009,0.144,-0.079,-0.065,-0.040,-0.160,-0.065,-0.055,-0.100,-0.120
-0.145,-0.140,0.005,0.142,-0.075,-0.067,-0.040,-0.160,-0.065,-0.055,-0.100,-0.120
-0.145,-0.140,0.005,0.142,-0.075,-0.067,-0.040,-0.160,-0.065,-0.055,-0.096,-0.120
-0.145,-0.140,0.005,0.142,-0.075,-0.067,-0.041,-0.160,-0.065,-0.055,-0.094,-0.120
-0.145,-0.140,0.005,0.142,-0.075,-0.067,-0.038,-0.160,-0.065,-0.055,-0.096,-0.120
-0.145,-0.140,0.005,0.142,-0.075,-0.067,-0.035,-0.160,-0.065,-0.054,-0.094,-0.120
-0.145,-0.140,0.005,0.142,-0.075,-0.067,-0.035,-0.160,-0.065,-0.050,-0.090,-0.120
-0.141,-0.140,0.001,0.141,-0.071,-0.070,-0.035,-0.160,-0.065,-0.050,-0.090,-0.120
-0.137,-0.137,0.000,0.137,-0.068,-0.068,-0.035,-0.160,-0.065,-0.051,-0.091,-0.120
-0.134,-0.134,0.000,0.134,-0.067,-0.067,-0.035,-0.160,-0.065,-0.048,-0.088,-0.120
-0.135,-0.135,0.000,0.135,-0.067,-0.067,-0.035,-0.160,-0.065,-0.045,-0.085,-0.119
-0.135,-0.135,0.000,0.135,-0.067,-0.067,-0.035,-0.160,-0.065,-0.045,-0.085,-0.115
-0.131,-0.135,-0.004,0.133,-0.063,-0.069,-0.035,-0.160,-0.065,-0.045,-0.085,-0.115
-0.130,-0.135,-0.005,0.133,-0.062,-0.070,-0.032,-0.160,-0.065,-0.045,-0.082,-0.112
-0.130,-0.135,-0.005,0.133,-0.062,-0.070,-0.029,-0.160,-0.065,-0.043,-0.079,-0.109
-0.130,-0.135,-0.005,0.133,-0.062,-0.070,-0.030,-0.160,-0.065,-0.040,-0.080,-0.110
-0.130,-0.135,-0.005,0.133,-0.062,-0.070,-0.030,-0.160,-0.065,-0.040,-0.080,-0.110
-0.122,-0.127,-0.005,0.125,-0.058,-0.066,-0.030,-0.160,-0.065,-0.040,-0.076,-0.106
-0.117,-0.119,-0.002,0.118,-0.057,-0.060,-0.030,-0.161,-0.066,-0.037,-0.074,-0.105
-0.111,-0.110,0.001,0.110,-0.055,-0.054,-0.030,-0.157,-0.062,-0.035,-0.076,-0.103
-0.105,-0.105,0.000,0.105,-0.052,-0.052,-0.030,-0.148,-0.053,-0.035,-0.074,-0.099
-0.100,-0.100,0.000,0.100,-0.050,-0.050,-0.030,-0.140,-0.045,-0.035,-0.070,-0.100
-0.069,-0.069,0.000,0.069,-0.035,-0.035,-0.022,-0.132,-0.041,-0.036,-0.070,-0.101
-0.035,-0.035,0.000,0.035,-0.018,-0.018,-0.013,-0.124,-0.035,-0.030,-0.071,-0.095
-0.004,-0.004,0.000,0.004,-0.002,-0.002,-0.008,-0.116,-0.026,-0.021,-0.066,-0.085
0.028,0.027,0.000,-0.028,0.014,0.014,-0.003,-0.108,-0.019,-0.013,-0.059,-0.079
0.055,0.055,0.000,-0.055,0.027,0.027,0.005,-0.100,-0.015,-0.005,-0.055,-0.075
0.075,0.080,0.004,-0.078,0.035,0.042,0.013,-0.095,-0.011,0.003,-0.047,-0.067
0.093,0.098,0.005,-0.096,0.043,0.052,0.018,-0.095,-0.009,0.011,-0.042,-0.059
0.105,0.110,0.005,-0.108,0.050,0.058,0.022,-0.095,-0.011,0.018,-0.036,-0.052
0.111,0.116,0.005,-0.114,0.052,0.060,0.026,-0.095,-0.009,0.019,-0.028,-0.051
0.115,0.120,0.005,-0.118,0.055,0.062,0.030,-0.095,-0.005,0.015,-0.025,-0.055
0.128,0.133,0.005,-0.131,0.061,0.069,0.038,-0.095,-0.005,0.015,-0.029,-0.055
0.132,0.137,0.005,-0.135,0.063,0.071,0.044,-0.095,-0.005,0.015,-0.030,-0.055
0.142,0.147,0.005,-0.145,0.069,0.075,0.043,-0.095,-0.005,0.015,-0.030,-0.055
0.148,0.154,0.006,-0.152,0.071,0.080,0.040,-0.094,-0.004,0.015,-0.030,-0.055
0.130,0.140,0.010,-0.135,0.060,0.075,0.040,-0.090,0.000,0.015,-0.030,-0.055
0.121,0.132,0.010,-0.126,0.056,0.071,0.040,-0.090,0.000,0.015,-0.030,-0.055
0.114,0.124,0.010,-0.119,0.052,0.067,0.040,-0.090,-0.001,0.015,-0.031,-0.055
0.106,0.116,0.010,-0.111,0.048,0.063,0.040,-0.090,0.002,0.015,-0.028,-0.055
0.098,0.108,0.010,-0.103,0.044,0.059,0.040,-0.090,0.005,0.015,-0.025,-0.055
0.090,0.100,0.010,-0.095,0.040,0.055,0.040,-0.090,0.005,0.015,-0.025,-0.055
0.081,0.091,0.010,-0.086,0.036,0.050,0.040,-0.090,0.005,0.015,-0.025,-0.059
0.082,0.093,0.010,-0.087,0.036,0.051,0.040,-0.091,0.004,0.015,-0.022,-0.060
0.086,0.095,0.009,-0.091,0.038,0.052,0.040,-0.088,0.008,0.015,-0.019,-0.060
0.084,0.096,0.011,-0.090,0.036,0.053,0.040,-0.085,0.017,0.015,-0.020,-0.060
0.080,0.100,0.020,-0.090,0.030,0.060,0.040,-0.085,0.020,0.015,-0.020,-0.060
0.074,0.098,0.024,-0.087,0.025,0.061,0.048,-0.085,0.024,0.014,-0.016,-0.060
0.086,0.114,0.028,-0.100,0.029,0.070,0.055,-0.085,0.028,0.021,-0.015,-0.060
0.085,0.117,0.032,-0.101,0.026,0.075,0.053,-0.085,0.032,0.028,-0.015,-0.060
0.066,0.102,0.036,-0.085,0.015,0.069,0.050,-0.085,0.036,0.030,-0.015,-0.060
0.055,0.095,0.040,-0.075,0.007,0.067,0.050,-0.085,0.040,0.025,-0.015,-0.060
0.038,0.083,0.045,-0.061,-0.004,0.063,0.046,-0.081,0.036,0.021,-0.023,-0.059
0.033,0.075,0.042,-0.055,-0.004,0.059,0.045,-0.080,0.032,0.017,-0.031,-0.065
0.019,0.059,0.040,-0.039,-0.011,0.049,0.043,-0.080,0.028,0.015,-0.039,-0.074
-0.013,0.027,0.039,-0.007,-0.026,0.032,0.040,-0.080,0.025,0.014,-0.047,-0.083
-0.035,0.000,0.035,0.017,-0.035,0.017,0.040,-0.080,0.025,0.010,-0.055,-0.095
-0.044,-0.009,0.035,0.026,-0.039,0.012,0.036,-0.080,0.021,0.006,-0.063,-0.100
-0.048,-0.012,0.036,0.030,-0.042,0.012,0.035,-0.081,0.016,0.005,-0.068,-0.100
-0.052,-0.019,0.033,0.035,-0.042,0.007,0.033,-0.078,0.015,0.004,-0.072,-0.100
-0.056,-0.027,0.030,0.042,-0.043,0.001,0.030,-0.075,0.014,-0.001,-0.075,-0.100
-0.060,-0.030,0.030,0.045,-0.045,0.000,0.030,-0.075,0.010,-0.005,-0.075,-0.100
-0.056,-0.030,0.026,0.043,-0.041,-0.002,0.022,-0.075,0.005,-0.005,-0.075,-0.100
-0.054,-0.030,0.024,0.042,-0.039,-0.002,0.014,-0.075,0.006,-0.008,-0.074,-0.100
-0.056,-0.030,0.026,0.043,-0.041,-0.002,0.006,-0.075,0.001,-0.010,-0.077,-0.100
-0.053,-0.030,0.023,0.041,-0.038,-0.003,-0.002,-0.075,-0.006,-0.011,-0.080,-0.101
-0.045,-0.030,0.015,0.037,-0.030,-0.007,-0.010,-0.075,-0.010,-0.015,-0.080,-0.105
-0.042,-0.031,0.011,0.036,-0.026,-0.010,-0.018,-0.078,-0.018,-0.015,-0.080,-0.105
-0.031,-0.027,0.004,0.029,-0.018,-0.012,-0.027,-0.092,-0.023,-0.018,-0.080,-0.105
-0.037,-0.039,-0.002,0.038,-0.017,-0.021,-0.030,-0.107,-0.029,-0.020,-0.080,-0.105
-0.051,-0.058,-0.007,0.055,-0.022,-0.032,-0.040,-0.118,-0.036,-0.021,-0.081,-0.105
-0.045,-0.060,-0.015,0.053,-0.015,-0.037,-0.065,-0.130,-0.040,-0.025,-0.085,-0.105
-0.045,-0.064,-0.019,0.054,-0.012,-0.041,-0.074,-0.139,-0.044,-0.025,-0.085,-0.105
-0.043,-0.066,-0.023,0.055,-0.009,-0.044,-0.078,-0.143,-0.045,-0.028,-0.085,-0.104
-0.038,-0.063,-0.025,0.051,-0.006,-0.044,-0.082,-0.147,-0.045,-0.030,-0.085,-0.107
-0.043,-0.068,-0.025,0.056,-0.009,-0.047,-0.086,-0.150,-0.044,-0.031,-0.085,-0.110
-0.060,-0.085,-0.025,0.073,-0.017,-0.055,-0.090,-0.150,-0.045,-0.040,-0.085,-0.110
-0.065,-0.090,-0.025,0.078,-0.020,-0.057,-0.095,-0.153,-0.057,-0.045,-0.089,-0.110
-0.068,-0.092,-0.024,0.081,-0.021,-0.058,-0.092,-0.164,-0.065,-0.045,-0.091,-0.110
-0.071,-0.098,-0.027,0.084,-0.021,-0.062,-0.089,-0.174,-0.065,-0.045,-0.089,-0.110
-0.070,-0.100,-0.030,0.085,-0.020,-0.065,-0.090,-0.175,-0.066,-0.045,-0.091,-0.110
-0.070,-0.100,-0.030,0.085,-0.020,-0.065,-0.090,-0.175,-0.070,-0.045,-0.095,-0.110
-0.074,-0.104,-0.030,0.089,-0.022,-0.067,-0.090,-0.183,-0.070,-0.044,-0.095,-0.110
-0.075,-0.105,-0.030,0.090,-0.022,-0.067,-0.090,-0.188,-0.073,-0.054,-0.094,-0.110
-0.076,-0.107,-0.030,0.092,-0.023,-0.068,-0.090,-0.192,-0.077,-0.064,-0.099,-0.111
-0.081,-0.110,-0.029,0.096,-0.026,-0.070,-0.090,-0.195,-0.081,-0.065,-0.107,-0.118
-0.085,-0.110,-0.025,0.098,-0.030,-0.067,-0.090,-0.195,-0.085,-0.065,-0.110,-0.130
-0.090,-0.114,-0.025,0.102,-0.032,-0.069,-0.086,-0.195,-0.089,-0.069,-0.114,-0.135
-0.089,-0.114,-0.025,0.102,-0.032,-0.070,-0.085,-0.195,-0.093,-0.069,-0.118,-0.134
-0.093,-0.118,-0.025,0.106,-0.034,-0.072,-0.085,-0.195,-0.096,-0.073,-0.122,-0.138
-0.101,-0.126,-0.025,0.114,-0.038,-0.076,-0.085,-0.196,-0.095,-0.082,-0.125,-0.146
-0.105,-0.130,-0.025,0.118,-0.040,-0.077,-0.085,-0.200,-0.095,-0.085,-0.125,-0.150
-0.112,-0.138,-0.025,0.125,-0.043,-0.081,-0.085,-0.200,-0.099,-0.089,-0.129,-0.154
-0.125,-0.147,-0.022,0.136,-0.051,-0.084,-0.085,-0.200,-0.101,-0.091,-0.130,-0.155
-0.133,-0.152,-0.019,0.143,-0.056,-0.086,-0.085,-0.200,-0.100,-0.089,-0.130,-0.155
-0.136,-0.156,-0.020,0.146,-0.057,-0.088,-0.084,-0.200,-0.101,-0.091,-0.130,-0.154
-0.140,-0.160,-0.020,0.150,-0.060,-0.090,-0.080,-0.200,-0.105,-0.095,-0.130,-0.155
-0.144,-0.164,-0.020,0.154,-0.062,-0.092,-0.080,-0.196,-0.109,-0.095,-0.134,-0.172
-0.146,-0.166,-0.020,0.156,-0.062,-0.092,-0.080,-0.195,-0.113,-0.095,-0.135,-0.174
-0.143,-0.163,-0.020,0.153,-0.061,-0.091,-0.080,-0.195,-0.116,-0.093,-0.135,-0.169
-0.140,-0.160,-0.019,0.150,-0.061,-0.089,-0.080,-0.195,-0.114,-0.090,-0.135,-0.170
-0.145,-0.160,-0.015,0.153,-0.065,-0.087,-0.080,-0.195,-0.110,-0.090,-0.135,-0.170
-0.145,-0.160,-0.015,0.153,-0.065,-0.087,-0.080,-0.195,-0.110,-0.090,-0.135,-0.170
-0.145,-0.160,-0.015,0.153,-0.065,-0.087,-0.080,-0.195,-0.110,-0.090,-0.135,-0.171
-0.146,-0.161,-0.015,0.154,-0.065,-0.087,-0.080,-0.195,-0.110,-0.090,-0.135,-0.168
-0.144,-0.159,-0.015,0.152,-0.064,-0.086,-0.079,-0.195,-0.110,-0.090,-0.135,-0.165
-0.145,-0.160,-0.015,0.153,-0.065,-0.087,-0.075,-0.195,-0.110,-0.090,-0.135,-0.165
-0.166,-0.182,-0.015,0.175,-0.075,-0.098,-0.075,-0.195,-0.110,-0.090,-0.135,-0.165
-0.169,-0.181,-0.012,0.175,-0.078,-0.097,-0.075,-0.195,-0.110,-0.090,-0.135,-0.165
-0.164,-0.172,-0.008,0.168,-0.078,-0.089,-0.075,-0.195,-0.110,-0.090,-0.135,-0.165
-0.165,-0.169,-0.004,0.168,-0.081,-0.086,-0.074,-0.195,-0.110,-0.090,-0.135,-0.165
-0.165,-0.165,0.000,0.165,-0.082,-0.082,-0.070,-0.195,-0.110,-0.090,-0.135,-0.165
-0.165,-0.161,0.004,0.162,-0.084,-0.078,-0.070,-0.195,-0.110,-0.090,-0.135,-0.161
-0.165,-0.157,0.008,0.161,-0.086,-0.074,-0.070,-0.195,-0.111,-0.087,-0.135,-0.160
-0.165,-0.153,0.012,0.158,-0.088,-0.070,-0.070,-0.195,-0.108,-0.084,-0.135,-0.160
-0.166,-0.150,0.016,0.157,-0.091,-0.066,-0.069,-0.195,-0.105,-0.085,-0.135,-0.160
-0.170,-0.150,0.020,0.160,-0.095,-0.065,-0.065,-0.195,-0.105,-0.085,-0.135,-0.160
-0.170,-0.150,0.020,0.160,-0.095,-0.065,-0.065,-0.195,-0.105,-0.085,-0.135,-0.160
-0.170,-0.150,0.020,0.160,-0.095,-0.065,-0.065,-0.195,-0.105,-0.085,-0.135,-0.157
-0.170,-0.150,0.020,0.160,-0.095,-0.065,-0.065,-0.195,-0.105,-0.085,-0.135,-0.154
-0.170,-0.150,0.020,0.160,-0.095,-0.065,-0.065,-0.195,-0.105,-0.085,-0.135,-0.155
-0.170,-0.150,0.020,0.160,-0.095,-0.065,-0.065,-0.195,-0.105,-0.085,-0.135,-0.155
-0.174,-0.150,0.024,0.162,-0.099,-0.062,-0.061,-0.195,-0.105,-0.085,-0.135,-0.155
-0.175,-0.150,0.025,0.162,-0.100,-0.062,-0.060,-0.196,-0.105,-0.085,-0.136,-0.155
-0.175,-0.150,0.025,0.162,-0.100,-0.062,-0.060,-0.193,-0.105,-0.085,-0.133,-0.155
-0.175,-0.150,0.025,0.162,-0.100,-0.062,-0.060,-0.190,-0.105,-0.085,-0.130,-0.154
-0.175,-0.150,0.025,0.162,-0.100,-0.062,-0.060,-0.190,-0.105,-0.085,-0.130,-0.150
-0.175,-0.150,0.025,0.162,-0.100,-0.062,-0.056,-0.190,-0.105,-0.081,-0.126,-0.150
-0.172,-0.150,0.022,0.161,-0.097,-0.064,-0.055,-0.187,-0.102,-0.080,-0.124,-0.147
-0.170,-0.150,0.020,0.160,-0.095,-0.065,-0.055,-0.185,-0.100,-0.080,-0.126,-0.145
-0.169,-0.150,0.019,0.160,-0.094,-0.065,-0.055,-0.185,-0.099,-0.080,-0.124,-0.144
-0.165,-0.150,0.015,0.157,-0.090,-0.067,-0.055,-0.185,-0.095,-0.080,-0.120,-0.140
-0.165,-0.150,0.015,0.157,-0.090,-0.067,-0.055,-0.185,-0.095,-0.080,-0.120,-0.140
-0.162,-0.150,0.012,0.156,-0.087,-0.069,-0.052,-0.182,-0.092,-0.080,-0.121,-0.141
-0.158,-0.150,0.008,0.154,-0.083,-0.071,-0.047,-0.179,-0.090,-0.080,-0.118,-0.138
-0.162,-0.150,0.012,0.156,-0.087,-0.069,-0.045,-0.180,-0.089,-0.080,-0.115,-0.135
-0.175,-0.150,0.025,0.162,-0.100,-0.062,-0.045,-0.180,-0.085,-0.080,-0.115,-0.135
-0.185,-0.151,0.033,0.167,-0.109,-0.059,-0.041,-0.176,-0.085,-0.080,-0.115,-0.131
-0.181,-0.139,0.041,0.159,-0.111,-0.049,-0.036,-0.175,-0.082,-0.081,-0.112,-0.130
-0.169,-0.122,0.048,0.145,-0.109,-0.036,-0.036,-0.174,-0.080,-0.077,-0.109,-0.128
-0.165,-0.106,0.059,0.135,-0.112,-0.023,-0.033,-0.176,-0.079,-0.068,-0.110,-0.124
-0.170,-0.090,0.080,0.130,-0.125,-0.005,-0.020,-0.175,-0.070,-0.060,-0.110,-0.125
-0.172,-0.078,0.094,0.125,-0.133,0.008,-0.008,-0.140,-0.064,-0.051,-0.102,-0.126
-0.192,-0.068,0.124,0.130,-0.158,0.028,0.005,-0.103,-0.040,-0.050,-0.096,-0.117
-0.196,-0.063,0.134,0.129,-0.165,0.036,0.014,-0.064,-0.014,-0.030,-0.080,-0.104
-0.175,-0.059,0.116,0.117,-0.146,0.028,0.031,-0.001,0.015,0.009,-0.054,-0.092
-0.160,-0.055,0.105,0.107,-0.132,0.025,0.070,0.105,0.075,0.045,-0.030,-0.080
-0.139,-0.047,0.092,0.093,-0.115,0.022,0.116,0.247,0.160,0.097,-0.002,-0.068
-0.126,-0.041,0.084,0.083,-0.105,0.021,0.148,0.359,0.229,0.143,0.026,-0.053
-0.095,-0.038,0.057,0.066,-0.076,0.009,0.203,0.420,0.295,0.191,0.056,-0.039
-0.050,-0.033,0.017,0.041,-0.033,-0.008,0.240,0.434,0.358,0.242,0.096,-0.017
-0.010,-0.030,-0.020,0.020,0.005,-0.025,0.200,0.415,0.410,0.295,0.150,0.025
0.056,-0.030,-0.086,-0.013,0.072,-0.058,0.168,0.405,0.494,0.375,0.211,0.062
0.134,0.011,-0.123,-0.073,0.129,-0.056,0.119,0.365,0.567,0.445,0.267,0.094
0.234,0.064,-0.170,-0.149,0.202,-0.053,-0.020,0.238,0.620,0.523,0.343,0.160
0.338,0.125,-0.214,-0.231,0.275,-0.044,-0.236,0.020,0.657,0.610,0.438,0.252
0.415,0.220,-0.195,-0.317,0.305,0.012,-0.430,-0.195,0.700,0.695,0.530,0.335
0.495,0.310,-0.185,-0.402,0.340,0.062,-0.560,-0.301,0.812,0.825,0.647,0.435
0.607,0.423,-0.184,-0.515,0.395,0.120,-0.732,-0.455,0.909,0.964,0.788,0.566
0.699,0.541,-0.158,-0.620,0.428,0.191,-0.951,-0.601,1.043,1.126,0.943,0.698
0.780,0.591,-0.189,-0.685,0.484,0.201,-1.130,-0.649,1.187,1.265,1.070,0.795
0.900,0.525,-0.375,-0.712,0.637,0.075,-1.230,-0.645,1.210,1.285,1.110,0.840
1.003,0.397,-0.606,-0.700,0.804,-0.104,-1.334,-0.679,1.107,1.202,1.057,0.826
1.074,0.317,-0.757,-0.696,0.916,-0.220,-1.431,-0.761,0.911,1.058,1.000,0.808
1.022,0.257,-0.766,-0.640,0.894,-0.255,-1.499,-0.888,0.712,0.925,0.946,0.788
0.910,0.200,-0.710,-0.555,0.810,-0.255,-1.502,-0.993,0.561,0.835,0.886,0.765
0.850,0.185,-0.665,-0.517,0.757,-0.240,-1.430,-1.040,0.430,0.755,0.830,0.745
0.717,0.170,-0.547,-0.443,0.632,-0.189,-1.346,-1.128,0.271,0.648,0.759,0.696
0.582,0.110,-0.472,-0.346,0.526,-0.181,-1.264,-1.211,0.074,0.497,0.647,0.622
0.440,0.018,-0.421,-0.229,0.431,-0.201,-1.187,-1.358,-0.163,0.307,0.497,0.521
0.309,-0.062,-0.371,-0.123,0.341,-0.216,-1.119,-1.465,-0.372,0.132,0.353,0.417
0.245,-0.110,-0.355,-0.067,0.300,-0.232,-1.055,-1.395,-0.475,0.025,0.250,0.340
0.203,-0.135,-0.338,-0.034,0.270,-0.237,-0.972,-1.349,-0.509,-0.040,0.167,0.271
0.142,-0.152,-0.294,0.005,0.218,-0.223,-0.848,-1.226,-0.500,-0.106,0.104,0.210
0.085,-0.153,-0.238,0.034,0.162,-0.195,-0.733,-1.076,-0.484,-0.154,0.043,0.148
0.053,-0.143,-0.197,0.045,0.125,-0.170,-0.641,-0.953,-0.461,-0.165,-0.010,0.093
0.030,-0.140,-0.170,0.055,0.100,-0.155,-0.550,-0.820,-0.410,-0.155,-0.040,0.055
0.005,-0.137,-0.141,0.066,0.073,-0.139,-0.488,-0.703,-0.365,-0.146,-0.070,0.014
-0.008,-0.129,-0.121,0.069,0.057,-0.125,-0.432,-0.625,-0.330,-0.142,-0.078,-0.013
-0.012,-0.122,-0.111,0.067,0.050,-0.117,-0.367,-0.548,-0.302,-0.137,-0.089,-0.026
-0.025,-0.119,-0.094,0.072,0.034,-0.106,-0.289,-0.450,-0.271,-0.128,-0.108,-0.047
-0.055,-0.115,-0.060,0.085,0.003,-0.087,-0.210,-0.360,-0.230,-0.120,-0.110,-0.075
-0.080,-0.111,-0.031,0.096,-0.025,-0.070,-0.165,-0.307,-0.193,-0.116,-0.109,-0.088
-0.098,-0.110,-0.012,0.104,-0.043,-0.060,-0.121,-0.255,-0.166,-0.112,-0.116,-0.099
-0.113,-0.110,0.003,0.111,-0.058,-0.053,-0.084,-0.210,-0.144,-0.110,-0.123,-0.108
-0.129,-0.110,0.019,0.119,-0.074,-0.045,-0.059,-0.176,-0.127,-0.109,-0.125,-0.110
-0.145,-0.110,0.035,0.127,-0.090,-0.037,-0.035,-0.140,-0.120,-0.105,-0.125,-0.115
-0.154,-0.106,0.048,0.130,-0.100,-0.029,-0.018,-0.115,-0.112,-0.105,-0.125,-0.136
-0.159,-0.105,0.054,0.131,-0.106,-0.025,-0.006,-0.094,-0.107,-0.102,-0.125,-0.145
-0.160,-0.105,0.055,0.132,-0.107,-0.025,0.006,-0.080,-0.102,-0.100,-0.125,-0.145
-0.161,-0.105,0.056,0.133,-0.108,-0.025,0.018,-0.073,-0.093,-0.099,-0.125,-0.145
-0.165,-0.105,0.060,0.135,-0.112,-0.022,0.030,-0.065,-0.085,-0.095,-0.125,-0.145
-0.161,-0.101,0.061,0.131,-0.111,-0.020,0.035,-0.057,-0.081,-0.095,-0.125,-0.149
-0.156,-0.100,0.057,0.128,-0.107,-0.021,0.035,-0.049,-0.077,-0.092,-0.128,-0.150
-0.155,-0.100,0.055,0.127,-0.105,-0.022,0.035,-0.041,-0.073,-0.090,-0.131,-0.150
-0.155,-0.100,0.055,0.127,-0.105,-0.022,0.036,-0.034,-0.069,-0.089,-0.129,-0.149
-0.155,-0.100,0.055,0.127,-0.105,-0.022,0.040,-0.030,-0.065,-0.085,-0.125,-0.145
-0.155,-0.100,0.055,0.127,-0.105,-0.022,0.040,-0.022,-0.065,-0.085,-0.125,-0.145
-0.152,-0.097,0.055,0.124,-0.103,-0.021,0.039,-0.014,-0.063,-0.082,-0.126,-0.145
-0.149,-0.094,0.055,0.121,-0.102,-0.020,0.043,-0.006,-0.057,-0.080,-0.123,-0.145
-0.150,-0.095,0.055,0.122,-0.102,-0.020,0.052,0.002,-0.055,-0.079,-0.120,-0.144
-0.150,-0.095,0.055,0.122,-0.102,-0.020,0.060,0.010,-0.055,-0.075,-0.120,-0.140
-0.150,-0.095,0.055,0.122,-0.102,-0.020,0.064,0.018,-0.051,-0.075,-0.120,-0.140
-0.147,-0.092,0.055,0.119,-0.101,-0.018,0.069,0.023,-0.046,-0.072,-0.117,-0.140
-0.145,-0.089,0.055,0.117,-0.100,-0.016,0.070,0.029,-0.045,-0.069,-0.114,-0.140
-0.144,-0.090,0.054,0.117,-0.099,-0.018,0.071,0.036,-0.044,-0.070,-0.115,-0.139
-0.145,-0.090,0.055,0.117,-0.100,-0.017,0.075,0.040,-0.035,-0.070,-0.115,-0.135
-0.162,-0.090,0.072,0.125,-0.117,-0.008,0.074,0.044,-0.031,-0.066,-0.111,-0.135
-0.164,-0.091,0.074,0.127,-0.119,-0.008,0.081,0.046,-0.027,-0.064,-0.109,-0.135
-0.157,-0.088,0.069,0.123,-0.113,-0.009,0.088,0.060,-0.023,-0.066,-0.111,-0.135
-0.155,-0.085,0.070,0.120,-0.112,-0.007,0.091,0.078,-0.019,-0.064,-0.109,-0.135
-0.155,-0.085,0.070,0.120,-0.112,-0.007,0.095,0.080,-0.015,-0.060,-0.105,-0.135
-0.155,-0.085,0.070,0.120,-0.112,-0.007,0.095,0.084,-0.011,-0.060,-0.105,-0.131
-0.152,-0.086,0.067,0.119,-0.109,-0.009,0.098,0.089,-0.006,-0.061,-0.106,-0.130
-0.148,-0.083,0.064,0.115,-0.106,-0.009,0.100,0.090,-0.005,-0.058,-0.103,-0.130
-0.145,-0.080,0.065,0.112,-0.105,-0.007,0.101,0.091,-0.004,-0.055,-0.100,-0.130
-0.145,-0.080,0.065,0.112,-0.105,-0.007,0.105,0.100,0.000,-0.055,-0.100,-0.130
-0.145,-0.080,0.065,0.112,-0.105,-0.007,0.106,0.104,0.000,-0.055,-0.100,-0.126
-0.145,-0.080,0.066,0.112,-0.105,-0.007,0.102,0.107,0.003,-0.052,-0.097,-0.125
-0.144,-0.080,0.063,0.112,-0.103,-0.008,0.099,0.115,0.005,-0.048,-0.095,-0.125
-0.139,-0.079,0.060,0.109,-0.099,-0.010,0.101,0.129,0.005,-0.044,-0.095,-0.125
-0.135,-0.075,0.060,0.105,-0.097,-0.007,0.110,0.145,0.010,-0.040,-0.095,-0.125
-0.135,-0.075,0.060,0.105,-0.097,-0.007,0.118,0.153,0.014,-0.036,-0.095,-0.125
-0.136,-0.075,0.061,0.105,-0.098,-0.007,0.123,0.160,0.015,-0.032,-0.092,-0.122
-0.133,-0.075,0.058,0.104,-0.095,-0.008,0.127,0.157,0.016,-0.028,-0.090,-0.120
-0.129,-0.075,0.055,0.101,-0.091,-0.010,0.130,0.166,0.021,-0.024,-0.089,-0.119
-0.130,-0.075,0.055,0.102,-0.092,-0.010,0.130,0.195,0.025,-0.020,-0.085,-0.115
-0.135,-0.080,0.055,0.107,-0.095,-0.012,0.134,0.199,0.024,-0.016,-0.085,-0.115
-0.132,-0.077,0.055,0.104,-0.094,-0.010,0.134,0.210,0.036,-0.012,-0.086,-0.116
-0.146,-0.092,0.055,0.119,-0.101,-0.018,0.138,0.228,0.051,-0.008,-0.083,-0.113
-0.168,-0.112,0.056,0.139,-0.112,-0.027,0.147,0.236,0.056,-0.004,-0.080,-0.110
-0.165,-0.105,0.060,0.135,-0.112,-0.022,0.150,0.240,0.060,0.000,-0.080,-0.110
-0.165,-0.105,0.060,0.135,-0.112,-0.022,0.154,0.256,0.068,0.004,-0.080,-0.106
-0.162,-0.102,0.060,0.132,-0.111,-0.021,0.158,0.271,0.077,0.008,-0.077,-0.104
-0.160,-0.100,0.060,0.130,-0.110,-0.020,0.162,0.278,0.082,0.012,-0.074,-0.106
-0.159,-0.099,0.060,0.129,-0.110,-0.020,0.165,0.290,0.088,0.015,-0.075,-0.104
-0.155,-0.095,0.060,0.125,-0.107,-0.017,0.165,0.320,0.100,0.015,-0.075,-0.100
-0.155,-0.095,0.060,0.125,-0.107,-0.017,0.170,0.346,0.105,0.019,-0.071,-0.100
-0.155,-0.096,0.059,0.125,-0.107,-0.018,0.169,0.355,0.107,0.024,-0.069,-0.097
-0.155,-0.093,0.062,0.124,-0.108,-0.015,0.177,0.373,0.116,0.024,-0.071,-0.094
-0.155,-0.090,0.065,0.122,-0.110,-0.012,0.193,0.401,0.127,0.027,-0.069,-0.095
-0.155,-0.090,0.065,0.122,-0.110,-0.012,0.200,0.415,0.130,0.040,-0.060,-0.095
-0.151,-0.086,0.065,0.118,-0.107,-0.010,0.202,0.431,0.142,0.045,-0.056,-0.091
-0.150,-0.085,0.065,0.117,-0.107,-0.010,0.220,0.447,0.154,0.044,-0.053,-0.089
-0.148,-0.083,0.065,0.115,-0.106,-0.009,0.236,0.464,0.166,0.048,-0.046,-0.090
-0.145,-0.079,0.065,0.111,-0.105,-0.007,0.241,0.487,0.178,0.057,-0.039,-0.089
-0.145,-0.080,0.065,0.112,-0.105,-0.007,0.245,0.515,0.190,0.065,-0.035,-0.085
-0.145,-0.081,0.065,0.112,-0.105,-0.008,0.250,0.540,0.203,0.069,-0.031,-0.080
-0.143,-0.075,0.068,0.109,-0.105,-0.003,0.247,0.562,0.210,0.072,-0.024,-0.080
-0.136,-0.065,0.071,0.101,-0.103,0.003,0.260,0.592,0.223,0.081,-0.017,-0.078
-0.129,-0.059,0.070,0.094,-0.099,0.005,0.276,0.620,0.238,0.091,-0.014,-0.075
-0.125,-0.055,0.070,0.090,-0.097,0.007,0.275,0.635,0.245,0.095,-0.010,-0.075
-0.117,-0.047,0.070,0.082,-0.093,0.011,0.294,0.658,0.257,0.112,-0.006,-0.071
-0.108,-0.038,0.070,0.073,-0.089,0.015,0.312,0.685,0.266,0.118,-0.002,-0.066
-0.103,-0.033,0.070,0.068,-0.086,0.018,0.316,0.702,0.276,0.127,0.002,-0.065
-0.098,-0.028,0.070,0.063,-0.084,0.021,0.323,0.722,0.296,0.143,0.007,-0.064
-0.090,-0.020,0.070,0.055,-0.080,0.025,0.340,0.755,0.320,0.150,0.015,-0.060
-0.082,-0.012,0.070,0.047,-0.076,0.029,0.349,0.776,0.332,0.154,0.023,-0.061
-0.076,-0.003,0.073,0.039,-0.074,0.034,0.352,0.794,0.347,0.157,0.031,-0.054
-0.075,0.002,0.077,0.037,-0.076,0.039,0.362,0.818,0.361,0.167,0.039,-0.048
-0.074,0.007,0.081,0.033,-0.078,0.044,0.379,0.847,0.373,0.184,0.047,-0.043
-0.065,0.020,0.085,0.022,-0.075,0.052,0.390,0.870,0.390,0.195,0.055,-0.035
-0.057,0.028,0.086,0.014,-0.072,0.056,0.399,0.877,0.410,0.203,0.060,-0.031
-0.046,0.036,0.082,0.005,-0.064,0.059,0.403,0.898,0.429,0.210,0.061,-0.024
-0.036,0.044,0.080,-0.004,-0.058,0.062,0.409,0.916,0.436,0.222,0.073,-0.018
-0.026,0.052,0.079,-0.013,-0.052,0.065,0.416,0.922,0.444,0.239,0.088,-0.013
-0.020,0.060,0.080,-0.020,-0.050,0.070,0.420,0.935,0.465,0.250,0.090,-0.005
-0.041,0.067,0.107,-0.013,-0.074,0.087,0.425,0.957,0.470,0.259,0.089,-0.001
-0.014,0.085,0.099,-0.036,-0.057,0.092,0.423,0.958,0.470,0.261,0.095,0.006
-0.006,0.100,0.106,-0.047,-0.057,0.103,0.433,0.971,0.485,0.274,0.105,0.012
-0.025,0.107,0.133,-0.041,-0.079,0.120,0.446,0.992,0.511,0.294,0.119,0.017
-0.005,0.120,0.125,-0.058,-0.065,0.122,0.440,0.985,0.525,0.300,0.135,0.025
0.004,0.129,0.125,-0.067,-0.060,0.126,0.436,0.985,0.529,0.304,0.140,0.030
0.010,0.133,0.122,-0.072,-0.056,0.127,0.432,0.982,0.533,0.309,0.142,0.028
0.019,0.139,0.119,-0.079,-0.051,0.128,0.428,0.980,0.538,0.323,0.151,0.037
0.026,0.147,0.120,-0.087,-0.047,0.133,0.424,0.979,0.549,0.337,0.171,0.052
0.030,0.150,0.120,-0.090,-0.045,0.135,0.420,0.975,0.565,0.340,0.190,0.055
0.030,0.146,0.116,-0.088,-0.043,0.131,0.421,0.976,0.562,0.344,0.195,0.059
0.030,0.145,0.115,-0.088,-0.043,0.130,0.412,0.967,0.557,0.348,0.195,0.064
0.030,0.143,0.113,-0.087,-0.042,0.128,0.401,0.955,0.553,0.351,0.195,0.065
0.030,0.140,0.109,-0.085,-0.040,0.125,0.392,0.939,0.549,0.349,0.195,0.066
0.030,0.140,0.110,-0.085,-0.040,0.125,0.380,0.910,0.545,0.345,0.195,0.070
0.025,0.136,0.111,-0.080,-0.043,0.123,0.373,0.886,0.541,0.345,0.195,0.070
0.028,0.135,0.107,-0.082,-0.040,0.121,0.358,0.860,0.538,0.346,0.193,0.075
0.028,0.133,0.105,-0.081,-0.039,0.119,0.343,0.831,0.530,0.343,0.203,0.084
0.025,0.129,0.104,-0.078,-0.040,0.116,0.332,0.804,0.517,0.340,0.216,0.092
0.030,0.130,0.100,-0.080,-0.035,0.115,0.320,0.780,0.510,0.340,0.210,0.095
0.031,0.131,0.100,-0.081,-0.034,0.115,0.308,0.756,0.502,0.340,0.210,0.091
0.026,0.127,0.101,-0.076,-0.038,0.113,0.293,0.729,0.491,0.337,0.207,0.090
0.027,0.125,0.098,-0.076,-0.036,0.111,0.277,0.702,0.480,0.335,0.205,0.088
0.030,0.124,0.095,-0.077,-0.033,0.109,0.261,0.671,0.473,0.335,0.204,0.084
0.025,0.120,0.095,-0.073,-0.035,0.107,0.245,0.630,0.465,0.335,0.200,0.085
0.025,0.120,0.095,-0.073,-0.035,0.107,0.229,0.594,0.449,0.336,0.200,0.086
0.025,0.117,0.092,-0.071,-0.034,0.104,0.213,0.555,0.433,0.324,0.195,0.082
0.027,0.115,0.088,-0.071,-0.031,0.101,0.197,0.516,0.415,0.308,0.186,0.080
0.030,0.114,0.084,-0.073,-0.027,0.099,0.181,0.481,0.395,0.297,0.178,0.079
0.030,0.110,0.080,-0.070,-0.025,0.095,0.165,0.445,0.375,0.285,0.170,0.075
0.033,0.109,0.076,-0.072,-0.021,0.092,0.149,0.413,0.355,0.273,0.162,0.075
0.040,0.111,0.072,-0.076,-0.016,0.091,0.136,0.384,0.338,0.261,0.154,0.076
0.037,0.105,0.068,-0.071,-0.016,0.087,0.124,0.357,0.321,0.249,0.146,0.072
0.029,0.092,0.064,-0.061,-0.018,0.078,0.112,0.327,0.300,0.237,0.137,0.063
0.025,0.085,0.060,-0.055,-0.018,0.072,0.100,0.290,0.280,0.225,0.125,0.055
0.018,0.078,0.060,-0.048,-0.022,0.068,0.088,0.258,0.260,0.218,0.117,0.047
0.006,0.066,0.060,-0.036,-0.027,0.063,0.079,0.226,0.240,0.203,0.106,0.039
-0.004,0.055,0.060,-0.025,-0.032,0.058,0.071,0.193,0.222,0.189,0.096,0.031
-0.012,0.048,0.060,-0.018,-0.036,0.054,0.064,0.164,0.206,0.176,0.087,0.024
-0.020,0.040,0.060,-0.010,-0.040,0.050,0.060,0.145,0.190,0.160,0.075,0.020
-0.028,0.028,0.056,0.000,-0.042,0.042,0.052,0.129,0.174,0.148,0.067,0.012
-0.036,0.019,0.055,0.008,-0.046,0.037,0.043,0.113,0.158,0.136,0.059,0.004
-0.044,0.011,0.055,0.016,-0.050,0.033,0.038,0.097,0.142,0.124,0.051,-0.004
-0.052,0.003,0.055,0.024,-0.054,0.029,0.034,0.080,0.127,0.113,0.043,-0.012
-0.060,-0.005,0.055,0.032,-0.057,0.025,0.030,0.060,0.115,0.105,0.035,-0.020
-0.068,-0.013,0.055,0.040,-0.061,0.021,0.030,0.039,0.103,0.093,0.027,-0.028
-0.077,-0.021,0.056,0.049,-0.066,0.017,0.027,0.025,0.091,0.080,0.018,-0.033
-0.081,-0.028,0.053,0.054,-0.067,0.013,0.025,0.016,0.081,0.071,0.013,-0.037
-0.080,-0.030,0.050,0.055,-0.065,0.010,0.024,0.008,0.073,0.063,0.008,-0.040
-0.080,-0.030,0.050,0.055,-0.065,0.010,0.020,0.000,0.065,0.055,0.000,-0.040
-0.080,-0.030,0.050,0.055,-0.065,0.010,0.020,-0.012,0.057,0.051,-0.004,-0.044
-0.080,-0.030,0.050,0.055,-0.065,0.010,0.017,-0.021,0.049,0.047,-0.011,-0.047
-0.081,-0.030,0.050,0.055,-0.065,0.010,0.015,-0.029,0.041,0.043,-0.017,-0.058
-0.079,-0.030,0.049,0.054,-0.064,0.010,0.014,-0.037,0.033,0.039,-0.022,-0.072
-0.075,-0.030,0.045,0.052,-0.060,0.007,0.010,-0.045,0.025,0.035,-0.030,-0.075
-0.079,-0.034,0.045,0.056,-0.061,0.005,0.010,-0.053,0.017,0.031,-0.034,-0.075
-0.083,-0.038,0.045,0.060,-0.064,0.003,0.007,-0.061,0.012,0.024,-0.038,-0.075
-0.087,-0.042,0.045,0.064,-0.066,0.001,0.005,-0.068,0.008,0.017,-0.040,-0.075
-0.090,-0.045,0.045,0.067,-0.067,0.000,0.004,-0.070,0.004,0.014,-0.041,-0.076
-0.090,-0.045,0.045,0.067,-0.067,0.000,0.000,-0.070,0.000,0.010,-0.045,-0.080
-0.095,-0.050,0.045,0.072,-0.070,-0.002,0.000,-0.074,-0.004,0.006,-0.045,-0.080
-0.090,-0.048,0.042,0.069,-0.066,-0.003,-0.002,-0.075,-0.008,0.002,-0.048,-0.080
-0.097,-0.058,0.039,0.078,-0.068,-0.009,-0.008,-0.077,-0.012,-0.002,-0.052,-0.080
-0.111,-0.071,0.040,0.091,-0.076,-0.015,-0.010,-0.080,-0.015,-0.006,-0.056,-0.080
-0.105,-0.065,0.040,0.085,-0.072,-0.012,-0.010,-0.080,-0.015,-0.010,-0.060,-0.080
-0.105,-0.065,0.040,0.085,-0.072,-0.012,-0.014,-0.084,-0.019,-0.010,-0.061,-0.084
-0.105,-0.065,0.040,0.085,-0.072,-0.012,-0.018,-0.085,-0.021,-0.010,-0.057,-0.085
-0.105,-0.065,0.040,0.085,-0.072,-0.012,-0.021,-0.085,-0.019,-0.010,-0.054,-0.085
-0.105,-0.065,0.040,0.085,-0.072,-0.012,-0.019,-0.085,-0.021,-0.010,-0.055,-0.085
-0.105,-0.065,0.040,0.085,-0.072,-0.012,-0.015,-0.085,-0.025,-0.010,-0.055,-0.085
-0.101,-0.065,0.036,0.082,-0.068,-0.014,-0.015,-0.085,-0.025,-0.010,-0.055,-0.085
-0.100,-0.066,0.035,0.082,-0.067,-0.016,-0.015,-0.088,-0.028,-0.010,-0.055,-0.082
-0.098,-0.063,0.035,0.080,-0.066,-0.014,-0.015,-0.091,-0.030,-0.010,-0.055,-0.079
-0.095,-0.060,0.035,0.077,-0.065,-0.012,-0.015,-0.090,-0.030,-0.010,-0.055,-0.080
-0.095,-0.060,0.035,0.077,-0.065,-0.012,-0.015,-0.090,-0.030,-0.010,-0.055,-0.080
-0.095,-0.060,0.035,0.077,-0.065,-0.012,-0.015,-0.090,-0.026,-0.010,-0.055,-0.080
-0.095,-0.060,0.035,0.077,-0.065,-0.012,-0.015,-0.090,-0.025,-0.010,-0.055,-0.080
-0.095,-0.060,0.035,0.077,-0.065,-0.012,-0.015,-0.090,-0.025,-0.010,-0.055,-0.080
-0.094,-0.060,0.034,0.077,-0.064,-0.012,-0.015,-0.090,-0.025,-0.010,-0.055,-0.080
-0.090,-0.060,0.030,0.075,-0.060,-0.015,-0.015,-0.090,-0.025,-0.010,-0.055,-0.080
-0.090,-0.060,0.030,0.075,-0.060,-0.015,-0.015,-0.090,-0.025,-0.010,-0.055,-0.080
-0.087,-0.057,0.030,0.072,-0.058,-0.013,-0.016,-0.090,-0.025,-0.010,-0.055,-0.080
-0.084,-0.054,0.030,0.069,-0.057,-0.012,-0.013,-0.090,-0.025,-0.010,-0.055,-0.080
-0.085,-0.055,0.030,0.070,-0.057,-0.012,-0.010,-0.090,-0.024,-0.010,-0.055,-0.080
-0.085,-0.055,0.030,0.070,-0.057,-0.012,-0.010,-0.090,-0.020,-0.010,-0.055,-0.080
-0.085,-0.055,0.030,0.070,-0.057,-0.012,-0.010,-0.090,-0.020,-0.010,-0.055,-0.080
-0.085,-0.055,0.030,0.070,-0.057,-0.012,-0.010,-0.090,-0.020,-0.010,-0.055,-0.080
-0.084,-0.055,0.029,0.070,-0.056,-0.012,-0.010,-0.090,-0.020,-0.010,-0.055,-0.080
-0.086,-0.055,0.031,0.071,-0.058,-0.011,-0.010,-0.090,-0.020,-0.010,-0.055,-0.080
-0.095,-0.055,0.040,0.075,-0.067,-0.007,-0.010,-0.090,-0.020,-0.010,-0.055,-0.080
-0.100,-0.055,0.045,0.077,-0.072,-0.005,-0.010,-0.090,-0.020,-0.010,-0.055,-0.080
-0.097,-0.052,0.045,0.074,-0.071,-0.003,-0.010,-0.090,-0.021,-0.007,-0.055,-0.080
-0.094,-0.049,0.045,0.071,-0.070,-0.002,-0.010,-0.090,-0.018,-0.004,-0.055,-0.080
-0.095,-0.050,0.045,0.072,-0.070,-0.002,-0.010,-0.090,-0.015,-0.005,-0.056,-0.080
-0.095,-0.050,0.045,0.072,-0.070,-0.002,-0.010,-0.090,-0.015,-0.005,-0.060,-0.080
-0.093,-0.050,0.043,0.071,-0.068,-0.003,-0.010,-0.090,-0.015,-0.005,-0.060,-0.080
-0.112,-0.051,0.061,0.081,-0.086,0.005,-0.013,-0.090,-0.015,-0.006,-0.060,-0.080
-0.119,-0.048,0.071,0.083,-0.095,0.011,-0.016,-0.090,-0.015,-0.003,-0.060,-0.080
-0.109,-0.045,0.064,0.076,-0.086,0.010,-0.015,-0.090,-0.015,0.000,-0.060,-0.079
-0.110,-0.045,0.065,0.077,-0.087,0.010,-0.015,-0.090,-0.015,0.000,-0.060,-0.075
-0.110,-0.045,0.065,0.077,-0.087,0.010,-0.015,-0.090,-0.015,0.000,-0.060,-0.075
-0.110,-0.045,0.065,0.077,-0.087,0.010,-0.015,-0.090,-0.016,0.000,-0.060,-0.075
-0.110,-0.045,0.065,0.077,-0.087,0.010,-0.015,-0.090,-0.013,0.000,-0.060,-0.075
-0.110,-0.045,0.065,0.077,-0.087,0.010,-0.015,-0.090,-0.010,0.000,-0.060,-0.075
-0.110,-0.045,0.065,0.077,-0.087,0.010,-0.015,-0.090,-0.010,0.000,-0.060,-0.075
-0.106,-0.041,0.065,0.073,-0.085,0.012,-0.019,-0.090,-0.010,0.004,-0.060,-0.075
-0.105,-0.040,0.065,0.072,-0.085,0.012,-0.020,-0.090,-0.010,0.005,-0.060,-0.075
-0.105,-0.040,0.065,0.072,-0.085,0.012,-0.020,-0.090,-0.010,0.005,-0.060,-0.075
-0.105,-0.040,0.065,0.072,-0.085,0.012,-0.020,-0.090,-0.010,0.005,-0.060,-0.075
-0.105,-0.040,0.065,0.072,-0.085,0.012,-0.020,-0.090,-0.010,0.005,-0.060,-0.075
-0.106,-0.040,0.065,0.073,-0.086,0.012,-0.020,-0.090,-0.010,0.005,-0.060,-0.075
-0.099,-0.037,0.062,0.068,-0.080,0.012,-0.020,-0.090,-0.010,0.008,-0.060,-0.075
-0.094,-0.034,0.059,0.064,-0.076,0.012,-0.020,-0.090,-0.010,0.011,-0.060,-0.075
-0.095,-0.035,0.060,0.065,-0.077,0.012,-0.021,-0.090,-0.010,0.010,-0.060,-0.075
-0.095,-0.035,0.060,0.065,-0.077,0.012,-0.025,-0.090,-0.010,0.010,-0.060,-0.075
-0.095,-0.035,0.060,0.065,-0.077,0.012,-0.025,-0.090,-0.010,0.010,-0.060,-0.075
-0.095,-0.035,0.060,0.065,-0.077,0.012,-0.025,-0.089,-0.010,0.010,-0.060,-0.075
-0.095,-0.035,0.060,0.065,-0.077,0.012,-0.025,-0.094,-0.010,0.010,-0.060,-0.075
-0.094,-0.034,0.060,0.064,-0.077,0.012,-0.025,-0.101,-0.010,0.009,-0.060,-0.075
-0.090,-0.030,0.060,0.060,-0.075,0.015,-0.025,-0.105,-0.010,0.005,-0.060,-0.075
-0.090,-0.030,0.060,0.060,-0.075,0.015,-0.025,-0.109,-0.010,0.005,-0.060,-0.075
-0.090,-0.030,0.060,0.060,-0.075,0.015,-0.025,-0.110,-0.010,0.006,-0.060,-0.075
-0.090,-0.030,0.060,0.060,-0.075,0.015,-0.025,-0.110,-0.010,0.003,-0.060,-0.075
-0.090,-0.030,0.060,0.060,-0.075,0.015,-0.026,-0.110,-0.010,0.000,-0.060,-0.075
-0.090,-0.030,0.060,0.060,-0.075,0.015,-0.030,-0.110,-0.010,0.000,-0.060,-0.075
-0.086,-0.030,0.056,0.057,-0.071,0.013,-0.030,-0.110,-0.010,0.000,-0.060,-0.075
-0.085,-0.031,0.055,0.057,-0.070,0.011,-0.030,-0.110,-0.010,0.001,-0.060,-0.078
-0.083,-0.028,0.055,0.055,-0.069,0.013,-0.030,-0.112,-0.010,-0.002,-0.060,-0.081
-0.080,-0.025,0.055,0.052,-0.067,0.015,-0.031,-0.116,-0.010,-0.005,-0.060,-0.080
-0.080,-0.025,0.055,0.052,-0.067,0.015,-0.035,-0.115,-0.010,-0.005,-0.060,-0.080
-0.080,-0.025,0.055,0.052,-0.067,0.015,-0.035,-0.113,-0.014,-0.005,-0.060,-0.080
-0.080,-0.025,0.055,0.052,-0.067,0.015,-0.035,-0.127,-0.018,-0.005,-0.060,-0.080
-0.080,-0.025,0.055,0.052,-0.067,0.015,-0.035,-0.139,-0.022,-0.007,-0.060,-0.080
-0.080,-0.025,0.055,0.052,-0.067,0.015,-0.035,-0.140,-0.026,-0.010,-0.060,-0.081
-0.080,-0.025,0.055,0.052,-0.067,0.015,-0.035,-0.140,-0.030,-0.010,-0.060,-0.085
-0.080,-0.025,0.055,0.052,-0.067,0.015,-0.039,-0.140,-0.030,-0.010,-0.060,-0.085
-0.077,-0.022,0.055,0.049,-0.066,0.016,-0.040,-0.140,-0.030,-0.013,-0.060,-0.085
-0.075,-0.019,0.055,0.047,-0.065,0.017,-0.040,-0.140,-0.030,-0.015,-0.060,-0.085
-0.074,-0.020,0.054,0.047,-0.064,0.017,-0.040,-0.140,-0.030,-0.015,-0.060,-0.085
-0.070,-0.020,0.050,0.045,-0.060,0.015,-0.040,-0.140,-0.030,-0.015,-0.060,-0.085
-0.070,-0.020,0.050,0.045,-0.060,0.015,-0.040,-0.140,-0.034,-0.015,-0.060,-0.085
-0.070,-0.020,0.050,0.045,-0.060,0.015,-0.040,-0.140,-0.039,-0.018,-0.060,-0.088
-0.070,-0.020,0.050,0.045,-0.060,0.015,-0.040,-0.140,-0.040,-0.021,-0.060,-0.091
-0.070,-0.020,0.050,0.045,-0.060,0.015,-0.040,-0.140,-0.040,-0.020,-0.060,-0.090
-0.070,-0.020,0.050,0.045,-0.060,0.015,-0.040,-0.140,-0.040,-0.020,-0.060,-0.090
-0.070,-0.020,0.050,0.045,-0.060,0.015,-0.040,-0.140,-0.040,-0.020,-0.060,-0.090
-0.067,-0.017,0.050,0.042,-0.058,0.016,-0.040,-0.140,-0.040,-0.023,-0.060,-0.090
-0.064,-0.014,0.050,0.039,-0.057,0.017,-0.040,-0.140,-0.040,-0.026,-0.060,-0.090
-0.065,-0.015,0.050,0.040,-0.057,0.017,-0.040,-0.140,-0.040,-0.025,-0.060,-0.089
-0.065,-0.015,0.050,0.040,-0.057,0.017,-0.040,-0.140,-0.040,-0.025,-0.060,-0.085
-0.065,-0.015,0.050,0.040,-0.057,0.017,-0.040,-0.144,-0.040,-0.025,-0.060,-0.085
-0.063,-0.015,0.048,0.039,-0.055,0.016,-0.040,-0.145,-0.039,-0.025,-0.060,-0.085
-0.073,-0.015,0.058,0.044,-0.065,0.021,-0.040,-0.145,-0.042,-0.025,-0.060,-0.085
-0.086,-0.015,0.071,0.050,-0.078,0.028,-0.040,-0.145,-0.045,-0.025,-0.060,-0.085
-0.080,-0.015,0.065,0.047,-0.072,0.025,-0.040,-0.145,-0.045,-0.025,-0.060,-0.085
-0.080,-0.015,0.065,0.047,-0.072,0.025,-0.040,-0.145,-0.045,-0.025,-0.060,-0.085
-0.080,-0.015,0.065,0.047,-0.072,0.025,-0.040,-0.145,-0.045,-0.025,-0.060,-0.086
-0.080,-0.015,0.065,0.047,-0.072,0.025,-0.040,-0.145,-0.045,-0.025,-0.060,-0.083
-0.080,-0.015,0.065,0.047,-0.072,0.025,-0.040,-0.145,-0.045,-0.025,-0.060,-0.080
-0.080,-0.015,0.065,0.047,-0.072,0.025,-0.040,-0.145,-0.045,-0.025,-0.060,-0.080
-0.080,-0.015,0.065,0.047,-0.072,0.025,-0.040,-0.145,-0.045,-0.029,-0.060,-0.080
-0.080,-0.015,0.065,0.047,-0.072,0.025,-0.040,-0.145,-0.045,-0.030,-0.060,-0.080
-0.080,-0.015,0.065,0.047,-0.072,0.025,-0.040,-0.145,-0.045,-0.030,-0.060,-0.080
-0.080,-0.015,0.065,0.047,-0.072,0.025,-0.040,-0.145,-0.046,-0.030,-0.060,-0.080
-0.080,-0.015,0.065,0.047,-0.072,0.025,-0.040,-0.145,-0.050,-0.030,-0.060,-0.080
-0.080,-0.015,0.065,0.047,-0.072,0.025,-0.040,-0.145,-0.050,-0.030,-0.060,-0.080
-0.080,-0.015,0.065,0.047,-0.072,0.025,-0.040,-0.145,-0.050,-0.030,-0.060,-0.077
-0.080,-0.015,0.065,0.047,-0.072,0.025,-0.040,-0.145,-0.050,-0.030,-0.060,-0.074
-0.080,-0.015,0.065,0.047,-0.072,0.025,-0.039,-0.145,-0.050,-0.030,-0.060,-0.075
-0.080,-0.015,0.065,0.047,-0.072,0.025,-0.035,-0.145,-0.050,-0.030,-0.060,-0.075
-0.080,-0.015,0.065,0.047,-0.072,0.025,-0.035,-0.145,-0.050,-0.030,-0.060,-0.075
-0.080,-0.015,0.065,0.047,-0.072,0.025,-0.035,-0.145,-0.050,-0.030,-0.060,-0.075
-0.080,-0.015,0.065,0.047,-0.072,0.025,-0.035,-0.145,-0.050,-0.030,-0.060,-0.075
-0.081,-0.016,0.065,0.048,-0.072,0.025,-0.035,-0.145,-0.050,-0.029,-0.060,-0.075
-0.085,-0.020,0.065,0.052,-0.075,0.022,-0.035,-0.145,-0.050,-0.025,-0.060,-0.075
-0.085,-0.020,0.065,0.052,-0.075,0.022,-0.035,-0.145,-0.054,-0.025,-0.060,-0.075
-0.085,-0.020,0.065,0.052,-0.075,0.022,-0.035,-0.144,-0.055,-0.025,-0.063,-0.078
-0.085,-0.020,0.065,0.052,-0.075,0.022,-0.035,-0.147,-0.055,-0.025,-0.066,-0.080
-0.085,-0.020,0.065,0.052,-0.075,0.022,-0.035,-0.150,-0.055,-0.025,-0.065,-0.081
-0.085,-0.020,0.065,0.052,-0.075,0.022,-0.035,-0.150,-0.055,-0.025,-0.065,-0.085
-0.090,-0.024,0.065,0.056,-0.077,0.021,-0.035,-0.150,-0.055,-0.025,-0.065,-0.085
-0.087,-0.025,0.062,0.056,-0.074,0.018,-0.035,-0.150,-0.055,-0.025,-0.065,-0.088
-0.084,-0.025,0.059,0.055,-0.071,0.017,-0.035,-0.150,-0.055,-0.025,-0.065,-0.091
-0.085,-0.025,0.060,0.055,-0.072,0.017,-0.035,-0.150,-0.055,-0.025,-0.065,-0.089
-0.085,-0.025,0.060,0.055,-0.072,0.017,-0.035,-0.150,-0.055,-0.025,-0.065,-0.085
-0.085,-0.025,0.060,0.055,-0.072,0.017,-0.035,-0.150,-0.055,-0.025,-0.065,-0.085
-0.082,-0.025,0.057,0.053,-0.069,0.016,-0.035,-0.150,-0.052,-0.026,-0.065,-0.085
-0.079,-0.025,0.054,0.052,-0.066,0.015,-0.035,-0.150,-0.049,-0.023,-0.065,-0.085
-0.080,-0.025,0.055,0.052,-0.067,0.015,-0.035,-0.150,-0.050,-0.020,-0.065,-0.085
-0.080,-0.025,0.055,0.052,-0.067,0.015,-0.035,-0.150,-0.050,-0.020,-0.065,-0.085
-0.080,-0.025,0.055,0.052,-0.067,0.015,-0.035,-0.150,-0.050,-0.020,-0.065,-0.085
-0.077,-0.025,0.052,0.051,-0.064,0.013,-0.035,-0.153,-0.050,-0.020,-0.065,-0.085
-0.074,-0.025,0.049,0.050,-0.061,0.012,-0.035,-0.156,-0.050,-0.020,-0.065,-0.085
-0.075,-0.025,0.050,0.050,-0.062,0.012,-0.035,-0.155,-0.050,-0.020,-0.065,-0.085
-0.075,-0.025,0.050,0.050,-0.062,0.012,-0.035,-0.155,-0.050,-0.020,-0.065,-0.085
-0.075,-0.025,0.050,0.050,-0.062,0.012,-0.035,-0.155,-0.050,-0.020,-0.065,-0.085
-0.076,-0.025,0.051,0.050,-0.063,0.012,-0.038,-0.155,-0.050,-0.020,-0.065,-0.085
-0.073,-0.025,0.048,0.049,-0.060,0.011,-0.041,-0.155,-0.050,-0.020,-0.065,-0.085
-0.070,-0.025,0.045,0.047,-0.057,0.010,-0.040,-0.155,-0.050,-0.020,-0.065,-0.085
-0.070,-0.025,0.045,0.047,-0.057,0.010,-0.040,-0.155,-0.050,-0.020,-0.065,-0.085
-0.070,-0.025,0.045,0.047,-0.057,0.010,-0.040,-0.155,-0.050,-0.020,-0.065,-0.085
-0.071,-0.025,0.046,0.047,-0.058,0.010,-0.040,-0.155,-0.050,-0.020,-0.065,-0.085
-0.068,-0.025,0.043,0.046,-0.055,0.009,-0.040,-0.155,-0.050,-0.020,-0.065,-0.085
-0.065,-0.025,0.040,0.045,-0.052,0.007,-0.040,-0.155,-0.050,-0.020,-0.065,-0.085
-0.065,-0.025,0.040,0.045,-0.052,0.007,-0.040,-0.155,-0.050,-0.020,-0.065,-0.085
-0.065,-0.025,0.040,0.045,-0.052,0.007,-0.040,-0.151,-0.050,-0.020,-0.065,-0.085
-0.065,-0.025,0.040,0.045,-0.052,0.007,-0.039,-0.150,-0.050,-0.020,-0.065,-0.085
-0.065,-0.025,0.040,0.045,-0.052,0.007,-0.042,-0.150,-0.050,-0.020,-0.065,-0.085
-0.064,-0.025,0.039,0.045,-0.051,0.007,-0.045,-0.150,-0.050,-0.020,-0.065,-0.085
-0.060,-0.025,0.035,0.042,-0.047,0.005,-0.045,-0.150,-0.050,-0.020,-0.065,-0.085
-0.060,-0.025,0.035,0.042,-0.047,0.005,-0.045,-0.150,-0.050,-0.020,-0.065,-0.085
-0.060,-0.025,0.035,0.042,-0.047,0.005,-0.045,-0.150,-0.050,-0.020,-0.065,-0.082
-0.060,-0.025,0.035,0.042,-0.047,0.005,-0.045,-0.150,-0.050,-0.020,-0.065,-0.079
-0.059,-0.024,0.035,0.041,-0.047,0.005,-0.045,-0.150,-0.050,-0.020,-0.065,-0.080
-0.055,-0.020,0.035,0.037,-0.045,0.007,-0.045,-0.150,-0.050,-0.020,-0.065,-0.080
-0.053,-0.020,0.033,0.036,-0.043,0.006,-0.045,-0.150,-0.050,-0.020,-0.065,-0.080
-0.071,-0.020,0.051,0.045,-0.061,0.015,-0.045,-0.150,-0.050,-0.020,-0.065,-0.080
-0.081,-0.020,0.061,0.050,-0.071,0.020,-0.045,-0.150,-0.050,-0.020,-0.065,-0.080
-0.074,-0.020,0.054,0.046,-0.064,0.016,-0.044,-0.149,-0.050,-0.020,-0.065,-0.080
-0.075,-0.020,0.055,0.047,-0.065,0.017,-0.040,-0.145,-0.050,-0.020,-0.065,-0.080
-0.076,-0.020,0.056,0.047,-0.066,0.017,-0.040,-0.145,-0.050,-0.020,-0.065,-0.080
-0.072,-0.020,0.052,0.046,-0.062,0.016,-0.040,-0.145,-0.050,-0.020,-0.065,-0.080
-0.069,-0.020,0.049,0.045,-0.059,0.015,-0.040,-0.145,-0.050,-0.020,-0.065,-0.080
-0.070,-0.020,0.050,0.045,-0.060,0.015,-0.040,-0.145,-0.050,-0.020,-0.065,-0.080
-0.070,-0.020,0.050,0.045,-0.060,0.015,-0.040,-0.145,-0.050,-0.020,-0.065,-0.080
-0.067,-0.020,0.047,0.044,-0.057,0.014,-0.040,-0.145,-0.050,-0.020,-0.065,-0.080
-0.089,-0.020,0.069,0.054,-0.079,0.024,-0.040,-0.145,-0.050,-0.020,-0.065,-0.080
-0.103,-0.020,0.083,0.062,-0.093,0.032,-0.040,-0.145,-0.050,-0.020,-0.065,-0.080
-0.099,-0.020,0.079,0.060,-0.089,0.030,-0.040,-0.145,-0.050,-0.019,-0.065,-0.080
-0.100,-0.020,0.080,0.060,-0.090,0.030,-0.040,-0.145,-0.050,-0.015,-0.065,-0.080
-0.100,-0.020,0.080,0.060,-0.090,0.030,-0.040,-0.145,-0.050,-0.015,-0.065,-0.080
-0.100,-0.020,0.080,0.060,-0.090,0.030,-0.040,-0.146,-0.050,-0.015,-0.062,-0.080
-0.100,-0.020,0.080,0.060,-0.090,0.030,-0.040,-0.143,-0.050,-0.015,-0.059,-0.080
-0.100,-0.020,0.080,0.060,-0.090,0.030,-0.040,-0.140,-0.050,-0.015,-0.060,-0.080
-0.100,-0.020,0.080,0.060,-0.090,0.030,-0.040,-0.140,-0.050,-0.015,-0.060,-0.080
-0.100,-0.020,0.080,0.060,-0.090,0.030,-0.040,-0.140,-0.050,-0.015,-0.060,-0.080
-0.100,-0.020,0.080,0.060,-0.090,0.030,-0.040,-0.137,-0.050,-0.015,-0.060,-0.080
-0.100,-0.020,0.080,0.060,-0.090,0.030,-0.040,-0.135,-0.050,-0.015,-0.060,-0.080
-0.100,-0.020,0.080,0.060,-0.090,0.030,-0.040,-0.135,-0.050,-0.015,-0.060,-0.079
-0.100,-0.020,0.080,0.060,-0.090,0.030,-0.040,-0.135,-0.050,-0.015,-0.060,-0.075
-0.100,-0.020,0.080,0.060,-0.090,0.030,-0.040,-0.135,-0.050,-0.011,-0.056,-0.075
-0.097,-0.017,0.080,0.057,-0.088,0.031,-0.040,-0.132,-0.047,-0.010,-0.055,-0.076
-0.093,-0.013,0.080,0.053,-0.086,0.033,-0.040,-0.129,-0.043,-0.010,-0.055,-0.073
-0.089,-0.009,0.080,0.049,-0.084,0.035,-0.040,-0.130,-0.039,-0.010,-0.055,-0.070
-0.085,-0.005,0.080,0.045,-0.082,0.037,-0.040,-0.130,-0.035,-0.010,-0.055,-0.070
-0.081,-0.001,0.080,0.041,-0.080,0.039,-0.041,-0.126,-0.035,-0.010,-0.055,-0.070
-0.077,0.003,0.080,0.037,-0.079,0.041,-0.034,-0.125,-0.033,-0.010,-0.055,-0.067
-0.073,0.007,0.080,0.033,-0.077,0.043,-0.027,-0.125,-0.027,-0.010,-0.055,-0.064
-0.068,0.012,0.080,0.028,-0.074,0.046,-0.024,-0.125,-0.025,-0.010,-0.054,-0.065
-0.060,0.020,0.080,0.020,-0.070,0.050,-0.020,-0.125,-0.025,-0.010,-0.050,-0.065
-0.052,0.028,0.080,0.012,-0.066,0.054,-0.016,-0.117,-0.021,-0.011,-0.045,-0.065
-0.044,0.036,0.080,0.004,-0.062,0.058,-0.012,-0.109,-0.016,-0.004,-0.045,-0.062
-0.036,0.044,0.080,-0.004,-0.058,0.062,-0.008,-0.101,-0.015,0.003,-0.043,-0.057
-0.028,0.052,0.080,-0.012,-0.054,0.066,-0.003,-0.093,-0.014,0.006,-0.040,-0.055
-0.020,0.060,0.080,-0.020,-0.050,0.070,0.005,-0.085,-0.010,0.010,-0.040,-0.055
-0.017,0.069,0.087,-0.026,-0.052,0.078,0.009,-0.077,-0.006,0.018,-0.036,-0.051
-0.036,0.068,0.104,-0.016,-0.070,0.085,0.016,-0.068,-0.005,0.023,-0.031,-0.050
-0.046,0.064,0.110,-0.009,-0.079,0.087,0.022,-0.066,-0.004,0.027,-0.030,-0.049
-0.038,0.065,0.104,-0.014,-0.071,0.084,0.027,-0.071,0.001,0.031,-0.029,-0.044
-0.035,0.065,0.100,-0.015,-0.068,0.082,0.035,-0.070,0.005,0.035,-0.025,-0.040
-0.031,0.065,0.096,-0.018,-0.064,0.080,0.040,-0.070,0.005,0.035,-0.025,-0.040
-0.030,0.065,0.095,-0.018,-0.063,0.080,0.040,-0.070,0.005,0.035,-0.025,-0.040
-0.030,0.065,0.095,-0.018,-0.063,0.080,0.040,-0.070,0.005,0.035,-0.025,-0.040
-0.030,0.065,0.095,-0.018,-0.063,0.080,0.040,-0.070,0.005,0.035,-0.025,-0.040
-0.030,0.065,0.095,-0.018,-0.063,0.080,0.040,-0.070,0.005,0.035,-0.025,-0.040
-0.030,0.065,0.095,-0.018,-0.063,0.080,0.040,-0.070,0.005,0.035,-0.025,-0.040
-0.030,0.065,0.095,-0.018,-0.063,0.080,0.040,-0.070,0.005,0.035,-0.025,-0.040
-0.030,0.065,0.095,-0.018,-0.063,0.080,0.040,-0.070,0.005,0.035,-0.025,-0.040
-0.030,0.065,0.095,-0.018,-0.063,0.080,0.040,-0.070,0.005,0.035,-0.025,-0.040
-0.030,0.065,0.095,-0.018,-0.063,0.080,0.040,-0.070,0.005,0.035,-0.025,-0.040
-0.030,0.065,0.095,-0.018,-0.063,0.080,0.040,-0.070,0.005,0.035,-0.025,-0.040
-0.030,0.065,0.095,-0.018,-0.063,0.080,0.040,-0.070,0.005,0.035,-0.025,-0.040
-0.030,0.065,0.095,-0.018,-0.063,0.080,0.040,-0.070,0.005,0.035,-0.025,-0.040
-0.030,0.065,0.095,-0.018,-0.063,0.080,0.040,-0.070,0.005,0.035,-0.025,-0.040
-0.030,0.065,0.095,-0.018,-0.063,0.080,0.040,-0.070,0.005,0.035,-0.025,-0.040
-0.030,0.065,0.095,-0.018,-0.063,0.080,0.040,-0.070,0.005,0.035,-0.025,-0.040
-0.030,0.065,0.095,-0.018,-0.063,0.080,0.040,-0.070,0.005,0.035,-0.025,-0.040
-0.030,0.065,0.095,-0.018,-0.063,0.080,0.040,-0.070,0.005,0.035,-0.025,-0.040
-0.030,0.065,0.095,-0.018,-0.063,0.080,0.040,-0.070,0.005,0.035,-0.025,-0.040
-0.030,0.065,0.095,-0.018,-0.063,0.080,0.040,-0.070,0.005,0.035,-0.025,-0.040
-0.030,0.065,0.095,-0.018,-0.063,0.080,0.040,-0.070,0.005,0.035,-0.025,-0.040
-0.030,0.065,0.095,-0.018,-0.063,0.080,0.040,-0.070,0.005,0.035,-0.025,-0.040
-0.030,0.065,0.095,-0.018,-0.063,0.080,0.040,-0.070,0.005,0.035,-0.025,-0.040
-0.030,0.065,0.095,-0.018,-0.063,0.080,0.040,-0.070,0.005,0.035,-0.025,-0.040
-0.030,0.065,0.095,-0.018,-0.063,0.080,0.040,-0.070,0.005,0.035,-0.025,-0.040
-0.030,0.065,0.095,-0.018,-0.063,0.080,0.040,-0.070,0.005,0.035,-0.025,-0.040
-0.030,0.065,0.095,-0.018,-0.063,0.080,0.040,-0.070,0.005,0.035,-0.025,-0.040
-0.030,0.065,0.095,-0.018,-0.063,0.080,0.040,-0.070,0.005,0.035,-0.025,-0.040
-0.030,0.065,0.095,-0.018,-0.063,0.080,0.040,-0.070,0.005,0.035,-0.025,-0.040
-0.030,0.065,0.095,-0.018,-0.063,0.080,0.040,-0.070,0.005,0.035,-0.025,-0.040
-0.030,0.065,0.095,-0.018,-0.063,0.080,0.040,-0.070,0.005,0.035,-0.025,-0.040
-0.030,0.065,0.095,-0.018,-0.063,0.080,0.040,-0.070,0.005,0.035,-0.025,-0.040
-0.030,0.065,0.095,-0.018,-0.063,0.080,0.040,-0.070,0.005,0.035,-0.025,-0.040
-0.030,0.065,0.095,-0.018,-0.063,0.080,0.040,-0.070,0.005,0.035,-0.025,-0.040
-0.030,0.065,0.095,-0.018,-0.063,0.080,0.040,-0.070,0.005,0.035,-0.025,-0.040
-0.030,0.065,0.095,-0.018,-0.063,0.080,0.040,-0.070,0.005,0.035,-0.025,-0.040
-0.030,0.065,0.095,-0.018,-0.063,0.080,0.040,-0.070,0.005,0.035,-0.025,-0.040
-0.030,0.065,0.095,-0.018,-0.063,0.080,0.040,-0.070,0.005,0.035,-0.025,-0.040
-0.030,0.065,0.095,-0.018,-0.063,0.080,0.040,-0.070,0.005,0.035,-0.025,-0.040
-0.030,0.065,0.095,-0.018,-0.063,0.080,0.040,-0.070,0.005,0.035,-0.025,-0.040
-0.030,0.065,0.095,-0.018,-0.063,0.080,0.040,-0.070,0.005,0.035,-0.025,-0.040
-0.030,0.065,0.095,-0.018,-0.063,0.080,0.040,-0.070,0.005,0.035,-0.025,-0.040
-0.030,0.065,0.095,-0.018,-0.063,0.080,0.040,-0.070,0.005,0.035,-0.025,-0.040
-0.030,0.065,0.095,-0.018,-0.063,0.080,0.040,-0.070,0.005,0.035,-0.025,-0.040
-0.030,0.065,0.095,-0.018,-0.063,0.080,0.040,-0.070,0.005,0.035,-0.025,-0.040
-0.030,0.065,0.095,-0.018,-0.063,0.080,0.040,-0.070,0.005,0.035,-0.025,-0.040
-0.030,0.065,0.095,-0.018,-0.063,0.080,0.040,-0.070,0.005,0.035,-0.025,-0.040
-0.030,0.065,0.095,-0.018,-0.063,0.080,0.040,-0.070,0.005,0.035,-0.025,-0.040
-0.030,0.065,0.095,-0.018,-0.063,0.080,0.040,-0.070,0.005,0.035,-0.025,-0.040
-0.030,0.065,0.095,-0.018,-0.063,0.080,0.040,-0.070,0.005,0.035,-0.025,-0.040
-0.030,0.065,0.095,-0.018,-0.063,0.080,0.040,-0.070,0.005,0.035,-0.025,-0.040
-0.030,0.065,0.095,-0.018,-0.063,0.080,0.040,-0.070,0.005,0.035,-0.025,-0.040
-0.030,0.065,0.095,-0.018,-0.063,0.080,0.040,-0.070,0.005,0.035,-0.025,-0.040
-0.030,0.065,0.095,-0.018,-0.063,0.080,0.040,-0.070,0.005,0.035,-0.025,-0.040
