I,II,III,aVR,aVL,aVF,V1,V2,V3,V4,V5,V6
-0.125,0.160,0.285,-0.018,-0.205,0.222,-0.015,-0.060,-0.060,-0.075,-0.080,0.025
-0.125,0.160,0.285,-0.018,-0.205,0.222,-0.015,-0.060,-0.060,-0.075,-0.080,0.025
-0.125,0.160,0.285,-0.018,-0.205,0.222,-0.015,-0.060,-0.060,-0.075,-0.080,0.025
-0.125,0.160,0.285,-0.018,-0.205,0.222,-0.015,-0.060,-0.060,-0.075,-0.080,0.025
-0.125,0.160,0.285,-0.018,-0.205,0.222,-0.015,-0.060,-0.060,-0.075,-0.080,0.025
-0.125,0.160,0.285,-0.018,-0.205,0.222,-0.015,-0.060,-0.060,-0.075,-0.080,0.025
-0.125,0.156,0.281,-0.016,-0.203,0.218,-0.015,-0.060,-0.060,-0.075,-0.080,0.025
-0.128,0.152,0.280,-0.012,-0.204,0.216,-0.015,-0.060,-0.060,-0.075,-0.080,0.025
-0.131,0.147,0.278,-0.008,-0.205,0.213,-0.015,-0.060,-0.060,-0.075,-0.080,0.025
-0.129,0.145,0.274,-0.009,-0.202,0.210,-0.015,-0.060,-0.060,-0.075,-0.080,0.025
-0.125,0.150,0.275,-0.013,-0.200,0.212,-0.015,-0.060,-0.060,-0.075,-0.080,0.025
-0.125,0.150,0.275,-0.013,-0.200,0.212,-0.015,-0.060,-0.060,-0.075,-0.080,0.025
-0.122,0.150,0.272,-0.014,-0.197,0.211,-0.015,-0.060,-0.060,-0.075,-0.077,0.025
-0.119,0.150,0.269,-0.015,-0.194,0.210,-0.015,-0.060,-0.060,-0.075,-0.074,0.025
-0.120,0.150,0.270,-0.015,-0.195,0.210,-0.015,-0.061,-0.060,-0.075,-0.075,0.025
-0.120,0.150,0.270,-0.015,-0.195,0.210,-0.015,-0.065,-0.060,-0.075,-0.075,0.025
-0.115,0.151,0.266,-0.018,-0.190,0.208,-0.015,-0.065,-0.060,-0.075,-0.075,0.025
-0.120,0.144,0.264,-0.012,-0.193,0.204,-0.015,-0.065,-0.060,-0.075,-0.075,0.025
-0.143,0.123,0.266,0.009,-0.204,0.194,-0.015,-0.065,-0.060,-0.075,-0.075,0.025
-0.136,0.128,0.264,0.003,-0.200,0.196,-0.015,-0.065,-0.060,-0.075,-0.075,0.025
-0.085,0.175,0.260,-0.045,-0.173,0.217,-0.015,-0.065,-0.060,-0.075,-0.075,0.025
-0.087,0.174,0.260,-0.043,-0.173,0.217,-0.015,-0.065,-0.060,-0.075,-0.071,0.025
-0.091,0.166,0.257,-0.037,-0.175,0.211,-0.015,-0.065,-0.060,-0.075,-0.070,0.025
-0.091,0.163,0.254,-0.037,-0.173,0.209,-0.015,-0.065,-0.060,-0.075,-0.070,0.025
-0.096,0.159,0.255,-0.032,-0.176,0.207,-0.015,-0.065,-0.060,-0.075,-0.070,0.025
-0.100,0.155,0.255,-0.028,-0.178,0.205,-0.015,-0.065,-0.060,-0.075,-0.070,0.025
-0.100,0.151,0.251,-0.026,-0.175,0.201,-0.015,-0.065,-0.060,-0.075,-0.070,0.025
-0.102,0.147,0.249,-0.023,-0.176,0.198,-0.015,-0.064,-0.060,-0.075,-0.070,0.026
-0.109,0.142,0.251,-0.016,-0.180,0.195,-0.015,-0.067,-0.062,-0.077,-0.070,0.023
-0.117,0.133,0.249,-0.008,-0.183,0.191,-0.015,-0.070,-0.066,-0.081,-0.070,0.020
-0.120,0.125,0.245,-0.003,-0.183,0.185,-0.015,-0.070,-0.070,-0.080,-0.070,0.020
-0.123,0.121,0.244,0.000,-0.184,0.182,-0.007,-0.070,-0.074,-0.078,-0.072,0.020
-0.133,0.114,0.248,0.009,-0.191,0.181,-0.001,-0.070,-0.075,-0.093,-0.091,0.020
-0.130,0.106,0.236,0.012,-0.183,0.171,0.002,-0.070,-0.075,-0.100,-0.101,0.020
-0.136,0.098,0.235,0.019,-0.186,0.167,0.006,-0.071,-0.075,-0.094,-0.094,0.020
-0.170,0.095,0.265,0.037,-0.218,0.180,0.010,-0.075,-0.075,-0.095,-0.095,0.020
-0.153,0.109,0.262,0.022,-0.208,0.186,0.014,-0.075,-0.075,-0.095,-0.095,0.020
-0.091,0.168,0.259,-0.039,-0.175,0.213,0.019,-0.075,-0.075,-0.095,-0.095,0.020
-0.073,0.188,0.261,-0.057,-0.167,0.224,0.019,-0.075,-0.075,-0.095,-0.095,0.020
-0.108,0.151,0.259,-0.022,-0.183,0.205,0.014,-0.075,-0.075,-0.095,-0.095,0.020
-0.125,0.130,0.255,-0.003,-0.190,0.192,0.015,-0.075,-0.075,-0.095,-0.095,0.020
-0.133,0.122,0.255,0.005,-0.194,0.188,0.015,-0.075,-0.075,-0.095,-0.095,0.020
-0.142,0.114,0.256,0.014,-0.199,0.184,0.016,-0.075,-0.075,-0.095,-0.095,0.020
-0.145,0.108,0.253,0.019,-0.199,0.180,0.013,-0.075,-0.075,-0.095,-0.095,0.020
-0.155,0.095,0.250,0.030,-0.202,0.172,0.010,-0.075,-0.076,-0.095,-0.095,0.020
-0.160,0.090,0.250,0.035,-0.205,0.170,0.010,-0.075,-0.080,-0.095,-0.095,0.020
-0.106,0.144,0.250,-0.019,-0.179,0.197,0.010,-0.075,-0.080,-0.095,-0.095,0.020
-0.089,0.158,0.247,-0.035,-0.168,0.202,0.010,-0.075,-0.080,-0.095,-0.095,0.020
-0.099,0.145,0.244,-0.024,-0.172,0.195,0.010,-0.075,-0.080,-0.095,-0.095,0.020
-0.100,0.145,0.245,-0.023,-0.173,0.195,0.009,-0.075,-0.080,-0.095,-0.095,0.020
-0.100,0.145,0.245,-0.023,-0.173,0.195,0.005,-0.075,-0.080,-0.095,-0.095,0.020
-0.100,0.141,0.241,-0.020,-0.171,0.191,0.005,-0.075,-0.080,-0.095,-0.095,0.020
-0.099,0.140,0.239,-0.020,-0.169,0.190,0.005,-0.075,-0.080,-0.095,-0.095,0.020
-0.102,0.138,0.241,-0.018,-0.172,0.189,0.005,-0.075,-0.080,-0.095,-0.095,0.020
-0.104,0.135,0.239,-0.015,-0.172,0.186,0.005,-0.075,-0.080,-0.095,-0.095,0.020
-0.100,0.135,0.235,-0.018,-0.168,0.185,0.005,-0.075,-0.080,-0.095,-0.095,0.020
-0.103,0.131,0.235,-0.015,-0.169,0.183,0.001,-0.074,-0.080,-0.095,-0.095,0.016
-0.109,0.126,0.236,-0.009,-0.173,0.181,0.000,-0.078,-0.079,-0.095,-0.095,0.015
-0.108,0.125,0.233,-0.009,-0.171,0.179,-0.002,-0.064,-0.082,-0.095,-0.095,0.013
-0.105,0.124,0.230,-0.009,-0.168,0.176,-0.005,-0.060,-0.085,-0.095,-0.095,0.010
-0.110,0.120,0.230,-0.005,-0.170,0.175,-0.005,-0.095,-0.085,-0.095,-0.095,0.010
-0.109,0.120,0.230,-0.006,-0.169,0.175,-0.009,-0.097,-0.085,-0.099,-0.099,0.006
-0.116,0.117,0.232,0.000,-0.174,0.174,-0.010,-0.094,-0.088,-0.100,-0.101,0.005
-0.106,0.116,0.222,-0.005,-0.165,0.168,-0.012,-0.095,-0.091,-0.100,-0.099,0.003
-0.114,0.113,0.227,0.001,-0.171,0.170,-0.015,-0.095,-0.090,-0.100,-0.101,0.000
-0.160,0.110,0.270,0.025,-0.215,0.190,-0.015,-0.095,-0.090,-0.100,-0.105,0.000
-0.134,0.143,0.276,-0.005,-0.205,0.209,-0.019,-0.095,-0.094,-0.100,-0.105,-0.004
-0.118,0.157,0.274,-0.020,-0.196,0.215,-0.020,-0.095,-0.096,-0.101,-0.104,-0.005
-0.121,0.154,0.275,-0.017,-0.199,0.215,-0.022,-0.095,-0.095,-0.097,-0.107,-0.006
-0.120,0.155,0.275,-0.018,-0.198,0.215,-0.025,-0.095,-0.096,-0.088,-0.110,-0.011
-0.120,0.155,0.275,-0.018,-0.198,0.215,-0.025,-0.095,-0.095,-0.080,-0.110,-0.015
-0.116,0.159,0.275,-0.022,-0.196,0.216,-0.029,-0.095,-0.083,-0.076,-0.110,-0.019
-0.113,0.162,0.275,-0.025,-0.194,0.218,-0.031,-0.096,-0.073,-0.069,-0.111,-0.025
-0.121,0.154,0.275,-0.017,-0.198,0.214,-0.026,-0.092,-0.067,-0.061,-0.107,-0.020
-0.105,0.170,0.275,-0.033,-0.190,0.222,-0.018,-0.083,-0.057,-0.053,-0.098,-0.007
-0.075,0.200,0.275,-0.063,-0.175,0.237,-0.015,-0.075,-0.045,-0.050,-0.090,0.000
-0.135,0.140,0.275,-0.003,-0.205,0.207,-0.011,-0.071,-0.037,-0.067,-0.082,0.008
-0.091,0.185,0.276,-0.047,-0.184,0.230,-0.004,-0.064,-0.028,-0.069,-0.074,0.016
-0.037,0.235,0.272,-0.100,-0.155,0.254,0.003,-0.056,-0.026,-0.064,-0.066,0.024
-0.046,0.216,0.262,-0.085,-0.154,0.239,0.006,-0.048,-0.031,-0.065,-0.058,0.032
-0.045,0.215,0.260,-0.085,-0.153,0.237,0.010,-0.045,-0.030,-0.065,-0.050,0.040
-0.061,0.216,0.277,-0.077,-0.170,0.246,0.018,-0.049,-0.030,-0.061,-0.045,0.044
-0.066,0.212,0.279,-0.073,-0.173,0.245,0.026,-0.051,-0.030,-0.059,-0.045,0.045
-0.051,0.208,0.259,-0.078,-0.155,0.233,0.033,-0.050,-0.030,-0.060,-0.043,0.044
-0.066,0.204,0.271,-0.069,-0.169,0.237,0.043,-0.050,-0.030,-0.059,-0.040,0.046
-0.125,0.205,0.330,-0.040,-0.228,0.267,0.050,-0.050,-0.030,-0.055,-0.040,0.050
-0.125,0.213,0.337,-0.045,-0.231,0.275,0.038,-0.050,-0.030,-0.050,-0.036,0.050
-0.115,0.219,0.333,-0.053,-0.224,0.276,0.028,-0.053,-0.030,-0.050,-0.035,0.050
-0.131,0.206,0.337,-0.038,-0.235,0.272,0.021,-0.056,-0.030,-0.048,-0.033,0.050
-0.109,0.231,0.340,-0.061,-0.225,0.285,0.013,-0.055,-0.030,-0.045,-0.030,0.059
-0.035,0.305,0.340,-0.135,-0.188,0.322,0.005,-0.055,-0.030,-0.045,-0.030,0.075
-0.059,0.283,0.342,-0.112,-0.201,0.312,-0.003,-0.056,-0.030,-0.041,-0.026,0.071
-0.111,0.242,0.354,-0.066,-0.232,0.298,-0.009,-0.052,-0.030,-0.036,-0.025,0.070
-0.064,0.252,0.317,-0.094,-0.191,0.284,-0.026,-0.064,-0.030,-0.035,-0.025,0.068
-0.022,0.277,0.299,-0.128,-0.161,0.288,-0.041,-0.083,-0.030,-0.034,-0.025,0.065
-0.110,0.260,0.370,-0.075,-0.240,0.315,-0.035,-0.085,-0.030,-0.030,-0.025,0.065
-0.121,0.241,0.362,-0.060,-0.242,0.302,-0.035,-0.085,-0.030,-0.029,-0.025,0.061
-0.063,0.283,0.346,-0.111,-0.205,0.315,-0.035,-0.085,-0.030,-0.033,-0.025,0.059
-0.037,0.305,0.342,-0.135,-0.190,0.324,-0.035,-0.085,-0.030,-0.035,-0.025,0.061
-0.053,0.279,0.332,-0.114,-0.193,0.306,-0.035,-0.085,-0.030,-0.035,-0.025,0.059
-0.055,0.265,0.320,-0.105,-0.188,0.292,-0.035,-0.085,-0.030,-0.035,-0.025,0.055
-0.062,0.249,0.312,-0.093,-0.188,0.280,-0.035,-0.085,-0.030,-0.035,-0.025,0.055
-0.072,0.232,0.305,-0.080,-0.189,0.268,-0.035,-0.084,-0.030,-0.035,-0.025,0.052
-0.075,0.219,0.294,-0.072,-0.185,0.256,-0.035,-0.087,-0.030,-0.035,-0.025,0.050
-0.076,0.207,0.283,-0.066,-0.179,0.244,-0.035,-0.090,-0.030,-0.036,-0.025,0.049
-0.080,0.195,0.275,-0.058,-0.178,0.235,-0.035,-0.090,-0.030,-0.040,-0.025,0.045
-0.076,0.187,0.263,-0.056,-0.170,0.225,-0.035,-0.090,-0.029,-0.044,-0.033,0.045
-0.077,0.177,0.253,-0.050,-0.165,0.215,-0.035,-0.090,-0.034,-0.049,-0.042,0.046
-0.084,0.163,0.247,-0.040,-0.166,0.205,-0.035,-0.090,-0.035,-0.048,-0.048,0.043
-0.092,0.153,0.245,-0.031,-0.169,0.199,-0.035,-0.090,-0.046,-0.054,-0.059,0.040
-0.100,0.145,0.245,-0.023,-0.173,0.195,-0.035,-0.090,-0.075,-0.075,-0.075,0.040
-0.107,0.133,0.241,-0.013,-0.174,0.187,-0.035,-0.090,-0.081,-0.076,-0.076,0.036
-0.120,0.120,0.240,0.000,-0.180,0.180,-0.035,-0.093,-0.079,-0.074,-0.075,0.035
-0.127,0.111,0.238,0.008,-0.183,0.174,-0.035,-0.096,-0.082,-0.075,-0.075,0.033
-0.132,0.102,0.235,0.014,-0.184,0.169,-0.035,-0.095,-0.085,-0.075,-0.075,0.029
-0.145,0.090,0.235,0.027,-0.190,0.162,-0.035,-0.095,-0.085,-0.075,-0.075,0.030
-0.150,0.077,0.227,0.036,-0.189,0.152,-0.035,-0.095,-0.089,-0.083,-0.078,0.031
-0.152,0.070,0.221,0.041,-0.187,0.145,-0.035,-0.095,-0.091,-0.088,-0.090,0.027
-0.159,0.059,0.218,0.050,-0.189,0.138,-0.035,-0.095,-0.088,-0.093,-0.097,0.025
-0.121,0.093,0.214,0.014,-0.168,0.154,-0.035,-0.095,-0.085,-0.095,-0.094,0.024
-0.040,0.170,0.210,-0.065,-0.125,0.190,-0.035,-0.095,-0.085,-0.090,-0.095,0.020
-0.065,0.141,0.206,-0.039,-0.136,0.174,-0.035,-0.095,-0.085,-0.090,-0.112,0.020
-0.115,0.087,0.202,0.014,-0.159,0.145,-0.032,-0.092,-0.082,-0.090,-0.114,0.017
-0.106,0.092,0.198,0.007,-0.152,0.145,-0.029,-0.089,-0.080,-0.090,-0.109,0.014
-0.079,0.116,0.195,-0.019,-0.137,0.156,-0.030,-0.090,-0.080,-0.090,-0.110,0.015
-0.100,0.095,0.195,0.002,-0.148,0.145,-0.030,-0.090,-0.080,-0.090,-0.110,0.015
-0.113,0.077,0.191,0.018,-0.153,0.134,-0.030,-0.086,-0.088,-0.090,-0.110,0.011
-0.119,0.071,0.190,0.024,-0.155,0.130,-0.027,-0.085,-0.095,-0.093,-0.111,0.009
-0.118,0.070,0.188,0.024,-0.153,0.129,-0.024,-0.085,-0.093,-0.096,-0.108,0.011
-0.115,0.070,0.185,0.022,-0.150,0.127,-0.025,-0.085,-0.100,-0.104,-0.105,0.009
-0.115,0.070,0.185,0.022,-0.150,0.127,-0.025,-0.085,-0.125,-0.120,-0.105,0.005
-0.110,0.070,0.181,0.020,-0.146,0.126,-0.025,-0.081,-0.122,-0.117,-0.105,0.005
-0.113,0.067,0.180,0.023,-0.147,0.123,-0.022,-0.080,-0.119,-0.114,-0.105,0.005
-0.114,0.064,0.178,0.024,-0.146,0.121,-0.019,-0.080,-0.118,-0.116,-0.105,0.005
-0.110,0.065,0.175,0.022,-0.143,0.120,-0.020,-0.080,-0.115,-0.114,-0.105,0.004
-0.110,0.065,0.175,0.022,-0.143,0.120,-0.020,-0.080,-0.115,-0.110,-0.105,0.000
-0.106,0.065,0.171,0.020,-0.139,0.117,-0.020,-0.076,-0.111,-0.110,-0.101,0.000
-0.105,0.066,0.170,0.020,-0.138,0.117,-0.021,-0.074,-0.110,-0.111,-0.100,0.001
-0.105,0.063,0.168,0.021,-0.137,0.115,-0.018,-0.076,-0.108,-0.108,-0.100,-0.002
-0.105,0.060,0.164,0.022,-0.135,0.111,-0.015,-0.074,-0.105,-0.105,-0.100,-0.005
-0.105,0.060,0.165,0.022,-0.135,0.112,-0.015,-0.070,-0.105,-0.105,-0.100,-0.005
-0.109,0.060,0.169,0.024,-0.139,0.114,-0.015,-0.070,-0.101,-0.105,-0.100,-0.005
-0.113,0.060,0.173,0.026,-0.143,0.117,-0.016,-0.070,-0.100,-0.105,-0.097,-0.006
-0.102,0.059,0.161,0.021,-0.131,0.110,-0.013,-0.070,-0.098,-0.103,-0.094,-0.001
-0.108,0.062,0.169,0.023,-0.139,0.115,-0.010,-0.069,-0.095,-0.100,-0.095,0.006
-0.155,0.065,0.220,0.045,-0.188,0.142,-0.010,-0.065,-0.095,-0.100,-0.095,0.010
-0.156,0.062,0.218,0.047,-0.187,0.140,-0.010,-0.065,-0.095,-0.100,-0.095,0.018
-0.093,0.120,0.213,-0.014,-0.153,0.166,-0.011,-0.066,-0.095,-0.097,-0.095,0.026
-0.075,0.140,0.216,-0.033,-0.146,0.178,-0.007,-0.062,-0.095,-0.094,-0.094,0.019
-0.120,0.095,0.215,0.012,-0.168,0.155,-0.016,-0.071,-0.096,-0.095,-0.097,0.001
-0.145,0.070,0.215,0.037,-0.180,0.142,-0.035,-0.085,-0.095,-0.095,-0.105,-0.010
-0.158,0.057,0.215,0.050,-0.187,0.136,0.003,-0.036,-0.079,-0.091,-0.106,-0.022
-0.163,0.049,0.212,0.057,-0.188,0.130,0.044,0.019,-0.065,-0.090,-0.135,-0.033
-0.170,0.040,0.210,0.065,-0.190,0.124,0.076,0.076,-0.038,-0.089,-0.153,-0.050
-0.184,0.026,0.210,0.079,-0.197,0.118,0.126,0.148,0.006,-0.092,-0.150,-0.060
-0.190,0.020,0.210,0.085,-0.200,0.115,0.185,0.210,0.040,-0.090,-0.150,-0.055
-0.163,0.048,0.211,0.058,-0.187,0.130,0.200,0.247,0.056,-0.054,-0.119,-0.058
-0.102,0.102,0.203,0.000,-0.153,0.152,0.236,0.323,0.120,-0.026,-0.088,-0.029
-0.077,0.156,0.233,-0.039,-0.155,0.194,0.276,0.425,0.223,0.033,-0.044,0.016
-0.056,0.201,0.257,-0.073,-0.156,0.229,0.293,0.526,0.334,0.127,0.022,0.055
0.025,0.255,0.230,-0.140,-0.103,0.242,0.310,0.640,0.470,0.230,0.100,0.110
0.044,0.338,0.294,-0.191,-0.125,0.316,0.333,0.757,0.653,0.398,0.214,0.198
0.029,0.424,0.395,-0.227,-0.183,0.409,0.323,0.790,0.798,0.546,0.338,0.281
0.092,0.555,0.463,-0.324,-0.186,0.509,0.299,0.799,0.945,0.711,0.481,0.380
0.185,0.700,0.515,-0.442,-0.165,0.608,0.279,0.834,1.144,0.926,0.648,0.508
0.225,0.815,0.590,-0.520,-0.183,0.702,0.230,0.845,1.360,1.145,0.820,0.640
0.331,0.999,0.668,-0.665,-0.169,0.833,0.113,0.793,1.545,1.350,0.993,0.766
0.388,1.158,0.770,-0.773,-0.191,0.964,-0.048,0.719,1.729,1.585,1.192,0.912
0.388,1.312,0.924,-0.850,-0.268,1.118,-0.207,0.602,1.884,1.814,1.393,1.064
0.403,1.478,1.075,-0.941,-0.336,1.276,-0.350,0.375,1.924,1.960,1.545,1.185
0.415,1.530,1.115,-0.973,-0.350,1.322,-0.450,0.105,1.850,1.990,1.580,1.215
0.327,1.364,1.037,-0.846,-0.355,1.200,-0.436,0.006,1.791,1.935,1.461,1.103
0.271,1.237,0.966,-0.754,-0.347,1.101,-0.402,-0.088,1.659,1.803,1.330,0.993
0.228,1.123,0.896,-0.676,-0.334,1.009,-0.410,-0.240,1.366,1.553,1.169,0.885
0.149,0.949,0.801,-0.549,-0.326,0.875,-0.416,-0.370,0.980,1.221,0.948,0.743
0.060,0.750,0.690,-0.405,-0.315,0.720,-0.380,-0.435,0.595,0.865,0.700,0.585
-0.021,0.524,0.545,-0.252,-0.283,0.534,-0.356,-0.481,0.163,0.446,0.413,0.404
-0.063,0.361,0.424,-0.149,-0.244,0.392,-0.283,-0.430,-0.202,0.055,0.169,0.242
-0.118,0.242,0.360,-0.063,-0.239,0.301,-0.177,-0.299,-0.381,-0.169,0.015,0.150
-0.101,0.171,0.272,-0.035,-0.187,0.221,-0.093,-0.156,-0.378,-0.209,-0.057,0.101
0.000,0.135,0.135,-0.068,-0.068,0.135,-0.040,-0.025,-0.290,-0.175,-0.085,0.045
-0.120,0.013,0.133,0.054,-0.126,0.072,0.013,0.108,-0.198,-0.150,-0.113,0.035
-0.197,-0.053,0.144,0.125,-0.170,0.045,0.086,0.228,-0.138,-0.130,-0.136,0.030
-0.190,-0.052,0.139,0.121,-0.164,0.043,0.126,0.293,-0.090,-0.109,-0.138,0.021
-0.184,-0.043,0.140,0.114,-0.161,0.048,0.134,0.316,-0.045,-0.091,-0.128,0.013
-0.175,-0.035,0.140,0.105,-0.157,0.052,0.150,0.335,-0.010,-0.080,-0.120,0.005
-0.153,-0.012,0.141,0.082,-0.146,0.064,0.139,0.312,0.025,-0.072,-0.112,-0.003
-0.123,0.015,0.137,0.054,-0.130,0.076,0.128,0.290,0.030,-0.065,-0.104,-0.009
-0.118,0.031,0.149,0.043,-0.134,0.090,0.121,0.264,0.024,-0.054,-0.096,-0.009
-0.124,0.044,0.168,0.039,-0.146,0.106,0.113,0.226,0.025,-0.043,-0.088,-0.004
-0.100,0.070,0.170,0.015,-0.135,0.120,0.105,0.195,0.025,-0.035,-0.080,0.000
-0.068,0.101,0.170,-0.017,-0.119,0.136,0.097,0.178,0.025,-0.027,-0.076,0.000
-0.037,0.135,0.172,-0.049,-0.105,0.153,0.089,0.164,0.026,-0.021,-0.072,0.003
-0.019,0.146,0.165,-0.063,-0.092,0.155,0.082,0.144,0.023,-0.020,-0.070,0.005
-0.041,0.139,0.180,-0.049,-0.110,0.159,0.080,0.119,0.020,-0.020,-0.069,0.005
-0.090,0.140,0.230,-0.025,-0.160,0.185,0.080,0.095,0.020,-0.020,-0.065,0.010
-0.092,0.140,0.233,-0.024,-0.162,0.186,0.076,0.067,0.020,-0.020,-0.065,0.015
-0.089,0.140,0.229,-0.026,-0.159,0.184,0.074,0.039,0.020,-0.017,-0.063,0.015
-0.090,0.140,0.230,-0.025,-0.160,0.185,0.076,0.028,0.020,-0.014,-0.057,0.017
-0.090,0.140,0.230,-0.025,-0.160,0.185,0.074,0.031,0.020,-0.015,-0.055,0.020
-0.090,0.140,0.230,-0.025,-0.160,0.185,0.070,0.030,0.020,-0.015,-0.055,0.020
-0.090,0.140,0.230,-0.025,-0.160,0.185,0.070,0.030,0.016,-0.015,-0.051,0.032
-0.093,0.137,0.230,-0.022,-0.162,0.183,0.067,0.030,0.015,-0.012,-0.050,0.039
-0.096,0.134,0.230,-0.019,-0.163,0.182,0.064,0.030,0.015,-0.009,-0.048,0.042
-0.095,0.135,0.230,-0.020,-0.163,0.182,0.065,0.030,0.015,-0.010,-0.045,0.046
-0.095,0.135,0.230,-0.020,-0.163,0.182,0.065,0.030,0.015,-0.010,-0.045,0.050
-0.095,0.135,0.230,-0.020,-0.163,0.182,0.061,0.026,0.015,-0.010,-0.045,0.050
-0.095,0.135,0.230,-0.020,-0.163,0.182,0.059,0.025,0.012,-0.011,-0.046,0.050
-0.094,0.136,0.230,-0.021,-0.162,0.183,0.061,0.025,0.009,-0.008,-0.043,0.050
-0.098,0.132,0.230,-0.017,-0.164,0.181,0.059,0.025,0.010,-0.005,-0.040,0.050
-0.095,0.135,0.230,-0.020,-0.163,0.182,0.055,0.025,0.010,-0.005,-0.040,0.050
-0.043,0.186,0.229,-0.071,-0.137,0.207,0.055,0.025,0.010,-0.005,-0.040,0.050
-0.039,0.197,0.236,-0.079,-0.137,0.216,0.056,0.025,0.011,-0.006,-0.041,0.050
-0.024,0.188,0.211,-0.082,-0.117,0.199,0.053,0.025,0.007,-0.003,-0.038,0.050
-0.012,0.191,0.202,-0.090,-0.107,0.196,0.050,0.025,0.016,0.000,-0.035,0.050
-0.065,0.190,0.255,-0.063,-0.160,0.222,0.050,0.025,0.040,0.000,-0.035,0.050
-0.064,0.190,0.254,-0.063,-0.159,0.222,0.050,0.025,0.030,0.000,-0.035,0.048
-0.057,0.191,0.248,-0.067,-0.153,0.219,0.050,0.025,0.046,0.000,-0.035,0.063
-0.062,0.188,0.251,-0.063,-0.157,0.219,0.050,0.025,0.066,0.000,-0.035,0.070
-0.065,0.185,0.250,-0.060,-0.158,0.217,0.050,0.024,0.065,0.000,-0.034,0.064
-0.065,0.185,0.250,-0.060,-0.158,0.217,0.050,0.020,0.065,0.000,-0.030,0.065
-0.061,0.185,0.246,-0.063,-0.154,0.215,0.050,0.020,0.065,0.000,-0.030,0.066
-0.060,0.185,0.245,-0.063,-0.153,0.215,0.050,0.020,0.068,0.001,-0.030,0.062
-0.060,0.185,0.245,-0.063,-0.153,0.215,0.050,0.020,0.070,-0.003,-0.030,0.059
-0.060,0.185,0.245,-0.063,-0.153,0.215,0.050,0.020,0.070,0.005,-0.029,0.060
-0.060,0.185,0.245,-0.063,-0.153,0.215,0.050,0.020,0.070,0.030,-0.025,0.060
-0.060,0.185,0.245,-0.063,-0.153,0.215,0.050,0.020,0.066,0.031,-0.025,0.056
-0.057,0.185,0.242,-0.064,-0.150,0.213,0.050,0.020,0.064,0.029,-0.025,0.055
-0.054,0.185,0.239,-0.065,-0.147,0.212,0.050,0.020,0.065,0.030,-0.025,0.055
-0.055,0.185,0.240,-0.065,-0.148,0.212,0.050,0.020,0.064,0.030,-0.025,0.055
-0.055,0.185,0.240,-0.065,-0.148,0.212,0.050,0.020,0.065,0.030,-0.025,0.055
-0.054,0.185,0.239,-0.066,-0.147,0.211,0.050,0.019,0.077,0.030,-0.021,0.059
-0.060,0.185,0.245,-0.062,-0.153,0.215,0.050,0.023,0.085,0.031,-0.017,0.060
-0.038,0.185,0.223,-0.074,-0.131,0.203,0.050,0.011,0.085,0.028,-0.013,0.062
-0.033,0.185,0.218,-0.076,-0.126,0.201,0.050,0.009,0.095,0.034,-0.010,0.074
-0.090,0.185,0.275,-0.048,-0.183,0.230,0.050,0.040,0.115,0.055,-0.010,0.090
-0.089,0.185,0.274,-0.048,-0.182,0.229,0.046,0.046,0.112,0.048,-0.006,0.095
-0.083,0.185,0.268,-0.051,-0.176,0.226,0.045,0.045,0.106,0.041,-0.001,0.095
-0.084,0.185,0.269,-0.051,-0.177,0.226,0.045,0.045,0.103,0.039,0.000,0.095
-0.079,0.185,0.265,-0.053,-0.173,0.225,0.045,0.046,0.099,0.033,0.001,0.095
-0.080,0.185,0.265,-0.053,-0.173,0.225,0.045,0.050,0.100,0.030,0.005,0.095
-0.077,0.184,0.261,-0.053,-0.170,0.222,0.045,0.050,0.119,0.049,0.010,0.095
-0.066,0.194,0.259,-0.064,-0.163,0.226,0.042,0.053,0.141,0.071,0.010,0.095
-0.057,0.204,0.261,-0.073,-0.159,0.232,0.039,0.041,0.142,0.072,0.012,0.095
-0.054,0.205,0.259,-0.075,-0.157,0.232,0.040,0.040,0.145,0.073,0.015,0.095
-0.050,0.205,0.255,-0.078,-0.153,0.230,0.040,0.075,0.175,0.095,0.015,0.095
-0.046,0.209,0.255,-0.082,-0.151,0.232,0.040,0.081,0.180,0.100,0.019,0.095
-0.041,0.211,0.252,-0.085,-0.146,0.231,0.040,0.080,0.182,0.099,0.020,0.095
-0.042,0.208,0.250,-0.083,-0.146,0.229,0.040,0.080,0.188,0.102,0.022,0.095
-0.045,0.205,0.249,-0.080,-0.148,0.226,0.039,0.081,0.190,0.105,0.025,0.095
-0.040,0.205,0.245,-0.083,-0.143,0.225,0.035,0.085,0.190,0.105,0.025,0.095
-0.039,0.206,0.245,-0.084,-0.142,0.225,0.035,0.085,0.198,0.109,0.030,0.095
-0.044,0.202,0.245,-0.079,-0.145,0.224,0.035,0.085,0.202,0.109,0.028,0.093
-0.028,0.217,0.245,-0.095,-0.137,0.231,0.035,0.086,0.213,0.115,0.039,0.102
-0.018,0.237,0.255,-0.109,-0.137,0.245,0.035,0.102,0.236,0.136,0.059,0.118
-0.050,0.230,0.280,-0.090,-0.165,0.255,0.035,0.130,0.255,0.160,0.065,0.125
-0.058,0.231,0.289,-0.086,-0.174,0.260,0.031,0.132,0.259,0.166,0.070,0.130
-0.072,0.221,0.293,-0.075,-0.182,0.257,0.030,0.125,0.267,0.160,0.070,0.128
-0.067,0.230,0.297,-0.082,-0.182,0.263,0.030,0.144,0.302,0.181,0.087,0.139
-0.020,0.280,0.300,-0.130,-0.161,0.290,0.030,0.168,0.333,0.208,0.107,0.158
0.030,0.330,0.300,-0.180,-0.135,0.315,0.030,0.160,0.325,0.200,0.100,0.160
0.029,0.328,0.299,-0.179,-0.135,0.313,0.029,0.153,0.322,0.198,0.099,0.159
0.019,0.323,0.304,-0.171,-0.143,0.313,0.033,0.168,0.345,0.209,0.106,0.164
0.039,0.326,0.286,-0.183,-0.124,0.306,0.020,0.176,0.357,0.220,0.113,0.163
0.044,0.325,0.281,-0.185,-0.119,0.303,0.021,0.195,0.375,0.244,0.133,0.170
0.000,0.325,0.325,-0.163,-0.163,0.325,0.060,0.245,0.425,0.285,0.170,0.200
-0.003,0.325,0.328,-0.162,-0.166,0.327,0.058,0.248,0.422,0.296,0.176,0.205
0.003,0.324,0.321,-0.164,-0.160,0.323,0.051,0.243,0.430,0.294,0.175,0.207
-0.005,0.329,0.334,-0.162,-0.170,0.331,0.049,0.246,0.462,0.313,0.189,0.214
-0.010,0.336,0.346,-0.164,-0.178,0.341,0.044,0.244,0.482,0.331,0.201,0.221
0.005,0.345,0.340,-0.175,-0.168,0.342,0.040,0.245,0.485,0.330,0.200,0.225
0.029,0.369,0.340,-0.199,-0.156,0.354,0.040,0.265,0.505,0.351,0.218,0.230
0.020,0.358,0.338,-0.190,-0.159,0.348,0.037,0.276,0.518,0.355,0.216,0.228
0.054,0.385,0.331,-0.220,-0.139,0.357,0.033,0.272,0.523,0.362,0.224,0.238
0.095,0.437,0.342,-0.267,-0.123,0.389,0.029,0.281,0.542,0.387,0.251,0.260
0.060,0.435,0.375,-0.248,-0.158,0.405,0.025,0.310,0.570,0.410,0.265,0.275
0.061,0.438,0.377,-0.250,-0.158,0.407,0.021,0.311,0.579,0.423,0.273,0.279
0.070,0.444,0.374,-0.257,-0.152,0.409,0.020,0.309,0.587,0.432,0.284,0.289
0.070,0.446,0.375,-0.258,-0.153,0.411,0.020,0.310,0.606,0.437,0.295,0.298
0.069,0.444,0.375,-0.257,-0.153,0.410,0.020,0.310,0.623,0.441,0.302,0.301
0.060,0.435,0.375,-0.248,-0.158,0.405,0.020,0.310,0.625,0.445,0.305,0.305
0.047,0.422,0.375,-0.235,-0.164,0.398,0.020,0.308,0.629,0.443,0.299,0.313
0.078,0.455,0.377,-0.267,-0.150,0.416,0.020,0.324,0.634,0.461,0.315,0.318
0.115,0.483,0.368,-0.299,-0.127,0.425,0.020,0.328,0.633,0.472,0.329,0.323
0.118,0.488,0.370,-0.303,-0.127,0.429,0.020,0.329,0.639,0.481,0.340,0.332
0.105,0.505,0.400,-0.305,-0.148,0.452,0.020,0.355,0.660,0.510,0.365,0.340
0.104,0.502,0.398,-0.304,-0.147,0.449,0.020,0.349,0.653,0.508,0.362,0.345
0.106,0.496,0.390,-0.301,-0.143,0.443,0.020,0.338,0.646,0.501,0.359,0.343
0.103,0.493,0.390,-0.298,-0.144,0.442,0.020,0.331,0.641,0.498,0.358,0.337
0.100,0.489,0.389,-0.294,-0.145,0.439,0.020,0.323,0.634,0.494,0.355,0.335
0.100,0.485,0.385,-0.293,-0.143,0.435,0.020,0.315,0.630,0.490,0.355,0.335
0.100,0.485,0.385,-0.293,-0.143,0.435,0.020,0.307,0.622,0.485,0.351,0.331
0.100,0.482,0.383,-0.291,-0.141,0.433,0.020,0.302,0.618,0.487,0.350,0.330
0.100,0.478,0.377,-0.289,-0.139,0.428,0.020,0.297,0.608,0.478,0.347,0.329
0.099,0.474,0.375,-0.287,-0.138,0.424,0.020,0.288,0.592,0.462,0.338,0.324
0.095,0.470,0.375,-0.283,-0.140,0.422,0.020,0.280,0.580,0.450,0.330,0.320
0.094,0.465,0.371,-0.280,-0.138,0.417,0.020,0.272,0.556,0.434,0.321,0.320
0.097,0.467,0.371,-0.282,-0.138,0.418,0.020,0.265,0.533,0.422,0.319,0.317
0.089,0.456,0.367,-0.272,-0.139,0.411,0.020,0.253,0.505,0.403,0.305,0.315
0.070,0.428,0.359,-0.249,-0.145,0.393,0.020,0.236,0.472,0.373,0.278,0.314
0.055,0.410,0.355,-0.233,-0.150,0.382,0.020,0.220,0.440,0.350,0.255,0.305
0.053,0.399,0.347,-0.227,-0.147,0.373,0.019,0.205,0.412,0.328,0.236,0.301
0.011,0.353,0.342,-0.182,-0.166,0.347,0.030,0.182,0.384,0.295,0.210,0.293
0.111,0.447,0.336,-0.279,-0.112,0.392,0.066,0.194,0.355,0.303,0.229,0.290
0.163,0.492,0.329,-0.328,-0.083,0.410,0.092,0.213,0.322,0.316,0.253,0.280
-0.045,0.280,0.325,-0.118,-0.185,0.302,0.080,0.175,0.290,0.265,0.205,0.245
-0.010,0.303,0.313,-0.147,-0.162,0.308,0.075,0.145,0.265,0.218,0.162,0.211
0.016,0.319,0.303,-0.168,-0.144,0.311,0.073,0.127,0.245,0.193,0.141,0.191
-0.008,0.288,0.297,-0.140,-0.153,0.292,0.066,0.114,0.223,0.178,0.130,0.179
-0.010,0.277,0.287,-0.133,-0.149,0.282,0.059,0.101,0.199,0.159,0.115,0.166
-0.015,0.260,0.275,-0.123,-0.145,0.267,0.055,0.085,0.175,0.135,0.090,0.150
-0.023,0.244,0.267,-0.111,-0.145,0.255,0.049,0.072,0.151,0.115,0.065,0.137
-0.028,0.231,0.259,-0.102,-0.144,0.245,0.063,0.064,0.129,0.092,0.050,0.129
-0.032,0.219,0.251,-0.094,-0.142,0.235,0.070,0.056,0.112,0.069,0.039,0.121
-0.036,0.207,0.243,-0.086,-0.139,0.224,0.064,0.048,0.096,0.051,0.027,0.113
-0.040,0.195,0.235,-0.078,-0.138,0.215,0.065,0.040,0.080,0.040,0.015,0.105
-0.045,0.187,0.231,-0.071,-0.138,0.208,0.066,0.032,0.064,0.032,0.007,0.097
-0.043,0.182,0.225,-0.069,-0.134,0.203,0.062,0.024,0.051,0.025,-0.004,0.089
-0.037,0.178,0.215,-0.070,-0.127,0.197,0.059,0.016,0.039,0.014,-0.014,0.081
-0.035,0.174,0.209,-0.070,-0.122,0.191,0.060,0.008,0.028,0.003,-0.023,0.074
-0.035,0.170,0.205,-0.068,-0.120,0.187,0.060,0.000,0.020,-0.005,-0.035,0.070
-0.031,0.170,0.201,-0.070,-0.116,0.185,0.056,-0.008,0.012,-0.013,-0.043,0.066
-0.032,0.168,0.200,-0.068,-0.116,0.183,0.054,-0.013,0.001,-0.024,-0.054,0.062
-0.038,0.162,0.200,-0.062,-0.119,0.181,0.056,-0.018,-0.010,-0.035,-0.065,0.058
-0.040,0.160,0.200,-0.060,-0.120,0.180,0.054,-0.027,-0.016,-0.042,-0.071,0.055
-0.040,0.160,0.200,-0.060,-0.120,0.180,0.050,-0.035,-0.025,-0.050,-0.075,0.055
-0.044,0.156,0.200,-0.056,-0.122,0.178,0.050,-0.039,-0.042,-0.058,-0.075,0.051
-0.049,0.151,0.200,-0.051,-0.125,0.175,0.051,-0.040,-0.050,-0.064,-0.075,0.047
-0.050,0.150,0.200,-0.050,-0.125,0.175,0.048,-0.040,-0.050,-0.065,-0.075,0.043
-0.051,0.149,0.200,-0.049,-0.126,0.174,0.045,-0.040,-0.051,-0.065,-0.076,0.039
-0.060,0.140,0.200,-0.040,-0.130,0.170,0.045,-0.040,-0.055,-0.065,-0.080,0.035
-0.069,0.131,0.200,-0.031,-0.134,0.166,0.045,-0.039,-0.055,-0.065,-0.080,0.035
-0.073,0.127,0.200,-0.027,-0.137,0.163,0.042,-0.050,-0.058,-0.068,-0.080,0.032
-0.078,0.122,0.200,-0.022,-0.140,0.160,0.039,-0.055,-0.060,-0.072,-0.080,0.029
-0.087,0.113,0.200,-0.013,-0.144,0.156,0.040,-0.049,-0.061,-0.075,-0.080,0.030
-0.095,0.105,0.200,-0.005,-0.148,0.152,0.040,-0.050,-0.065,-0.075,-0.080,0.030
-0.100,0.100,0.200,0.000,-0.150,0.150,0.040,-0.050,-0.065,-0.075,-0.084,0.030
-0.097,0.103,0.200,-0.003,-0.149,0.151,0.040,-0.050,-0.068,-0.078,-0.085,0.030
-0.094,0.106,0.200,-0.006,-0.148,0.152,0.040,-0.050,-0.071,-0.081,-0.085,0.030
-0.095,0.105,0.200,-0.005,-0.148,0.152,0.040,-0.050,-0.069,-0.080,-0.085,0.030
-0.095,0.105,0.200,-0.005,-0.148,0.152,0.040,-0.050,-0.065,-0.080,-0.085,0.030
-0.095,0.105,0.200,-0.005,-0.148,0.152,0.040,-0.050,-0.065,-0.088,-0.085,0.030
-0.095,0.105,0.200,-0.005,-0.148,0.152,0.040,-0.050,-0.066,-0.094,-0.082,0.030
-0.095,0.105,0.200,-0.005,-0.148,0.152,0.040,-0.050,-0.063,-0.093,-0.079,0.030
-0.095,0.105,0.200,-0.005,-0.148,0.152,0.040,-0.050,-0.060,-0.089,-0.080,0.030
-0.095,0.105,0.200,-0.005,-0.148,0.152,0.040,-0.050,-0.060,-0.090,-0.080,0.030
-0.091,0.109,0.200,-0.009,-0.145,0.154,0.040,-0.050,-0.060,-0.090,-0.080,0.030
-0.090,0.110,0.201,-0.010,-0.145,0.156,0.040,-0.050,-0.061,-0.087,-0.080,0.030
-0.088,0.110,0.198,-0.011,-0.143,0.154,0.040,-0.050,-0.058,-0.085,-0.080,0.030
-0.085,0.110,0.195,-0.013,-0.140,0.152,0.040,-0.050,-0.055,-0.085,-0.080,0.030
-0.085,0.110,0.195,-0.013,-0.140,0.152,0.040,-0.050,-0.055,-0.085,-0.080,0.030
-0.085,0.110,0.195,-0.013,-0.140,0.152,0.040,-0.050,-0.055,-0.085,-0.076,0.030
-0.086,0.110,0.196,-0.013,-0.141,0.152,0.040,-0.050,-0.055,-0.082,-0.075,0.030
-0.082,0.111,0.193,-0.014,-0.138,0.152,0.040,-0.050,-0.053,-0.079,-0.075,0.030
-0.081,0.109,0.190,-0.014,-0.135,0.149,0.040,-0.050,-0.050,-0.080,-0.075,0.030
-0.090,0.100,0.190,-0.005,-0.140,0.145,0.040,-0.050,-0.050,-0.080,-0.075,0.030
-0.098,0.092,0.190,0.003,-0.144,0.141,0.040,-0.050,-0.050,-0.076,-0.075,0.030
-0.106,0.084,0.190,0.011,-0.148,0.137,0.041,-0.050,-0.047,-0.074,-0.075,0.030
-0.115,0.075,0.190,0.020,-0.153,0.133,0.036,-0.050,-0.045,-0.076,-0.075,0.030
-0.120,0.069,0.189,0.025,-0.154,0.129,0.030,-0.050,-0.045,-0.074,-0.074,0.029
-0.125,0.060,0.185,0.032,-0.155,0.122,0.025,-0.050,-0.045,-0.075,-0.070,0.025
-0.141,0.043,0.185,0.048,-0.164,0.114,0.007,-0.054,-0.045,-0.092,-0.070,0.025
-0.045,0.140,0.185,-0.048,-0.115,0.162,0.043,-0.055,-0.042,-0.093,-0.070,0.025
0.014,0.199,0.185,-0.107,-0.086,0.192,0.069,-0.055,-0.039,-0.089,-0.070,0.025
-0.015,0.169,0.184,-0.078,-0.100,0.177,0.058,-0.055,-0.040,-0.089,-0.070,0.025
-0.015,0.165,0.180,-0.075,-0.098,0.172,0.060,-0.055,-0.040,-0.085,-0.070,0.025
-0.027,0.153,0.180,-0.063,-0.103,0.166,0.061,-0.055,-0.040,-0.085,-0.070,0.025
-0.036,0.144,0.180,-0.054,-0.108,0.162,0.057,-0.055,-0.040,-0.086,-0.070,0.025
-0.045,0.135,0.180,-0.045,-0.113,0.157,0.055,-0.055,-0.040,-0.083,-0.070,0.025
-0.058,0.122,0.180,-0.032,-0.120,0.150,0.055,-0.055,-0.040,-0.080,-0.069,0.025
-0.065,0.115,0.180,-0.025,-0.123,0.147,0.055,-0.055,-0.040,-0.080,-0.065,0.025
-0.064,0.119,0.183,-0.028,-0.124,0.151,0.055,-0.055,-0.040,-0.076,-0.065,0.025
-0.071,0.120,0.191,-0.024,-0.131,0.156,0.052,-0.055,-0.040,-0.075,-0.065,0.025
-0.059,0.122,0.181,-0.032,-0.120,0.151,0.049,-0.055,-0.040,-0.075,-0.065,0.025
-0.056,0.125,0.181,-0.035,-0.119,0.153,0.050,-0.055,-0.040,-0.075,-0.065,0.025
-0.095,0.125,0.220,-0.015,-0.158,0.172,0.050,-0.055,-0.040,-0.075,-0.065,0.025
-0.089,0.129,0.218,-0.020,-0.153,0.173,0.046,-0.055,-0.040,-0.075,-0.065,0.025
-0.082,0.131,0.213,-0.025,-0.148,0.172,0.045,-0.055,-0.040,-0.075,-0.065,0.025
-0.088,0.128,0.215,-0.021,-0.152,0.171,0.045,-0.055,-0.040,-0.075,-0.065,0.025
-0.090,0.125,0.215,-0.018,-0.153,0.170,0.045,-0.055,-0.040,-0.075,-0.065,0.025
-0.090,0.125,0.215,-0.018,-0.153,0.170,0.045,-0.055,-0.040,-0.075,-0.065,0.025
-0.090,0.121,0.211,-0.015,-0.151,0.166,0.041,-0.055,-0.040,-0.075,-0.061,0.025
-0.089,0.120,0.210,-0.015,-0.149,0.165,0.040,-0.055,-0.040,-0.075,-0.060,0.025
-0.092,0.118,0.210,-0.013,-0.151,0.164,0.040,-0.055,-0.040,-0.075,-0.060,0.025
-0.095,0.115,0.210,-0.010,-0.153,0.162,0.040,-0.055,-0.040,-0.075,-0.060,0.025
-0.095,0.115,0.210,-0.010,-0.153,0.162,0.040,-0.055,-0.040,-0.075,-0.060,0.025
-0.095,0.111,0.206,-0.008,-0.151,0.158,0.036,-0.055,-0.040,-0.075,-0.060,0.025
-0.095,0.110,0.205,-0.008,-0.149,0.157,0.034,-0.056,-0.040,-0.075,-0.060,0.022
-0.097,0.108,0.205,-0.006,-0.151,0.156,0.036,-0.052,-0.040,-0.075,-0.060,0.019
-0.101,0.104,0.205,-0.002,-0.153,0.155,0.034,-0.043,-0.040,-0.075,-0.060,0.020
-0.100,0.105,0.205,-0.003,-0.153,0.155,0.030,-0.040,-0.045,-0.075,-0.060,0.020
-0.091,0.114,0.205,-0.012,-0.148,0.159,0.030,-0.037,-0.048,-0.075,-0.062,0.016
-0.056,0.145,0.202,-0.045,-0.129,0.173,0.030,-0.026,-0.028,-0.075,-0.049,0.014
-0.052,0.148,0.199,-0.048,-0.126,0.173,0.030,-0.048,-0.040,-0.075,-0.065,0.016
-0.107,0.093,0.200,0.007,-0.154,0.146,0.029,-0.085,-0.075,-0.075,-0.093,0.014
-0.135,0.065,0.200,0.035,-0.168,0.132,0.025,-0.085,-0.075,-0.075,-0.085,0.010
-0.039,0.161,0.200,-0.061,-0.120,0.181,0.025,-0.085,-0.075,-0.075,-0.084,0.010
-0.017,0.180,0.197,-0.082,-0.107,0.188,0.025,-0.085,-0.075,-0.075,-0.085,0.011
-0.047,0.148,0.194,-0.051,-0.121,0.171,0.025,-0.085,-0.075,-0.075,-0.085,0.008
-0.058,0.137,0.195,-0.040,-0.127,0.166,0.024,-0.085,-0.075,-0.075,-0.085,0.005
-0.075,0.120,0.195,-0.023,-0.135,0.157,0.020,-0.085,-0.075,-0.075,-0.085,0.005
-0.092,0.103,0.195,-0.006,-0.143,0.148,0.020,-0.085,-0.079,-0.075,-0.085,0.005
-0.100,0.095,0.196,0.002,-0.148,0.145,0.021,-0.084,-0.080,-0.078,-0.085,0.002
-0.098,0.095,0.193,0.001,-0.146,0.144,0.018,-0.087,-0.080,-0.080,-0.085,-0.001
-0.096,0.094,0.190,0.001,-0.143,0.141,0.015,-0.090,-0.080,-0.081,-0.085,0.000
-0.095,0.095,0.190,0.000,-0.143,0.142,0.015,-0.090,-0.080,-0.085,-0.085,0.000
-0.084,0.102,0.186,-0.009,-0.136,0.144,0.015,-0.090,-0.078,-0.083,-0.086,-0.004
-0.130,0.055,0.184,0.037,-0.157,0.119,0.016,-0.090,-0.096,-0.097,-0.077,-0.006
-0.096,0.090,0.186,0.002,-0.141,0.137,0.013,-0.090,-0.106,-0.107,-0.064,-0.004
-0.009,0.175,0.184,-0.083,-0.097,0.179,0.010,-0.090,-0.099,-0.105,-0.062,-0.006
-0.025,0.155,0.180,-0.065,-0.103,0.167,0.010,-0.090,-0.100,-0.105,-0.080,-0.010
-0.035,0.145,0.180,-0.055,-0.108,0.162,0.010,-0.090,-0.100,-0.105,-0.106,-0.010
-0.038,0.143,0.181,-0.053,-0.109,0.162,0.010,-0.093,-0.100,-0.105,-0.115,-0.010
-0.042,0.136,0.178,-0.048,-0.110,0.157,0.010,-0.096,-0.100,-0.105,-0.115,-0.010
-0.047,0.128,0.175,-0.041,-0.111,0.151,0.010,-0.095,-0.100,-0.105,-0.115,-0.011
-0.055,0.120,0.175,-0.033,-0.115,0.147,0.010,-0.095,-0.100,-0.105,-0.115,-0.015
-0.060,0.116,0.176,-0.029,-0.118,0.146,0.010,-0.095,-0.100,-0.105,-0.115,-0.015
-0.060,0.112,0.172,-0.026,-0.116,0.142,0.010,-0.095,-0.100,-0.105,-0.115,-0.014
-0.060,0.109,0.170,-0.024,-0.115,0.140,0.010,-0.095,-0.100,-0.105,-0.115,-0.017
-0.059,0.110,0.169,-0.026,-0.114,0.140,0.010,-0.095,-0.100,-0.105,-0.116,-0.020
-0.055,0.110,0.165,-0.028,-0.110,0.137,0.010,-0.095,-0.100,-0.105,-0.120,-0.020
-0.059,0.106,0.165,-0.024,-0.112,0.135,0.010,-0.095,-0.100,-0.105,-0.120,-0.020
-0.061,0.104,0.166,-0.022,-0.114,0.135,0.010,-0.098,-0.100,-0.105,-0.120,-0.019
-0.058,0.106,0.163,-0.024,-0.111,0.134,0.010,-0.101,-0.101,-0.105,-0.120,-0.022
-0.055,0.104,0.160,-0.024,-0.108,0.131,0.010,-0.100,-0.099,-0.104,-0.120,-0.025
-0.060,0.100,0.160,-0.020,-0.110,0.130,0.010,-0.100,-0.100,-0.105,-0.120,-0.025
-0.061,0.100,0.161,-0.019,-0.111,0.130,0.010,-0.100,-0.120,-0.121,-0.120,-0.025
-0.056,0.101,0.157,-0.023,-0.106,0.128,0.010,-0.100,-0.130,-0.130,-0.123,-0.025
-0.057,0.098,0.155,-0.021,-0.106,0.126,0.010,-0.100,-0.130,-0.130,-0.126,-0.027
-0.060,0.095,0.155,-0.018,-0.108,0.125,0.010,-0.100,-0.130,-0.130,-0.125,-0.030
-0.060,0.095,0.155,-0.018,-0.108,0.125,0.010,-0.100,-0.130,-0.130,-0.125,-0.030
-0.072,0.095,0.167,-0.012,-0.120,0.131,0.010,-0.100,-0.130,-0.130,-0.125,-0.030
-0.082,0.092,0.174,-0.005,-0.129,0.133,0.010,-0.100,-0.130,-0.130,-0.125,-0.033
-0.086,0.089,0.175,-0.002,-0.130,0.132,0.010,-0.100,-0.130,-0.130,-0.125,-0.035
-0.085,0.090,0.175,-0.003,-0.130,0.132,0.010,-0.100,-0.130,-0.130,-0.125,-0.035
-0.085,0.090,0.175,-0.003,-0.130,0.132,0.010,-0.100,-0.130,-0.130,-0.125,-0.035
-0.089,0.086,0.175,0.001,-0.133,0.130,0.010,-0.104,-0.130,-0.130,-0.125,-0.035
-0.091,0.084,0.175,0.003,-0.133,0.130,0.010,-0.105,-0.130,-0.130,-0.125,-0.038
-0.089,0.086,0.175,0.001,-0.133,0.130,0.010,-0.105,-0.130,-0.130,-0.125,-0.041
-0.091,0.084,0.175,0.003,-0.133,0.129,0.010,-0.105,-0.130,-0.130,-0.125,-0.040
-0.095,0.080,0.175,0.007,-0.135,0.127,0.010,-0.105,-0.130,-0.130,-0.125,-0.040
-0.095,0.080,0.175,0.007,-0.135,0.127,0.006,-0.105,-0.134,-0.134,-0.125,-0.040
-0.095,0.080,0.175,0.007,-0.135,0.127,0.005,-0.105,-0.135,-0.135,-0.125,-0.043
-0.095,0.080,0.175,0.007,-0.135,0.127,0.005,-0.105,-0.135,-0.135,-0.125,-0.046
-0.095,0.080,0.175,0.007,-0.135,0.127,0.005,-0.105,-0.135,-0.135,-0.125,-0.045
-0.100,0.075,0.175,0.012,-0.138,0.125,0.005,-0.105,-0.135,-0.135,-0.125,-0.045
-0.103,0.072,0.175,0.015,-0.140,0.123,0.005,-0.105,-0.135,-0.135,-0.125,-0.045
-0.077,0.098,0.175,-0.011,-0.126,0.136,0.005,-0.105,-0.135,-0.135,-0.125,-0.045
-0.065,0.110,0.175,-0.023,-0.120,0.142,0.005,-0.105,-0.135,-0.135,-0.125,-0.045
-0.077,0.098,0.175,-0.011,-0.126,0.136,0.004,-0.106,-0.135,-0.135,-0.125,-0.045
-0.080,0.095,0.175,-0.008,-0.128,0.135,0.000,-0.110,-0.135,-0.135,-0.125,-0.045
-0.083,0.092,0.175,-0.005,-0.129,0.133,0.000,-0.110,-0.135,-0.135,-0.125,-0.045
-0.091,0.084,0.175,0.003,-0.133,0.129,0.000,-0.110,-0.135,-0.135,-0.125,-0.045
-0.097,0.078,0.175,0.009,-0.136,0.126,0.000,-0.110,-0.135,-0.135,-0.125,-0.045
-0.101,0.074,0.175,0.013,-0.138,0.124,0.000,-0.110,-0.134,-0.134,-0.125,-0.045
-0.105,0.070,0.175,0.017,-0.140,0.122,0.000,-0.110,-0.130,-0.130,-0.125,-0.045
-0.103,0.072,0.175,0.015,-0.139,0.124,0.000,-0.110,-0.130,-0.130,-0.125,-0.045
-0.091,0.084,0.175,0.003,-0.134,0.129,0.001,-0.110,-0.130,-0.130,-0.125,-0.045
-0.127,0.048,0.175,0.039,-0.152,0.112,-0.002,-0.110,-0.130,-0.130,-0.125,-0.045
-0.130,0.045,0.174,0.042,-0.152,0.109,-0.005,-0.110,-0.130,-0.130,-0.125,-0.045
-0.035,0.135,0.170,-0.050,-0.103,0.152,-0.005,-0.110,-0.130,-0.130,-0.125,-0.045
-0.057,0.113,0.170,-0.028,-0.113,0.141,-0.005,-0.114,-0.130,-0.130,-0.125,-0.045
-0.093,0.077,0.170,0.008,-0.132,0.123,-0.005,-0.115,-0.130,-0.130,-0.128,-0.045
-0.105,0.065,0.170,0.020,-0.138,0.118,-0.005,-0.115,-0.130,-0.130,-0.131,-0.045
-0.119,0.050,0.169,0.035,-0.145,0.109,-0.005,-0.115,-0.130,-0.130,-0.130,-0.045
-0.120,0.045,0.165,0.037,-0.143,0.105,-0.005,-0.115,-0.130,-0.130,-0.130,-0.045
-0.073,0.092,0.165,-0.010,-0.119,0.128,-0.005,-0.115,-0.130,-0.130,-0.134,-0.045
-0.069,0.096,0.165,-0.014,-0.117,0.130,-0.005,-0.115,-0.131,-0.130,-0.135,-0.045
-0.087,0.079,0.165,0.004,-0.127,0.122,-0.003,-0.115,-0.128,-0.130,-0.135,-0.045
-0.091,0.074,0.164,0.008,-0.128,0.119,0.001,-0.115,-0.125,-0.130,-0.134,-0.044
-0.095,0.065,0.160,0.015,-0.128,0.112,0.005,-0.115,-0.125,-0.130,-0.130,-0.040
-0.103,0.057,0.160,0.023,-0.132,0.108,0.009,-0.115,-0.125,-0.130,-0.130,-0.040
-0.109,0.051,0.160,0.029,-0.135,0.105,0.013,-0.112,-0.125,-0.130,-0.130,-0.041
-0.124,0.036,0.160,0.044,-0.142,0.098,0.017,-0.109,-0.125,-0.130,-0.130,-0.038
-0.118,0.042,0.160,0.038,-0.140,0.101,0.020,-0.110,-0.125,-0.130,-0.129,-0.035
-0.075,0.085,0.160,-0.005,-0.118,0.122,0.020,-0.110,-0.125,-0.130,-0.125,-0.035
-0.064,0.091,0.156,-0.014,-0.110,0.123,0.020,-0.106,-0.125,-0.130,-0.125,-0.035
-0.065,0.089,0.155,-0.012,-0.110,0.121,0.020,-0.105,-0.125,-0.130,-0.125,-0.032
-0.065,0.090,0.155,-0.013,-0.110,0.122,0.020,-0.105,-0.125,-0.130,-0.125,-0.029
-0.065,0.090,0.155,-0.013,-0.110,0.122,0.020,-0.105,-0.125,-0.130,-0.125,-0.030
-0.065,0.090,0.155,-0.013,-0.110,0.122,0.020,-0.105,-0.125,-0.130,-0.125,-0.030
-0.061,0.090,0.151,-0.015,-0.106,0.120,0.020,-0.101,-0.124,-0.130,-0.121,-0.026
-0.059,0.090,0.150,-0.015,-0.104,0.120,0.020,-0.099,-0.129,-0.127,-0.120,-0.024
-0.061,0.090,0.150,-0.014,-0.105,0.120,0.020,-0.101,-0.129,-0.125,-0.120,-0.026
-0.059,0.091,0.150,-0.016,-0.104,0.120,0.020,-0.099,-0.124,-0.124,-0.120,-0.024
-0.055,0.095,0.150,-0.020,-0.103,0.122,0.020,-0.095,-0.125,-0.120,-0.120,-0.020
-0.057,0.095,0.152,-0.019,-0.105,0.123,0.020,-0.095,-0.125,-0.120,-0.116,-0.020
-0.044,0.095,0.139,-0.026,-0.092,0.116,0.020,-0.095,-0.122,-0.117,-0.115,-0.021
-0.063,0.095,0.158,-0.016,-0.111,0.126,0.020,-0.095,-0.119,-0.115,-0.115,-0.018
-0.100,0.095,0.195,0.003,-0.148,0.145,0.020,-0.094,-0.120,-0.114,-0.115,-0.015
-0.100,0.095,0.195,0.002,-0.148,0.145,0.020,-0.090,-0.120,-0.110,-0.115,-0.015
-0.099,0.095,0.195,0.002,-0.148,0.145,0.020,-0.090,-0.112,-0.110,-0.116,-0.015
-0.101,0.094,0.195,0.003,-0.148,0.144,0.021,-0.090,-0.103,-0.107,-0.109,-0.012
-0.098,0.099,0.197,-0.001,-0.148,0.148,0.015,-0.090,-0.098,-0.104,-0.102,-0.009
-0.095,0.106,0.201,-0.005,-0.148,0.153,0.011,-0.089,-0.094,-0.105,-0.099,-0.010
-0.090,0.110,0.200,-0.010,-0.145,0.155,0.025,-0.085,-0.085,-0.105,-0.095,-0.010
-0.071,0.128,0.199,-0.028,-0.135,0.163,0.033,-0.085,-0.076,-0.105,-0.091,-0.009
-0.083,0.124,0.207,-0.021,-0.146,0.166,0.040,-0.082,-0.074,-0.105,-0.088,-0.016
-0.117,0.107,0.224,0.004,-0.171,0.165,0.050,-0.080,-0.060,-0.105,-0.081,-0.023
-0.138,0.099,0.237,0.019,-0.188,0.168,0.055,-0.079,-0.061,-0.105,-0.083,-0.026
-0.155,0.085,0.240,0.035,-0.198,0.162,0.050,-0.075,-0.095,-0.105,-0.100,-0.030
-0.183,0.057,0.240,0.063,-0.212,0.148,0.050,-0.075,-0.093,-0.106,-0.093,-0.035
-0.064,0.175,0.239,-0.056,-0.152,0.207,0.051,-0.072,-0.086,-0.100,-0.086,-0.030
0.012,0.253,0.242,-0.133,-0.115,0.248,0.048,-0.069,-0.083,-0.091,-0.084,-0.021
-0.027,0.219,0.245,-0.096,-0.137,0.232,0.045,-0.070,-0.080,-0.083,-0.078,-0.013
-0.030,0.215,0.245,-0.093,-0.138,0.230,0.045,-0.070,-0.080,-0.075,-0.070,-0.005
-0.042,0.203,0.245,-0.081,-0.144,0.224,0.046,-0.070,-0.076,-0.067,-0.065,0.003
-0.049,0.193,0.242,-0.073,-0.145,0.217,0.042,-0.071,-0.071,-0.060,-0.064,0.011
-0.053,0.186,0.239,-0.066,-0.146,0.213,0.040,-0.066,-0.070,-0.047,-0.053,0.020
-0.062,0.179,0.240,-0.058,-0.151,0.209,0.039,-0.078,-0.069,-0.051,-0.054,0.026
-0.065,0.175,0.240,-0.055,-0.153,0.207,0.035,-0.120,-0.065,-0.085,-0.080,0.025
-0.065,0.171,0.236,-0.054,-0.150,0.203,0.035,-0.118,-0.060,-0.083,-0.077,0.025
-0.068,0.166,0.234,-0.050,-0.152,0.200,0.032,-0.113,-0.060,-0.078,-0.074,0.025
-0.071,0.165,0.236,-0.047,-0.154,0.200,0.030,-0.116,-0.058,-0.081,-0.075,0.025
-0.078,0.156,0.234,-0.039,-0.156,0.194,0.029,-0.115,-0.055,-0.079,-0.075,0.024
-0.075,0.155,0.230,-0.040,-0.153,0.192,0.025,-0.115,-0.055,-0.075,-0.075,0.025
-0.018,0.211,0.230,-0.097,-0.124,0.221,0.025,-0.115,-0.051,-0.075,-0.075,0.042
-0.023,0.207,0.230,-0.092,-0.126,0.218,0.022,-0.115,-0.050,-0.076,-0.075,0.042
-0.063,0.168,0.231,-0.053,-0.148,0.199,0.020,-0.115,-0.048,-0.073,-0.075,0.030
-0.075,0.153,0.228,-0.039,-0.152,0.190,0.019,-0.115,-0.055,-0.070,-0.075,0.024
-0.060,0.150,0.210,-0.045,-0.135,0.180,0.015,-0.115,-0.080,-0.070,-0.075,0.020
-0.043,0.150,0.193,-0.054,-0.118,0.172,0.015,-0.115,-0.081,-0.070,-0.075,0.012
-0.037,0.149,0.186,-0.056,-0.112,0.167,0.015,-0.115,-0.079,-0.069,-0.074,0.003
-0.030,0.153,0.183,-0.062,-0.107,0.168,0.015,-0.115,-0.081,-0.074,-0.079,-0.002
-0.035,0.144,0.179,-0.055,-0.107,0.162,0.015,-0.115,-0.079,-0.081,-0.086,-0.007
-0.070,0.105,0.175,-0.018,-0.123,0.140,0.015,-0.115,-0.080,-0.085,-0.090,-0.015
-0.101,0.070,0.171,0.015,-0.136,0.120,0.015,-0.115,-0.100,-0.102,-0.107,-0.019
-0.110,0.057,0.167,0.026,-0.139,0.112,0.015,-0.115,-0.110,-0.107,-0.109,-0.023
-0.110,0.053,0.163,0.028,-0.137,0.108,0.015,-0.115,-0.109,-0.104,-0.104,-0.027
-0.109,0.049,0.158,0.030,-0.134,0.103,0.015,-0.115,-0.111,-0.105,-0.105,-0.031
-0.105,0.045,0.150,0.030,-0.128,0.097,0.015,-0.115,-0.115,-0.105,-0.105,-0.035
-0.105,0.041,0.146,0.032,-0.126,0.093,0.015,-0.115,-0.114,-0.103,-0.103,-0.039
-0.102,0.037,0.139,0.032,-0.121,0.088,0.015,-0.115,-0.120,-0.117,-0.117,-0.046
-0.099,0.034,0.133,0.033,-0.117,0.083,0.015,-0.115,-0.128,-0.129,-0.129,-0.053
-0.100,0.028,0.128,0.036,-0.114,0.078,0.015,-0.115,-0.130,-0.130,-0.131,-0.056
-0.100,0.020,0.120,0.040,-0.110,0.070,0.015,-0.115,-0.130,-0.130,-0.135,-0.060
-0.099,0.017,0.116,0.040,-0.108,0.067,0.015,-0.116,-0.135,-0.135,-0.140,-0.061
-0.115,-0.005,0.109,0.059,-0.112,0.052,0.015,-0.112,-0.132,-0.133,-0.137,-0.053
-0.176,-0.075,0.101,0.125,-0.138,0.013,0.015,-0.125,-0.147,-0.145,-0.150,-0.068
-0.150,-0.057,0.093,0.103,-0.121,0.018,0.015,-0.141,-0.167,-0.161,-0.166,-0.092
0.010,0.095,0.085,-0.053,-0.038,0.090,0.015,-0.135,-0.160,-0.155,-0.160,-0.085
-0.004,0.073,0.077,-0.035,-0.041,0.075,0.015,-0.135,-0.156,-0.154,-0.159,-0.084
-0.047,0.023,0.070,0.012,-0.059,0.047,0.015,-0.135,-0.152,-0.156,-0.161,-0.085
-0.046,0.012,0.058,0.017,-0.052,0.035,0.015,-0.135,-0.148,-0.153,-0.158,-0.085
-0.059,0.009,0.069,0.025,-0.064,0.039,0.015,-0.134,-0.144,-0.150,-0.155,-0.084
-0.110,0.005,0.115,0.052,-0.113,0.060,0.015,-0.130,-0.140,-0.150,-0.155,-0.080
-0.117,0.000,0.118,0.058,-0.118,0.059,0.016,-0.130,-0.136,-0.150,-0.155,-0.080
-0.112,-0.001,0.111,0.056,-0.111,0.055,0.009,-0.130,-0.135,-0.147,-0.152,-0.080
-0.139,-0.015,0.124,0.077,-0.131,0.054,0.002,-0.130,-0.135,-0.144,-0.149,-0.080
-0.167,-0.031,0.136,0.099,-0.151,0.052,-0.001,-0.129,-0.135,-0.145,-0.150,-0.079
-0.155,-0.025,0.130,0.090,-0.142,0.052,-0.005,-0.125,-0.135,-0.145,-0.150,-0.075
-0.151,-0.021,0.130,0.086,-0.140,0.055,-0.009,-0.125,-0.135,-0.141,-0.146,-0.075
-0.144,-0.017,0.127,0.080,-0.135,0.055,-0.013,-0.125,-0.135,-0.139,-0.144,-0.075
-0.139,-0.015,0.124,0.076,-0.131,0.055,-0.018,-0.125,-0.135,-0.141,-0.146,-0.075
-0.140,-0.015,0.125,0.077,-0.132,0.055,-0.020,-0.125,-0.135,-0.139,-0.144,-0.075
-0.135,-0.010,0.125,0.072,-0.130,0.057,-0.015,-0.125,-0.135,-0.135,-0.140,-0.075
-0.126,-0.006,0.121,0.066,-0.123,0.057,-0.010,-0.121,-0.135,-0.135,-0.140,-0.071
-0.125,-0.005,0.120,0.065,-0.122,0.057,-0.010,-0.120,-0.135,-0.136,-0.141,-0.070
-0.122,-0.004,0.118,0.063,-0.120,0.057,-0.008,-0.120,-0.135,-0.133,-0.138,-0.070
-0.113,0.001,0.114,0.055,-0.114,0.057,-0.005,-0.120,-0.135,-0.130,-0.135,-0.070
-0.110,0.005,0.115,0.052,-0.113,0.060,-0.005,-0.120,-0.135,-0.130,-0.135,-0.070
-0.111,0.005,0.116,0.053,-0.114,0.060,-0.001,-0.116,-0.135,-0.130,-0.135,-0.066
-0.104,0.008,0.112,0.048,-0.108,0.060,0.004,-0.114,-0.135,-0.127,-0.132,-0.065
-0.100,0.010,0.110,0.045,-0.105,0.060,0.005,-0.115,-0.136,-0.125,-0.130,-0.065
-0.099,0.011,0.109,0.044,-0.104,0.060,0.006,-0.115,-0.133,-0.125,-0.130,-0.065
-0.090,0.015,0.105,0.037,-0.098,0.060,0.010,-0.115,-0.120,-0.125,-0.130,-0.065
-0.089,0.016,0.105,0.036,-0.097,0.060,0.008,-0.118,-0.112,-0.126,-0.130,-0.065
-0.093,0.012,0.106,0.040,-0.100,0.059,0.029,-0.089,-0.104,-0.119,-0.128,-0.067
-0.095,0.008,0.103,0.043,-0.099,0.055,0.059,-0.057,-0.098,-0.112,-0.137,-0.076
-0.096,0.004,0.100,0.046,-0.098,0.052,0.088,-0.014,-0.084,-0.109,-0.162,-0.097
-0.100,0.000,0.100,0.050,-0.100,0.050,0.125,0.070,-0.055,-0.105,-0.180,-0.120
-0.104,-0.007,0.098,0.056,-0.101,0.045,0.171,0.134,-0.032,-0.097,-0.176,-0.124
-0.101,0.015,0.115,0.043,-0.108,0.065,0.196,0.170,0.000,-0.090,-0.179,-0.132
-0.057,0.056,0.113,0.001,-0.085,0.084,0.217,0.220,0.024,-0.094,-0.158,-0.116
-0.044,0.076,0.120,-0.016,-0.082,0.097,0.257,0.311,0.068,-0.072,-0.109,-0.076
-0.085,0.090,0.175,-0.003,-0.130,0.132,0.300,0.420,0.170,0.010,-0.065,-0.040
-0.001,0.169,0.170,-0.084,-0.086,0.169,0.315,0.512,0.286,0.091,-0.003,0.009
0.036,0.205,0.169,-0.121,-0.067,0.187,0.344,0.644,0.439,0.206,0.078,0.051
0.016,0.258,0.242,-0.137,-0.113,0.249,0.354,0.740,0.609,0.361,0.193,0.124
0.065,0.396,0.330,-0.231,-0.133,0.363,0.345,0.783,0.778,0.534,0.337,0.240
0.195,0.560,0.365,-0.378,-0.085,0.462,0.340,0.840,0.955,0.720,0.490,0.360
0.245,0.668,0.422,-0.457,-0.088,0.545,0.280,0.863,1.139,0.924,0.647,0.476
0.272,0.766,0.494,-0.519,-0.111,0.630,0.199,0.835,1.328,1.126,0.799,0.598
0.372,0.940,0.567,-0.656,-0.098,0.753,0.074,0.799,1.541,1.357,0.987,0.752
0.447,1.110,0.663,-0.779,-0.108,0.886,-0.082,0.755,1.754,1.604,1.193,0.911
0.420,1.225,0.805,-0.823,-0.193,1.015,-0.225,0.635,1.910,1.820,1.380,1.055
0.497,1.453,0.957,-0.975,-0.231,1.205,-0.360,0.398,1.987,1.998,1.573,1.209
0.485,1.443,0.958,-0.965,-0.237,1.200,-0.389,0.172,1.958,2.009,1.557,1.184
0.379,1.283,0.904,-0.831,-0.263,1.093,-0.366,0.028,1.878,1.913,1.425,1.059
0.296,1.164,0.867,-0.730,-0.285,1.015,-0.376,-0.105,1.703,1.746,1.286,0.947
0.260,1.040,0.780,-0.650,-0.260,0.910,-0.400,-0.275,1.365,1.465,1.095,0.820
0.184,0.830,0.646,-0.507,-0.231,0.738,-0.384,-0.384,0.981,1.134,0.845,0.647
0.089,0.594,0.505,-0.341,-0.208,0.549,-0.375,-0.495,0.525,0.728,0.559,0.462
0.039,0.420,0.380,-0.230,-0.171,0.400,-0.339,-0.525,0.059,0.300,0.293,0.294
0.015,0.309,0.293,-0.162,-0.139,0.301,-0.240,-0.430,-0.280,-0.033,0.093,0.161
-0.045,0.190,0.235,-0.073,-0.140,0.212,-0.125,-0.300,-0.420,-0.205,-0.035,0.070
-0.100,0.047,0.146,0.026,-0.123,0.096,-0.070,-0.189,-0.419,-0.252,-0.123,0.013
-0.097,-0.020,0.077,0.058,-0.086,0.028,-0.025,-0.060,-0.313,-0.222,-0.145,-0.043
-0.079,-0.058,0.022,0.068,-0.050,-0.018,0.024,0.093,-0.216,-0.171,-0.150,-0.076
-0.054,-0.086,-0.032,0.070,-0.011,-0.058,0.073,0.203,-0.159,-0.140,-0.160,-0.089
-0.010,-0.065,-0.055,0.038,0.023,-0.060,0.115,0.230,-0.100,-0.130,-0.150,-0.105
-0.024,-0.053,-0.029,0.038,0.003,-0.041,0.113,0.248,-0.082,-0.122,-0.142,-0.098
-0.038,-0.036,0.002,0.036,-0.020,-0.016,0.105,0.241,-0.069,-0.114,-0.134,-0.088
-0.030,-0.001,0.029,0.016,-0.030,0.014,0.105,0.221,-0.052,-0.104,-0.126,-0.083
-0.052,0.004,0.057,0.024,-0.054,0.030,0.104,0.206,-0.036,-0.093,-0.118,-0.078
-0.110,-0.030,0.080,0.070,-0.095,0.025,0.100,0.190,-0.025,-0.085,-0.110,-0.070
-0.103,-0.004,0.098,0.054,-0.101,0.046,0.096,0.174,-0.025,-0.077,-0.102,-0.062
-0.075,0.025,0.100,0.025,-0.088,0.062,0.092,0.157,-0.025,-0.071,-0.096,-0.057
-0.057,0.063,0.120,-0.003,-0.089,0.091,0.105,0.146,-0.025,-0.070,-0.095,-0.053
-0.048,0.100,0.148,-0.026,-0.099,0.124,0.121,0.128,-0.024,-0.070,-0.095,-0.050
-0.045,0.100,0.145,-0.028,-0.095,0.122,0.110,0.085,-0.025,-0.070,-0.095,-0.050
-0.045,0.100,0.145,-0.028,-0.095,0.122,0.102,0.042,-0.038,-0.066,-0.091,-0.050
-0.045,0.100,0.145,-0.028,-0.095,0.122,0.094,0.026,-0.038,-0.064,-0.090,-0.047
-0.045,0.100,0.145,-0.028,-0.095,0.122,0.086,0.024,-0.034,-0.066,-0.090,-0.044
-0.045,0.100,0.145,-0.028,-0.095,0.122,0.078,0.018,-0.035,-0.064,-0.090,-0.045
-0.045,0.100,0.145,-0.028,-0.095,0.122,0.070,0.010,-0.035,-0.060,-0.090,-0.045
-0.044,0.100,0.144,-0.028,-0.094,0.122,0.066,0.006,-0.031,-0.060,-0.086,-0.041
-0.051,0.100,0.151,-0.025,-0.101,0.125,0.062,-0.002,-0.029,-0.061,-0.084,-0.039
-0.058,0.100,0.158,-0.021,-0.108,0.129,0.060,-0.005,-0.031,-0.058,-0.086,-0.041
-0.061,0.100,0.160,-0.020,-0.110,0.130,0.059,-0.015,-0.029,-0.055,-0.084,-0.039
-0.060,0.100,0.160,-0.020,-0.110,0.130,0.055,-0.040,-0.025,-0.055,-0.080,-0.035
-0.055,0.104,0.159,-0.025,-0.107,0.131,0.055,-0.041,-0.025,-0.055,-0.080,-0.035
-0.059,0.105,0.165,-0.023,-0.113,0.135,0.056,-0.039,-0.026,-0.052,-0.080,-0.036
-0.039,0.105,0.144,-0.033,-0.092,0.124,0.053,-0.040,-0.023,-0.049,-0.080,-0.033
-0.031,0.105,0.136,-0.037,-0.084,0.120,0.050,-0.040,-0.020,-0.050,-0.079,-0.030
-0.075,0.105,0.180,-0.015,-0.128,0.142,0.050,-0.040,-0.020,-0.050,-0.075,-0.030
-0.073,0.105,0.178,-0.016,-0.126,0.142,0.046,-0.040,-0.020,-0.046,-0.075,-0.030
-0.068,0.105,0.173,-0.019,-0.121,0.139,0.044,-0.040,-0.017,-0.044,-0.075,-0.027
-0.071,0.105,0.176,-0.018,-0.124,0.140,0.046,-0.040,-0.014,-0.046,-0.075,-0.024
-0.070,0.105,0.175,-0.018,-0.123,0.140,0.044,-0.040,-0.015,-0.044,-0.074,-0.025
-0.070,0.105,0.175,-0.018,-0.123,0.140,0.040,-0.040,-0.015,-0.040,-0.070,-0.025
-0.071,0.104,0.175,-0.017,-0.123,0.140,0.040,-0.040,-0.011,-0.040,-0.070,-0.021
-0.064,0.111,0.175,-0.024,-0.120,0.143,0.037,-0.041,-0.010,-0.040,-0.071,-0.019
-0.057,0.118,0.175,-0.031,-0.116,0.146,0.034,-0.038,-0.010,-0.040,-0.068,-0.021
-0.054,0.121,0.175,-0.034,-0.115,0.148,0.035,-0.035,-0.010,-0.039,-0.065,-0.019
-0.050,0.125,0.175,-0.038,-0.113,0.150,0.035,-0.035,-0.005,-0.035,-0.065,-0.015
-0.050,0.125,0.175,-0.038,-0.113,0.150,0.031,-0.023,0.002,-0.032,-0.065,-0.015
-0.050,0.125,0.175,-0.038,-0.113,0.150,0.029,-0.047,-0.019,-0.052,-0.065,-0.015
-0.050,0.125,0.175,-0.038,-0.113,0.150,0.031,-0.061,-0.030,-0.059,-0.063,-0.015
-0.050,0.125,0.175,-0.038,-0.113,0.150,0.029,-0.048,-0.018,-0.048,-0.060,-0.014
-0.050,0.125,0.175,-0.038,-0.113,0.150,0.025,-0.045,-0.015,-0.045,-0.060,-0.010
-0.050,0.125,0.175,-0.038,-0.113,0.150,0.025,-0.042,-0.007,-0.042,-0.060,-0.010
-0.051,0.124,0.175,-0.037,-0.113,0.150,0.025,-0.034,-0.002,-0.034,-0.057,-0.010
-0.048,0.127,0.175,-0.040,-0.112,0.151,0.025,-0.027,0.004,-0.027,-0.055,-0.010
-0.045,0.130,0.175,-0.043,-0.110,0.152,0.025,-0.024,0.011,-0.024,-0.055,-0.009
-0.045,0.130,0.175,-0.043,-0.110,0.152,0.025,-0.020,0.015,-0.020,-0.055,-0.005
-0.045,0.130,0.175,-0.043,-0.110,0.152,0.025,-0.016,0.023,-0.016,-0.055,-0.005
-0.045,0.130,0.175,-0.043,-0.110,0.152,0.025,-0.015,0.028,-0.012,-0.052,-0.006
-0.045,0.130,0.175,-0.043,-0.110,0.152,0.025,-0.013,0.032,-0.008,-0.049,-0.003
-0.045,0.130,0.175,-0.043,-0.110,0.152,0.025,-0.009,0.036,-0.005,-0.050,0.000
-0.045,0.130,0.175,-0.043,-0.110,0.152,0.025,-0.010,0.040,-0.005,-0.050,0.000
-0.045,0.130,0.175,-0.043,-0.110,0.152,0.025,-0.011,0.044,-0.001,-0.050,0.000
-0.044,0.133,0.177,-0.045,-0.111,0.155,0.025,-0.007,0.047,0.004,-0.047,-0.001
-0.033,0.136,0.169,-0.052,-0.102,0.152,0.025,-0.005,0.054,0.005,-0.042,0.002
-0.034,0.135,0.169,-0.051,-0.102,0.152,0.025,-0.004,0.061,0.006,-0.040,0.005
-0.060,0.135,0.195,-0.038,-0.128,0.165,0.025,0.000,0.065,0.010,-0.040,0.005
-0.066,0.135,0.201,-0.035,-0.134,0.167,0.025,0.000,0.070,0.015,-0.036,0.005
-0.065,0.135,0.200,-0.035,-0.133,0.167,0.025,-0.001,0.069,0.014,-0.031,0.005
-0.065,0.135,0.200,-0.035,-0.133,0.167,0.025,0.003,0.075,0.019,-0.030,0.007
-0.065,0.135,0.200,-0.035,-0.133,0.167,0.025,0.012,0.087,0.026,-0.029,0.011
-0.065,0.135,0.200,-0.035,-0.133,0.167,0.025,0.020,0.090,0.030,-0.020,0.015
-0.065,0.135,0.200,-0.035,-0.133,0.167,0.025,0.028,0.092,0.038,-0.016,0.019
-0.064,0.136,0.200,-0.036,-0.133,0.167,0.025,0.036,0.110,0.043,-0.009,0.023
-0.067,0.133,0.200,-0.033,-0.134,0.166,0.025,0.044,0.111,0.049,-0.003,0.027
-0.061,0.139,0.200,-0.039,-0.131,0.169,0.025,0.052,0.108,0.057,0.002,0.030
-0.045,0.155,0.200,-0.055,-0.123,0.177,0.025,0.055,0.135,0.060,0.010,0.030
-0.057,0.142,0.200,-0.043,-0.129,0.170,0.025,0.048,0.138,0.057,0.014,0.027
-0.090,0.113,0.203,-0.012,-0.147,0.158,0.022,0.036,0.129,0.050,0.018,0.018
-0.066,0.140,0.206,-0.038,-0.136,0.173,0.020,0.056,0.154,0.072,0.022,0.033
-0.013,0.192,0.205,-0.090,-0.109,0.198,0.019,0.090,0.190,0.105,0.026,0.059
-0.015,0.190,0.205,-0.088,-0.110,0.197,0.015,0.090,0.190,0.105,0.030,0.060
-0.016,0.189,0.205,-0.087,-0.110,0.197,0.015,0.088,0.193,0.104,0.034,0.060
-0.015,0.190,0.205,-0.088,-0.110,0.197,0.016,0.099,0.202,0.111,0.038,0.060
-0.013,0.192,0.205,-0.090,-0.109,0.198,0.013,0.107,0.207,0.117,0.041,0.059
-0.009,0.196,0.205,-0.094,-0.108,0.200,0.010,0.113,0.220,0.122,0.047,0.061
-0.010,0.195,0.205,-0.093,-0.108,0.200,0.010,0.130,0.245,0.135,0.060,0.070
-0.011,0.194,0.205,-0.092,-0.109,0.200,0.010,0.138,0.253,0.148,0.073,0.074
0.000,0.202,0.203,-0.102,-0.102,0.202,0.007,0.149,0.266,0.156,0.077,0.078
0.005,0.218,0.213,-0.112,-0.104,0.215,0.004,0.159,0.283,0.166,0.089,0.082
0.007,0.233,0.226,-0.121,-0.109,0.229,0.005,0.167,0.299,0.178,0.108,0.087
0.020,0.240,0.220,-0.130,-0.100,0.230,0.005,0.180,0.315,0.190,0.115,0.095
0.021,0.241,0.220,-0.131,-0.100,0.230,0.001,0.197,0.334,0.210,0.123,0.099
0.052,0.269,0.217,-0.161,-0.083,0.243,0.000,0.205,0.358,0.229,0.129,0.107
0.060,0.292,0.231,-0.176,-0.086,0.261,-0.002,0.205,0.364,0.236,0.131,0.111
0.036,0.288,0.252,-0.162,-0.108,0.270,-0.006,0.215,0.370,0.244,0.139,0.119
0.040,0.290,0.250,-0.165,-0.105,0.270,-0.005,0.240,0.405,0.270,0.160,0.145
0.064,0.315,0.251,-0.189,-0.093,0.283,-0.005,0.250,0.428,0.288,0.178,0.163
0.081,0.325,0.244,-0.203,-0.082,0.285,-0.008,0.251,0.431,0.291,0.182,0.169
0.072,0.326,0.254,-0.199,-0.091,0.290,-0.011,0.262,0.446,0.306,0.194,0.171
0.059,0.332,0.273,-0.196,-0.106,0.302,-0.010,0.278,0.470,0.329,0.214,0.177
0.070,0.340,0.270,-0.205,-0.100,0.305,-0.010,0.285,0.480,0.335,0.225,0.185
0.076,0.344,0.268,-0.210,-0.096,0.306,-0.014,0.288,0.491,0.346,0.233,0.193
0.065,0.348,0.283,-0.206,-0.109,0.315,-0.015,0.303,0.508,0.363,0.242,0.202
0.060,0.353,0.292,-0.206,-0.116,0.322,-0.015,0.311,0.519,0.372,0.247,0.205
0.056,0.346,0.290,-0.201,-0.117,0.318,-0.014,0.303,0.519,0.369,0.252,0.198
0.045,0.335,0.290,-0.190,-0.123,0.312,-0.010,0.300,0.520,0.370,0.260,0.200
0.079,0.369,0.290,-0.224,-0.106,0.329,-0.010,0.315,0.540,0.389,0.262,0.224
0.119,0.409,0.290,-0.264,-0.086,0.349,-0.010,0.335,0.554,0.408,0.283,0.243
0.149,0.439,0.290,-0.294,-0.071,0.364,-0.010,0.340,0.568,0.420,0.302,0.259
0.168,0.458,0.289,-0.313,-0.061,0.373,-0.010,0.334,0.582,0.425,0.306,0.272
0.170,0.460,0.290,-0.315,-0.060,0.375,-0.010,0.330,0.585,0.430,0.310,0.275
0.157,0.460,0.303,-0.309,-0.073,0.381,-0.010,0.326,0.590,0.447,0.317,0.275
0.156,0.460,0.304,-0.308,-0.074,0.382,-0.011,0.321,0.588,0.449,0.333,0.277
0.163,0.460,0.297,-0.312,-0.067,0.378,-0.008,0.320,0.583,0.444,0.342,0.283
0.165,0.460,0.295,-0.313,-0.065,0.377,-0.005,0.319,0.579,0.445,0.340,0.285
0.165,0.460,0.295,-0.313,-0.065,0.377,-0.005,0.315,0.575,0.445,0.340,0.280
0.170,0.461,0.291,-0.316,-0.060,0.376,-0.005,0.311,0.571,0.445,0.340,0.276
0.161,0.452,0.290,-0.306,-0.065,0.371,-0.005,0.307,0.567,0.445,0.340,0.272
0.152,0.440,0.288,-0.296,-0.069,0.364,-0.005,0.302,0.564,0.446,0.340,0.268
0.148,0.433,0.285,-0.291,-0.069,0.359,-0.005,0.300,0.556,0.442,0.341,0.265
0.140,0.425,0.285,-0.283,-0.073,0.355,-0.005,0.300,0.535,0.425,0.340,0.265
0.136,0.417,0.281,-0.276,-0.073,0.349,-0.005,0.289,0.519,0.413,0.328,0.261
0.132,0.409,0.276,-0.271,-0.072,0.342,-0.002,0.276,0.498,0.398,0.316,0.257
0.127,0.402,0.275,-0.265,-0.075,0.339,0.001,0.264,0.472,0.384,0.303,0.253
0.117,0.391,0.274,-0.255,-0.079,0.333,0.000,0.253,0.450,0.370,0.293,0.249
0.105,0.375,0.270,-0.240,-0.083,0.322,0.000,0.240,0.435,0.350,0.285,0.245
0.093,0.363,0.270,-0.228,-0.089,0.317,0.000,0.212,0.421,0.335,0.258,0.247
0.081,0.348,0.267,-0.215,-0.093,0.307,0.000,0.186,0.389,0.310,0.230,0.231
0.068,0.334,0.266,-0.202,-0.099,0.299,0.000,0.166,0.353,0.282,0.211,0.211
0.058,0.321,0.263,-0.190,-0.103,0.292,0.000,0.152,0.322,0.259,0.196,0.196
0.055,0.305,0.250,-0.180,-0.098,0.277,0.000,0.140,0.290,0.230,0.180,0.180
0.047,0.289,0.242,-0.168,-0.098,0.265,0.000,0.124,0.257,0.201,0.164,0.168
0.038,0.273,0.235,-0.156,-0.099,0.253,0.003,0.111,0.231,0.179,0.148,0.153
0.033,0.257,0.224,-0.145,-0.096,0.240,0.006,0.097,0.208,0.162,0.132,0.139
0.028,0.241,0.213,-0.135,-0.093,0.227,0.005,0.082,0.184,0.145,0.116,0.126
0.020,0.225,0.205,-0.123,-0.093,0.215,0.005,0.070,0.160,0.120,0.100,0.110
0.012,0.209,0.197,-0.111,-0.093,0.203,0.009,0.054,0.140,0.096,0.084,0.098
0.005,0.193,0.188,-0.100,-0.092,0.191,0.010,0.041,0.118,0.075,0.068,0.083
-0.007,0.176,0.183,-0.085,-0.095,0.180,0.010,0.029,0.092,0.054,0.052,0.068
-0.016,0.162,0.178,-0.073,-0.098,0.170,0.010,0.018,0.070,0.036,0.037,0.058
-0.015,0.155,0.170,-0.070,-0.093,0.162,0.010,0.010,0.055,0.025,0.025,0.050
-0.019,0.147,0.166,-0.064,-0.093,0.157,0.014,0.002,0.039,0.013,0.009,0.042
-0.020,0.139,0.159,-0.060,-0.090,0.149,0.016,-0.009,0.023,0.000,-0.005,0.034
-0.021,0.131,0.153,-0.055,-0.087,0.142,0.014,-0.020,0.009,-0.009,-0.014,0.026
-0.026,0.123,0.149,-0.048,-0.088,0.135,0.016,-0.027,-0.003,-0.018,-0.022,0.018
-0.030,0.115,0.145,-0.043,-0.088,0.130,0.020,-0.035,-0.015,-0.030,-0.030,0.010
-0.034,0.112,0.145,-0.040,-0.089,0.128,0.020,-0.048,-0.027,-0.038,-0.038,0.002
-0.041,0.101,0.142,-0.030,-0.092,0.121,0.020,-0.054,-0.039,-0.045,-0.046,-0.003
-0.049,0.090,0.139,-0.021,-0.095,0.114,0.020,-0.057,-0.051,-0.056,-0.054,-0.007
-0.057,0.083,0.140,-0.013,-0.099,0.111,0.019,-0.061,-0.063,-0.067,-0.062,-0.011
-0.065,0.075,0.140,-0.005,-0.103,0.107,0.015,-0.065,-0.075,-0.075,-0.065,-0.015
-0.069,0.067,0.136,0.001,-0.103,0.101,0.015,-0.077,-0.083,-0.083,-0.064,-0.019
-0.074,0.060,0.134,0.007,-0.105,0.097,0.015,-0.084,-0.094,-0.091,-0.077,-0.020
-0.088,0.048,0.136,0.020,-0.112,0.092,0.015,-0.085,-0.103,-0.097,-0.089,-0.021
-0.085,0.049,0.134,0.017,-0.110,0.092,0.015,-0.086,-0.106,-0.101,-0.090,-0.026
-0.055,0.075,0.130,-0.010,-0.093,0.102,0.015,-0.090,-0.110,-0.105,-0.090,-0.030
-0.058,0.072,0.130,-0.007,-0.094,0.101,0.015,-0.091,-0.114,-0.109,-0.090,-0.034
-0.061,0.069,0.131,-0.004,-0.096,0.100,0.016,-0.087,-0.115,-0.110,-0.093,-0.039
-0.060,0.068,0.128,-0.005,-0.094,0.098,0.013,-0.085,-0.115,-0.110,-0.095,-0.040
-0.060,0.065,0.125,-0.003,-0.093,0.095,0.010,-0.085,-0.115,-0.110,-0.095,-0.041
-0.060,0.065,0.125,-0.003,-0.093,0.095,0.010,-0.085,-0.115,-0.110,-0.095,-0.045
-0.060,0.061,0.121,-0.001,-0.091,0.091,0.010,-0.085,-0.115,-0.111,-0.091,-0.045
-0.060,0.059,0.119,0.000,-0.090,0.089,0.010,-0.085,-0.113,-0.107,-0.087,-0.045
-0.060,0.061,0.121,0.000,-0.090,0.091,0.010,-0.085,-0.123,-0.120,-0.100,-0.045
-0.060,0.059,0.119,0.000,-0.090,0.089,0.010,-0.085,-0.136,-0.136,-0.116,-0.045
-0.060,0.055,0.115,0.002,-0.088,0.085,0.010,-0.085,-0.130,-0.130,-0.110,-0.045
-0.059,0.055,0.115,0.002,-0.088,0.085,0.010,-0.085,-0.129,-0.129,-0.110,-0.045
-0.064,0.052,0.116,0.005,-0.090,0.083,0.007,-0.085,-0.131,-0.131,-0.110,-0.048
-0.063,0.050,0.113,0.006,-0.088,0.081,0.004,-0.085,-0.128,-0.128,-0.110,-0.051
-0.060,0.049,0.110,0.006,-0.085,0.079,0.005,-0.085,-0.125,-0.125,-0.109,-0.050
-0.065,0.045,0.110,0.010,-0.088,0.077,0.005,-0.085,-0.125,-0.125,-0.105,-0.050
-0.065,0.045,0.109,0.010,-0.087,0.077,0.005,-0.085,-0.125,-0.125,-0.105,-0.050
-0.070,0.045,0.116,0.013,-0.094,0.080,0.005,-0.085,-0.126,-0.126,-0.105,-0.050
-0.078,0.045,0.123,0.016,-0.101,0.084,0.005,-0.085,-0.123,-0.123,-0.105,-0.050
-0.080,0.045,0.125,0.017,-0.103,0.085,0.005,-0.085,-0.120,-0.120,-0.104,-0.050
-0.080,0.045,0.125,0.017,-0.103,0.085,0.005,-0.085,-0.120,-0.120,-0.100,-0.050
-0.080,0.045,0.125,0.017,-0.103,0.085,0.005,-0.085,-0.120,-0.120,-0.100,-0.050
-0.080,0.045,0.125,0.017,-0.103,0.085,0.002,-0.085,-0.120,-0.120,-0.100,-0.050
-0.079,0.046,0.125,0.016,-0.103,0.085,-0.001,-0.085,-0.118,-0.118,-0.100,-0.050
-0.081,0.044,0.125,0.018,-0.104,0.084,0.000,-0.085,-0.115,-0.115,-0.100,-0.050
-0.080,0.045,0.125,0.017,-0.103,0.085,0.000,-0.085,-0.115,-0.115,-0.100,-0.050
-0.059,0.066,0.125,-0.004,-0.092,0.095,0.000,-0.085,-0.115,-0.115,-0.096,-0.050
-0.056,0.069,0.125,-0.007,-0.091,0.097,0.000,-0.085,-0.112,-0.112,-0.095,-0.050
-0.061,0.064,0.125,-0.002,-0.093,0.095,0.000,-0.085,-0.110,-0.110,-0.095,-0.050
-0.061,0.064,0.125,-0.002,-0.093,0.095,0.000,-0.085,-0.110,-0.110,-0.095,-0.050
-0.065,0.060,0.125,0.002,-0.095,0.092,0.000,-0.085,-0.110,-0.110,-0.095,-0.050
-0.064,0.060,0.125,0.002,-0.094,0.092,0.000,-0.085,-0.110,-0.110,-0.091,-0.050
-0.071,0.057,0.128,0.007,-0.100,0.092,0.000,-0.085,-0.107,-0.107,-0.090,-0.050
-0.076,0.055,0.131,0.010,-0.104,0.092,0.000,-0.085,-0.104,-0.104,-0.090,-0.050
-0.076,0.054,0.130,0.011,-0.103,0.092,0.000,-0.085,-0.105,-0.105,-0.090,-0.050
-0.080,0.050,0.130,0.015,-0.105,0.090,0.000,-0.085,-0.105,-0.105,-0.090,-0.050
-0.080,0.050,0.130,0.015,-0.105,0.090,-0.004,-0.085,-0.105,-0.105,-0.089,-0.050
-0.083,0.047,0.130,0.018,-0.107,0.088,-0.005,-0.085,-0.108,-0.108,-0.095,-0.050
-0.085,0.045,0.130,0.020,-0.108,0.087,-0.005,-0.085,-0.111,-0.111,-0.103,-0.050
-0.086,0.044,0.130,0.021,-0.108,0.087,-0.005,-0.085,-0.110,-0.110,-0.104,-0.049
-0.100,0.030,0.130,0.035,-0.115,0.080,-0.005,-0.085,-0.110,-0.110,-0.100,-0.045
-0.120,0.010,0.130,0.055,-0.126,0.069,-0.005,-0.085,-0.110,-0.110,-0.100,-0.045
-0.067,0.063,0.130,0.002,-0.099,0.096,-0.005,-0.085,-0.110,-0.110,-0.100,-0.045
-0.041,0.088,0.130,-0.024,-0.086,0.109,-0.005,-0.085,-0.110,-0.110,-0.100,-0.045
-0.096,0.035,0.130,0.031,-0.113,0.082,-0.005,-0.085,-0.110,-0.110,-0.099,-0.045
-0.115,0.015,0.130,0.050,-0.123,0.072,-0.005,-0.085,-0.110,-0.110,-0.095,-0.045
-0.027,0.099,0.126,-0.036,-0.077,0.112,-0.005,-0.085,-0.110,-0.110,-0.095,-0.045
-0.009,0.116,0.124,-0.054,-0.067,0.120,-0.005,-0.085,-0.110,-0.110,-0.095,-0.046
-0.033,0.092,0.126,-0.030,-0.079,0.108,-0.005,-0.085,-0.110,-0.110,-0.095,-0.043
-0.035,0.089,0.124,-0.027,-0.080,0.106,-0.005,-0.085,-0.110,-0.110,-0.094,-0.040
-0.040,0.080,0.120,-0.020,-0.080,0.100,-0.005,-0.085,-0.110,-0.110,-0.090,-0.040
-0.048,0.072,0.120,-0.012,-0.084,0.096,-0.005,-0.085,-0.110,-0.114,-0.090,-0.040
-0.057,0.064,0.121,-0.004,-0.089,0.092,-0.005,-0.085,-0.110,-0.115,-0.090,-0.040
-0.062,0.056,0.118,0.003,-0.090,0.087,-0.005,-0.085,-0.110,-0.115,-0.090,-0.040
-0.067,0.048,0.115,0.009,-0.091,0.081,-0.006,-0.085,-0.110,-0.115,-0.090,-0.040
-0.075,0.040,0.115,0.017,-0.095,0.077,-0.010,-0.085,-0.110,-0.115,-0.090,-0.040
-0.084,0.032,0.115,0.025,-0.100,0.073,-0.010,-0.085,-0.110,-0.115,-0.086,-0.040
-0.088,0.024,0.112,0.031,-0.100,0.068,-0.010,-0.085,-0.110,-0.115,-0.085,-0.037
-0.094,0.015,0.109,0.039,-0.102,0.062,-0.010,-0.085,-0.110,-0.115,-0.085,-0.034
-0.092,0.018,0.110,0.037,-0.102,0.064,-0.010,-0.085,-0.110,-0.115,-0.085,-0.035
-0.065,0.045,0.110,0.010,-0.088,0.077,-0.010,-0.085,-0.110,-0.115,-0.085,-0.035
-0.034,0.072,0.106,-0.019,-0.070,0.089,-0.010,-0.085,-0.110,-0.115,-0.081,-0.035
-0.031,0.074,0.104,-0.022,-0.068,0.089,-0.013,-0.085,-0.110,-0.115,-0.080,-0.035
-0.037,0.069,0.106,-0.016,-0.071,0.087,-0.016,-0.085,-0.110,-0.115,-0.080,-0.035
-0.034,0.070,0.104,-0.019,-0.069,0.087,-0.015,-0.085,-0.111,-0.116,-0.080,-0.035
-0.030,0.070,0.100,-0.020,-0.065,0.085,-0.015,-0.085,-0.115,-0.120,-0.080,-0.035
-0.034,0.066,0.100,-0.016,-0.067,0.082,-0.015,-0.085,-0.115,-0.120,-0.080,-0.035
-0.036,0.064,0.101,-0.014,-0.069,0.082,-0.015,-0.086,-0.115,-0.120,-0.078,-0.038
-0.032,0.066,0.098,-0.017,-0.066,0.082,-0.015,-0.083,-0.115,-0.120,-0.070,-0.040
-0.031,0.063,0.095,-0.017,-0.063,0.079,-0.016,-0.089,-0.115,-0.120,-0.074,-0.041
-0.040,0.055,0.095,-0.008,-0.068,0.075,-0.020,-0.110,-0.115,-0.120,-0.100,-0.045
-0.044,0.051,0.095,-0.004,-0.070,0.073,-0.020,-0.111,-0.119,-0.120,-0.105,-0.045
-0.051,0.044,0.094,0.003,-0.072,0.069,-0.020,-0.109,-0.120,-0.120,-0.105,-0.048
-0.059,0.038,0.097,0.010,-0.078,0.067,-0.020,-0.110,-0.120,-0.120,-0.105,-0.050
-0.067,0.033,0.100,0.017,-0.084,0.066,-0.020,-0.110,-0.120,-0.120,-0.105,-0.051
-0.075,0.025,0.100,0.025,-0.088,0.062,-0.020,-0.110,-0.120,-0.120,-0.105,-0.055
-0.079,0.021,0.100,0.029,-0.089,0.060,-0.020,-0.110,-0.120,-0.120,-0.105,-0.055
-0.086,0.017,0.103,0.034,-0.095,0.060,-0.023,-0.110,-0.121,-0.123,-0.105,-0.055
-0.093,0.013,0.106,0.039,-0.099,0.059,-0.026,-0.110,-0.118,-0.126,-0.105,-0.055
-0.096,0.009,0.105,0.043,-0.100,0.056,-0.025,-0.110,-0.123,-0.125,-0.106,-0.056
-0.100,0.005,0.105,0.047,-0.103,0.055,-0.025,-0.110,-0.140,-0.125,-0.110,-0.060
-0.108,0.001,0.109,0.053,-0.109,0.055,-0.025,-0.110,-0.141,-0.125,-0.110,-0.064
-0.114,-0.003,0.110,0.059,-0.112,0.053,-0.025,-0.110,-0.140,-0.128,-0.110,-0.068
-0.116,-0.006,0.110,0.061,-0.112,0.051,-0.025,-0.110,-0.140,-0.132,-0.110,-0.070
-0.114,-0.004,0.110,0.059,-0.112,0.053,-0.025,-0.110,-0.140,-0.136,-0.110,-0.070
-0.110,0.000,0.110,0.055,-0.110,0.055,-0.025,-0.110,-0.140,-0.140,-0.110,-0.070
-0.105,0.001,0.106,0.051,-0.106,0.054,-0.025,-0.110,-0.140,-0.140,-0.110,-0.070
-0.074,0.028,0.102,0.023,-0.088,0.065,-0.025,-0.109,-0.141,-0.140,-0.110,-0.069
-0.058,0.040,0.098,0.008,-0.078,0.069,-0.025,-0.113,-0.138,-0.140,-0.110,-0.072
-0.067,0.027,0.094,0.019,-0.080,0.060,-0.025,-0.122,-0.143,-0.140,-0.110,-0.075
-0.070,0.020,0.090,0.025,-0.080,0.055,-0.025,-0.125,-0.160,-0.140,-0.110,-0.075
-0.078,0.012,0.090,0.033,-0.084,0.051,-0.025,-0.125,-0.165,-0.140,-0.110,-0.075
-0.082,0.005,0.087,0.038,-0.085,0.046,-0.025,-0.125,-0.165,-0.140,-0.110,-0.075
-0.092,-0.009,0.083,0.050,-0.087,0.036,-0.025,-0.125,-0.165,-0.140,-0.110,-0.075
-0.109,-0.030,0.079,0.070,-0.094,0.024,-0.025,-0.125,-0.165,-0.140,-0.110,-0.076
-0.120,-0.045,0.075,0.082,-0.097,0.015,-0.025,-0.125,-0.165,-0.140,-0.110,-0.080
-0.120,-0.050,0.071,0.085,-0.095,0.010,-0.025,-0.125,-0.165,-0.140,-0.110,-0.080
-0.120,-0.050,0.070,0.085,-0.095,0.010,-0.025,-0.128,-0.165,-0.140,-0.110,-0.080
-0.120,-0.050,0.070,0.085,-0.095,0.010,-0.025,-0.131,-0.165,-0.140,-0.110,-0.080
-0.120,-0.050,0.070,0.085,-0.095,0.010,-0.026,-0.130,-0.165,-0.140,-0.110,-0.080
-0.120,-0.050,0.070,0.085,-0.095,0.010,-0.030,-0.130,-0.165,-0.140,-0.110,-0.080
-0.120,-0.050,0.070,0.085,-0.095,0.010,-0.030,-0.130,-0.165,-0.140,-0.110,-0.080
-0.120,-0.050,0.070,0.085,-0.095,0.010,-0.030,-0.130,-0.165,-0.140,-0.110,-0.080
-0.120,-0.050,0.070,0.085,-0.095,0.010,-0.030,-0.130,-0.165,-0.140,-0.110,-0.080
-0.120,-0.050,0.070,0.085,-0.095,0.010,-0.030,-0.130,-0.165,-0.141,-0.110,-0.080
-0.120,-0.050,0.070,0.085,-0.095,0.010,-0.030,-0.130,-0.165,-0.145,-0.110,-0.080
-0.120,-0.050,0.070,0.085,-0.095,0.010,-0.030,-0.130,-0.165,-0.149,-0.110,-0.080
-0.121,-0.051,0.070,0.086,-0.095,0.010,-0.029,-0.130,-0.165,-0.153,-0.110,-0.080
-0.118,-0.048,0.070,0.083,-0.094,0.011,-0.032,-0.130,-0.165,-0.155,-0.110,-0.080
-0.115,-0.045,0.070,0.080,-0.092,0.012,-0.035,-0.130,-0.165,-0.155,-0.110,-0.080
-0.115,-0.045,0.070,0.080,-0.092,0.012,-0.035,-0.130,-0.165,-0.155,-0.110,-0.080
-0.115,-0.045,0.070,0.080,-0.092,0.012,-0.035,-0.130,-0.165,-0.155,-0.110,-0.080
-0.115,-0.045,0.070,0.080,-0.092,0.012,-0.035,-0.130,-0.165,-0.155,-0.110,-0.080
-0.115,-0.045,0.070,0.080,-0.092,0.012,-0.035,-0.130,-0.165,-0.155,-0.110,-0.080
-0.115,-0.045,0.070,0.080,-0.092,0.012,-0.035,-0.130,-0.165,-0.155,-0.110,-0.080
-0.115,-0.045,0.070,0.080,-0.092,0.012,-0.035,-0.130,-0.165,-0.155,-0.110,-0.080
-0.112,-0.045,0.066,0.078,-0.088,0.010,-0.035,-0.130,-0.165,-0.155,-0.114,-0.080
-0.103,-0.042,0.061,0.072,-0.082,0.010,-0.033,-0.131,-0.166,-0.156,-0.119,-0.083
-0.100,-0.039,0.060,0.070,-0.080,0.010,-0.027,-0.128,-0.163,-0.153,-0.120,-0.086
-0.099,-0.040,0.059,0.070,-0.079,0.009,-0.034,-0.134,-0.160,-0.159,-0.120,-0.085
-0.095,-0.040,0.055,0.067,-0.075,0.007,-0.055,-0.155,-0.160,-0.180,-0.120,-0.085
-0.095,-0.040,0.055,0.067,-0.075,0.007,-0.052,-0.152,-0.160,-0.177,-0.120,-0.085
-0.093,-0.040,0.053,0.066,-0.073,0.006,-0.049,-0.149,-0.160,-0.174,-0.120,-0.085
-0.087,-0.039,0.047,0.063,-0.067,0.004,-0.050,-0.150,-0.160,-0.175,-0.120,-0.085
-0.086,-0.041,0.045,0.063,-0.066,0.001,-0.050,-0.150,-0.160,-0.175,-0.119,-0.086
-0.085,-0.040,0.045,0.062,-0.065,0.002,-0.050,-0.150,-0.160,-0.175,-0.120,-0.090
-0.064,-0.023,0.041,0.044,-0.052,0.008,-0.050,-0.146,-0.160,-0.175,-0.137,-0.094
-0.089,-0.050,0.040,0.070,-0.064,-0.005,-0.047,-0.145,-0.160,-0.175,-0.139,-0.098
-0.088,-0.048,0.040,0.068,-0.064,-0.004,-0.044,-0.145,-0.160,-0.175,-0.134,-0.103
-0.031,0.009,0.040,0.011,-0.035,0.024,-0.045,-0.145,-0.160,-0.174,-0.135,-0.105
0.005,0.045,0.040,-0.025,-0.018,0.042,-0.045,-0.145,-0.160,-0.170,-0.135,-0.100
-0.005,0.035,0.040,-0.015,-0.023,0.037,-0.045,-0.141,-0.160,-0.170,-0.135,-0.100
-0.017,0.023,0.040,-0.003,-0.029,0.031,-0.045,-0.140,-0.160,-0.170,-0.135,-0.101
-0.023,0.017,0.040,0.003,-0.032,0.028,-0.045,-0.140,-0.160,-0.170,-0.135,-0.098
-0.033,0.007,0.040,0.013,-0.036,0.023,-0.044,-0.140,-0.160,-0.170,-0.135,-0.095
-0.045,-0.005,0.040,0.025,-0.042,0.017,-0.040,-0.140,-0.160,-0.170,-0.135,-0.095
-0.053,-0.013,0.040,0.033,-0.046,0.013,-0.040,-0.140,-0.160,-0.170,-0.135,-0.095
-0.060,-0.020,0.040,0.040,-0.049,0.009,-0.040,-0.137,-0.160,-0.171,-0.135,-0.095
-0.073,-0.032,0.041,0.052,-0.056,0.004,-0.040,-0.134,-0.160,-0.168,-0.135,-0.093
-0.079,-0.040,0.039,0.060,-0.059,-0.001,-0.040,-0.135,-0.160,-0.165,-0.135,-0.090
-0.075,-0.035,0.040,0.055,-0.057,0.002,-0.040,-0.135,-0.160,-0.165,-0.135,-0.090
-0.096,-0.035,0.061,0.065,-0.078,0.013,-0.036,-0.135,-0.160,-0.165,-0.131,-0.090
-0.096,-0.032,0.064,0.064,-0.080,0.016,-0.035,-0.132,-0.160,-0.165,-0.130,-0.087
-0.089,-0.030,0.059,0.059,-0.074,0.014,-0.035,-0.129,-0.160,-0.165,-0.130,-0.085
-0.089,-0.029,0.060,0.059,-0.075,0.015,-0.035,-0.130,-0.160,-0.165,-0.130,-0.085
-0.085,-0.025,0.060,0.055,-0.072,0.017,-0.035,-0.130,-0.160,-0.165,-0.130,-0.085
-0.086,-0.026,0.060,0.056,-0.072,0.017,-0.035,-0.130,-0.164,-0.165,-0.130,-0.085
-0.081,-0.021,0.060,0.051,-0.071,0.019,-0.035,-0.129,-0.167,-0.164,-0.130,-0.083
-0.115,-0.055,0.060,0.085,-0.087,0.003,-0.034,-0.133,-0.176,-0.169,-0.130,-0.093
-0.153,-0.093,0.060,0.123,-0.106,-0.016,-0.046,-0.151,-0.186,-0.175,-0.130,-0.106
-0.135,-0.075,0.060,0.105,-0.097,-0.007,-0.070,-0.170,-0.180,-0.170,-0.130,-0.100
-0.126,-0.066,0.060,0.096,-0.093,-0.003,-0.067,-0.163,-0.175,-0.170,-0.130,-0.100
-0.116,-0.056,0.060,0.086,-0.088,0.002,-0.061,-0.156,-0.175,-0.167,-0.130,-0.097
-0.105,-0.045,0.060,0.075,-0.083,0.007,-0.060,-0.154,-0.173,-0.165,-0.130,-0.095
-0.098,-0.038,0.060,0.068,-0.079,0.011,-0.059,-0.148,-0.170,-0.164,-0.129,-0.094
-0.085,-0.025,0.060,0.055,-0.072,0.017,-0.055,-0.140,-0.170,-0.160,-0.125,-0.090
-0.073,-0.013,0.060,0.043,-0.066,0.023,-0.055,-0.136,-0.166,-0.160,-0.125,-0.090
-0.097,-0.037,0.060,0.067,-0.079,0.011,-0.053,-0.132,-0.161,-0.161,-0.122,-0.087
-0.109,-0.049,0.060,0.079,-0.084,0.005,-0.047,-0.128,-0.160,-0.158,-0.120,-0.085
-0.092,-0.032,0.060,0.062,-0.075,0.014,-0.045,-0.124,-0.159,-0.155,-0.119,-0.084
-0.085,-0.025,0.060,0.055,-0.072,0.017,-0.045,-0.120,-0.155,-0.155,-0.115,-0.080
-0.073,-0.013,0.060,0.043,-0.066,0.023,-0.041,-0.120,-0.156,-0.151,-0.115,-0.080
-0.064,-0.004,0.060,0.034,-0.062,0.028,-0.041,-0.117,-0.149,-0.150,-0.112,-0.077
-0.055,0.006,0.060,0.024,-0.058,0.033,-0.037,-0.115,-0.142,-0.148,-0.110,-0.073
-0.042,0.018,0.060,0.012,-0.051,0.038,-0.028,-0.115,-0.139,-0.144,-0.109,-0.069
-0.030,0.025,0.055,0.002,-0.043,0.040,-0.025,-0.110,-0.135,-0.145,-0.105,-0.065
-0.020,0.030,0.049,-0.005,-0.035,0.039,-0.021,-0.105,-0.127,-0.146,-0.105,-0.065
-0.030,0.030,0.060,0.000,-0.045,0.045,-0.017,-0.105,-0.122,-0.139,-0.103,-0.063
-0.048,0.032,0.079,0.008,-0.064,0.055,-0.013,-0.103,-0.118,-0.132,-0.097,-0.057
-0.057,0.036,0.093,0.010,-0.075,0.064,-0.009,-0.100,-0.115,-0.129,-0.095,-0.055
-0.060,0.040,0.100,0.010,-0.080,0.070,-0.005,-0.100,-0.115,-0.125,-0.095,-0.055
-0.061,0.044,0.105,0.008,-0.083,0.075,-0.001,-0.096,-0.115,-0.121,-0.091,-0.051
-0.057,0.045,0.102,0.006,-0.080,0.073,0.003,-0.095,-0.115,-0.117,-0.086,-0.046
-0.054,0.046,0.100,0.004,-0.078,0.072,0.007,-0.095,-0.115,-0.113,-0.085,-0.045
-0.056,0.044,0.099,0.006,-0.078,0.071,0.012,-0.095,-0.115,-0.109,-0.084,-0.044
-0.050,0.045,0.095,0.002,-0.073,0.070,0.015,-0.095,-0.115,-0.105,-0.080,-0.040
-0.025,0.070,0.095,-0.023,-0.061,0.083,0.000,-0.095,-0.115,-0.101,-0.080,-0.040
-0.017,0.074,0.092,-0.029,-0.055,0.083,-0.016,-0.095,-0.111,-0.098,-0.080,-0.040
-0.021,0.069,0.090,-0.024,-0.056,0.079,-0.021,-0.096,-0.098,-0.091,-0.080,-0.040
-0.019,0.070,0.089,-0.026,-0.054,0.080,-0.038,-0.120,-0.108,-0.102,-0.079,-0.040
-0.015,0.070,0.085,-0.028,-0.050,0.077,-0.075,-0.160,-0.150,-0.135,-0.075,-0.040
-0.015,0.070,0.085,-0.028,-0.050,0.077,-0.073,-0.158,-0.148,-0.132,-0.075,-0.040
-0.012,0.070,0.082,-0.029,-0.047,0.076,-0.069,-0.151,-0.143,-0.129,-0.075,-0.040
-0.010,0.070,0.080,-0.030,-0.045,0.075,-0.068,-0.148,-0.146,-0.129,-0.075,-0.040
-0.009,0.070,0.079,-0.030,-0.044,0.075,-0.065,-0.145,-0.145,-0.124,-0.075,-0.040
-0.005,0.070,0.075,-0.033,-0.040,0.072,-0.065,-0.145,-0.145,-0.125,-0.075,-0.040
-0.005,0.070,0.075,-0.033,-0.040,0.072,-0.061,-0.141,-0.145,-0.126,-0.071,-0.040
-0.002,0.070,0.072,-0.034,-0.037,0.070,-0.060,-0.136,-0.145,-0.122,-0.070,-0.040
0.001,0.071,0.071,-0.036,-0.035,0.071,-0.058,-0.135,-0.145,-0.120,-0.070,-0.040
-0.001,0.067,0.068,-0.033,-0.034,0.067,-0.055,-0.134,-0.144,-0.119,-0.070,-0.040
-0.005,0.050,0.055,-0.023,-0.030,0.052,-0.055,-0.130,-0.140,-0.115,-0.070,-0.040
-0.009,0.038,0.047,-0.015,-0.029,0.043,-0.051,-0.126,-0.140,-0.115,-0.069,-0.040
-0.013,0.023,0.036,-0.005,-0.025,0.029,-0.050,-0.124,-0.140,-0.115,-0.076,-0.040
-0.017,0.008,0.026,0.005,-0.022,0.017,-0.048,-0.127,-0.140,-0.117,-0.083,-0.039
-0.020,-0.003,0.017,0.011,-0.019,0.007,-0.045,-0.130,-0.140,-0.120,-0.085,-0.041
-0.020,-0.015,0.005,0.017,-0.012,-0.005,-0.045,-0.130,-0.140,-0.125,-0.090,-0.050
-0.023,-0.027,-0.004,0.025,-0.009,-0.015,-0.045,-0.130,-0.141,-0.150,-0.107,-0.063
-0.036,-0.039,-0.003,0.038,-0.017,-0.021,-0.045,-0.130,-0.137,-0.161,-0.112,-0.068
-0.052,-0.050,0.002,0.050,-0.026,-0.023,-0.045,-0.130,-0.149,-0.160,-0.109,-0.074
-0.062,-0.056,0.006,0.059,-0.034,-0.025,-0.045,-0.130,-0.168,-0.160,-0.110,-0.081
-0.070,-0.060,0.010,0.065,-0.040,-0.025,-0.045,-0.130,-0.170,-0.160,-0.110,-0.085
-0.071,-0.060,0.011,0.065,-0.041,-0.025,-0.045,-0.130,-0.170,-0.164,-0.109,-0.089
-0.065,-0.061,0.005,0.063,-0.035,-0.028,-0.042,-0.130,-0.173,-0.165,-0.118,-0.090
-0.054,-0.058,-0.004,0.056,-0.025,-0.031,-0.039,-0.131,-0.176,-0.165,-0.130,-0.092
-0.052,-0.064,-0.012,0.058,-0.020,-0.038,-0.040,-0.129,-0.175,-0.165,-0.136,-0.095
-0.065,-0.085,-0.020,0.075,-0.022,-0.052,-0.040,-0.130,-0.180,-0.170,-0.140,-0.095
-0.059,-0.087,-0.028,0.073,-0.015,-0.057,-0.040,-0.151,-0.197,-0.187,-0.148,-0.103
-0.043,-0.081,-0.037,0.062,-0.003,-0.058,-0.040,-0.154,-0.198,-0.189,-0.154,-0.110
-0.058,-0.099,-0.041,0.079,-0.009,-0.069,-0.040,-0.149,-0.194,-0.184,-0.153,-0.108
-0.073,-0.122,-0.050,0.098,-0.012,-0.085,-0.040,-0.150,-0.195,-0.185,-0.150,-0.105
-0.045,-0.115,-0.070,0.080,0.013,-0.092,-0.040,-0.150,-0.195,-0.185,-0.150,-0.105
-0.044,-0.111,-0.067,0.078,0.012,-0.088,-0.036,-0.150,-0.195,-0.185,-0.150,-0.105
-0.043,-0.107,-0.064,0.076,0.011,-0.085,-0.035,-0.151,-0.195,-0.185,-0.151,-0.105
-0.038,-0.103,-0.065,0.071,0.014,-0.084,-0.035,-0.148,-0.195,-0.185,-0.148,-0.105
-0.034,-0.099,-0.065,0.067,0.016,-0.081,-0.035,-0.145,-0.195,-0.185,-0.145,-0.104
-0.030,-0.095,-0.065,0.063,0.018,-0.080,-0.035,-0.145,-0.195,-0.185,-0.145,-0.100
-0.031,-0.096,-0.065,0.064,0.017,-0.081,-0.035,-0.145,-0.195,-0.185,-0.145,-0.100
-0.022,-0.087,-0.065,0.055,0.022,-0.076,-0.035,-0.145,-0.195,-0.185,-0.146,-0.100
-0.042,-0.107,-0.065,0.075,0.012,-0.086,-0.035,-0.145,-0.195,-0.185,-0.143,-0.100
-0.073,-0.138,-0.065,0.106,-0.004,-0.102,-0.034,-0.145,-0.195,-0.185,-0.140,-0.100
-0.065,-0.130,-0.065,0.098,0.000,-0.097,-0.030,-0.145,-0.195,-0.185,-0.140,-0.100
-0.065,-0.130,-0.065,0.098,0.000,-0.097,-0.030,-0.141,-0.191,-0.181,-0.140,-0.100
-0.062,-0.127,-0.065,0.095,0.002,-0.096,-0.030,-0.140,-0.190,-0.180,-0.140,-0.097
-0.060,-0.125,-0.065,0.093,0.003,-0.095,-0.030,-0.140,-0.190,-0.180,-0.140,-0.094
-0.059,-0.124,-0.065,0.092,0.003,-0.095,-0.030,-0.140,-0.190,-0.180,-0.139,-0.095
-0.055,-0.120,-0.065,0.088,0.005,-0.092,-0.030,-0.140,-0.190,-0.180,-0.135,-0.095
-0.055,-0.120,-0.065,0.088,0.005,-0.092,-0.030,-0.140,-0.190,-0.180,-0.135,-0.095
-0.056,-0.121,-0.065,0.089,0.005,-0.092,-0.031,-0.137,-0.190,-0.180,-0.135,-0.096
-0.053,-0.118,-0.065,0.086,0.006,-0.091,-0.028,-0.134,-0.190,-0.180,-0.135,-0.093
-0.050,-0.115,-0.065,0.083,0.008,-0.090,-0.025,-0.135,-0.190,-0.180,-0.134,-0.090
-0.050,-0.115,-0.065,0.083,0.008,-0.090,-0.025,-0.135,-0.190,-0.180,-0.130,-0.090
-0.046,-0.111,-0.065,0.079,0.010,-0.087,-0.025,-0.135,-0.190,-0.180,-0.130,-0.090
-0.045,-0.110,-0.065,0.078,0.010,-0.087,-0.025,-0.135,-0.190,-0.180,-0.130,-0.090
-0.043,-0.108,-0.065,0.076,0.011,-0.086,-0.025,-0.136,-0.191,-0.180,-0.131,-0.091
-0.039,-0.105,-0.065,0.073,0.013,-0.085,-0.025,-0.132,-0.188,-0.181,-0.129,-0.089
-0.040,-0.105,-0.065,0.073,0.013,-0.085,-0.025,-0.115,-0.180,-0.185,-0.130,-0.090
-0.040,-0.105,-0.065,0.073,0.013,-0.085,-0.024,-0.103,-0.176,-0.185,-0.154,-0.112
-0.040,-0.105,-0.066,0.073,0.013,-0.085,-0.030,-0.090,-0.171,-0.188,-0.169,-0.112
-0.057,-0.120,-0.063,0.089,0.003,-0.091,-0.008,-0.083,-0.170,-0.191,-0.169,-0.117
-0.068,-0.145,-0.078,0.107,0.005,-0.112,0.033,-0.059,-0.159,-0.188,-0.181,-0.149
-0.050,-0.155,-0.105,0.103,0.028,-0.130,0.070,0.020,-0.125,-0.180,-0.205,-0.175
-0.068,-0.144,-0.076,0.106,0.004,-0.109,0.142,0.114,-0.092,-0.176,-0.190,-0.164
-0.092,-0.132,-0.040,0.112,-0.025,-0.085,0.166,0.153,-0.065,-0.168,-0.176,-0.153
-0.092,-0.116,-0.024,0.104,-0.033,-0.070,0.186,0.191,-0.047,-0.165,-0.161,-0.145
-0.094,-0.113,-0.019,0.104,-0.038,-0.066,0.229,0.273,-0.012,-0.153,-0.149,-0.140
-0.085,-0.095,-0.010,0.090,-0.037,-0.052,0.250,0.370,0.070,-0.095,-0.135,-0.130
0.032,0.032,0.000,-0.032,0.016,0.015,0.272,0.482,0.186,-0.001,-0.057,-0.079
0.071,0.068,-0.003,-0.070,0.036,0.033,0.307,0.626,0.332,0.105,0.021,-0.030
0.087,0.116,0.029,-0.102,0.029,0.073,0.322,0.747,0.505,0.251,0.125,0.044
0.161,0.248,0.087,-0.205,0.036,0.168,0.322,0.805,0.674,0.428,0.265,0.152
0.225,0.365,0.140,-0.295,0.042,0.252,0.320,0.835,0.825,0.600,0.410,0.265
0.231,0.466,0.235,-0.349,-0.002,0.350,0.260,0.872,1.012,0.807,0.579,0.403
0.280,0.569,0.289,-0.425,-0.005,0.429,0.208,0.859,1.200,1.013,0.733,0.521
0.388,0.733,0.345,-0.560,0.021,0.539,0.105,0.824,1.414,1.239,0.913,0.665
0.474,0.923,0.449,-0.698,0.013,0.686,-0.043,0.798,1.653,1.494,1.128,0.844
0.510,1.080,0.570,-0.795,-0.030,0.825,-0.180,0.715,1.850,1.740,1.335,1.010
0.571,1.250,0.679,-0.910,-0.054,0.964,-0.366,0.482,1.948,1.927,1.514,1.156
0.534,1.276,0.742,-0.905,-0.104,1.008,-0.402,0.274,1.911,1.918,1.548,1.170
0.441,1.166,0.725,-0.804,-0.142,0.945,-0.369,0.152,1.868,1.862,1.453,1.075
0.395,1.054,0.659,-0.725,-0.132,0.857,-0.363,0.016,1.769,1.776,1.314,0.957
0.360,0.965,0.605,-0.663,-0.123,0.785,-0.350,-0.175,1.470,1.520,1.150,0.840
0.219,0.763,0.544,-0.491,-0.163,0.653,-0.344,-0.290,1.106,1.196,0.916,0.676
0.124,0.544,0.420,-0.334,-0.149,0.482,-0.320,-0.436,0.633,0.806,0.646,0.492
0.074,0.366,0.292,-0.220,-0.109,0.329,-0.308,-0.526,0.131,0.370,0.380,0.324
-0.002,0.213,0.215,-0.105,-0.109,0.214,-0.263,-0.469,-0.263,-0.003,0.154,0.181
-0.070,0.080,0.150,-0.005,-0.110,0.115,-0.150,-0.345,-0.450,-0.205,0.005,0.070
-0.037,-0.006,0.031,0.022,-0.034,0.013,-0.106,-0.260,-0.409,-0.264,-0.058,0.008
-0.009,-0.086,-0.077,0.048,0.034,-0.081,-0.076,-0.128,-0.355,-0.250,-0.112,-0.049
-0.031,-0.175,-0.144,0.103,0.057,-0.160,-0.031,0.018,-0.287,-0.223,-0.162,-0.108
-0.032,-0.223,-0.191,0.127,0.080,-0.207,0.024,0.123,-0.206,-0.205,-0.181,-0.138
0.015,-0.200,-0.215,0.093,0.115,-0.207,0.075,0.195,-0.175,-0.185,-0.170,-0.130
-0.009,-0.187,-0.178,0.099,0.085,-0.183,0.099,0.224,-0.138,-0.164,-0.161,-0.126
-0.040,-0.173,-0.133,0.107,0.047,-0.153,0.095,0.220,-0.118,-0.152,-0.157,-0.122
-0.045,-0.158,-0.114,0.101,0.035,-0.136,0.087,0.212,-0.111,-0.148,-0.152,-0.118
-0.039,-0.147,-0.108,0.093,0.035,-0.128,0.083,0.199,-0.103,-0.143,-0.143,-0.114
-0.035,-0.135,-0.100,0.085,0.033,-0.117,0.075,0.165,-0.095,-0.135,-0.135,-0.110
-0.031,-0.127,-0.096,0.079,0.033,-0.111,0.071,0.131,-0.083,-0.131,-0.131,-0.106
-0.030,-0.120,-0.090,0.075,0.030,-0.105,0.064,0.114,-0.074,-0.124,-0.127,-0.101
-0.028,-0.109,-0.081,0.069,0.026,-0.094,0.058,0.107,-0.065,-0.118,-0.125,-0.100
-0.024,-0.098,-0.074,0.061,0.025,-0.085,0.053,0.097,-0.060,-0.114,-0.124,-0.099
-0.020,-0.090,-0.070,0.055,0.025,-0.080,0.050,0.085,-0.065,-0.110,-0.120,-0.095
-0.015,-0.081,-0.066,0.048,0.026,-0.073,0.071,0.078,-0.065,-0.110,-0.120,-0.095
-0.021,-0.083,-0.061,0.052,0.020,-0.072,0.072,0.059,-0.067,-0.106,-0.117,-0.092
-0.024,-0.084,-0.060,0.054,0.018,-0.072,0.060,0.032,-0.074,-0.107,-0.115,-0.090
-0.020,-0.079,-0.059,0.050,0.020,-0.069,0.053,0.011,-0.063,-0.099,-0.114,-0.089
-0.025,-0.080,-0.055,0.053,0.015,-0.067,0.045,0.000,-0.040,-0.085,-0.110,-0.085
-0.030,-0.081,-0.050,0.055,0.010,-0.065,0.037,-0.008,-0.085,-0.131,-0.110,-0.085
-0.027,-0.077,-0.050,0.052,0.012,-0.063,0.028,-0.016,-0.095,-0.140,-0.107,-0.082
-0.026,-0.075,-0.048,0.051,0.011,-0.061,0.024,-0.025,-0.080,-0.124,-0.105,-0.080
-0.030,-0.075,-0.045,0.053,0.008,-0.060,0.017,-0.030,-0.080,-0.118,-0.104,-0.079
-0.030,-0.075,-0.045,0.053,0.008,-0.060,0.015,-0.025,-0.075,-0.110,-0.100,-0.075
-0.035,-0.075,-0.041,0.055,0.004,-0.058,0.057,-0.025,-0.067,-0.102,-0.100,-0.075
-0.032,-0.072,-0.040,0.052,0.004,-0.056,0.064,-0.026,-0.062,-0.094,-0.097,-0.072
-0.031,-0.069,-0.038,0.051,0.003,-0.054,0.049,-0.023,-0.058,-0.085,-0.095,-0.070
-0.035,-0.070,-0.035,0.053,0.000,-0.052,0.044,-0.020,-0.054,-0.081,-0.094,-0.069
-0.035,-0.070,-0.035,0.053,0.000,-0.052,0.040,-0.020,-0.050,-0.090,-0.090,-0.065
-0.040,-0.070,-0.031,0.055,-0.004,-0.051,0.032,-0.020,-0.050,-0.095,-0.090,-0.065
-0.037,-0.067,-0.030,0.052,-0.003,-0.048,0.024,-0.017,-0.051,-0.093,-0.091,-0.062
-0.036,-0.064,-0.028,0.050,-0.004,-0.046,0.017,-0.014,-0.048,-0.087,-0.088,-0.060
-0.041,-0.065,-0.025,0.054,-0.007,-0.045,0.016,-0.015,-0.045,-0.085,-0.085,-0.059
-0.040,-0.065,-0.025,0.053,-0.007,-0.045,0.025,-0.015,-0.045,-0.085,-0.085,-0.055
-0.040,-0.061,-0.021,0.050,-0.009,-0.041,0.034,-0.014,-0.045,-0.081,-0.081,-0.055
-0.040,-0.060,-0.020,0.050,-0.010,-0.040,0.033,-0.021,-0.042,-0.080,-0.080,-0.052
-0.041,-0.060,-0.019,0.051,-0.011,-0.039,0.029,-0.028,-0.040,-0.079,-0.078,-0.050
-0.047,-0.060,-0.013,0.054,-0.017,-0.036,0.030,-0.031,-0.040,-0.074,-0.074,-0.049
-0.045,-0.060,-0.015,0.053,-0.015,-0.037,0.030,-0.035,-0.040,-0.070,-0.075,-0.045
-0.007,-0.056,-0.049,0.032,0.021,-0.052,0.030,-0.040,-0.041,-0.070,-0.075,-0.045
0.001,-0.054,-0.055,0.027,0.029,-0.055,0.030,-0.038,-0.035,-0.067,-0.072,-0.042
-0.007,-0.056,-0.048,0.031,0.021,-0.051,0.030,-0.033,-0.026,-0.065,-0.068,-0.040
-0.003,-0.054,-0.051,0.029,0.024,-0.052,0.030,-0.029,-0.018,-0.064,-0.064,-0.039
-0.005,-0.055,-0.050,0.030,0.023,-0.052,0.030,-0.025,-0.010,-0.060,-0.060,-0.035
-0.026,-0.072,-0.046,0.050,0.010,-0.059,0.026,-0.025,-0.002,-0.060,-0.060,-0.035
-0.029,-0.073,-0.044,0.052,0.008,-0.059,0.025,-0.023,0.006,-0.057,-0.058,-0.036
-0.024,-0.069,-0.046,0.047,0.011,-0.057,0.025,-0.017,0.013,-0.055,-0.052,-0.033
-0.025,-0.069,-0.044,0.048,0.010,-0.056,0.025,-0.015,0.014,-0.054,-0.050,-0.030
-0.025,-0.065,-0.040,0.045,0.008,-0.052,0.025,-0.015,0.010,-0.050,-0.050,-0.030
-0.026,-0.065,-0.040,0.045,0.008,-0.052,0.025,-0.011,0.010,-0.050,-0.046,-0.026
-0.021,-0.062,-0.041,0.041,0.010,-0.051,0.025,-0.006,0.010,-0.045,-0.041,-0.024
-0.022,-0.060,-0.038,0.041,0.008,-0.049,0.025,-0.005,0.009,-0.035,-0.040,-0.026
-0.024,-0.059,-0.035,0.042,0.005,-0.046,0.024,-0.004,0.011,-0.029,-0.039,-0.024
-0.015,-0.050,-0.035,0.033,0.010,-0.042,0.020,0.005,0.020,-0.025,-0.035,-0.020
-0.006,-0.042,-0.035,0.024,0.015,-0.038,0.020,0.009,0.028,-0.017,-0.031,-0.020
-0.004,-0.035,-0.032,0.020,0.014,-0.034,0.020,0.016,0.036,-0.008,-0.027,-0.017
0.007,-0.022,-0.029,0.008,0.018,-0.026,0.020,0.022,0.044,-0.003,-0.025,-0.014
-0.004,-0.034,-0.030,0.019,0.014,-0.032,0.020,0.027,0.052,0.001,-0.024,-0.015
-0.025,-0.055,-0.030,0.040,0.003,-0.042,0.020,0.035,0.060,0.005,-0.020,-0.015
0.042,0.016,-0.026,-0.028,0.034,-0.004,0.020,0.039,0.068,0.010,-0.016,-0.011
-0.016,-0.040,-0.024,0.029,0.005,-0.032,0.020,0.043,0.074,0.008,-0.015,-0.009
-0.064,-0.089,-0.026,0.077,-0.018,-0.057,0.020,0.045,0.074,0.002,-0.014,-0.011
-0.021,-0.046,-0.024,0.034,0.002,-0.035,0.019,0.045,0.077,0.000,-0.009,-0.009
-0.010,-0.030,-0.020,0.020,0.005,-0.025,0.015,0.045,0.085,0.005,-0.005,-0.005
-0.006,-0.025,-0.020,0.016,0.007,-0.022,0.015,0.044,0.088,0.009,-0.005,-0.005
-0.005,-0.025,-0.020,0.015,0.008,-0.022,0.016,0.050,0.102,0.013,-0.002,-0.005
-0.005,-0.025,-0.020,0.015,0.008,-0.022,0.013,0.058,0.114,0.017,0.002,-0.005
-0.006,-0.025,-0.019,0.016,0.007,-0.022,0.010,0.059,0.116,0.021,0.006,-0.005
-0.010,-0.025,-0.015,0.018,0.003,-0.020,0.010,0.055,0.120,0.025,0.010,-0.005
-0.011,-0.026,-0.015,0.019,0.002,-0.020,0.010,0.055,0.125,0.030,0.014,-0.006
-0.034,-0.050,-0.016,0.043,-0.009,-0.033,0.010,0.055,0.123,0.028,0.019,0.000
-0.029,-0.042,-0.013,0.036,-0.007,-0.027,0.008,0.070,0.133,0.038,0.018,0.009
0.017,0.007,-0.010,-0.012,0.014,-0.001,0.005,0.087,0.155,0.061,0.024,0.017
0.050,0.040,-0.010,-0.045,0.030,0.015,0.005,0.090,0.170,0.075,0.045,0.025
0.055,0.045,-0.010,-0.050,0.032,0.017,0.005,0.114,0.182,0.078,0.050,0.033
0.055,0.045,-0.010,-0.050,0.032,0.017,0.002,0.129,0.195,0.093,0.052,0.041
0.053,0.045,-0.008,-0.049,0.030,0.018,0.000,0.130,0.202,0.099,0.058,0.047
0.050,0.046,-0.005,-0.048,0.027,0.021,0.000,0.139,0.216,0.105,0.069,0.051
0.055,0.050,-0.005,-0.052,0.030,0.022,0.000,0.155,0.245,0.135,0.085,0.055
0.056,0.050,-0.005,-0.052,0.031,0.022,0.000,0.152,0.250,0.137,0.082,0.054
0.052,0.050,-0.002,-0.051,0.027,0.024,-0.003,0.146,0.251,0.132,0.078,0.061
0.049,0.050,0.000,-0.050,0.024,0.025,-0.006,0.161,0.262,0.142,0.085,0.067
0.059,0.059,0.000,-0.059,0.029,0.029,-0.005,0.183,0.280,0.159,0.099,0.072
0.080,0.080,0.000,-0.080,0.040,0.040,-0.005,0.190,0.300,0.170,0.115,0.085
0.086,0.085,-0.001,-0.085,0.043,0.041,-0.005,0.206,0.321,0.181,0.128,0.097
0.081,0.089,0.008,-0.085,0.036,0.048,-0.008,0.217,0.334,0.197,0.132,0.106
0.068,0.088,0.020,-0.078,0.024,0.053,-0.012,0.226,0.348,0.212,0.143,0.115
0.060,0.096,0.036,-0.078,0.012,0.066,-0.016,0.247,0.372,0.232,0.165,0.130
0.065,0.125,0.060,-0.095,0.002,0.092,-0.020,0.270,0.400,0.260,0.180,0.145
0.058,0.124,0.065,-0.091,-0.004,0.094,-0.024,0.268,0.410,0.266,0.185,0.142
0.047,0.112,0.065,-0.080,-0.009,0.088,-0.029,0.261,0.410,0.265,0.182,0.137
0.064,0.130,0.065,-0.097,-0.001,0.097,-0.030,0.276,0.428,0.282,0.196,0.149
0.104,0.169,0.065,-0.137,0.020,0.116,-0.031,0.299,0.454,0.303,0.219,0.168
0.125,0.190,0.065,-0.158,0.030,0.127,-0.035,0.305,0.460,0.310,0.225,0.175
0.126,0.191,0.065,-0.159,0.030,0.127,-0.035,0.308,0.472,0.326,0.237,0.187
0.124,0.189,0.065,-0.157,0.030,0.127,-0.038,0.316,0.484,0.337,0.246,0.196
0.125,0.190,0.065,-0.158,0.030,0.127,-0.040,0.322,0.496,0.343,0.256,0.204
0.124,0.189,0.065,-0.157,0.030,0.127,-0.041,0.326,0.507,0.354,0.267,0.211
0.125,0.190,0.065,-0.158,0.030,0.127,-0.045,0.330,0.515,0.370,0.275,0.215
0.144,0.209,0.065,-0.177,0.040,0.137,-0.045,0.332,0.529,0.385,0.290,0.230
0.198,0.263,0.065,-0.231,0.066,0.164,-0.045,0.354,0.555,0.409,0.312,0.252
0.224,0.289,0.065,-0.257,0.079,0.177,-0.045,0.366,0.566,0.424,0.324,0.264
0.213,0.278,0.065,-0.246,0.074,0.171,-0.045,0.359,0.558,0.425,0.326,0.265
0.215,0.280,0.065,-0.248,0.075,0.172,-0.045,0.360,0.555,0.430,0.330,0.265
0.215,0.280,0.065,-0.248,0.075,0.172,-0.045,0.360,0.555,0.434,0.334,0.269
0.215,0.280,0.065,-0.248,0.075,0.172,-0.042,0.360,0.552,0.436,0.336,0.270
0.215,0.280,0.065,-0.248,0.075,0.172,-0.040,0.360,0.550,0.433,0.333,0.271
0.215,0.280,0.065,-0.248,0.075,0.172,-0.039,0.361,0.550,0.430,0.338,0.276
0.215,0.280,0.065,-0.248,0.075,0.172,-0.035,0.360,0.545,0.430,0.355,0.280
0.215,0.280,0.065,-0.248,0.075,0.172,-0.035,0.348,0.540,0.426,0.352,0.280
0.215,0.280,0.066,-0.248,0.075,0.172,-0.036,0.338,0.540,0.425,0.346,0.280
0.217,0.280,0.063,-0.248,0.077,0.171,-0.033,0.331,0.538,0.423,0.343,0.280
0.221,0.281,0.060,-0.251,0.081,0.170,-0.030,0.323,0.535,0.420,0.339,0.280
0.220,0.280,0.060,-0.250,0.080,0.170,-0.030,0.315,0.535,0.420,0.335,0.280
0.204,0.264,0.060,-0.234,0.072,0.162,-0.026,0.307,0.520,0.404,0.331,0.280
0.190,0.250,0.060,-0.220,0.065,0.155,-0.024,0.300,0.504,0.391,0.328,0.282
0.179,0.239,0.060,-0.209,0.060,0.149,-0.026,0.287,0.484,0.377,0.318,0.273
0.167,0.227,0.061,-0.197,0.053,0.144,-0.024,0.272,0.460,0.362,0.301,0.256
0.155,0.215,0.060,-0.185,0.047,0.137,-0.020,0.260,0.440,0.350,0.290,0.245
0.151,0.199,0.048,-0.175,0.051,0.123,-0.020,0.248,0.416,0.330,0.278,0.233
0.148,0.186,0.038,-0.168,0.055,0.112,-0.017,0.237,0.393,0.311,0.267,0.221
0.141,0.172,0.032,-0.157,0.055,0.101,-0.014,0.219,0.363,0.284,0.249,0.207
0.135,0.157,0.022,-0.146,0.056,0.089,-0.015,0.194,0.326,0.246,0.223,0.191
0.135,0.145,0.010,-0.140,0.062,0.077,-0.015,0.175,0.295,0.215,0.200,0.175
0.127,0.129,0.002,-0.128,0.062,0.065,-0.011,0.162,0.267,0.198,0.183,0.159
0.119,0.113,-0.006,-0.116,0.062,0.053,-0.009,0.154,0.241,0.183,0.171,0.146
0.111,0.097,-0.014,-0.104,0.062,0.041,-0.011,0.146,0.219,0.167,0.157,0.133
0.103,0.081,-0.022,-0.092,0.062,0.029,-0.009,0.139,0.201,0.152,0.142,0.116
0.095,0.065,-0.030,-0.080,0.062,0.017,-0.005,0.130,0.185,0.135,0.130,0.100
0.082,0.049,-0.034,-0.065,0.058,0.007,-0.005,0.107,0.158,0.107,0.110,0.084
0.077,0.036,-0.041,-0.056,0.058,-0.002,-0.005,0.080,0.128,0.081,0.089,0.067
0.071,0.022,-0.049,-0.046,0.060,-0.013,-0.005,0.063,0.102,0.060,0.072,0.055
0.063,0.007,-0.057,-0.034,0.060,-0.025,-0.005,0.053,0.080,0.040,0.056,0.048
0.055,-0.005,-0.060,-0.025,0.058,-0.032,-0.005,0.045,0.060,0.020,0.040,0.040
0.039,-0.017,-0.056,-0.011,0.048,-0.036,-0.005,0.037,0.044,0.007,0.024,0.032
0.025,-0.029,-0.054,0.003,0.040,-0.042,-0.006,0.026,0.031,-0.001,0.010,0.024
0.016,-0.040,-0.056,0.013,0.036,-0.048,-0.003,0.015,0.019,-0.011,0.000,0.016
-0.001,-0.054,-0.053,0.028,0.026,-0.053,0.000,0.008,0.007,-0.022,-0.006,0.008
-0.010,-0.065,-0.055,0.038,0.023,-0.060,0.000,0.000,-0.005,-0.030,-0.010,0.000
0.031,-0.058,-0.088,0.014,0.060,-0.073,0.000,-0.008,-0.013,-0.050,-0.018,-0.008
0.013,-0.085,-0.098,0.037,0.056,-0.091,0.000,-0.013,-0.021,-0.063,-0.023,-0.013
-0.006,-0.099,-0.094,0.053,0.044,-0.096,0.000,-0.017,-0.029,-0.067,-0.029,-0.017
0.014,-0.082,-0.095,0.034,0.055,-0.088,0.000,-0.021,-0.037,-0.071,-0.037,-0.021
0.020,-0.075,-0.095,0.028,0.058,-0.085,0.000,-0.025,-0.045,-0.075,-0.040,-0.025
0.031,-0.064,-0.095,0.017,0.063,-0.079,0.000,-0.029,-0.054,-0.080,-0.040,-0.029
0.045,-0.050,-0.095,0.003,0.070,-0.072,0.003,-0.033,-0.057,-0.079,-0.039,-0.030
0.036,-0.059,-0.095,0.012,0.066,-0.077,0.006,-0.037,-0.066,-0.083,-0.044,-0.032
0.000,-0.095,-0.095,0.048,0.048,-0.095,0.005,-0.041,-0.077,-0.091,-0.052,-0.035
-0.030,-0.125,-0.095,0.078,0.033,-0.110,0.005,-0.045,-0.080,-0.095,-0.055,-0.035
-0.027,-0.122,-0.095,0.075,0.034,-0.108,0.005,-0.049,-0.084,-0.099,-0.059,-0.043
-0.023,-0.119,-0.096,0.071,0.036,-0.107,0.005,-0.054,-0.089,-0.100,-0.063,-0.050
-0.028,-0.120,-0.092,0.075,0.032,-0.106,0.005,-0.054,-0.090,-0.102,-0.067,-0.048
-0.020,-0.120,-0.100,0.070,0.040,-0.110,0.005,-0.049,-0.090,-0.106,-0.071,-0.045
0.005,-0.120,-0.125,0.058,0.065,-0.122,0.005,-0.050,-0.095,-0.105,-0.075,-0.045
0.002,-0.120,-0.122,0.059,0.062,-0.121,0.005,-0.051,-0.100,-0.101,-0.076,-0.045
-0.001,-0.120,-0.119,0.060,0.059,-0.119,0.003,-0.047,-0.097,-0.099,-0.072,-0.045
0.000,-0.120,-0.120,0.060,0.060,-0.120,-0.005,-0.045,-0.094,-0.101,-0.069,-0.045
0.000,-0.120,-0.120,0.060,0.060,-0.120,0.000,-0.043,-0.095,-0.099,-0.070,-0.044
0.000,-0.120,-0.120,0.060,0.060,-0.120,0.025,-0.045,-0.095,-0.100,-0.070,-0.045
-0.007,-0.127,-0.120,0.067,0.057,-0.123,0.022,-0.079,-0.095,-0.121,-0.070,-0.062
-0.023,-0.143,-0.120,0.083,0.048,-0.131,0.019,-0.085,-0.092,-0.124,-0.070,-0.064
-0.033,-0.153,-0.120,0.093,0.044,-0.137,0.021,-0.079,-0.089,-0.119,-0.070,-0.059
-0.036,-0.156,-0.119,0.096,0.042,-0.137,0.019,-0.079,-0.090,-0.120,-0.070,-0.060
-0.045,-0.160,-0.115,0.103,0.035,-0.137,0.015,-0.075,-0.090,-0.120,-0.070,-0.060
-0.049,-0.164,-0.115,0.107,0.033,-0.139,0.015,-0.075,-0.090,-0.116,-0.070,-0.060
-0.051,-0.166,-0.115,0.109,0.033,-0.141,0.015,-0.072,-0.087,-0.114,-0.070,-0.060
-0.048,-0.163,-0.115,0.106,0.034,-0.139,0.015,-0.070,-0.084,-0.116,-0.070,-0.060
-0.045,-0.160,-0.115,0.103,0.035,-0.137,0.014,-0.069,-0.085,-0.114,-0.070,-0.060
-0.045,-0.160,-0.115,0.103,0.035,-0.137,0.010,-0.065,-0.085,-0.110,-0.070,-0.060
-0.041,-0.156,-0.115,0.099,0.038,-0.135,0.010,-0.065,-0.085,-0.110,-0.066,-0.056
-0.041,-0.155,-0.114,0.098,0.038,-0.135,0.010,-0.062,-0.086,-0.111,-0.065,-0.055
-0.036,-0.153,-0.117,0.095,0.041,-0.135,0.010,-0.060,-0.083,-0.108,-0.065,-0.055
-0.029,-0.150,-0.120,0.089,0.046,-0.135,0.009,-0.059,-0.080,-0.105,-0.065,-0.055
-0.030,-0.150,-0.120,0.090,0.045,-0.135,0.005,-0.055,-0.080,-0.105,-0.065,-0.055
-0.026,-0.146,-0.120,0.086,0.047,-0.132,0.005,-0.055,-0.080,-0.105,-0.065,-0.055
-0.022,-0.145,-0.123,0.084,0.051,-0.134,0.006,-0.052,-0.081,-0.102,-0.065,-0.055
-0.017,-0.143,-0.126,0.081,0.054,-0.134,0.003,-0.050,-0.078,-0.099,-0.065,-0.055
-0.015,-0.140,-0.125,0.078,0.055,-0.132,0.000,-0.049,-0.075,-0.100,-0.065,-0.054
-0.015,-0.140,-0.125,0.078,0.055,-0.132,0.000,-0.045,-0.075,-0.100,-0.065,-0.050
-0.007,-0.136,-0.129,0.071,0.062,-0.132,0.000,-0.045,-0.075,-0.096,-0.065,-0.050
-0.004,-0.135,-0.130,0.069,0.064,-0.132,0.001,-0.045,-0.075,-0.094,-0.065,-0.050
-0.005,-0.135,-0.130,0.070,0.063,-0.132,-0.002,-0.045,-0.075,-0.096,-0.065,-0.050
-0.005,-0.135,-0.130,0.070,0.063,-0.132,-0.005,-0.045,-0.076,-0.094,-0.066,-0.050
-0.005,-0.135,-0.130,0.070,0.063,-0.132,-0.005,-0.045,-0.080,-0.090,-0.070,-0.050
-0.010,-0.135,-0.126,0.073,0.059,-0.131,-0.005,-0.045,-0.080,-0.090,-0.070,-0.050
-0.007,-0.132,-0.125,0.070,0.059,-0.128,-0.004,-0.045,-0.080,-0.090,-0.070,-0.050
-0.004,-0.129,-0.125,0.067,0.060,-0.127,-0.007,-0.045,-0.080,-0.090,-0.070,-0.050
-0.005,-0.130,-0.125,0.068,0.060,-0.127,-0.010,-0.045,-0.080,-0.089,-0.070,-0.051
-0.005,-0.130,-0.125,0.068,0.060,-0.127,-0.010,-0.045,-0.080,-0.090,-0.070,-0.055
-0.006,-0.130,-0.124,0.068,0.059,-0.127,-0.014,-0.045,-0.080,-0.107,-0.070,-0.055
-0.001,-0.130,-0.129,0.066,0.064,-0.129,-0.015,-0.045,-0.080,-0.109,-0.070,-0.055
-0.017,-0.130,-0.113,0.074,0.048,-0.121,-0.017,-0.045,-0.080,-0.104,-0.070,-0.055
-0.018,-0.129,-0.112,0.074,0.047,-0.120,-0.021,-0.045,-0.080,-0.105,-0.070,-0.055
0.025,-0.125,-0.150,0.050,0.088,-0.137,-0.020,-0.045,-0.080,-0.105,-0.070,-0.055
0.005,-0.125,-0.130,0.060,0.068,-0.127,-0.016,-0.045,-0.080,-0.105,-0.070,-0.055
-0.027,-0.125,-0.098,0.076,0.036,-0.111,-0.015,-0.045,-0.080,-0.106,-0.070,-0.055
-0.039,-0.125,-0.086,0.082,0.024,-0.105,-0.015,-0.045,-0.080,-0.103,-0.070,-0.055
-0.048,-0.125,-0.077,0.087,0.015,-0.100,-0.015,-0.045,-0.080,-0.100,-0.070,-0.055
-0.055,-0.125,-0.070,0.090,0.008,-0.097,-0.015,-0.045,-0.080,-0.100,-0.070,-0.055
-0.024,-0.121,-0.097,0.073,0.036,-0.108,-0.015,-0.045,-0.080,-0.100,-0.070,-0.055
0.005,-0.120,-0.124,0.058,0.064,-0.122,-0.015,-0.045,-0.080,-0.100,-0.070,-0.055
0.009,-0.120,-0.130,0.055,0.070,-0.125,-0.015,-0.045,-0.080,-0.100,-0.070,-0.055
0.004,-0.120,-0.124,0.058,0.064,-0.122,-0.015,-0.045,-0.080,-0.100,-0.070,-0.055
0.005,-0.120,-0.125,0.058,0.065,-0.122,-0.015,-0.045,-0.080,-0.100,-0.070,-0.055
0.001,-0.120,-0.121,0.060,0.061,-0.120,-0.015,-0.043,-0.080,-0.096,-0.070,-0.055
0.001,-0.119,-0.120,0.059,0.060,-0.120,-0.015,-0.057,-0.080,-0.095,-0.070,-0.055
-0.004,-0.122,-0.118,0.063,0.057,-0.120,-0.015,-0.069,-0.080,-0.095,-0.070,-0.055
-0.019,-0.134,-0.114,0.077,0.047,-0.124,-0.014,-0.070,-0.080,-0.095,-0.070,-0.055
-0.035,-0.150,-0.115,0.093,0.040,-0.132,-0.010,-0.070,-0.080,-0.095,-0.070,-0.055
-0.039,-0.155,-0.116,0.098,0.038,-0.135,-0.010,-0.070,-0.080,-0.095,-0.070,-0.055
-0.043,-0.155,-0.112,0.099,0.035,-0.133,-0.010,-0.069,-0.083,-0.092,-0.073,-0.055
-0.045,-0.155,-0.110,0.100,0.033,-0.132,-0.010,-0.072,-0.086,-0.089,-0.076,-0.055
-0.046,-0.155,-0.109,0.100,0.032,-0.132,-0.010,-0.075,-0.085,-0.090,-0.075,-0.055
-0.050,-0.155,-0.105,0.103,0.028,-0.130,-0.010,-0.075,-0.085,-0.090,-0.075,-0.055
-0.050,-0.155,-0.105,0.103,0.028,-0.130,-0.010,-0.075,-0.085,-0.090,-0.075,-0.055
-0.053,-0.155,-0.102,0.104,0.025,-0.128,-0.010,-0.075,-0.085,-0.090,-0.074,-0.058
-0.055,-0.155,-0.100,0.105,0.023,-0.127,-0.010,-0.075,-0.085,-0.090,-0.077,-0.061
-0.056,-0.155,-0.099,0.105,0.022,-0.127,-0.010,-0.076,-0.086,-0.091,-0.080,-0.060
-0.055,-0.155,-0.100,0.105,0.023,-0.127,-0.010,-0.080,-0.090,-0.095,-0.080,-0.060
-0.037,-0.155,-0.117,0.096,0.040,-0.135,-0.010,-0.080,-0.090,-0.095,-0.080,-0.064
-0.041,-0.158,-0.117,0.099,0.039,-0.138,-0.011,-0.080,-0.093,-0.098,-0.080,-0.066
-0.058,-0.161,-0.103,0.109,0.022,-0.131,-0.008,-0.080,-0.095,-0.100,-0.080,-0.064
-0.048,-0.160,-0.112,0.104,0.032,-0.136,-0.005,-0.080,-0.096,-0.101,-0.081,-0.066
-0.010,-0.160,-0.150,0.085,0.070,-0.155,-0.005,-0.080,-0.100,-0.105,-0.085,-0.070
-0.008,-0.160,-0.152,0.084,0.072,-0.156,-0.005,-0.084,-0.100,-0.109,-0.085,-0.070
-0.011,-0.160,-0.149,0.086,0.069,-0.154,-0.002,-0.085,-0.103,-0.114,-0.084,-0.070
-0.010,-0.160,-0.150,0.085,0.070,-0.155,0.000,-0.085,-0.106,-0.115,-0.087,-0.070
-0.010,-0.160,-0.150,0.085,0.070,-0.155,0.000,-0.085,-0.105,-0.116,-0.090,-0.070
-0.010,-0.160,-0.150,0.085,0.070,-0.155,0.000,-0.085,-0.105,-0.120,-0.090,-0.070
-0.010,-0.160,-0.150,0.085,0.070,-0.155,0.000,-0.085,-0.105,-0.120,-0.090,-0.074
-0.011,-0.161,-0.150,0.086,0.070,-0.155,0.003,-0.085,-0.106,-0.119,-0.093,-0.075
-0.007,-0.157,-0.150,0.082,0.071,-0.154,0.006,-0.085,-0.103,-0.122,-0.095,-0.075
0.003,-0.147,-0.150,0.072,0.076,-0.149,0.005,-0.086,-0.108,-0.125,-0.095,-0.075
0.005,-0.145,-0.150,0.070,0.078,-0.147,0.005,-0.090,-0.125,-0.125,-0.095,-0.075
-0.017,-0.167,-0.150,0.092,0.067,-0.158,0.009,-0.090,-0.130,-0.125,-0.095,-0.073
-0.046,-0.196,-0.150,0.121,0.053,-0.172,0.010,-0.090,-0.130,-0.128,-0.098,-0.087
-0.059,-0.209,-0.150,0.134,0.046,-0.179,0.010,-0.090,-0.130,-0.131,-0.100,-0.097
-0.060,-0.210,-0.150,0.135,0.045,-0.180,0.010,-0.090,-0.130,-0.130,-0.101,-0.095
-0.060,-0.210,-0.150,0.135,0.045,-0.180,0.010,-0.090,-0.130,-0.130,-0.105,-0.095
-0.060,-0.210,-0.150,0.135,0.045,-0.180,0.006,-0.090,-0.130,-0.130,-0.105,-0.095
-0.060,-0.210,-0.150,0.135,0.045,-0.180,0.005,-0.091,-0.130,-0.130,-0.108,-0.095
-0.060,-0.210,-0.150,0.135,0.045,-0.180,0.005,-0.088,-0.130,-0.130,-0.111,-0.095
-0.060,-0.210,-0.150,0.135,0.045,-0.180,0.005,-0.085,-0.130,-0.130,-0.110,-0.095
-0.060,-0.210,-0.150,0.135,0.045,-0.180,0.005,-0.085,-0.130,-0.130,-0.110,-0.095
-0.060,-0.210,-0.150,0.135,0.045,-0.180,0.005,-0.085,-0.130,-0.130,-0.110,-0.095
-0.060,-0.210,-0.150,0.135,0.045,-0.180,0.005,-0.085,-0.129,-0.130,-0.110,-0.095
-0.060,-0.210,-0.150,0.135,0.045,-0.180,0.005,-0.085,-0.132,-0.130,-0.110,-0.095
-0.060,-0.210,-0.150,0.135,0.045,-0.180,0.004,-0.085,-0.135,-0.130,-0.110,-0.095
-0.060,-0.210,-0.150,0.135,0.045,-0.180,0.000,-0.085,-0.135,-0.130,-0.110,-0.095
-0.056,-0.206,-0.150,0.131,0.047,-0.177,0.000,-0.085,-0.135,-0.130,-0.110,-0.095
-0.054,-0.205,-0.151,0.129,0.049,-0.177,0.000,-0.085,-0.135,-0.130,-0.110,-0.095
-0.057,-0.205,-0.148,0.131,0.046,-0.176,0.000,-0.085,-0.135,-0.130,-0.110,-0.095
-0.060,-0.205,-0.145,0.133,0.043,-0.175,0.000,-0.085,-0.136,-0.130,-0.110,-0.095
-0.060,-0.205,-0.145,0.133,0.043,-0.175,0.000,-0.085,-0.140,-0.130,-0.110,-0.095
-0.060,-0.201,-0.141,0.131,0.040,-0.171,0.000,-0.085,-0.140,-0.128,-0.110,-0.095
-0.060,-0.200,-0.140,0.130,0.040,-0.170,0.001,-0.085,-0.140,-0.143,-0.110,-0.095
-0.062,-0.200,-0.138,0.131,0.038,-0.169,-0.002,-0.085,-0.140,-0.150,-0.110,-0.095
-0.066,-0.200,-0.134,0.134,0.034,-0.167,-0.005,-0.085,-0.140,-0.144,-0.110,-0.095
-0.065,-0.200,-0.135,0.133,0.035,-0.167,-0.005,-0.085,-0.140,-0.145,-0.110,-0.095
-0.053,-0.196,-0.143,0.125,0.046,-0.169,-0.005,-0.085,-0.136,-0.145,-0.110,-0.095
-0.046,-0.195,-0.149,0.120,0.052,-0.171,-0.005,-0.085,-0.135,-0.145,-0.110,-0.095
-0.043,-0.195,-0.152,0.119,0.055,-0.173,-0.005,-0.085,-0.135,-0.145,-0.110,-0.095
-0.030,-0.195,-0.165,0.112,0.068,-0.180,-0.005,-0.085,-0.135,-0.145,-0.110,-0.095
-0.010,-0.195,-0.185,0.103,0.088,-0.190,-0.005,-0.085,-0.135,-0.145,-0.110,-0.095
-0.013,-0.195,-0.182,0.104,0.085,-0.188,-0.005,-0.085,-0.135,-0.145,-0.110,-0.095
-0.016,-0.192,-0.176,0.104,0.080,-0.183,-0.005,-0.085,-0.135,-0.145,-0.110,-0.095
-0.014,-0.189,-0.175,0.102,0.080,-0.182,-0.007,-0.085,-0.135,-0.145,-0.110,-0.095
-0.016,-0.190,-0.174,0.103,0.079,-0.182,-0.011,-0.085,-0.135,-0.145,-0.110,-0.095
-0.020,-0.190,-0.170,0.105,0.075,-0.180,-0.015,-0.085,-0.135,-0.145,-0.110,-0.095
-0.020,-0.190,-0.170,0.105,0.075,-0.180,-0.019,-0.088,-0.135,-0.145,-0.110,-0.095
-0.019,-0.187,-0.168,0.104,0.074,-0.177,-0.023,-0.095,-0.135,-0.145,-0.111,-0.095
-0.022,-0.184,-0.162,0.104,0.071,-0.173,-0.027,-0.091,-0.135,-0.145,-0.108,-0.095
-0.025,-0.185,-0.160,0.105,0.068,-0.172,-0.031,-0.094,-0.144,-0.145,-0.114,-0.095
-0.025,-0.185,-0.160,0.105,0.068,-0.172,-0.030,-0.115,-0.160,-0.145,-0.135,-0.095
-0.028,-0.185,-0.156,0.107,0.065,-0.170,-0.026,-0.112,-0.157,-0.145,-0.132,-0.095
-0.035,-0.187,-0.152,0.111,0.059,-0.169,-0.025,-0.109,-0.154,-0.145,-0.129,-0.095
-0.014,-0.179,-0.165,0.097,0.076,-0.172,-0.025,-0.110,-0.155,-0.145,-0.130,-0.095
0.003,-0.178,-0.181,0.087,0.093,-0.179,-0.025,-0.110,-0.155,-0.145,-0.130,-0.095
-0.030,-0.205,-0.175,0.118,0.073,-0.190,-0.025,-0.110,-0.155,-0.145,-0.130,-0.095
-0.057,-0.231,-0.175,0.145,0.059,-0.203,-0.025,-0.110,-0.155,-0.145,-0.126,-0.095
-0.063,-0.237,-0.174,0.150,0.056,-0.205,-0.025,-0.107,-0.155,-0.145,-0.125,-0.095
-0.070,-0.234,-0.165,0.152,0.048,-0.199,-0.025,-0.104,-0.155,-0.145,-0.125,-0.095
-0.056,-0.235,-0.179,0.146,0.062,-0.207,-0.025,-0.105,-0.154,-0.145,-0.125,-0.095
-0.015,-0.235,-0.220,0.125,0.103,-0.227,-0.025,-0.105,-0.150,-0.145,-0.125,-0.095
-0.025,-0.235,-0.210,0.130,0.093,-0.223,-0.025,-0.105,-0.150,-0.141,-0.121,-0.095
-0.038,-0.235,-0.197,0.137,0.080,-0.216,-0.025,-0.105,-0.150,-0.140,-0.120,-0.095
-0.043,-0.235,-0.192,0.140,0.075,-0.213,-0.025,-0.105,-0.150,-0.140,-0.120,-0.095
-0.052,-0.235,-0.183,0.144,0.066,-0.209,-0.024,-0.104,-0.150,-0.140,-0.120,-0.095
-0.060,-0.235,-0.175,0.148,0.058,-0.205,-0.020,-0.100,-0.150,-0.140,-0.120,-0.095
-0.068,-0.235,-0.167,0.152,0.050,-0.201,-0.020,-0.100,-0.150,-0.140,-0.120,-0.095
-0.076,-0.235,-0.159,0.156,0.042,-0.197,-0.020,-0.100,-0.151,-0.140,-0.117,-0.096
-0.083,-0.235,-0.152,0.159,0.035,-0.194,-0.020,-0.100,-0.148,-0.140,-0.114,-0.093
-0.076,-0.235,-0.159,0.156,0.042,-0.197,-0.020,-0.100,-0.145,-0.140,-0.115,-0.099
-0.055,-0.235,-0.180,0.145,0.063,-0.207,-0.020,-0.100,-0.145,-0.140,-0.115,-0.120
-0.050,-0.235,-0.185,0.143,0.068,-0.210,-0.020,-0.096,-0.145,-0.140,-0.115,-0.117
-0.050,-0.235,-0.185,0.143,0.068,-0.210,-0.020,-0.095,-0.145,-0.140,-0.112,-0.114
-0.050,-0.235,-0.185,0.143,0.068,-0.210,-0.020,-0.095,-0.145,-0.140,-0.109,-0.115
-0.050,-0.235,-0.185,0.143,0.068,-0.210,-0.020,-0.095,-0.145,-0.140,-0.110,-0.115
-0.050,-0.235,-0.185,0.143,0.068,-0.210,-0.020,-0.095,-0.145,-0.140,-0.110,-0.115
-0.051,-0.235,-0.184,0.143,0.067,-0.210,-0.020,-0.095,-0.145,-0.140,-0.110,-0.115
-0.046,-0.235,-0.189,0.141,0.072,-0.212,-0.019,-0.094,-0.146,-0.140,-0.109,-0.115
-0.063,-0.235,-0.172,0.149,0.055,-0.203,-0.022,-0.097,-0.143,-0.140,-0.112,-0.115
-0.070,-0.235,-0.165,0.152,0.048,-0.200,-0.025,-0.100,-0.140,-0.140,-0.115,-0.114
-0.030,-0.235,-0.205,0.133,0.088,-0.220,-0.025,-0.100,-0.140,-0.140,-0.115,-0.110
-0.032,-0.235,-0.203,0.133,0.086,-0.219,-0.025,-0.100,-0.140,-0.140,-0.119,-0.110
-0.040,-0.235,-0.195,0.137,0.078,-0.215,-0.025,-0.101,-0.137,-0.140,-0.121,-0.110
-0.040,-0.236,-0.195,0.139,0.078,-0.216,-0.025,-0.098,-0.134,-0.140,-0.118,-0.110
-0.039,-0.234,-0.194,0.137,0.078,-0.214,-0.025,-0.095,-0.135,-0.140,-0.115,-0.110
-0.035,-0.225,-0.190,0.130,0.078,-0.207,-0.025,-0.095,-0.135,-0.140,-0.115,-0.110
-0.032,-0.217,-0.185,0.125,0.077,-0.201,-0.025,-0.095,-0.131,-0.140,-0.111,-0.110
-0.023,-0.209,-0.186,0.117,0.082,-0.198,-0.025,-0.095,-0.130,-0.141,-0.110,-0.110
-0.021,-0.201,-0.180,0.111,0.080,-0.190,-0.025,-0.095,-0.130,-0.137,-0.108,-0.108
-0.025,-0.193,-0.168,0.109,0.072,-0.180,-0.025,-0.095,-0.130,-0.128,-0.105,-0.104
-0.025,-0.185,-0.160,0.105,0.068,-0.172,-0.025,-0.095,-0.130,-0.125,-0.105,-0.100
-0.029,-0.177,-0.148,0.104,0.060,-0.162,-0.017,-0.087,-0.122,-0.121,-0.101,-0.096
-0.030,-0.169,-0.139,0.100,0.055,-0.154,-0.009,-0.082,-0.114,-0.114,-0.100,-0.095
-0.033,-0.163,-0.130,0.098,0.049,-0.146,-0.001,-0.076,-0.106,-0.107,-0.098,-0.094
-0.043,-0.159,-0.116,0.101,0.037,-0.138,0.007,-0.069,-0.098,-0.104,-0.095,-0.089
-0.045,-0.155,-0.110,0.100,0.033,-0.132,0.015,-0.065,-0.090,-0.100,-0.095,-0.085
-0.020,-0.151,-0.131,0.086,0.056,-0.141,0.023,-0.057,-0.082,-0.096,-0.091,-0.085
-0.013,-0.147,-0.134,0.080,0.061,-0.140,0.032,-0.052,-0.075,-0.095,-0.090,-0.083
-0.014,-0.143,-0.129,0.079,0.058,-0.136,0.034,-0.046,-0.079,-0.095,-0.088,-0.077
-0.009,-0.139,-0.130,0.074,0.061,-0.135,0.029,-0.039,-0.085,-0.095,-0.085,-0.075
-0.005,-0.135,-0.130,0.070,0.063,-0.132,0.030,-0.035,-0.080,-0.095,-0.085,-0.075
-0.001,-0.131,-0.130,0.066,0.064,-0.130,0.030,-0.031,-0.080,-0.095,-0.081,-0.071
0.004,-0.126,-0.131,0.061,0.068,-0.128,0.030,-0.027,-0.080,-0.095,-0.080,-0.070
0.003,-0.125,-0.128,0.061,0.066,-0.126,0.030,-0.024,-0.080,-0.095,-0.078,-0.070
0.000,-0.124,-0.125,0.063,0.063,-0.125,0.031,-0.018,-0.080,-0.095,-0.075,-0.070
0.005,-0.120,-0.125,0.058,0.065,-0.122,0.030,-0.015,-0.080,-0.095,-0.075,-0.070
0.009,-0.116,-0.125,0.054,0.067,-0.120,0.008,-0.045,-0.079,-0.095,-0.075,-0.066
0.011,-0.115,-0.126,0.052,0.070,-0.121,-0.022,-0.084,-0.086,-0.095,-0.075,-0.065
0.007,-0.114,-0.121,0.054,0.064,-0.117,-0.031,-0.095,-0.091,-0.095,-0.075,-0.065
0.025,-0.109,-0.133,0.042,0.079,-0.121,-0.042,-0.100,-0.099,-0.094,-0.075,-0.065
0.070,-0.105,-0.175,0.018,0.123,-0.140,-0.075,-0.125,-0.115,-0.090,-0.075,-0.065
0.067,-0.106,-0.173,0.019,0.121,-0.139,-0.069,-0.118,-0.112,-0.090,-0.071,-0.065
0.069,-0.100,-0.168,0.016,0.119,-0.134,-0.061,-0.111,-0.110,-0.090,-0.070,-0.062
0.080,-0.091,-0.171,0.005,0.126,-0.130,-0.056,-0.106,-0.108,-0.090,-0.070,-0.059
0.087,-0.083,-0.170,-0.002,0.129,-0.126,-0.049,-0.099,-0.104,-0.090,-0.070,-0.060
0.095,-0.075,-0.170,-0.010,0.133,-0.122,-0.045,-0.095,-0.105,-0.090,-0.070,-0.060
0.102,-0.068,-0.170,-0.017,0.136,-0.119,-0.037,-0.087,-0.106,-0.090,-0.070,-0.060
0.079,-0.088,-0.167,0.005,0.123,-0.127,-0.031,-0.081,-0.102,-0.090,-0.067,-0.057
0.043,-0.121,-0.164,0.039,0.104,-0.143,-0.032,-0.080,-0.100,-0.090,-0.064,-0.054
0.039,-0.126,-0.165,0.044,0.102,-0.145,-0.035,-0.089,-0.099,-0.090,-0.065,-0.055
0.055,-0.110,-0.165,0.028,0.110,-0.137,-0.035,-0.105,-0.095,-0.090,-0.065,-0.055
0.021,-0.144,-0.165,0.062,0.093,-0.154,-0.035,-0.106,-0.095,-0.090,-0.065,-0.055
0.021,-0.144,-0.165,0.062,0.093,-0.154,-0.035,-0.105,-0.094,-0.089,-0.064,-0.054
0.015,-0.149,-0.164,0.068,0.089,-0.156,-0.035,-0.105,-0.099,-0.092,-0.069,-0.060
-0.015,-0.173,-0.158,0.094,0.072,-0.165,-0.035,-0.105,-0.106,-0.096,-0.076,-0.073
-0.005,-0.165,-0.160,0.085,0.078,-0.162,-0.035,-0.105,-0.110,-0.100,-0.080,-0.080
0.031,-0.163,-0.194,0.066,0.113,-0.178,-0.035,-0.105,-0.131,-0.113,-0.092,-0.084
0.024,-0.179,-0.202,0.078,0.113,-0.190,-0.035,-0.106,-0.140,-0.118,-0.102,-0.091
-0.013,-0.201,-0.188,0.107,0.088,-0.194,-0.035,-0.103,-0.140,-0.125,-0.107,-0.097
-0.014,-0.211,-0.197,0.112,0.091,-0.204,-0.035,-0.109,-0.140,-0.137,-0.111,-0.101
0.015,-0.215,-0.230,0.100,0.123,-0.222,-0.035,-0.125,-0.140,-0.140,-0.115,-0.105
-0.013,-0.241,-0.227,0.127,0.108,-0.234,-0.035,-0.122,-0.144,-0.140,-0.115,-0.105
-0.020,-0.244,-0.224,0.133,0.102,-0.234,-0.038,-0.119,-0.145,-0.140,-0.118,-0.105
-0.015,-0.239,-0.223,0.127,0.104,-0.231,-0.041,-0.120,-0.145,-0.140,-0.121,-0.105
-0.021,-0.240,-0.220,0.130,0.100,-0.230,-0.040,-0.120,-0.144,-0.141,-0.120,-0.106
-0.020,-0.240,-0.220,0.130,0.100,-0.230,-0.040,-0.120,-0.145,-0.145,-0.120,-0.110
-0.024,-0.240,-0.215,0.133,0.095,-0.227,-0.040,-0.120,-0.162,-0.145,-0.120,-0.110
-0.024,-0.240,-0.216,0.132,0.096,-0.228,-0.040,-0.120,-0.164,-0.149,-0.121,-0.113
-0.031,-0.240,-0.209,0.136,0.089,-0.224,-0.040,-0.120,-0.159,-0.148,-0.118,-0.115
-0.023,-0.240,-0.217,0.131,0.097,-0.229,-0.040,-0.119,-0.160,-0.154,-0.124,-0.116
0.010,-0.245,-0.255,0.118,0.133,-0.250,-0.040,-0.115,-0.160,-0.175,-0.145,-0.120
-0.013,-0.266,-0.253,0.139,0.120,-0.259,-0.040,-0.115,-0.160,-0.172,-0.150,-0.124
-0.024,-0.273,-0.249,0.148,0.113,-0.261,-0.040,-0.115,-0.161,-0.169,-0.150,-0.128
-0.003,-0.252,-0.248,0.128,0.123,-0.250,-0.040,-0.115,-0.158,-0.170,-0.150,-0.131
-0.034,-0.279,-0.245,0.157,0.105,-0.261,-0.040,-0.115,-0.155,-0.170,-0.150,-0.129
-0.075,-0.320,-0.245,0.198,0.085,-0.282,-0.040,-0.115,-0.155,-0.170,-0.150,-0.125
0.077,-0.164,-0.241,0.044,0.159,-0.202,-0.036,-0.115,-0.155,-0.170,-0.150,-0.125
0.024,-0.216,-0.240,0.096,0.133,-0.228,-0.034,-0.116,-0.155,-0.170,-0.150,-0.125
-0.064,-0.302,-0.238,0.183,0.088,-0.270,-0.036,-0.113,-0.155,-0.170,-0.150,-0.125
-0.034,-0.269,-0.235,0.152,0.101,-0.252,-0.034,-0.110,-0.155,-0.169,-0.150,-0.125
-0.035,-0.270,-0.235,0.153,0.100,-0.252,-0.030,-0.110,-0.155,-0.165,-0.150,-0.125
-0.036,-0.267,-0.231,0.151,0.098,-0.248,-0.030,-0.110,-0.151,-0.165,-0.150,-0.125
-0.032,-0.262,-0.230,0.147,0.099,-0.246,-0.030,-0.110,-0.150,-0.165,-0.150,-0.125
-0.030,-0.258,-0.228,0.144,0.099,-0.243,-0.030,-0.110,-0.150,-0.165,-0.150,-0.125
-0.029,-0.254,-0.225,0.142,0.098,-0.239,-0.029,-0.110,-0.150,-0.165,-0.150,-0.125
-0.025,-0.250,-0.225,0.138,0.100,-0.237,-0.025,-0.110,-0.150,-0.165,-0.150,-0.125
-0.025,-0.246,-0.221,0.135,0.098,-0.233,-0.025,-0.110,-0.150,-0.165,-0.150,-0.121
-0.024,-0.244,-0.220,0.134,0.098,-0.232,-0.026,-0.111,-0.147,-0.166,-0.150,-0.120
-0.027,-0.246,-0.219,0.137,0.096,-0.232,-0.023,-0.108,-0.144,-0.163,-0.150,-0.120
-0.030,-0.244,-0.214,0.137,0.092,-0.229,-0.020,-0.105,-0.145,-0.160,-0.150,-0.120
-0.035,-0.245,-0.210,0.140,0.088,-0.227,-0.020,-0.105,-0.145,-0.160,-0.150,-0.120
-0.061,-0.267,-0.206,0.164,0.073,-0.236,-0.020,-0.101,-0.145,-0.160,-0.150,-0.120
-0.065,-0.267,-0.202,0.166,0.068,-0.234,-0.021,-0.100,-0.145,-0.160,-0.150,-0.120
-0.057,-0.255,-0.198,0.156,0.071,-0.226,-0.016,-0.098,-0.146,-0.160,-0.150,-0.120
-0.055,-0.248,-0.193,0.152,0.069,-0.220,-0.009,-0.095,-0.144,-0.160,-0.150,-0.120
-0.050,-0.240,-0.190,0.145,0.070,-0.215,-0.005,-0.095,-0.135,-0.160,-0.150,-0.120
-0.028,-0.233,-0.205,0.131,0.089,-0.218,0.004,-0.078,-0.127,-0.160,-0.151,-0.118
-0.029,-0.254,-0.225,0.141,0.099,-0.240,0.004,-0.069,-0.118,-0.160,-0.146,-0.136
-0.055,-0.282,-0.227,0.169,0.086,-0.254,0.029,-0.022,-0.113,-0.158,-0.163,-0.163
-0.078,-0.289,-0.211,0.184,0.067,-0.250,0.083,0.067,-0.100,-0.154,-0.180,-0.186
-0.080,-0.280,-0.200,0.180,0.060,-0.240,0.130,0.135,-0.075,-0.150,-0.160,-0.200
-0.085,-0.273,-0.189,0.179,0.052,-0.231,0.170,0.174,-0.058,-0.145,-0.148,-0.192
-0.080,-0.252,-0.172,0.166,0.046,-0.212,0.207,0.232,-0.014,-0.144,-0.132,-0.190
-0.053,-0.231,-0.177,0.142,0.062,-0.204,0.228,0.311,0.028,-0.128,-0.122,-0.169
-0.008,-0.198,-0.190,0.103,0.091,-0.194,0.247,0.406,0.086,-0.071,-0.100,-0.125
0.045,-0.135,-0.180,0.045,0.113,-0.157,0.280,0.530,0.210,0.025,-0.040,-0.090
0.098,-0.082,-0.180,-0.008,0.140,-0.131,0.300,0.673,0.364,0.136,0.036,-0.038
0.140,0.005,-0.135,-0.072,0.137,-0.065,0.322,0.783,0.531,0.290,0.150,0.047
0.185,0.115,-0.070,-0.150,0.128,0.022,0.314,0.862,0.713,0.471,0.293,0.155
0.255,0.230,-0.025,-0.242,0.140,0.102,0.276,0.896,0.883,0.647,0.442,0.268
0.325,0.350,0.025,-0.338,0.150,0.187,0.250,0.890,1.035,0.825,0.595,0.385
0.347,0.460,0.113,-0.404,0.117,0.286,0.212,0.925,1.253,1.049,0.764,0.518
0.440,0.631,0.191,-0.536,0.124,0.410,0.087,0.881,1.470,1.294,0.953,0.674
0.558,0.807,0.249,-0.682,0.154,0.527,-0.072,0.809,1.670,1.532,1.148,0.833
0.611,0.987,0.376,-0.799,0.117,0.681,-0.215,0.709,1.869,1.789,1.372,1.017
0.595,1.165,0.570,-0.880,0.012,0.867,-0.340,0.505,2.000,2.000,1.575,1.190
0.539,1.143,0.603,-0.841,-0.033,0.873,-0.413,0.291,1.955,1.959,1.569,1.175
0.455,1.021,0.566,-0.738,-0.056,0.793,-0.416,0.165,1.920,1.915,1.456,1.060
0.385,0.924,0.539,-0.654,-0.078,0.731,-0.397,0.018,1.781,1.794,1.323,0.947
0.338,0.821,0.483,-0.580,-0.073,0.652,-0.387,-0.173,1.461,1.511,1.149,0.822
0.270,0.630,0.360,-0.450,-0.045,0.495,-0.375,-0.320,1.055,1.160,0.900,0.640
0.155,0.402,0.247,-0.279,-0.046,0.325,-0.364,-0.467,0.572,0.758,0.625,0.455
0.081,0.218,0.137,-0.150,-0.028,0.177,-0.340,-0.532,0.070,0.319,0.351,0.281
0.038,0.079,0.040,-0.059,-0.001,0.059,-0.263,-0.467,-0.323,-0.038,0.132,0.140
-0.015,-0.046,-0.031,0.031,0.009,-0.038,-0.173,-0.339,-0.467,-0.217,0.008,0.046
-0.045,-0.155,-0.110,0.100,0.033,-0.132,-0.135,-0.225,-0.400,-0.245,-0.050,-0.015
0.006,-0.232,-0.238,0.113,0.122,-0.234,-0.093,-0.091,-0.358,-0.225,-0.116,-0.077
0.004,-0.310,-0.313,0.153,0.159,-0.311,-0.039,0.048,-0.277,-0.208,-0.155,-0.118
-0.025,-0.369,-0.345,0.197,0.160,-0.357,0.018,0.146,-0.200,-0.189,-0.176,-0.154
-0.024,-0.376,-0.352,0.200,0.164,-0.364,0.064,0.203,-0.158,-0.163,-0.183,-0.176
-0.015,-0.340,-0.325,0.178,0.155,-0.332,0.085,0.240,-0.110,-0.140,-0.165,-0.160
-0.003,-0.307,-0.304,0.155,0.151,-0.305,0.082,0.226,-0.096,-0.131,-0.153,-0.151
0.005,-0.282,-0.287,0.138,0.146,-0.285,0.076,0.210,-0.090,-0.124,-0.138,-0.145
0.017,-0.257,-0.274,0.120,0.146,-0.265,0.073,0.199,-0.079,-0.116,-0.123,-0.134
0.025,-0.236,-0.261,0.106,0.143,-0.248,0.069,0.187,-0.068,-0.108,-0.113,-0.123
0.015,-0.230,-0.245,0.108,0.130,-0.237,0.065,0.175,-0.060,-0.100,-0.110,-0.115
0.006,-0.226,-0.232,0.110,0.120,-0.229,0.065,0.159,-0.048,-0.092,-0.110,-0.107
0.002,-0.222,-0.224,0.110,0.113,-0.223,0.062,0.144,-0.038,-0.087,-0.107,-0.101
-0.002,-0.218,-0.216,0.110,0.107,-0.217,0.058,0.123,-0.032,-0.083,-0.105,-0.100
-0.005,-0.214,-0.209,0.110,0.102,-0.211,0.054,0.092,-0.039,-0.080,-0.104,-0.100
-0.005,-0.210,-0.205,0.108,0.100,-0.207,0.050,0.065,-0.055,-0.080,-0.100,-0.100
-0.009,-0.206,-0.197,0.108,0.095,-0.202,0.046,0.056,-0.052,-0.080,-0.100,-0.100
-0.014,-0.202,-0.188,0.108,0.088,-0.195,0.045,0.049,-0.049,-0.077,-0.097,-0.101
-0.015,-0.198,-0.183,0.106,0.084,-0.189,0.043,0.041,-0.050,-0.075,-0.095,-0.098
-0.016,-0.195,-0.179,0.105,0.082,-0.187,0.039,0.033,-0.050,-0.075,-0.094,-0.095
-0.020,-0.195,-0.175,0.108,0.078,-0.185,0.040,0.025,-0.050,-0.075,-0.090,-0.095
-0.016,-0.191,-0.175,0.104,0.079,-0.182,0.040,0.017,-0.050,-0.075,-0.090,-0.095
-0.014,-0.190,-0.176,0.103,0.081,-0.182,0.037,0.009,-0.051,-0.072,-0.087,-0.095
-0.016,-0.189,-0.173,0.102,0.079,-0.180,0.034,0.002,-0.048,-0.069,-0.085,-0.095
-0.014,-0.184,-0.170,0.099,0.078,-0.176,0.035,0.000,-0.045,-0.070,-0.084,-0.095
-0.010,-0.180,-0.170,0.095,0.080,-0.175,0.035,0.000,-0.045,-0.070,-0.080,-0.095
-0.010,-0.180,-0.170,0.095,0.080,-0.175,0.031,0.000,-0.045,-0.070,-0.080,-0.091
-0.010,-0.177,-0.167,0.094,0.079,-0.172,0.029,0.000,-0.045,-0.067,-0.077,-0.090
-0.011,-0.175,-0.164,0.093,0.078,-0.170,0.031,0.000,-0.045,-0.064,-0.074,-0.090
-0.009,-0.174,-0.165,0.092,0.079,-0.170,0.029,0.000,-0.045,-0.065,-0.075,-0.090
-0.005,-0.170,-0.165,0.088,0.080,-0.167,0.025,0.000,-0.045,-0.065,-0.075,-0.090
-0.009,-0.170,-0.161,0.090,0.076,-0.165,0.025,0.000,-0.041,-0.061,-0.071,-0.090
-0.008,-0.167,-0.159,0.087,0.076,-0.163,0.026,-0.003,-0.040,-0.060,-0.069,-0.087
-0.004,-0.164,-0.161,0.084,0.079,-0.162,0.023,-0.006,-0.040,-0.060,-0.071,-0.084
-0.006,-0.165,-0.159,0.086,0.077,-0.162,0.020,-0.005,-0.040,-0.060,-0.069,-0.085
-0.010,-0.165,-0.155,0.088,0.073,-0.160,0.020,-0.005,-0.040,-0.060,-0.065,-0.085
-0.006,-0.161,-0.155,0.084,0.074,-0.157,0.020,-0.005,-0.040,-0.056,-0.065,-0.085
-0.004,-0.159,-0.156,0.082,0.076,-0.157,0.017,-0.005,-0.041,-0.055,-0.066,-0.085
-0.007,-0.161,-0.153,0.084,0.073,-0.157,0.014,-0.005,-0.037,-0.055,-0.063,-0.085
-0.010,-0.159,-0.150,0.084,0.070,-0.154,0.015,-0.005,-0.028,-0.055,-0.060,-0.084
-0.005,-0.155,-0.150,0.080,0.073,-0.152,0.015,-0.005,-0.025,-0.055,-0.060,-0.080
-0.004,-0.155,-0.150,0.079,0.074,-0.152,0.011,-0.009,-0.021,-0.059,-0.060,-0.080
-0.009,-0.156,-0.147,0.083,0.070,-0.151,0.010,-0.014,-0.017,-0.061,-0.057,-0.077
-0.008,-0.153,-0.145,0.081,0.069,-0.148,0.010,-0.015,-0.013,-0.059,-0.054,-0.074
-0.005,-0.150,-0.145,0.078,0.070,-0.147,0.011,-0.016,-0.009,-0.061,-0.055,-0.075
-0.005,-0.150,-0.145,0.078,0.070,-0.147,0.010,-0.020,-0.005,-0.065,-0.055,-0.075
0.002,-0.143,-0.145,0.071,0.074,-0.144,-0.005,-0.024,-0.012,-0.065,-0.051,-0.071
-0.055,-0.197,-0.142,0.126,0.043,-0.169,-0.021,-0.026,-0.023,-0.066,-0.049,-0.069
-0.073,-0.212,-0.139,0.142,0.033,-0.176,-0.025,-0.021,-0.023,-0.061,-0.050,-0.071
0.001,-0.139,-0.140,0.069,0.071,-0.140,-0.018,-0.014,-0.013,-0.054,-0.049,-0.069
0.040,-0.100,-0.140,0.030,0.090,-0.120,-0.015,-0.010,-0.005,-0.050,-0.045,-0.065
-0.039,-0.179,-0.140,0.109,0.051,-0.159,-0.015,-0.002,0.003,-0.042,-0.040,-0.065
-0.056,-0.196,-0.140,0.126,0.042,-0.168,-0.012,0.003,0.011,-0.037,-0.040,-0.066
-0.032,-0.172,-0.140,0.102,0.054,-0.156,-0.010,0.009,0.019,-0.031,-0.038,-0.063
-0.029,-0.169,-0.140,0.099,0.056,-0.155,-0.010,0.016,0.026,-0.024,-0.035,-0.060
-0.020,-0.160,-0.140,0.090,0.060,-0.150,-0.005,0.020,0.030,-0.020,-0.035,-0.060
-0.016,-0.152,-0.136,0.084,0.060,-0.143,0.000,0.024,0.035,-0.016,-0.031,-0.060
-0.010,-0.144,-0.135,0.077,0.063,-0.139,0.000,0.028,0.034,-0.011,-0.026,-0.057
-0.001,-0.136,-0.135,0.069,0.067,-0.135,0.002,0.032,0.039,-0.010,-0.025,-0.053
0.007,-0.128,-0.135,0.061,0.071,-0.131,0.006,0.036,0.046,-0.009,-0.024,-0.049
0.010,-0.125,-0.135,0.058,0.073,-0.130,0.005,0.035,0.050,-0.005,-0.020,-0.045
0.010,-0.125,-0.135,0.058,0.073,-0.130,0.001,0.031,0.067,0.000,-0.020,-0.045
0.013,-0.122,-0.135,0.055,0.074,-0.128,0.000,0.029,0.073,-0.001,-0.017,-0.043
0.016,-0.119,-0.135,0.052,0.076,-0.127,-0.002,0.032,0.067,0.003,-0.013,-0.037
0.014,-0.120,-0.134,0.054,0.074,-0.127,-0.006,0.044,0.075,0.012,-0.009,-0.035
0.010,-0.120,-0.130,0.055,0.070,-0.125,-0.005,0.060,0.100,0.020,-0.005,-0.035
0.014,-0.116,-0.130,0.051,0.072,-0.122,-0.005,0.065,0.102,0.024,-0.001,-0.031
0.015,-0.115,-0.130,0.050,0.073,-0.122,-0.008,0.064,0.098,0.030,0.004,-0.026
0.017,-0.113,-0.130,0.048,0.074,-0.121,-0.011,0.068,0.105,0.039,0.005,-0.025
0.021,-0.109,-0.130,0.044,0.075,-0.120,-0.010,0.077,0.118,0.046,0.006,-0.024
0.020,-0.110,-0.130,0.045,0.075,-0.120,-0.010,0.080,0.125,0.050,0.015,-0.020
0.019,-0.111,-0.130,0.046,0.075,-0.120,-0.014,0.083,0.129,0.054,0.019,-0.016
0.026,-0.104,-0.130,0.039,0.078,-0.117,-0.016,0.092,0.135,0.059,0.026,-0.012
0.031,-0.098,-0.129,0.033,0.081,-0.113,-0.014,0.095,0.147,0.060,0.032,-0.008
0.038,-0.093,-0.131,0.028,0.085,-0.112,-0.016,0.106,0.165,0.069,0.037,-0.004
0.055,-0.085,-0.140,0.015,0.098,-0.112,-0.020,0.135,0.185,0.090,0.045,0.000
0.064,-0.081,-0.145,0.009,0.105,-0.113,-0.020,0.137,0.190,0.096,0.049,0.004
0.066,-0.074,-0.140,0.005,0.103,-0.106,-0.020,0.133,0.192,0.093,0.053,0.011
0.064,-0.067,-0.131,0.002,0.097,-0.099,-0.018,0.139,0.201,0.103,0.057,0.017
0.058,-0.065,-0.123,0.004,0.091,-0.094,-0.014,0.154,0.222,0.124,0.062,0.022
0.045,-0.070,-0.115,0.013,0.080,-0.092,-0.010,0.170,0.245,0.135,0.070,0.030
0.029,-0.078,-0.107,0.025,0.069,-0.092,-0.006,0.178,0.248,0.142,0.078,0.034
0.049,-0.050,-0.099,0.001,0.075,-0.074,-0.002,0.189,0.267,0.157,0.086,0.041
0.090,0.000,-0.091,-0.044,0.091,-0.046,0.002,0.215,0.305,0.187,0.109,0.064
0.112,0.028,-0.083,-0.069,0.097,-0.028,0.005,0.239,0.327,0.214,0.133,0.089
0.105,0.025,-0.080,-0.065,0.092,-0.027,0.005,0.245,0.325,0.215,0.135,0.090
0.105,0.025,-0.080,-0.065,0.092,-0.027,0.001,0.248,0.345,0.219,0.138,0.089
0.102,0.025,-0.077,-0.063,0.089,-0.026,-0.004,0.256,0.354,0.221,0.147,0.093
0.100,0.025,-0.075,-0.062,0.087,-0.025,-0.005,0.262,0.360,0.233,0.152,0.095
0.100,0.025,-0.074,-0.062,0.086,-0.024,-0.006,0.266,0.382,0.255,0.157,0.096
0.095,0.025,-0.070,-0.060,0.082,-0.022,-0.010,0.275,0.405,0.270,0.170,0.105
0.092,0.022,-0.070,-0.057,0.081,-0.024,-0.010,0.288,0.408,0.278,0.179,0.109
0.114,0.048,-0.067,-0.081,0.091,-0.009,-0.013,0.293,0.424,0.289,0.185,0.117
0.126,0.061,-0.065,-0.093,0.095,-0.001,-0.015,0.301,0.444,0.300,0.198,0.134
0.138,0.073,-0.064,-0.105,0.100,0.004,-0.015,0.320,0.459,0.315,0.221,0.147
0.175,0.115,-0.060,-0.145,0.117,0.027,-0.020,0.335,0.475,0.335,0.240,0.150
0.168,0.109,-0.059,-0.139,0.113,0.024,-0.025,0.340,0.480,0.344,0.245,0.154
0.163,0.100,-0.063,-0.132,0.113,0.018,-0.025,0.339,0.482,0.346,0.247,0.156
0.164,0.098,-0.065,-0.131,0.115,0.016,-0.027,0.342,0.489,0.359,0.254,0.169
0.150,0.085,-0.065,-0.117,0.107,0.010,-0.030,0.345,0.496,0.370,0.261,0.180
0.150,0.085,-0.065,-0.117,0.107,0.010,-0.030,0.345,0.500,0.365,0.265,0.175
0.213,0.148,-0.065,-0.180,0.139,0.041,-0.034,0.361,0.520,0.389,0.285,0.199
0.230,0.165,-0.065,-0.197,0.147,0.050,-0.035,0.369,0.535,0.404,0.298,0.214
0.212,0.147,-0.065,-0.179,0.138,0.041,-0.036,0.372,0.544,0.406,0.301,0.216
0.222,0.157,-0.065,-0.189,0.144,0.045,-0.041,0.375,0.552,0.412,0.307,0.222
0.255,0.190,-0.065,-0.222,0.160,0.062,-0.045,0.370,0.555,0.420,0.315,0.230
0.250,0.185,-0.065,-0.217,0.157,0.059,-0.049,0.365,0.551,0.424,0.316,0.234
0.235,0.170,-0.065,-0.202,0.150,0.052,-0.051,0.365,0.546,0.428,0.314,0.238
0.258,0.193,-0.065,-0.225,0.161,0.064,-0.048,0.364,0.545,0.433,0.319,0.240
0.288,0.223,-0.065,-0.255,0.177,0.079,-0.045,0.359,0.545,0.435,0.335,0.241
0.280,0.215,-0.065,-0.247,0.172,0.075,-0.045,0.355,0.540,0.430,0.350,0.245
0.275,0.210,-0.065,-0.242,0.170,0.072,-0.041,0.356,0.535,0.426,0.343,0.245
0.275,0.210,-0.065,-0.242,0.170,0.072,-0.040,0.347,0.537,0.422,0.337,0.244
0.274,0.209,-0.065,-0.241,0.169,0.072,-0.038,0.336,0.528,0.418,0.331,0.246
0.268,0.203,-0.065,-0.235,0.166,0.069,-0.035,0.327,0.512,0.414,0.324,0.243
0.265,0.200,-0.065,-0.232,0.165,0.067,-0.035,0.315,0.500,0.410,0.320,0.230
0.267,0.202,-0.065,-0.234,0.166,0.068,-0.031,0.307,0.484,0.407,0.312,0.222
0.251,0.186,-0.065,-0.218,0.158,0.060,-0.030,0.296,0.472,0.394,0.308,0.211
0.232,0.167,-0.065,-0.199,0.148,0.051,-0.028,0.286,0.454,0.378,0.298,0.201
0.214,0.149,-0.065,-0.181,0.139,0.042,-0.025,0.277,0.429,0.359,0.281,0.192
0.185,0.120,-0.065,-0.152,0.125,0.027,-0.025,0.260,0.405,0.330,0.265,0.180
0.155,0.090,-0.065,-0.122,0.110,0.012,-0.017,0.244,0.377,0.302,0.249,0.172
0.143,0.077,-0.065,-0.110,0.103,0.006,-0.011,0.228,0.349,0.277,0.234,0.159
0.136,0.072,-0.064,-0.103,0.099,0.004,-0.008,0.212,0.319,0.253,0.214,0.142
0.130,0.063,-0.067,-0.096,0.098,-0.002,-0.004,0.196,0.287,0.229,0.189,0.126
0.130,0.055,-0.075,-0.092,0.102,-0.010,0.000,0.180,0.260,0.205,0.170,0.110
0.119,0.047,-0.072,-0.083,0.095,-0.012,0.004,0.168,0.236,0.180,0.154,0.098
0.103,0.038,-0.065,-0.070,0.083,-0.013,0.008,0.153,0.213,0.162,0.138,0.086
0.120,0.034,-0.086,-0.077,0.103,-0.025,0.012,0.139,0.186,0.150,0.122,0.074
0.138,0.025,-0.113,-0.082,0.125,-0.044,0.016,0.126,0.158,0.135,0.107,0.063
0.095,-0.010,-0.105,-0.042,0.100,-0.057,0.020,0.110,0.135,0.110,0.095,0.055
0.056,-0.049,-0.104,-0.003,0.080,-0.076,0.020,0.098,0.119,0.086,0.079,0.043
0.076,-0.030,-0.106,-0.022,0.091,-0.068,0.023,0.086,0.104,0.064,0.066,0.030
0.057,-0.045,-0.102,-0.006,0.080,-0.074,0.027,0.074,0.085,0.046,0.052,0.021
0.020,-0.090,-0.110,0.036,0.065,-0.100,0.031,0.062,0.065,0.031,0.037,0.012
0.055,-0.080,-0.135,0.013,0.095,-0.107,0.030,0.050,0.045,0.020,0.025,0.000
0.053,-0.079,-0.133,0.013,0.093,-0.106,0.026,0.038,0.029,0.012,0.013,-0.008
0.048,-0.079,-0.127,0.015,0.088,-0.103,0.025,0.026,0.013,0.001,0.001,-0.015
0.067,-0.071,-0.137,0.002,0.103,-0.103,0.023,0.016,-0.003,-0.008,-0.011,-0.026
0.071,-0.082,-0.153,0.006,0.112,-0.117,0.019,0.008,-0.019,-0.019,-0.022,-0.038
0.030,-0.125,-0.155,0.048,0.093,-0.140,0.020,0.000,-0.035,-0.040,-0.030,-0.045
-0.001,-0.154,-0.153,0.078,0.076,-0.153,0.020,-0.008,-0.047,-0.055,-0.038,-0.052
-0.007,-0.175,-0.168,0.091,0.080,-0.171,0.017,-0.016,-0.063,-0.079,-0.046,-0.068
-0.005,-0.180,-0.175,0.093,0.086,-0.177,0.014,-0.024,-0.073,-0.095,-0.054,-0.079
-0.004,-0.174,-0.169,0.089,0.083,-0.171,0.015,-0.032,-0.076,-0.095,-0.062,-0.080
0.000,-0.170,-0.170,0.085,0.085,-0.170,0.015,-0.040,-0.080,-0.095,-0.070,-0.080
0.004,-0.166,-0.170,0.081,0.088,-0.168,0.011,-0.048,-0.084,-0.095,-0.075,-0.080
0.008,-0.162,-0.170,0.077,0.089,-0.166,0.009,-0.054,-0.085,-0.098,-0.074,-0.079
0.011,-0.159,-0.170,0.074,0.091,-0.164,0.011,-0.055,-0.087,-0.101,-0.078,-0.082
0.017,-0.153,-0.170,0.068,0.094,-0.161,0.009,-0.056,-0.091,-0.100,-0.086,-0.085
0.020,-0.150,-0.170,0.065,0.095,-0.160,0.005,-0.060,-0.095,-0.100,-0.090,-0.085
-0.005,-0.175,-0.170,0.090,0.083,-0.172,0.005,-0.061,-0.103,-0.104,-0.094,-0.085
-0.017,-0.187,-0.170,0.102,0.077,-0.178,0.002,-0.057,-0.108,-0.108,-0.095,-0.085
-0.028,-0.198,-0.170,0.113,0.071,-0.184,-0.001,-0.055,-0.112,-0.111,-0.095,-0.085
-0.041,-0.211,-0.170,0.126,0.065,-0.190,0.000,-0.055,-0.116,-0.110,-0.095,-0.086
-0.035,-0.205,-0.170,0.120,0.068,-0.187,0.000,-0.055,-0.120,-0.110,-0.095,-0.090
-0.035,-0.205,-0.170,0.120,0.069,-0.187,-0.004,-0.055,-0.121,-0.114,-0.095,-0.090
-0.035,-0.202,-0.167,0.119,0.066,-0.184,-0.006,-0.055,-0.117,-0.115,-0.095,-0.090
-0.035,-0.199,-0.164,0.118,0.065,-0.181,-0.004,-0.055,-0.114,-0.115,-0.095,-0.090
-0.035,-0.200,-0.165,0.118,0.065,-0.182,-0.006,-0.055,-0.115,-0.114,-0.095,-0.090
-0.035,-0.200,-0.165,0.118,0.065,-0.182,-0.010,-0.055,-0.115,-0.110,-0.095,-0.090
-0.031,-0.196,-0.165,0.114,0.067,-0.180,-0.010,-0.055,-0.111,-0.110,-0.095,-0.086
-0.029,-0.194,-0.165,0.112,0.068,-0.180,-0.010,-0.055,-0.110,-0.110,-0.095,-0.085
-0.031,-0.196,-0.165,0.114,0.068,-0.180,-0.008,-0.055,-0.110,-0.110,-0.095,-0.085
-0.029,-0.194,-0.165,0.112,0.068,-0.180,-0.005,-0.055,-0.110,-0.110,-0.095,-0.085
-0.025,-0.190,-0.165,0.108,0.070,-0.177,-0.005,-0.055,-0.110,-0.110,-0.095,-0.085
-0.025,-0.190,-0.165,0.108,0.070,-0.177,-0.005,-0.055,-0.106,-0.110,-0.095,-0.085
-0.026,-0.191,-0.165,0.109,0.070,-0.177,-0.005,-0.055,-0.105,-0.110,-0.095,-0.085
-0.023,-0.188,-0.165,0.106,0.071,-0.176,-0.005,-0.054,-0.105,-0.110,-0.095,-0.085
-0.020,-0.185,-0.165,0.103,0.073,-0.175,-0.005,-0.056,-0.105,-0.110,-0.095,-0.085
-0.020,-0.185,-0.165,0.103,0.073,-0.175,-0.005,-0.060,-0.105,-0.110,-0.095,-0.085
-0.016,-0.181,-0.165,0.099,0.075,-0.173,-0.005,-0.058,-0.101,-0.108,-0.093,-0.085
-0.049,-0.214,-0.165,0.132,0.058,-0.189,-0.002,-0.076,-0.099,-0.126,-0.108,-0.085
-0.066,-0.232,-0.166,0.149,0.050,-0.198,0.001,-0.086,-0.101,-0.134,-0.116,-0.085
-0.053,-0.217,-0.164,0.135,0.056,-0.190,0.000,-0.079,-0.099,-0.123,-0.108,-0.084
-0.045,-0.210,-0.165,0.128,0.060,-0.187,0.000,-0.080,-0.095,-0.120,-0.105,-0.080
-0.016,-0.202,-0.186,0.109,0.085,-0.194,0.000,-0.081,-0.095,-0.116,-0.101,-0.080
-0.005,-0.194,-0.189,0.100,0.092,-0.191,0.000,-0.077,-0.095,-0.112,-0.097,-0.080
-0.002,-0.186,-0.184,0.095,0.091,-0.185,0.000,-0.075,-0.095,-0.108,-0.093,-0.080
0.007,-0.178,-0.184,0.086,0.095,-0.181,0.000,-0.075,-0.094,-0.104,-0.090,-0.080
0.010,-0.170,-0.180,0.080,0.095,-0.175,0.000,-0.075,-0.090,-0.100,-0.090,-0.080
0.015,-0.165,-0.180,0.075,0.098,-0.172,0.004,-0.075,-0.090,-0.096,-0.086,-0.080
0.012,-0.165,-0.177,0.077,0.095,-0.171,0.005,-0.072,-0.090,-0.095,-0.085,-0.080
0.010,-0.165,-0.175,0.078,0.093,-0.170,0.005,-0.069,-0.090,-0.095,-0.085,-0.080
0.009,-0.165,-0.174,0.078,0.092,-0.170,0.005,-0.070,-0.090,-0.095,-0.085,-0.080
0.005,-0.165,-0.170,0.080,0.088,-0.167,0.005,-0.070,-0.090,-0.095,-0.085,-0.080
0.005,-0.165,-0.170,0.080,0.088,-0.167,0.005,-0.070,-0.090,-0.095,-0.085,-0.080
0.002,-0.165,-0.167,0.082,0.085,-0.166,0.005,-0.067,-0.090,-0.095,-0.085,-0.079
-0.001,-0.165,-0.164,0.084,0.082,-0.165,0.005,-0.064,-0.090,-0.095,-0.085,-0.082
0.001,-0.165,-0.166,0.082,0.084,-0.165,0.005,-0.065,-0.090,-0.095,-0.085,-0.085
0.005,-0.165,-0.170,0.080,0.088,-0.167,0.005,-0.065,-0.090,-0.095,-0.085,-0.085
0.005,-0.165,-0.170,0.080,0.088,-0.167,0.001,-0.061,-0.090,-0.095,-0.085,-0.085
0.005,-0.165,-0.170,0.080,0.088,-0.167,-0.001,-0.060,-0.090,-0.095,-0.085,-0.085
0.005,-0.165,-0.170,0.080,0.088,-0.167,0.001,-0.060,-0.090,-0.095,-0.085,-0.085
0.005,-0.165,-0.170,0.080,0.088,-0.167,-0.001,-0.060,-0.090,-0.095,-0.085,-0.085
0.005,-0.165,-0.170,0.080,0.088,-0.167,-0.005,-0.060,-0.090,-0.095,-0.085,-0.085
0.004,-0.166,-0.170,0.081,0.088,-0.167,-0.005,-0.056,-0.090,-0.095,-0.085,-0.085
0.008,-0.162,-0.170,0.077,0.090,-0.165,-0.004,-0.055,-0.090,-0.095,-0.085,-0.085
-0.007,-0.177,-0.170,0.092,0.082,-0.173,-0.007,-0.055,-0.090,-0.095,-0.085,-0.085
-0.027,-0.197,-0.170,0.112,0.072,-0.183,-0.010,-0.055,-0.090,-0.095,-0.085,-0.085
-0.020,-0.190,-0.170,0.105,0.075,-0.180,-0.010,-0.055,-0.090,-0.095,-0.085,-0.085
-0.015,-0.185,-0.170,0.100,0.078,-0.177,-0.010,-0.055,-0.090,-0.095,-0.085,-0.085
-0.015,-0.185,-0.170,0.100,0.078,-0.177,-0.013,-0.055,-0.090,-0.095,-0.085,-0.085
-0.013,-0.183,-0.170,0.098,0.079,-0.176,-0.016,-0.055,-0.090,-0.095,-0.085,-0.085
-0.010,-0.180,-0.170,0.095,0.080,-0.175,-0.015,-0.055,-0.090,-0.095,-0.085,-0.085
-0.010,-0.180,-0.170,0.095,0.080,-0.175,-0.015,-0.055,-0.090,-0.095,-0.085,-0.085
-0.006,-0.176,-0.170,0.091,0.082,-0.173,-0.019,-0.055,-0.090,-0.095,-0.085,-0.085
-0.001,-0.171,-0.170,0.086,0.085,-0.170,-0.021,-0.055,-0.090,-0.094,-0.084,-0.085
0.000,-0.170,-0.170,0.085,0.085,-0.170,-0.019,-0.056,-0.090,-0.097,-0.087,-0.085
0.001,-0.169,-0.170,0.084,0.085,-0.170,-0.021,-0.061,-0.090,-0.100,-0.090,-0.085
0.005,-0.165,-0.170,0.080,0.088,-0.167,-0.025,-0.065,-0.090,-0.100,-0.090,-0.085
0.006,-0.164,-0.170,0.079,0.088,-0.167,-0.025,-0.061,-0.089,-0.104,-0.090,-0.085
0.000,-0.170,-0.170,0.085,0.085,-0.170,-0.025,-0.059,-0.096,-0.105,-0.093,-0.085
-0.009,-0.179,-0.170,0.094,0.081,-0.174,-0.023,-0.060,-0.103,-0.107,-0.096,-0.085
-0.008,-0.178,-0.170,0.093,0.081,-0.174,-0.020,-0.060,-0.106,-0.110,-0.095,-0.085
0.005,-0.165,-0.170,0.080,0.088,-0.167,-0.020,-0.060,-0.110,-0.110,-0.095,-0.085
0.014,-0.156,-0.170,0.071,0.092,-0.162,-0.020,-0.061,-0.112,-0.114,-0.099,-0.081
0.016,-0.157,-0.173,0.071,0.095,-0.165,-0.017,-0.057,-0.100,-0.115,-0.103,-0.078
-0.002,-0.178,-0.176,0.091,0.087,-0.177,-0.015,-0.069,-0.110,-0.117,-0.107,-0.087
-0.031,-0.206,-0.175,0.119,0.072,-0.190,-0.015,-0.088,-0.133,-0.120,-0.110,-0.103
-0.045,-0.220,-0.175,0.133,0.065,-0.197,-0.015,-0.090,-0.130,-0.120,-0.110,-0.105
-0.045,-0.220,-0.175,0.133,0.065,-0.197,-0.015,-0.090,-0.130,-0.124,-0.114,-0.105
-0.045,-0.220,-0.175,0.133,0.065,-0.197,-0.012,-0.090,-0.130,-0.125,-0.116,-0.105
-0.045,-0.220,-0.175,0.133,0.065,-0.197,-0.009,-0.090,-0.130,-0.127,-0.114,-0.105
-0.045,-0.220,-0.175,0.133,0.065,-0.197,-0.010,-0.090,-0.130,-0.130,-0.116,-0.105
-0.045,-0.220,-0.175,0.133,0.065,-0.197,-0.010,-0.090,-0.130,-0.130,-0.120,-0.105
-0.041,-0.220,-0.179,0.130,0.069,-0.200,-0.010,-0.090,-0.130,-0.130,-0.120,-0.105
-0.040,-0.220,-0.180,0.130,0.070,-0.200,-0.007,-0.090,-0.130,-0.130,-0.119,-0.105
-0.040,-0.220,-0.180,0.130,0.070,-0.200,-0.004,-0.090,-0.130,-0.130,-0.122,-0.105
-0.040,-0.220,-0.180,0.130,0.070,-0.200,-0.005,-0.090,-0.130,-0.131,-0.125,-0.105
-0.040,-0.220,-0.180,0.130,0.070,-0.200,-0.005,-0.090,-0.130,-0.135,-0.125,-0.105
-0.040,-0.220,-0.180,0.130,0.070,-0.200,-0.001,-0.094,-0.130,-0.135,-0.125,-0.105
-0.040,-0.220,-0.180,0.130,0.070,-0.200,0.000,-0.095,-0.130,-0.135,-0.124,-0.105
-0.040,-0.220,-0.180,0.130,0.070,-0.200,0.000,-0.095,-0.130,-0.135,-0.127,-0.105
-0.041,-0.220,-0.179,0.131,0.069,-0.199,0.000,-0.095,-0.130,-0.134,-0.130,-0.105
-0.045,-0.220,-0.175,0.133,0.065,-0.197,0.000,-0.095,-0.135,-0.135,-0.130,-0.105
-0.045,-0.220,-0.175,0.133,0.065,-0.197,0.004,-0.095,-0.152,-0.152,-0.130,-0.105
-0.048,-0.220,-0.172,0.134,0.062,-0.196,0.005,-0.095,-0.157,-0.157,-0.130,-0.105
-0.050,-0.220,-0.170,0.135,0.060,-0.195,0.005,-0.095,-0.154,-0.154,-0.130,-0.105
-0.050,-0.220,-0.170,0.135,0.060,-0.195,0.005,-0.095,-0.155,-0.155,-0.130,-0.105
-0.055,-0.220,-0.165,0.138,0.055,-0.192,0.005,-0.095,-0.155,-0.155,-0.130,-0.105
-0.058,-0.220,-0.162,0.139,0.052,-0.191,0.001,-0.093,-0.155,-0.155,-0.130,-0.105
-0.037,-0.220,-0.183,0.129,0.073,-0.201,-0.003,-0.108,-0.155,-0.155,-0.130,-0.108
-0.021,-0.220,-0.199,0.121,0.089,-0.209,-0.007,-0.115,-0.155,-0.155,-0.130,-0.111
-0.027,-0.220,-0.193,0.124,0.083,-0.206,-0.011,-0.109,-0.156,-0.155,-0.130,-0.110
-0.025,-0.220,-0.195,0.123,0.085,-0.207,-0.015,-0.110,-0.160,-0.155,-0.130,-0.110
-0.008,-0.220,-0.212,0.114,0.102,-0.216,-0.011,-0.110,-0.165,-0.155,-0.130,-0.114
-0.007,-0.221,-0.213,0.114,0.103,-0.217,-0.007,-0.110,-0.165,-0.155,-0.130,-0.116
-0.009,-0.218,-0.209,0.113,0.101,-0.214,-0.003,-0.110,-0.167,-0.155,-0.130,-0.114
-0.005,-0.215,-0.209,0.110,0.103,-0.211,0.001,-0.110,-0.170,-0.155,-0.130,-0.116
-0.010,-0.215,-0.205,0.113,0.098,-0.210,0.000,-0.110,-0.170,-0.155,-0.130,-0.120
-0.010,-0.215,-0.205,0.113,0.098,-0.210,-0.004,-0.110,-0.174,-0.155,-0.134,-0.120
-0.013,-0.215,-0.202,0.114,0.095,-0.208,-0.008,-0.110,-0.176,-0.155,-0.135,-0.123
-0.016,-0.215,-0.199,0.115,0.092,-0.207,-0.012,-0.110,-0.173,-0.155,-0.137,-0.126
-0.015,-0.215,-0.200,0.115,0.093,-0.207,-0.016,-0.110,-0.170,-0.154,-0.141,-0.124
-0.015,-0.215,-0.200,0.115,0.093,-0.207,-0.015,-0.110,-0.170,-0.155,-0.140,-0.120
-0.020,-0.215,-0.196,0.118,0.089,-0.206,-0.011,-0.110,-0.170,-0.172,-0.136,-0.120
-0.017,-0.212,-0.195,0.115,0.089,-0.203,-0.010,-0.107,-0.170,-0.174,-0.135,-0.120
-0.016,-0.209,-0.193,0.113,0.088,-0.201,-0.010,-0.104,-0.170,-0.169,-0.135,-0.120
-0.020,-0.210,-0.190,0.115,0.085,-0.200,-0.010,-0.105,-0.170,-0.170,-0.135,-0.120
-0.020,-0.210,-0.190,0.115,0.085,-0.200,-0.010,-0.105,-0.170,-0.170,-0.135,-0.120
-0.024,-0.210,-0.186,0.117,0.081,-0.198,-0.017,-0.105,-0.170,-0.170,-0.135,-0.120
-0.026,-0.210,-0.184,0.118,0.079,-0.197,-0.028,-0.105,-0.170,-0.167,-0.135,-0.120
-0.024,-0.210,-0.185,0.118,0.081,-0.197,-0.029,-0.105,-0.170,-0.164,-0.135,-0.120
-0.026,-0.210,-0.184,0.118,0.079,-0.197,-0.024,-0.105,-0.170,-0.165,-0.135,-0.120
-0.030,-0.210,-0.180,0.120,0.075,-0.195,-0.025,-0.105,-0.170,-0.165,-0.135,-0.120
-0.030,-0.206,-0.176,0.118,0.073,-0.191,-0.025,-0.105,-0.170,-0.165,-0.135,-0.120
-0.029,-0.205,-0.175,0.118,0.073,-0.190,-0.025,-0.105,-0.167,-0.166,-0.135,-0.120
-0.032,-0.205,-0.173,0.119,0.071,-0.189,-0.025,-0.105,-0.164,-0.163,-0.135,-0.120
-0.036,-0.205,-0.169,0.120,0.067,-0.187,-0.025,-0.105,-0.165,-0.160,-0.134,-0.120
-0.040,-0.205,-0.165,0.123,0.063,-0.185,-0.025,-0.105,-0.165,-0.160,-0.130,-0.120
-0.045,-0.205,-0.160,0.125,0.058,-0.183,-0.025,-0.109,-0.165,-0.160,-0.130,-0.120
-0.009,-0.205,-0.196,0.108,0.094,-0.201,-0.025,-0.110,-0.165,-0.161,-0.130,-0.120
0.014,-0.204,-0.218,0.095,0.117,-0.211,-0.025,-0.110,-0.165,-0.158,-0.130,-0.120
0.002,-0.207,-0.208,0.102,0.106,-0.207,-0.025,-0.110,-0.165,-0.155,-0.130,-0.120
0.005,-0.205,-0.210,0.100,0.108,-0.207,-0.025,-0.110,-0.165,-0.155,-0.130,-0.120
0.026,-0.185,-0.211,0.079,0.118,-0.198,-0.025,-0.110,-0.165,-0.155,-0.130,-0.120
-0.037,-0.244,-0.207,0.141,0.085,-0.225,-0.022,-0.113,-0.165,-0.155,-0.130,-0.120
-0.071,-0.275,-0.205,0.174,0.067,-0.240,-0.019,-0.116,-0.165,-0.155,-0.130,-0.120
-0.022,-0.227,-0.205,0.125,0.092,-0.216,-0.020,-0.115,-0.165,-0.156,-0.130,-0.120
0.000,-0.205,-0.205,0.103,0.103,-0.205,-0.020,-0.115,-0.165,-0.160,-0.130,-0.120
-0.037,-0.242,-0.205,0.140,0.084,-0.223,-0.020,-0.115,-0.165,-0.160,-0.130,-0.120
-0.049,-0.251,-0.202,0.150,0.077,-0.226,-0.020,-0.116,-0.165,-0.160,-0.131,-0.123
-0.044,-0.243,-0.199,0.144,0.078,-0.221,-0.020,-0.113,-0.165,-0.160,-0.126,-0.126
-0.044,-0.245,-0.200,0.145,0.078,-0.222,-0.020,-0.110,-0.165,-0.160,-0.129,-0.125
-0.040,-0.240,-0.200,0.140,0.080,-0.220,-0.020,-0.110,-0.165,-0.160,-0.150,-0.125
-0.040,-0.240,-0.200,0.140,0.080,-0.220,-0.020,-0.110,-0.165,-0.160,-0.147,-0.125
-0.040,-0.237,-0.197,0.139,0.079,-0.217,-0.020,-0.110,-0.165,-0.160,-0.144,-0.125
-0.041,-0.235,-0.194,0.138,0.077,-0.215,-0.020,-0.110,-0.165,-0.160,-0.145,-0.125
-0.039,-0.234,-0.195,0.137,0.079,-0.215,-0.020,-0.110,-0.165,-0.160,-0.145,-0.125
-0.035,-0.230,-0.195,0.133,0.080,-0.212,-0.020,-0.110,-0.165,-0.160,-0.145,-0.125
-0.039,-0.230,-0.191,0.135,0.076,-0.210,-0.016,-0.110,-0.165,-0.160,-0.145,-0.125
-0.037,-0.227,-0.190,0.132,0.076,-0.208,-0.015,-0.107,-0.165,-0.159,-0.142,-0.125
-0.035,-0.225,-0.190,0.130,0.078,-0.207,-0.013,-0.104,-0.165,-0.162,-0.139,-0.125
-0.034,-0.224,-0.190,0.129,0.078,-0.207,-0.010,-0.105,-0.165,-0.165,-0.140,-0.125
-0.030,-0.220,-0.190,0.125,0.080,-0.205,-0.010,-0.105,-0.165,-0.165,-0.140,-0.125
-0.034,-0.220,-0.186,0.127,0.076,-0.202,-0.006,-0.105,-0.165,-0.165,-0.140,-0.125
-0.036,-0.221,-0.185,0.129,0.074,-0.202,-0.004,-0.105,-0.165,-0.165,-0.140,-0.125
-0.033,-0.218,-0.185,0.126,0.076,-0.201,-0.007,-0.105,-0.167,-0.165,-0.140,-0.125
-0.030,-0.215,-0.185,0.123,0.078,-0.200,-0.011,-0.106,-0.171,-0.165,-0.139,-0.125
-0.030,-0.215,-0.185,0.123,0.078,-0.200,-0.015,-0.105,-0.170,-0.165,-0.135,-0.125
-0.020,-0.211,-0.191,0.116,0.085,-0.200,-0.019,-0.098,-0.166,-0.165,-0.135,-0.125
0.005,-0.210,-0.215,0.103,0.110,-0.212,-0.023,-0.122,-0.165,-0.165,-0.135,-0.125
0.018,-0.208,-0.226,0.095,0.123,-0.217,-0.027,-0.137,-0.163,-0.165,-0.135,-0.125
0.013,-0.205,-0.218,0.096,0.116,-0.211,-0.030,-0.128,-0.159,-0.165,-0.135,-0.125
0.010,-0.205,-0.215,0.098,0.113,-0.210,-0.030,-0.125,-0.160,-0.165,-0.135,-0.125
0.009,-0.202,-0.211,0.096,0.111,-0.206,-0.026,-0.121,-0.161,-0.165,-0.131,-0.125
-0.020,-0.227,-0.207,0.124,0.093,-0.217,-0.021,-0.117,-0.157,-0.162,-0.130,-0.125
-0.038,-0.241,-0.203,0.140,0.082,-0.221,-0.020,-0.113,-0.155,-0.157,-0.130,-0.125
-0.028,-0.227,-0.199,0.127,0.086,-0.213,-0.019,-0.110,-0.154,-0.155,-0.130,-0.124
-0.025,-0.220,-0.195,0.123,0.085,-0.207,-0.015,-0.110,-0.150,-0.155,-0.130,-0.120
-0.029,-0.212,-0.183,0.121,0.077,-0.197,-0.015,-0.106,-0.150,-0.151,-0.130,-0.115
-0.030,-0.204,-0.173,0.117,0.072,-0.189,-0.013,-0.105,-0.151,-0.146,-0.131,-0.115
-0.030,-0.196,-0.166,0.113,0.068,-0.181,-0.007,-0.103,-0.148,-0.145,-0.128,-0.113
-0.030,-0.188,-0.158,0.109,0.064,-0.173,-0.005,-0.099,-0.145,-0.144,-0.125,-0.110
-0.030,-0.180,-0.150,0.105,0.060,-0.165,-0.005,-0.100,-0.145,-0.140,-0.125,-0.110
-0.033,-0.175,-0.143,0.104,0.055,-0.159,-0.001,-0.101,-0.141,-0.136,-0.121,-0.106
-0.044,-0.175,-0.131,0.110,0.044,-0.153,-0.001,-0.097,-0.139,-0.132,-0.119,-0.101
-0.037,-0.173,-0.136,0.105,0.050,-0.155,0.004,-0.095,-0.141,-0.130,-0.121,-0.100
-0.017,-0.169,-0.153,0.093,0.068,-0.161,0.011,-0.094,-0.139,-0.129,-0.119,-0.099
-0.015,-0.170,-0.155,0.093,0.070,-0.162,0.015,-0.090,-0.135,-0.125,-0.115,-0.095
-0.016,-0.171,-0.155,0.094,0.070,-0.162,0.032,-0.090,-0.135,-0.121,-0.115,-0.095
-0.012,-0.167,-0.155,0.090,0.072,-0.161,0.034,-0.091,-0.136,-0.120,-0.112,-0.092
-0.010,-0.165,-0.155,0.088,0.073,-0.160,0.027,-0.086,-0.133,-0.119,-0.109,-0.090
-0.009,-0.164,-0.155,0.087,0.073,-0.160,0.025,-0.078,-0.130,-0.114,-0.110,-0.089
-0.005,-0.160,-0.155,0.083,0.075,-0.157,0.025,-0.075,-0.130,-0.110,-0.110,-0.085
-0.005,-0.160,-0.155,0.083,0.075,-0.157,0.021,-0.071,-0.130,-0.110,-0.106,-0.085
-0.005,-0.160,-0.155,0.083,0.075,-0.157,0.016,-0.067,-0.130,-0.107,-0.105,-0.086
-0.007,-0.162,-0.155,0.085,0.074,-0.158,0.016,-0.063,-0.130,-0.104,-0.103,-0.083
-0.010,-0.165,-0.155,0.088,0.073,-0.160,0.012,-0.059,-0.130,-0.105,-0.099,-0.080
-0.010,-0.165,-0.155,0.088,0.073,-0.160,-0.005,-0.055,-0.130,-0.105,-0.100,-0.080
-0.010,-0.165,-0.155,0.088,0.073,-0.160,-0.017,-0.052,-0.130,-0.105,-0.100,-0.076
-0.010,-0.165,-0.155,0.088,0.073,-0.160,-0.029,-0.080,-0.130,-0.105,-0.097,-0.075
-0.010,-0.165,-0.155,0.088,0.073,-0.160,-0.040,-0.115,-0.130,-0.105,-0.094,-0.075
-0.011,-0.166,-0.155,0.089,0.073,-0.160,-0.054,-0.125,-0.130,-0.105,-0.095,-0.076
-0.010,-0.165,-0.155,0.088,0.073,-0.160,-0.070,-0.120,-0.130,-0.105,-0.095,-0.080
0.009,-0.146,-0.155,0.069,0.082,-0.150,-0.067,-0.120,-0.130,-0.105,-0.091,-0.080
0.032,-0.123,-0.155,0.046,0.094,-0.139,-0.062,-0.120,-0.130,-0.106,-0.090,-0.080
0.045,-0.110,-0.155,0.033,0.101,-0.132,-0.058,-0.120,-0.130,-0.103,-0.090,-0.080
0.051,-0.104,-0.155,0.027,0.103,-0.129,-0.054,-0.120,-0.130,-0.100,-0.090,-0.081
0.055,-0.100,-0.155,0.023,0.105,-0.127,-0.050,-0.120,-0.130,-0.100,-0.090,-0.085
0.058,-0.097,-0.155,0.020,0.107,-0.126,-0.046,-0.120,-0.130,-0.100,-0.090,-0.085
0.066,-0.089,-0.155,0.012,0.111,-0.122,-0.045,-0.121,-0.130,-0.100,-0.090,-0.085
0.055,-0.099,-0.154,0.023,0.104,-0.126,-0.043,-0.118,-0.130,-0.100,-0.090,-0.085
0.031,-0.126,-0.157,0.048,0.094,-0.141,-0.040,-0.115,-0.130,-0.100,-0.090,-0.085
0.035,-0.140,-0.175,0.053,0.105,-0.157,-0.040,-0.115,-0.130,-0.100,-0.090,-0.085
0.054,-0.144,-0.197,0.045,0.126,-0.170,-0.040,-0.115,-0.130,-0.100,-0.090,-0.089
0.043,-0.154,-0.197,0.055,0.120,-0.175,-0.040,-0.115,-0.130,-0.100,-0.089,-0.090
0.020,-0.164,-0.185,0.072,0.103,-0.174,-0.040,-0.115,-0.130,-0.100,-0.092,-0.090
0.015,-0.164,-0.179,0.074,0.098,-0.171,-0.040,-0.115,-0.129,-0.099,-0.094,-0.090
0.000,-0.170,-0.170,0.085,0.085,-0.170,-0.040,-0.115,-0.130,-0.100,-0.095,-0.090
-0.058,-0.212,-0.154,0.135,0.048,-0.183,-0.040,-0.115,-0.149,-0.118,-0.116,-0.088
-0.012,-0.221,-0.209,0.116,0.099,-0.215,-0.037,-0.112,-0.173,-0.146,-0.123,-0.102
0.034,-0.213,-0.247,0.090,0.141,-0.230,-0.034,-0.109,-0.182,-0.156,-0.118,-0.112
0.018,-0.215,-0.233,0.099,0.126,-0.224,-0.035,-0.110,-0.180,-0.149,-0.123,-0.110
0.025,-0.210,-0.235,0.093,0.130,-0.222,-0.035,-0.110,-0.180,-0.150,-0.140,-0.110
0.029,-0.206,-0.235,0.089,0.132,-0.220,-0.035,-0.110,-0.180,-0.150,-0.145,-0.110
-0.001,-0.235,-0.235,0.119,0.117,-0.235,-0.035,-0.110,-0.180,-0.150,-0.144,-0.110
-0.017,-0.252,-0.235,0.135,0.109,-0.243,-0.035,-0.110,-0.180,-0.150,-0.147,-0.111
-0.001,-0.236,-0.235,0.119,0.117,-0.235,-0.035,-0.110,-0.180,-0.150,-0.150,-0.109
0.000,-0.235,-0.235,0.118,0.118,-0.235,-0.035,-0.110,-0.180,-0.150,-0.150,-0.110
-0.032,-0.267,-0.235,0.150,0.102,-0.250,-0.031,-0.107,-0.182,-0.156,-0.158,-0.130
-0.024,-0.259,-0.235,0.142,0.106,-0.247,-0.030,-0.132,-0.201,-0.177,-0.165,-0.144
-0.033,-0.268,-0.235,0.151,0.102,-0.252,-0.030,-0.147,-0.211,-0.185,-0.163,-0.143
-0.063,-0.298,-0.235,0.181,0.086,-0.266,-0.030,-0.139,-0.204,-0.179,-0.160,-0.139
-0.055,-0.290,-0.235,0.173,0.090,-0.262,-0.030,-0.140,-0.205,-0.180,-0.160,-0.140
-0.055,-0.290,-0.235,0.173,0.090,-0.262,-0.030,-0.140,-0.205,-0.180,-0.160,-0.140
-0.052,-0.287,-0.235,0.170,0.092,-0.261,-0.030,-0.140,-0.205,-0.180,-0.160,-0.140
-0.051,-0.285,-0.234,0.168,0.092,-0.260,-0.030,-0.138,-0.205,-0.180,-0.160,-0.140
-0.048,-0.284,-0.236,0.167,0.095,-0.260,-0.030,-0.135,-0.205,-0.179,-0.160,-0.140
-0.045,-0.280,-0.235,0.163,0.095,-0.257,-0.030,-0.135,-0.205,-0.175,-0.160,-0.140
-0.066,-0.280,-0.214,0.173,0.074,-0.246,-0.034,-0.135,-0.205,-0.175,-0.160,-0.140
-0.035,-0.280,-0.245,0.158,0.105,-0.262,-0.035,-0.136,-0.202,-0.175,-0.160,-0.137
-0.012,-0.280,-0.267,0.147,0.128,-0.273,-0.035,-0.133,-0.199,-0.175,-0.160,-0.134
-0.028,-0.280,-0.252,0.154,0.112,-0.266,-0.035,-0.130,-0.200,-0.175,-0.160,-0.135
-0.030,-0.280,-0.250,0.155,0.110,-0.265,-0.035,-0.130,-0.200,-0.175,-0.160,-0.135
-0.033,-0.280,-0.247,0.157,0.107,-0.263,-0.035,-0.130,-0.200,-0.175,-0.160,-0.135
-0.041,-0.280,-0.239,0.161,0.099,-0.259,-0.034,-0.130,-0.200,-0.172,-0.160,-0.135
-0.048,-0.280,-0.232,0.164,0.092,-0.256,-0.037,-0.130,-0.200,-0.169,-0.160,-0.135
-0.050,-0.280,-0.230,0.165,0.090,-0.255,-0.040,-0.129,-0.200,-0.170,-0.160,-0.135
-0.055,-0.280,-0.225,0.168,0.085,-0.252,-0.040,-0.125,-0.200,-0.170,-0.160,-0.135
-0.071,-0.280,-0.209,0.176,0.069,-0.244,-0.040,-0.125,-0.196,-0.170,-0.160,-0.131
-0.046,-0.280,-0.234,0.163,0.094,-0.257,-0.040,-0.125,-0.195,-0.171,-0.160,-0.130
-0.027,-0.280,-0.253,0.154,0.113,-0.266,-0.040,-0.125,-0.195,-0.168,-0.160,-0.130
-0.037,-0.280,-0.243,0.159,0.103,-0.261,-0.040,-0.124,-0.195,-0.165,-0.160,-0.130
-0.040,-0.280,-0.240,0.160,0.100,-0.260,-0.040,-0.120,-0.195,-0.165,-0.160,-0.130
-0.040,-0.280,-0.240,0.160,0.100,-0.260,-0.044,-0.120,-0.195,-0.165,-0.160,-0.130
-0.042,-0.280,-0.238,0.162,0.098,-0.258,-0.045,-0.120,-0.195,-0.165,-0.160,-0.130
-0.048,-0.280,-0.232,0.164,0.092,-0.256,-0.045,-0.120,-0.195,-0.165,-0.160,-0.130
-0.049,-0.280,-0.231,0.164,0.091,-0.256,-0.045,-0.120,-0.196,-0.165,-0.160,-0.130
-0.050,-0.280,-0.230,0.165,0.090,-0.255,-0.045,-0.120,-0.195,-0.165,-0.160,-0.130
-0.071,-0.280,-0.209,0.175,0.069,-0.244,-0.044,-0.122,-0.179,-0.173,-0.168,-0.124
-0.039,-0.281,-0.242,0.161,0.101,-0.261,-0.050,-0.134,-0.166,-0.178,-0.174,-0.140
-0.004,-0.276,-0.273,0.141,0.134,-0.274,-0.025,-0.094,-0.152,-0.183,-0.175,-0.154
-0.016,-0.287,-0.270,0.151,0.127,-0.279,0.036,-0.012,-0.137,-0.192,-0.193,-0.175
-0.045,-0.315,-0.270,0.180,0.113,-0.292,0.085,0.045,-0.125,-0.195,-0.225,-0.215
-0.057,-0.293,-0.236,0.176,0.090,-0.265,0.105,0.103,-0.096,-0.179,-0.210,-0.201
-0.070,-0.266,-0.196,0.169,0.064,-0.232,0.166,0.180,-0.075,-0.166,-0.197,-0.186
-0.059,-0.241,-0.182,0.151,0.062,-0.211,0.218,0.257,-0.033,-0.135,-0.175,-0.167
-0.028,-0.214,-0.186,0.122,0.079,-0.200,0.234,0.338,0.029,-0.090,-0.135,-0.139
0.000,-0.185,-0.185,0.093,0.093,-0.185,0.260,0.445,0.090,-0.045,-0.100,-0.115
0.058,-0.125,-0.183,0.034,0.120,-0.154,0.291,0.563,0.204,0.042,-0.056,-0.067
0.123,-0.072,-0.195,-0.025,0.159,-0.133,0.296,0.693,0.360,0.163,0.023,-0.025
0.155,0.006,-0.149,-0.080,0.152,-0.072,0.297,0.777,0.531,0.317,0.148,0.053
0.172,0.110,-0.062,-0.141,0.117,0.023,0.289,0.824,0.703,0.495,0.298,0.167
0.240,0.215,-0.025,-0.227,0.132,0.095,0.250,0.875,0.880,0.680,0.450,0.275
0.361,0.367,0.007,-0.364,0.177,0.187,0.213,0.880,1.070,0.885,0.616,0.412
0.427,0.538,0.112,-0.483,0.158,0.325,0.174,0.887,1.280,1.115,0.800,0.568
0.488,0.698,0.210,-0.593,0.139,0.454,0.055,0.869,1.514,1.370,1.006,0.735
0.583,0.875,0.292,-0.730,0.146,0.583,-0.111,0.799,1.744,1.637,1.233,0.917
0.625,1.060,0.435,-0.843,0.095,0.747,-0.240,0.660,1.910,1.875,1.445,1.090
0.545,1.111,0.566,-0.828,-0.011,0.838,-0.383,0.425,1.966,2.013,1.549,1.181
0.500,1.060,0.560,-0.780,-0.031,0.810,-0.413,0.278,1.965,2.004,1.492,1.114
0.467,0.964,0.496,-0.716,-0.015,0.730,-0.396,0.139,1.872,1.889,1.372,0.995
0.405,0.869,0.464,-0.637,-0.030,0.667,-0.400,-0.041,1.656,1.699,1.244,0.893
0.340,0.755,0.415,-0.548,-0.038,0.585,-0.395,-0.200,1.320,1.405,1.050,0.755
0.256,0.534,0.279,-0.395,-0.012,0.406,-0.399,-0.394,0.854,1.006,0.780,0.567
0.180,0.352,0.172,-0.266,0.004,0.261,-0.358,-0.513,0.368,0.591,0.513,0.395
0.092,0.190,0.098,-0.141,-0.004,0.144,-0.295,-0.522,-0.088,0.193,0.271,0.247
0.019,0.030,0.012,-0.025,0.003,0.021,-0.241,-0.452,-0.423,-0.116,0.072,0.114
-0.005,-0.085,-0.080,0.045,0.038,-0.082,-0.185,-0.330,-0.530,-0.240,-0.050,0.015
-0.046,-0.201,-0.155,0.123,0.055,-0.177,-0.129,-0.183,-0.470,-0.228,-0.110,-0.042
-0.002,-0.277,-0.276,0.140,0.137,-0.276,-0.071,-0.065,-0.374,-0.208,-0.149,-0.098
0.022,-0.333,-0.356,0.155,0.190,-0.344,-0.009,0.051,-0.305,-0.200,-0.178,-0.145
-0.001,-0.360,-0.359,0.180,0.179,-0.359,0.039,0.155,-0.251,-0.187,-0.183,-0.160
0.025,-0.330,-0.355,0.153,0.190,-0.342,0.055,0.195,-0.195,-0.175,-0.165,-0.150
0.045,-0.309,-0.354,0.132,0.200,-0.331,0.059,0.198,-0.163,-0.152,-0.152,-0.142
0.033,-0.293,-0.326,0.130,0.180,-0.309,0.063,0.217,-0.129,-0.125,-0.141,-0.134
0.007,-0.279,-0.286,0.136,0.147,-0.282,0.067,0.221,-0.110,-0.111,-0.128,-0.126
-0.006,-0.267,-0.261,0.137,0.128,-0.264,0.070,0.201,-0.110,-0.110,-0.118,-0.118
0.000,-0.255,-0.255,0.128,0.128,-0.255,0.070,0.185,-0.110,-0.110,-0.115,-0.110
0.008,-0.243,-0.251,0.118,0.129,-0.247,0.066,0.154,-0.110,-0.106,-0.115,-0.102
0.017,-0.231,-0.247,0.107,0.132,-0.239,0.062,0.122,-0.107,-0.104,-0.115,-0.096
0.021,-0.220,-0.241,0.100,0.131,-0.231,0.058,0.101,-0.104,-0.106,-0.115,-0.095
0.020,-0.213,-0.234,0.097,0.127,-0.223,0.054,0.086,-0.105,-0.104,-0.114,-0.094
0.025,-0.205,-0.230,0.090,0.128,-0.217,0.050,0.070,-0.105,-0.100,-0.110,-0.090
0.034,-0.192,-0.226,0.080,0.130,-0.209,0.046,0.054,-0.101,-0.100,-0.110,-0.090
0.034,-0.186,-0.219,0.076,0.127,-0.202,0.045,0.040,-0.099,-0.101,-0.110,-0.091
0.040,-0.170,-0.210,0.065,0.125,-0.190,0.043,0.031,-0.101,-0.098,-0.110,-0.088
0.024,-0.180,-0.204,0.078,0.114,-0.191,0.040,0.023,-0.099,-0.095,-0.109,-0.085
-0.030,-0.230,-0.200,0.130,0.085,-0.215,0.040,0.015,-0.095,-0.095,-0.105,-0.085
-0.032,-0.225,-0.192,0.128,0.080,-0.209,0.036,0.007,-0.095,-0.095,-0.105,-0.081
-0.032,-0.215,-0.183,0.123,0.076,-0.199,0.035,-0.001,-0.096,-0.092,-0.105,-0.079
-0.036,-0.214,-0.178,0.125,0.071,-0.196,0.033,-0.009,-0.093,-0.089,-0.105,-0.081
-0.035,-0.208,-0.173,0.122,0.069,-0.190,0.030,-0.016,-0.090,-0.090,-0.105,-0.079
-0.025,-0.200,-0.175,0.113,0.075,-0.187,0.030,-0.020,-0.090,-0.090,-0.105,-0.075
0.005,-0.196,-0.201,0.096,0.103,-0.198,0.026,-0.024,-0.090,-0.086,-0.101,-0.075
0.010,-0.192,-0.202,0.092,0.106,-0.197,0.024,-0.025,-0.087,-0.085,-0.100,-0.072
0.003,-0.188,-0.191,0.093,0.098,-0.189,0.026,-0.025,-0.084,-0.083,-0.100,-0.069
0.006,-0.184,-0.190,0.089,0.098,-0.186,0.024,-0.025,-0.085,-0.079,-0.100,-0.070
0.005,-0.180,-0.185,0.088,0.095,-0.182,0.020,-0.025,-0.085,-0.080,-0.100,-0.070
0.001,-0.176,-0.177,0.088,0.089,-0.176,0.020,-0.029,-0.081,-0.081,-0.096,-0.066
0.000,-0.172,-0.172,0.086,0.086,-0.172,0.017,-0.030,-0.076,-0.077,-0.095,-0.065
0.000,-0.168,-0.168,0.084,0.084,-0.168,0.015,-0.032,-0.075,-0.075,-0.095,-0.064
0.000,-0.164,-0.164,0.082,0.082,-0.164,0.014,-0.036,-0.074,-0.074,-0.095,-0.067
0.010,-0.160,-0.170,0.075,0.090,-0.165,0.010,-0.035,-0.070,-0.070,-0.095,-0.075
0.035,-0.169,-0.204,0.067,0.120,-0.186,0.010,-0.031,-0.070,-0.070,-0.095,-0.071
0.009,-0.199,-0.208,0.095,0.108,-0.203,0.007,-0.030,-0.068,-0.071,-0.092,-0.069
-0.014,-0.210,-0.196,0.112,0.091,-0.203,0.005,-0.028,-0.062,-0.068,-0.088,-0.071
-0.002,-0.197,-0.195,0.100,0.096,-0.195,0.004,-0.024,-0.060,-0.064,-0.084,-0.069
0.000,-0.190,-0.190,0.095,0.095,-0.190,0.005,-0.025,-0.060,-0.060,-0.080,-0.065
-0.005,-0.186,-0.182,0.095,0.089,-0.184,0.022,-0.025,-0.056,-0.056,-0.076,-0.065
-0.003,-0.180,-0.177,0.091,0.088,-0.178,0.024,-0.022,-0.056,-0.052,-0.071,-0.066
0.002,-0.170,-0.172,0.085,0.088,-0.171,0.019,-0.019,-0.052,-0.048,-0.070,-0.063
0.007,-0.164,-0.170,0.079,0.089,-0.167,0.020,-0.020,-0.043,-0.045,-0.069,-0.060
0.015,-0.160,-0.175,0.073,0.095,-0.167,0.020,-0.020,-0.040,-0.045,-0.065,-0.060
0.024,-0.152,-0.175,0.065,0.099,-0.163,0.020,-0.016,-0.036,-0.041,-0.065,-0.060
0.028,-0.147,-0.174,0.060,0.101,-0.160,0.021,-0.014,-0.032,-0.037,-0.062,-0.057
0.034,-0.143,-0.177,0.054,0.106,-0.160,0.018,-0.016,-0.028,-0.033,-0.060,-0.054
0.049,-0.131,-0.180,0.041,0.115,-0.155,0.015,-0.014,-0.024,-0.030,-0.059,-0.055
0.050,-0.130,-0.180,0.040,0.115,-0.155,0.015,-0.010,-0.020,-0.030,-0.055,-0.055
0.007,-0.172,-0.180,0.083,0.093,-0.176,0.015,-0.010,-0.016,-0.026,-0.055,-0.051
0.004,-0.179,-0.183,0.087,0.094,-0.180,0.015,-0.010,-0.012,-0.021,-0.052,-0.049
0.020,-0.166,-0.186,0.074,0.103,-0.175,0.015,-0.008,-0.008,-0.020,-0.050,-0.051
0.020,-0.165,-0.185,0.073,0.103,-0.175,0.015,-0.004,-0.004,-0.019,-0.049,-0.049
0.025,-0.160,-0.185,0.068,0.105,-0.172,0.015,0.000,0.000,-0.015,-0.045,-0.045
0.034,-0.152,-0.185,0.059,0.110,-0.168,0.011,0.000,0.004,-0.010,-0.045,-0.045
0.034,-0.147,-0.182,0.057,0.108,-0.164,0.010,0.002,0.007,-0.011,-0.042,-0.046
0.039,-0.141,-0.180,0.051,0.110,-0.160,0.010,0.008,0.014,-0.007,-0.040,-0.043
0.036,-0.143,-0.179,0.054,0.108,-0.161,0.010,0.010,0.021,0.002,-0.039,-0.040
0.015,-0.160,-0.175,0.073,0.095,-0.167,0.010,0.010,0.025,0.005,-0.035,-0.040
0.019,-0.157,-0.175,0.070,0.097,-0.166,0.010,0.018,0.028,0.009,-0.036,-0.040
0.017,-0.155,-0.172,0.069,0.095,-0.163,0.007,0.027,0.036,0.013,-0.029,-0.041
0.016,-0.153,-0.170,0.068,0.093,-0.161,0.004,0.032,0.042,0.017,-0.022,-0.037
0.020,-0.150,-0.169,0.065,0.095,-0.160,0.005,0.037,0.047,0.022,-0.019,-0.028
0.015,-0.150,-0.165,0.068,0.090,-0.157,0.005,0.045,0.050,0.025,-0.015,-0.025
0.015,-0.146,-0.161,0.065,0.088,-0.153,0.005,0.053,0.044,0.019,-0.007,-0.021
0.012,-0.145,-0.157,0.067,0.085,-0.151,0.005,0.059,0.059,0.035,-0.002,-0.017
0.010,-0.143,-0.153,0.067,0.081,-0.148,0.006,0.058,0.078,0.046,0.002,-0.013
0.010,-0.140,-0.150,0.065,0.080,-0.145,0.003,0.054,0.087,0.039,0.005,-0.009
0.005,-0.140,-0.145,0.068,0.075,-0.142,-0.005,0.055,0.095,0.040,0.005,-0.005
0.001,-0.136,-0.137,0.067,0.070,-0.136,-0.009,0.055,0.099,0.041,0.005,-0.001
0.030,-0.135,-0.165,0.052,0.098,-0.150,-0.016,0.053,0.104,0.037,0.005,0.000
0.048,-0.133,-0.181,0.042,0.115,-0.157,-0.022,0.062,0.104,0.049,0.004,0.002
0.037,-0.130,-0.167,0.046,0.102,-0.148,-0.027,0.078,0.107,0.068,0.007,0.005
0.030,-0.130,-0.160,0.050,0.095,-0.145,-0.035,0.080,0.120,0.070,0.020,0.005
0.031,-0.125,-0.156,0.048,0.094,-0.141,-0.039,0.083,0.129,0.074,0.028,0.009
0.023,-0.126,-0.149,0.052,0.087,-0.138,-0.043,0.097,0.136,0.081,0.036,0.010
0.022,-0.118,-0.141,0.049,0.082,-0.129,-0.045,0.125,0.161,0.104,0.044,0.013
0.032,-0.101,-0.134,0.035,0.083,-0.118,-0.045,0.141,0.189,0.129,0.052,0.022
0.040,-0.090,-0.130,0.025,0.085,-0.110,-0.045,0.140,0.195,0.135,0.060,0.030
0.052,-0.074,-0.126,0.011,0.089,-0.100,-0.045,0.160,0.211,0.147,0.069,0.038
0.061,-0.061,-0.121,0.000,0.092,-0.090,-0.045,0.170,0.222,0.157,0.072,0.046
0.071,-0.049,-0.120,-0.011,0.096,-0.084,-0.045,0.170,0.229,0.162,0.080,0.054
0.082,-0.037,-0.119,-0.022,0.101,-0.078,-0.045,0.178,0.245,0.167,0.093,0.061
0.090,-0.025,-0.115,-0.032,0.103,-0.070,-0.045,0.190,0.265,0.180,0.100,0.065
0.103,-0.012,-0.115,-0.045,0.109,-0.063,-0.045,0.193,0.272,0.192,0.103,0.068
0.106,-0.006,-0.113,-0.050,0.109,-0.059,-0.045,0.211,0.292,0.209,0.116,0.078
0.121,0.014,-0.107,-0.067,0.114,-0.047,-0.045,0.236,0.316,0.232,0.135,0.094
0.153,0.048,-0.105,-0.100,0.129,-0.028,-0.045,0.254,0.335,0.255,0.156,0.116
0.180,0.075,-0.105,-0.127,0.142,-0.015,-0.045,0.275,0.360,0.275,0.180,0.135
0.202,0.101,-0.101,-0.152,0.151,0.000,-0.045,0.297,0.386,0.297,0.198,0.140
0.204,0.104,-0.100,-0.154,0.152,0.002,-0.045,0.299,0.392,0.302,0.198,0.142
0.196,0.097,-0.099,-0.146,0.147,-0.001,-0.045,0.294,0.388,0.298,0.193,0.148
0.188,0.094,-0.094,-0.141,0.140,0.000,-0.045,0.296,0.393,0.302,0.197,0.150
0.180,0.090,-0.090,-0.135,0.135,0.000,-0.045,0.295,0.410,0.315,0.210,0.150
0.176,0.090,-0.086,-0.132,0.131,0.001,-0.045,0.292,0.422,0.327,0.223,0.157
0.175,0.093,-0.082,-0.133,0.128,0.005,-0.045,0.313,0.437,0.342,0.230,0.168
0.192,0.114,-0.078,-0.153,0.135,0.019,-0.045,0.330,0.452,0.358,0.245,0.183
0.213,0.138,-0.075,-0.175,0.143,0.031,-0.045,0.330,0.461,0.374,0.263,0.198
0.205,0.135,-0.070,-0.170,0.137,0.032,-0.045,0.335,0.465,0.385,0.270,0.205
0.189,0.135,-0.054,-0.161,0.121,0.040,-0.045,0.339,0.473,0.390,0.275,0.209
0.211,0.135,-0.076,-0.173,0.143,0.029,-0.045,0.343,0.478,0.392,0.273,0.212
0.227,0.135,-0.092,-0.181,0.159,0.021,-0.044,0.347,0.484,0.401,0.282,0.219
0.219,0.135,-0.084,-0.177,0.151,0.026,-0.046,0.351,0.492,0.412,0.298,0.227
0.230,0.145,-0.085,-0.187,0.157,0.030,-0.050,0.350,0.495,0.415,0.300,0.230
0.256,0.171,-0.085,-0.213,0.170,0.043,-0.046,0.346,0.497,0.419,0.303,0.233
0.259,0.174,-0.085,-0.216,0.172,0.044,-0.044,0.344,0.514,0.426,0.314,0.244
0.254,0.168,-0.085,-0.211,0.170,0.041,-0.046,0.346,0.519,0.433,0.323,0.255
0.255,0.171,-0.084,-0.212,0.170,0.043,-0.044,0.344,0.507,0.435,0.326,0.262
0.250,0.170,-0.080,-0.210,0.165,0.045,-0.040,0.340,0.500,0.430,0.330,0.265
0.246,0.166,-0.080,-0.206,0.163,0.043,-0.040,0.340,0.492,0.426,0.322,0.261
0.276,0.196,-0.080,-0.236,0.178,0.058,-0.040,0.341,0.484,0.422,0.316,0.257
0.288,0.208,-0.080,-0.248,0.184,0.064,-0.040,0.335,0.475,0.418,0.313,0.253
0.264,0.185,-0.080,-0.225,0.172,0.052,-0.039,0.322,0.469,0.414,0.309,0.249
0.250,0.170,-0.080,-0.210,0.165,0.045,-0.035,0.310,0.465,0.410,0.305,0.245
0.239,0.155,-0.084,-0.197,0.162,0.035,-0.035,0.298,0.450,0.407,0.301,0.241
0.221,0.136,-0.086,-0.178,0.153,0.025,-0.036,0.290,0.433,0.396,0.298,0.238
0.231,0.147,-0.084,-0.188,0.157,0.031,-0.033,0.278,0.417,0.385,0.288,0.230
0.251,0.165,-0.086,-0.208,0.168,0.040,-0.030,0.261,0.401,0.370,0.272,0.217
0.235,0.145,-0.090,-0.190,0.162,0.027,-0.030,0.245,0.385,0.345,0.260,0.205
0.219,0.129,-0.090,-0.174,0.154,0.019,-0.030,0.229,0.358,0.321,0.244,0.197
0.203,0.113,-0.090,-0.158,0.146,0.011,-0.031,0.216,0.328,0.299,0.231,0.187
0.188,0.099,-0.090,-0.143,0.139,0.004,-0.027,0.204,0.302,0.283,0.218,0.173
0.168,0.086,-0.082,-0.127,0.125,0.002,-0.018,0.192,0.280,0.264,0.201,0.163
0.150,0.070,-0.080,-0.110,0.115,-0.005,-0.010,0.180,0.260,0.235,0.185,0.155
0.173,0.055,-0.118,-0.113,0.145,-0.031,-0.006,0.167,0.232,0.210,0.169,0.139
0.157,0.031,-0.126,-0.094,0.141,-0.047,0.001,0.160,0.207,0.190,0.153,0.125
0.116,-0.002,-0.118,-0.057,0.117,-0.060,0.009,0.148,0.182,0.170,0.137,0.114
0.099,-0.021,-0.120,-0.039,0.110,-0.070,0.017,0.131,0.160,0.151,0.121,0.102
0.100,-0.015,-0.115,-0.042,0.108,-0.065,0.020,0.115,0.140,0.135,0.105,0.090
0.081,-0.030,-0.111,-0.025,0.097,-0.071,0.016,0.099,0.105,0.119,0.089,0.078
0.092,-0.048,-0.140,-0.022,0.117,-0.094,0.015,0.083,0.069,0.103,0.073,0.065
0.096,-0.063,-0.159,-0.016,0.128,-0.111,0.015,0.067,0.045,0.087,0.057,0.056
0.068,-0.079,-0.146,0.006,0.107,-0.112,0.015,0.051,0.032,0.071,0.042,0.047
0.055,-0.090,-0.145,0.018,0.100,-0.117,0.015,0.035,0.020,0.055,0.030,0.035
0.078,-0.096,-0.174,0.009,0.126,-0.135,0.011,0.022,0.004,0.043,0.018,0.023
0.063,-0.123,-0.186,0.030,0.125,-0.155,0.010,0.014,-0.009,0.031,0.009,0.013
0.050,-0.135,-0.185,0.043,0.117,-0.160,0.010,0.004,-0.023,0.019,-0.001,0.008
0.071,-0.114,-0.185,0.022,0.128,-0.149,0.010,-0.007,-0.038,0.007,-0.012,0.004
0.080,-0.105,-0.185,0.013,0.133,-0.145,0.010,-0.015,-0.050,-0.005,-0.020,0.000
0.051,-0.138,-0.189,0.044,0.121,-0.163,0.010,-0.027,-0.062,-0.013,-0.032,-0.004
0.045,-0.146,-0.190,0.050,0.118,-0.168,0.007,-0.037,-0.075,-0.024,-0.043,-0.008
0.052,-0.138,-0.190,0.043,0.121,-0.164,0.004,-0.042,-0.082,-0.034,-0.044,-0.012
0.048,-0.141,-0.189,0.046,0.119,-0.165,0.005,-0.046,-0.079,-0.043,-0.038,-0.016
0.045,-0.140,-0.185,0.048,0.115,-0.162,0.005,-0.050,-0.080,-0.055,-0.040,-0.020
0.048,-0.137,-0.185,0.045,0.116,-0.160,0.005,-0.054,-0.100,-0.064,-0.061,-0.032
0.021,-0.164,-0.186,0.072,0.104,-0.175,0.004,-0.055,-0.111,-0.066,-0.067,-0.039
-0.002,-0.185,-0.183,0.094,0.090,-0.184,0.009,-0.057,-0.109,-0.064,-0.064,-0.041
0.003,-0.177,-0.180,0.087,0.091,-0.179,0.016,-0.060,-0.112,-0.067,-0.066,-0.039
0.000,-0.180,-0.180,0.090,0.090,-0.180,0.020,-0.060,-0.125,-0.080,-0.070,-0.040
-0.037,-0.214,-0.177,0.125,0.070,-0.196,0.028,-0.064,-0.130,-0.098,-0.074,-0.061
-0.021,-0.220,-0.199,0.121,0.089,-0.209,0.034,-0.065,-0.130,-0.098,-0.075,-0.064
-0.002,-0.213,-0.211,0.108,0.105,-0.212,0.033,-0.065,-0.130,-0.094,-0.075,-0.059
-0.011,-0.215,-0.204,0.114,0.097,-0.210,0.029,-0.065,-0.130,-0.095,-0.075,-0.060
-0.010,-0.215,-0.205,0.113,0.098,-0.210,0.030,-0.065,-0.130,-0.095,-0.075,-0.060
-0.014,-0.215,-0.201,0.115,0.094,-0.208,0.030,-0.065,-0.126,-0.091,-0.075,-0.060
-0.013,-0.212,-0.199,0.112,0.094,-0.205,0.027,-0.065,-0.125,-0.090,-0.075,-0.060
-0.009,-0.209,-0.201,0.109,0.096,-0.205,0.024,-0.065,-0.125,-0.090,-0.075,-0.060
-0.011,-0.210,-0.199,0.111,0.094,-0.205,0.025,-0.065,-0.125,-0.090,-0.075,-0.060
-0.015,-0.210,-0.195,0.113,0.090,-0.202,0.025,-0.065,-0.125,-0.090,-0.075,-0.060
-0.015,-0.210,-0.195,0.113,0.090,-0.202,0.021,-0.065,-0.125,-0.086,-0.075,-0.056
-0.019,-0.211,-0.192,0.115,0.087,-0.201,0.019,-0.065,-0.125,-0.085,-0.076,-0.055
-0.019,-0.208,-0.189,0.113,0.086,-0.199,0.021,-0.065,-0.125,-0.085,-0.073,-0.055
-0.014,-0.205,-0.190,0.110,0.088,-0.197,0.019,-0.066,-0.125,-0.085,-0.070,-0.055
-0.015,-0.205,-0.190,0.110,0.088,-0.197,0.015,-0.070,-0.125,-0.085,-0.070,-0.055
-0.015,-0.205,-0.190,0.110,0.088,-0.197,0.015,-0.070,-0.125,-0.081,-0.070,-0.055
-0.015,-0.205,-0.190,0.110,0.088,-0.197,0.016,-0.070,-0.125,-0.079,-0.071,-0.055
-0.015,-0.205,-0.190,0.110,0.088,-0.197,0.013,-0.070,-0.125,-0.081,-0.068,-0.055
-0.014,-0.204,-0.190,0.109,0.088,-0.197,0.010,-0.070,-0.124,-0.079,-0.065,-0.054
-0.010,-0.200,-0.190,0.105,0.090,-0.195,0.010,-0.070,-0.120,-0.075,-0.065,-0.050
-0.006,-0.196,-0.190,0.101,0.092,-0.193,0.010,-0.070,-0.120,-0.075,-0.065,-0.050
-0.002,-0.192,-0.190,0.097,0.094,-0.191,0.007,-0.070,-0.120,-0.075,-0.066,-0.050
0.002,-0.188,-0.190,0.093,0.096,-0.189,0.004,-0.070,-0.120,-0.075,-0.063,-0.050
0.006,-0.184,-0.190,0.089,0.098,-0.187,0.005,-0.070,-0.120,-0.074,-0.060,-0.050
0.010,-0.180,-0.190,0.085,0.100,-0.185,0.005,-0.070,-0.120,-0.070,-0.060,-0.050
0.013,-0.177,-0.190,0.082,0.101,-0.184,0.001,-0.070,-0.120,-0.070,-0.060,-0.050
-0.006,-0.196,-0.190,0.101,0.092,-0.193,0.000,-0.071,-0.120,-0.070,-0.060,-0.050
-0.015,-0.205,-0.190,0.110,0.088,-0.197,0.000,-0.068,-0.120,-0.070,-0.060,-0.050
-0.002,-0.192,-0.190,0.097,0.095,-0.191,0.000,-0.065,-0.120,-0.069,-0.059,-0.050
0.005,-0.185,-0.190,0.090,0.098,-0.187,0.000,-0.065,-0.120,-0.065,-0.055,-0.050
0.009,-0.181,-0.190,0.086,0.099,-0.186,-0.007,-0.065,-0.120,-0.065,-0.055,-0.050
0.017,-0.174,-0.191,0.079,0.104,-0.182,-0.018,-0.065,-0.121,-0.065,-0.055,-0.050
0.020,-0.167,-0.188,0.073,0.104,-0.177,-0.019,-0.065,-0.118,-0.065,-0.055,-0.050
0.021,-0.156,-0.177,0.068,0.099,-0.166,-0.014,-0.064,-0.115,-0.065,-0.054,-0.050
0.020,-0.155,-0.175,0.068,0.098,-0.165,-0.015,-0.060,-0.115,-0.065,-0.050,-0.050
0.003,-0.206,-0.209,0.102,0.106,-0.207,-0.015,-0.060,-0.115,-0.065,-0.050,-0.050
0.001,-0.214,-0.215,0.107,0.109,-0.214,-0.015,-0.060,-0.115,-0.066,-0.050,-0.050
0.008,-0.201,-0.209,0.096,0.109,-0.204,-0.015,-0.060,-0.115,-0.063,-0.050,-0.050
0.010,-0.200,-0.210,0.095,0.110,-0.205,-0.014,-0.060,-0.115,-0.060,-0.050,-0.050
0.010,-0.195,-0.205,0.093,0.108,-0.200,-0.010,-0.060,-0.115,-0.060,-0.050,-0.050
0.014,-0.191,-0.205,0.089,0.109,-0.197,-0.010,-0.060,-0.115,-0.060,-0.054,-0.050
0.018,-0.187,-0.206,0.085,0.112,-0.196,-0.010,-0.057,-0.112,-0.060,-0.058,-0.050
0.021,-0.182,-0.203,0.081,0.112,-0.193,-0.010,-0.054,-0.109,-0.060,-0.062,-0.050
0.019,-0.181,-0.200,0.081,0.109,-0.190,-0.010,-0.055,-0.110,-0.060,-0.065,-0.050
0.015,-0.185,-0.200,0.085,0.108,-0.192,-0.010,-0.055,-0.110,-0.060,-0.065,-0.050
0.010,-0.186,-0.196,0.089,0.103,-0.191,-0.009,-0.055,-0.110,-0.060,-0.065,-0.050
-0.018,-0.213,-0.194,0.116,0.088,-0.203,-0.014,-0.056,-0.110,-0.063,-0.065,-0.047
-0.030,-0.226,-0.195,0.128,0.083,-0.211,0.006,-0.053,-0.110,-0.066,-0.065,-0.044
-0.018,-0.212,-0.194,0.115,0.089,-0.203,0.033,-0.050,-0.110,-0.065,-0.065,-0.045
-0.015,-0.205,-0.190,0.110,0.088,-0.197,0.025,-0.050,-0.110,-0.065,-0.065,-0.045
-0.015,-0.201,-0.186,0.109,0.086,-0.193,0.025,-0.050,-0.106,-0.065,-0.065,-0.045
-0.013,-0.194,-0.181,0.104,0.084,-0.188,0.022,-0.050,-0.105,-0.065,-0.065,-0.045
-0.006,-0.186,-0.180,0.096,0.087,-0.183,0.020,-0.050,-0.105,-0.065,-0.065,-0.045
0.001,-0.178,-0.179,0.089,0.090,-0.179,0.019,-0.050,-0.105,-0.066,-0.066,-0.045
0.000,-0.175,-0.175,0.088,0.088,-0.175,0.015,-0.050,-0.105,-0.070,-0.070,-0.045
-0.009,-0.179,-0.171,0.094,0.081,-0.175,0.015,-0.054,-0.105,-0.070,-0.070,-0.045
-0.010,-0.180,-0.170,0.095,0.080,-0.175,0.012,-0.055,-0.105,-0.070,-0.070,-0.045
-0.011,-0.180,-0.169,0.096,0.079,-0.174,0.010,-0.055,-0.105,-0.070,-0.070,-0.045
-0.016,-0.180,-0.164,0.099,0.074,-0.171,0.009,-0.055,-0.105,-0.070,-0.070,-0.045
-0.020,-0.180,-0.160,0.100,0.070,-0.170,0.005,-0.055,-0.105,-0.070,-0.070,-0.045
-0.021,-0.180,-0.159,0.101,0.069,-0.169,0.005,-0.055,-0.109,-0.070,-0.070,-0.045
-0.010,-0.180,-0.170,0.096,0.080,-0.174,0.002,-0.055,-0.110,-0.073,-0.070,-0.045
-0.004,-0.180,-0.176,0.093,0.086,-0.177,0.000,-0.056,-0.112,-0.076,-0.070,-0.044
-0.013,-0.180,-0.167,0.096,0.077,-0.174,-0.001,-0.054,-0.115,-0.075,-0.070,-0.046
-0.010,-0.180,-0.170,0.095,0.080,-0.175,-0.005,-0.055,-0.115,-0.075,-0.070,-0.055
0.028,-0.180,-0.208,0.076,0.118,-0.194,-0.005,-0.080,-0.119,-0.075,-0.074,-0.059
0.036,-0.180,-0.216,0.072,0.126,-0.198,-0.008,-0.091,-0.120,-0.075,-0.076,-0.063
0.028,-0.180,-0.208,0.076,0.118,-0.194,-0.011,-0.090,-0.122,-0.075,-0.074,-0.065
0.030,-0.180,-0.210,0.075,0.120,-0.195,-0.009,-0.090,-0.126,-0.076,-0.076,-0.065
0.030,-0.180,-0.210,0.075,0.120,-0.195,-0.005,-0.090,-0.125,-0.080,-0.080,-0.065
0.030,-0.180,-0.210,0.075,0.120,-0.195,-0.005,-0.090,-0.125,-0.080,-0.080,-0.065
0.029,-0.181,-0.210,0.076,0.120,-0.195,-0.005,-0.090,-0.128,-0.083,-0.079,-0.065
0.032,-0.178,-0.210,0.073,0.121,-0.194,-0.005,-0.090,-0.131,-0.085,-0.082,-0.065
0.035,-0.175,-0.210,0.070,0.123,-0.192,-0.005,-0.091,-0.130,-0.086,-0.085,-0.066
0.035,-0.175,-0.210,0.070,0.123,-0.192,-0.005,-0.095,-0.130,-0.090,-0.085,-0.070
0.039,-0.171,-0.210,0.066,0.125,-0.190,-0.005,-0.095,-0.130,-0.090,-0.085,-0.074
0.010,-0.200,-0.210,0.095,0.110,-0.205,-0.005,-0.095,-0.128,-0.093,-0.088,-0.079
-0.008,-0.217,-0.210,0.112,0.101,-0.213,-0.005,-0.095,-0.137,-0.096,-0.091,-0.080
0.002,-0.209,-0.210,0.104,0.106,-0.209,-0.005,-0.095,-0.153,-0.095,-0.090,-0.081
0.000,-0.210,-0.210,0.105,0.105,-0.210,-0.005,-0.095,-0.155,-0.095,-0.090,-0.085
-0.004,-0.210,-0.206,0.108,0.101,-0.208,-0.005,-0.095,-0.155,-0.095,-0.094,-0.085
-0.005,-0.210,-0.205,0.108,0.100,-0.207,-0.005,-0.098,-0.155,-0.095,-0.095,-0.085
-0.005,-0.210,-0.205,0.108,0.100,-0.207,-0.005,-0.101,-0.155,-0.095,-0.097,-0.085
-0.005,-0.210,-0.205,0.108,0.100,-0.207,-0.005,-0.100,-0.155,-0.095,-0.100,-0.085
-0.005,-0.210,-0.205,0.108,0.100,-0.207,-0.005,-0.100,-0.155,-0.095,-0.100,-0.085
-0.005,-0.210,-0.205,0.108,0.100,-0.207,-0.005,-0.100,-0.155,-0.099,-0.104,-0.085
-0.002,-0.207,-0.205,0.105,0.102,-0.206,-0.005,-0.100,-0.155,-0.100,-0.105,-0.085
0.001,-0.204,-0.205,0.102,0.103,-0.205,-0.005,-0.100,-0.155,-0.100,-0.105,-0.085
0.000,-0.205,-0.205,0.103,0.103,-0.205,-0.005,-0.099,-0.155,-0.100,-0.105,-0.085
0.000,-0.205,-0.205,0.103,0.103,-0.205,-0.005,-0.095,-0.155,-0.100,-0.105,-0.085
0.000,-0.205,-0.205,0.103,0.103,-0.205,-0.005,-0.095,-0.155,-0.100,-0.105,-0.085
0.000,-0.205,-0.205,0.103,0.103,-0.205,-0.005,-0.096,-0.158,-0.100,-0.105,-0.084
0.000,-0.205,-0.205,0.103,0.103,-0.205,-0.005,-0.093,-0.161,-0.100,-0.105,-0.087
-0.001,-0.205,-0.204,0.103,0.102,-0.205,-0.005,-0.090,-0.160,-0.099,-0.105,-0.090
-0.005,-0.205,-0.200,0.105,0.098,-0.202,-0.005,-0.090,-0.160,-0.095,-0.105,-0.090
-0.005,-0.201,-0.196,0.103,0.096,-0.198,-0.005,-0.090,-0.164,-0.095,-0.105,-0.090
-0.007,-0.200,-0.192,0.104,0.092,-0.196,-0.008,-0.087,-0.165,-0.095,-0.105,-0.090
-0.013,-0.200,-0.188,0.107,0.088,-0.194,-0.011,-0.084,-0.165,-0.095,-0.105,-0.090
-0.015,-0.200,-0.185,0.108,0.085,-0.192,-0.010,-0.085,-0.164,-0.095,-0.105,-0.090
-0.020,-0.200,-0.180,0.110,0.080,-0.190,-0.010,-0.085,-0.155,-0.095,-0.105,-0.090
-0.030,-0.200,-0.170,0.115,0.070,-0.185,-0.010,-0.084,-0.148,-0.095,-0.105,-0.090
0.013,-0.200,-0.213,0.094,0.113,-0.206,-0.010,-0.091,-0.165,-0.096,-0.105,-0.090
0.038,-0.201,-0.238,0.082,0.138,-0.219,-0.010,-0.095,-0.180,-0.093,-0.105,-0.090
0.023,-0.199,-0.222,0.088,0.123,-0.210,-0.010,-0.088,-0.180,-0.090,-0.105,-0.090
0.020,-0.200,-0.220,0.090,0.120,-0.210,-0.010,-0.090,-0.180,-0.090,-0.105,-0.090
-0.005,-0.221,-0.217,0.113,0.106,-0.219,-0.014,-0.116,-0.180,-0.090,-0.105,-0.090
-0.015,-0.224,-0.209,0.120,0.097,-0.216,-0.015,-0.119,-0.180,-0.090,-0.105,-0.087
-0.017,-0.219,-0.202,0.118,0.092,-0.210,-0.015,-0.113,-0.180,-0.090,-0.105,-0.084
-0.020,-0.220,-0.200,0.120,0.090,-0.210,-0.015,-0.116,-0.180,-0.090,-0.105,-0.085
-0.025,-0.220,-0.195,0.123,0.085,-0.207,-0.015,-0.115,-0.180,-0.090,-0.105,-0.085
-0.046,-0.220,-0.174,0.134,0.064,-0.197,-0.015,-0.111,-0.180,-0.088,-0.105,-0.085
-0.018,-0.217,-0.199,0.118,0.091,-0.208,-0.015,-0.110,-0.180,-0.103,-0.105,-0.085
0.002,-0.214,-0.216,0.107,0.109,-0.215,-0.015,-0.110,-0.180,-0.110,-0.106,-0.086
-0.021,-0.215,-0.194,0.118,0.087,-0.204,-0.014,-0.110,-0.180,-0.104,-0.104,-0.083
-0.025,-0.215,-0.190,0.120,0.083,-0.202,-0.010,-0.110,-0.180,-0.105,-0.105,-0.080
0.013,-0.215,-0.228,0.101,0.121,-0.221,-0.010,-0.106,-0.180,-0.105,-0.131,-0.105
0.020,-0.216,-0.236,0.098,0.128,-0.225,-0.007,-0.105,-0.183,-0.105,-0.132,-0.110
0.015,-0.213,-0.229,0.099,0.122,-0.220,-0.004,-0.105,-0.186,-0.105,-0.121,-0.102
0.020,-0.210,-0.230,0.095,0.125,-0.220,-0.005,-0.105,-0.185,-0.105,-0.119,-0.099
0.015,-0.210,-0.225,0.098,0.120,-0.217,-0.005,-0.105,-0.185,-0.105,-0.115,-0.095
0.015,-0.210,-0.225,0.098,0.120,-0.217,-0.001,-0.101,-0.185,-0.105,-0.111,-0.095
0.016,-0.210,-0.226,0.098,0.121,-0.217,0.001,-0.099,-0.185,-0.105,-0.107,-0.093
0.013,-0.211,-0.223,0.099,0.118,-0.216,-0.001,-0.101,-0.185,-0.105,-0.102,-0.087
0.011,-0.209,-0.220,0.099,0.115,-0.214,0.001,-0.099,-0.185,-0.105,-0.100,-0.085
0.020,-0.200,-0.220,0.090,0.120,-0.210,0.005,-0.095,-0.185,-0.105,-0.105,-0.085
0.028,-0.192,-0.220,0.082,0.125,-0.206,0.005,-0.095,-0.185,-0.105,-0.105,-0.081
0.001,-0.216,-0.217,0.108,0.109,-0.216,0.004,-0.095,-0.185,-0.105,-0.105,-0.076
-0.019,-0.234,-0.214,0.127,0.097,-0.224,0.007,-0.095,-0.185,-0.105,-0.105,-0.075
-0.014,-0.229,-0.215,0.122,0.101,-0.222,0.010,-0.094,-0.185,-0.105,-0.105,-0.074
-0.015,-0.230,-0.215,0.123,0.100,-0.222,0.010,-0.090,-0.185,-0.105,-0.105,-0.070
-0.019,-0.230,-0.211,0.125,0.096,-0.220,0.013,-0.090,-0.181,-0.105,-0.105,-0.070
-0.020,-0.230,-0.210,0.125,0.095,-0.220,-0.015,-0.090,-0.180,-0.105,-0.103,-0.067
-0.021,-0.231,-0.210,0.126,0.094,-0.220,-0.033,-0.090,-0.180,-0.106,-0.097,-0.063
-0.018,-0.229,-0.211,0.123,0.097,-0.220,-0.023,-0.090,-0.180,-0.104,-0.096,-0.068
-0.005,-0.230,-0.225,0.118,0.110,-0.227,-0.020,-0.100,-0.180,-0.105,-0.110,-0.085
0.000,-0.256,-0.256,0.128,0.128,-0.256,-0.020,-0.130,-0.180,-0.126,-0.128,-0.103
-0.003,-0.259,-0.257,0.131,0.127,-0.258,-0.017,-0.135,-0.180,-0.129,-0.128,-0.103
-0.007,-0.254,-0.247,0.131,0.121,-0.250,-0.013,-0.128,-0.180,-0.124,-0.124,-0.099
-0.011,-0.254,-0.243,0.133,0.117,-0.249,-0.009,-0.131,-0.180,-0.125,-0.125,-0.100
-0.015,-0.250,-0.235,0.133,0.110,-0.242,-0.010,-0.130,-0.180,-0.125,-0.125,-0.100
-0.018,-0.250,-0.231,0.134,0.106,-0.240,-0.018,-0.126,-0.180,-0.121,-0.125,-0.100
-0.027,-0.251,-0.224,0.139,0.098,-0.237,-0.024,-0.124,-0.181,-0.120,-0.126,-0.097
-0.029,-0.248,-0.219,0.139,0.095,-0.233,-0.027,-0.126,-0.178,-0.120,-0.123,-0.094
-0.033,-0.245,-0.212,0.139,0.090,-0.228,-0.031,-0.124,-0.175,-0.120,-0.120,-0.095
-0.040,-0.245,-0.205,0.143,0.083,-0.225,-0.035,-0.120,-0.175,-0.120,-0.120,-0.095
-0.011,-0.241,-0.230,0.126,0.110,-0.235,-0.031,-0.120,-0.175,-0.116,-0.120,-0.095
-0.005,-0.239,-0.235,0.122,0.115,-0.237,-0.026,-0.121,-0.175,-0.115,-0.120,-0.092
-0.012,-0.241,-0.229,0.126,0.109,-0.235,-0.025,-0.118,-0.175,-0.115,-0.120,-0.089
-0.010,-0.239,-0.229,0.124,0.110,-0.234,-0.024,-0.115,-0.175,-0.115,-0.120,-0.090
-0.010,-0.235,-0.225,0.123,0.108,-0.230,-0.020,-0.115,-0.175,-0.115,-0.120,-0.090
-0.010,-0.235,-0.225,0.123,0.108,-0.230,-0.020,-0.115,-0.175,-0.111,-0.116,-0.090
-0.010,-0.232,-0.222,0.121,0.106,-0.227,-0.018,-0.112,-0.175,-0.109,-0.115,-0.091
-0.011,-0.230,-0.219,0.120,0.104,-0.225,-0.012,-0.109,-0.175,-0.111,-0.115,-0.088
-0.009,-0.229,-0.220,0.119,0.106,-0.225,-0.010,-0.110,-0.175,-0.109,-0.115,-0.085
-0.005,-0.225,-0.220,0.115,0.108,-0.222,-0.010,-0.110,-0.175,-0.105,-0.115,-0.085
-0.009,-0.225,-0.216,0.117,0.104,-0.220,-0.006,-0.106,-0.175,-0.105,-0.115,-0.085
-0.011,-0.226,-0.215,0.119,0.103,-0.220,-0.004,-0.104,-0.175,-0.105,-0.112,-0.086
-0.010,-0.223,-0.213,0.117,0.102,-0.218,-0.007,-0.106,-0.175,-0.105,-0.109,-0.083
-0.010,-0.220,-0.210,0.115,0.100,-0.215,-0.010,-0.104,-0.175,-0.104,-0.110,-0.080
-0.010,-0.220,-0.210,0.115,0.100,-0.215,-0.010,-0.100,-0.175,-0.100,-0.110,-0.080
-0.010,-0.216,-0.206,0.113,0.098,-0.211,-0.010,-0.100,-0.175,-0.100,-0.110,-0.080
-0.011,-0.215,-0.204,0.114,0.097,-0.210,-0.013,-0.097,-0.175,-0.100,-0.110,-0.080
-0.007,-0.213,-0.206,0.111,0.100,-0.210,-0.016,-0.095,-0.175,-0.100,-0.110,-0.080
-0.007,-0.209,-0.203,0.108,0.098,-0.206,-0.015,-0.094,-0.175,-0.099,-0.109,-0.079
-0.020,-0.210,-0.190,0.115,0.085,-0.200,-0.015,-0.090,-0.175,-0.095,-0.105,-0.075
-0.029,-0.211,-0.182,0.120,0.076,-0.196,-0.015,-0.090,-0.171,-0.090,-0.101,-0.075
-0.030,-0.204,-0.174,0.117,0.072,-0.189,-0.015,-0.091,-0.166,-0.090,-0.096,-0.072
-0.032,-0.197,-0.166,0.114,0.067,-0.181,-0.015,-0.088,-0.165,-0.088,-0.095,-0.070
-0.036,-0.194,-0.159,0.115,0.062,-0.176,-0.015,-0.085,-0.164,-0.085,-0.094,-0.069
-0.040,-0.190,-0.150,0.115,0.055,-0.170,-0.015,-0.085,-0.160,-0.085,-0.090,-0.065
-0.045,-0.182,-0.137,0.113,0.046,-0.160,-0.015,-0.081,-0.155,-0.081,-0.086,-0.065
-0.008,-0.176,-0.168,0.093,0.080,-0.172,-0.016,-0.080,-0.155,-0.076,-0.085,-0.062
0.013,-0.173,-0.187,0.081,0.100,-0.180,-0.012,-0.078,-0.153,-0.075,-0.084,-0.060
0.004,-0.168,-0.172,0.083,0.088,-0.170,-0.003,-0.074,-0.150,-0.074,-0.079,-0.059
0.010,-0.160,-0.170,0.075,0.090,-0.165,0.000,-0.075,-0.150,-0.070,-0.075,-0.055
0.015,-0.152,-0.167,0.069,0.091,-0.159,0.004,-0.075,-0.146,-0.069,-0.075,-0.055
0.015,-0.144,-0.159,0.065,0.087,-0.151,0.011,-0.072,-0.144,-0.073,-0.073,-0.052
0.016,-0.136,-0.152,0.060,0.084,-0.144,0.018,-0.068,-0.146,-0.075,-0.067,-0.050
0.021,-0.128,-0.149,0.053,0.085,-0.138,0.020,-0.064,-0.144,-0.075,-0.065,-0.049
0.025,-0.120,-0.145,0.048,0.085,-0.132,0.025,-0.060,-0.140,-0.075,-0.065,-0.045
0.024,-0.116,-0.141,0.046,0.083,-0.128,0.043,-0.056,-0.140,-0.075,-0.061,-0.045
0.031,-0.109,-0.140,0.039,0.086,-0.124,0.035,-0.052,-0.141,-0.075,-0.057,-0.042
0.035,-0.103,-0.138,0.034,0.087,-0.120,0.018,-0.049,-0.138,-0.075,-0.054,-0.039
0.037,-0.098,-0.135,0.031,0.086,-0.116,0.007,-0.051,-0.135,-0.075,-0.056,-0.040
0.045,-0.090,-0.135,0.023,0.090,-0.112,-0.005,-0.065,-0.135,-0.075,-0.060,-0.040
0.045,-0.086,-0.131,0.021,0.088,-0.108,-0.013,-0.107,-0.136,-0.075,-0.060,-0.040
0.051,-0.080,-0.130,0.015,0.091,-0.105,-0.021,-0.122,-0.132,-0.075,-0.063,-0.037
0.057,-0.070,-0.128,0.006,0.093,-0.099,-0.029,-0.119,-0.130,-0.075,-0.065,-0.034
0.061,-0.074,-0.135,0.006,0.098,-0.104,-0.037,-0.120,-0.130,-0.075,-0.066,-0.035
0.055,-0.105,-0.160,0.025,0.108,-0.132,-0.045,-0.120,-0.130,-0.075,-0.070,-0.035
0.016,-0.141,-0.158,0.063,0.088,-0.149,-0.054,-0.120,-0.142,-0.079,-0.071,-0.035
0.013,-0.138,-0.151,0.062,0.082,-0.144,-0.053,-0.120,-0.149,-0.080,-0.067,-0.036
0.036,-0.114,-0.150,0.039,0.094,-0.131,-0.049,-0.120,-0.150,-0.080,-0.065,-0.033
0.045,-0.105,-0.149,0.030,0.097,-0.127,-0.050,-0.120,-0.150,-0.080,-0.064,-0.030
0.035,-0.110,-0.145,0.038,0.090,-0.127,-0.050,-0.120,-0.150,-0.080,-0.060,-0.030
0.031,-0.110,-0.141,0.040,0.086,-0.126,-0.046,-0.120,-0.150,-0.080,-0.060,-0.030
0.028,-0.110,-0.137,0.041,0.082,-0.124,-0.044,-0.120,-0.149,-0.080,-0.057,-0.030
0.038,-0.111,-0.149,0.037,0.094,-0.130,-0.046,-0.120,-0.152,-0.080,-0.054,-0.030
0.060,-0.109,-0.168,0.025,0.114,-0.138,-0.044,-0.120,-0.155,-0.080,-0.056,-0.031
0.060,-0.110,-0.170,0.025,0.115,-0.140,-0.040,-0.120,-0.155,-0.080,-0.060,-0.035
0.028,-0.138,-0.166,0.055,0.098,-0.152,-0.040,-0.120,-0.155,-0.080,-0.064,-0.039
0.040,-0.156,-0.195,0.058,0.118,-0.175,-0.041,-0.120,-0.155,-0.080,-0.070,-0.045
0.046,-0.166,-0.212,0.060,0.129,-0.189,-0.038,-0.120,-0.155,-0.079,-0.083,-0.056
0.019,-0.185,-0.204,0.084,0.111,-0.194,-0.035,-0.120,-0.156,-0.081,-0.097,-0.067
0.005,-0.200,-0.205,0.098,0.105,-0.202,-0.035,-0.120,-0.160,-0.090,-0.100,-0.070
0.011,-0.194,-0.205,0.092,0.108,-0.199,-0.035,-0.120,-0.164,-0.094,-0.100,-0.070
0.028,-0.177,-0.205,0.075,0.116,-0.191,-0.032,-0.120,-0.168,-0.098,-0.103,-0.073
0.006,-0.199,-0.205,0.097,0.106,-0.201,-0.029,-0.120,-0.172,-0.100,-0.105,-0.077
-0.029,-0.234,-0.205,0.132,0.088,-0.219,-0.030,-0.120,-0.176,-0.100,-0.106,-0.081
-0.020,-0.225,-0.205,0.123,0.093,-0.215,-0.030,-0.120,-0.180,-0.100,-0.110,-0.085
-0.012,-0.217,-0.205,0.115,0.097,-0.211,-0.026,-0.120,-0.178,-0.097,-0.108,-0.083
-0.038,-0.242,-0.205,0.140,0.084,-0.223,-0.024,-0.120,-0.196,-0.119,-0.125,-0.100
-0.051,-0.257,-0.206,0.154,0.078,-0.231,-0.026,-0.121,-0.205,-0.133,-0.138,-0.115
-0.046,-0.249,-0.203,0.148,0.078,-0.225,-0.024,-0.119,-0.191,-0.129,-0.134,-0.115
-0.045,-0.250,-0.205,0.148,0.080,-0.227,-0.020,-0.120,-0.190,-0.130,-0.135,-0.115
0.001,-0.246,-0.247,0.123,0.125,-0.247,-0.020,-0.146,-0.220,-0.130,-0.135,-0.115
0.012,-0.244,-0.256,0.116,0.135,-0.250,-0.020,-0.149,-0.225,-0.130,-0.135,-0.115
0.002,-0.246,-0.248,0.122,0.126,-0.246,-0.021,-0.144,-0.218,-0.130,-0.135,-0.115
0.006,-0.244,-0.250,0.119,0.129,-0.247,-0.019,-0.144,-0.221,-0.130,-0.135,-0.116
0.010,-0.240,-0.250,0.115,0.130,-0.245,-0.010,-0.140,-0.220,-0.130,-0.135,-0.120
0.010,-0.240,-0.250,0.115,0.130,-0.245,-0.002,-0.140,-0.216,-0.130,-0.135,-0.120
0.010,-0.237,-0.247,0.114,0.129,-0.242,0.006,-0.141,-0.214,-0.130,-0.135,-0.120
0.010,-0.234,-0.244,0.113,0.128,-0.239,0.013,-0.138,-0.216,-0.130,-0.135,-0.120
0.010,-0.235,-0.245,0.113,0.128,-0.240,0.014,-0.135,-0.214,-0.129,-0.135,-0.120
0.010,-0.235,-0.245,0.113,0.128,-0.240,0.010,-0.135,-0.210,-0.130,-0.135,-0.120
0.014,-0.231,-0.245,0.109,0.130,-0.237,0.010,-0.131,-0.210,-0.147,-0.139,-0.116
0.015,-0.230,-0.246,0.108,0.130,-0.237,0.011,-0.129,-0.211,-0.149,-0.144,-0.115
0.015,-0.228,-0.243,0.107,0.129,-0.235,0.008,-0.131,-0.208,-0.142,-0.143,-0.115
0.015,-0.224,-0.240,0.105,0.128,-0.232,0.005,-0.129,-0.205,-0.140,-0.140,-0.115
0.015,-0.225,-0.240,0.105,0.128,-0.232,0.005,-0.125,-0.205,-0.140,-0.140,-0.115
0.014,-0.226,-0.240,0.106,0.128,-0.232,0.005,-0.125,-0.205,-0.136,-0.136,-0.115
0.018,-0.222,-0.240,0.102,0.129,-0.231,0.002,-0.122,-0.202,-0.135,-0.134,-0.115
0.019,-0.220,-0.240,0.100,0.129,-0.230,-0.001,-0.119,-0.199,-0.134,-0.136,-0.115
0.022,-0.219,-0.241,0.099,0.131,-0.230,0.000,-0.120,-0.200,-0.129,-0.134,-0.114
0.025,-0.220,-0.245,0.098,0.135,-0.232,0.000,-0.120,-0.200,-0.125,-0.130,-0.110
-0.002,-0.247,-0.245,0.125,0.122,-0.246,-0.004,-0.116,-0.196,-0.125,-0.130,-0.110
-0.026,-0.271,-0.245,0.149,0.110,-0.258,-0.006,-0.114,-0.195,-0.122,-0.131,-0.110
-0.029,-0.274,-0.245,0.152,0.108,-0.259,-0.004,-0.116,-0.195,-0.119,-0.128,-0.110
-0.025,-0.270,-0.245,0.148,0.110,-0.257,-0.006,-0.114,-0.196,-0.121,-0.125,-0.110
-0.025,-0.270,-0.245,0.148,0.110,-0.257,-0.010,-0.110,-0.200,-0.125,-0.125,-0.110
-0.021,-0.266,-0.245,0.144,0.113,-0.255,-0.010,-0.110,-0.200,-0.125,-0.126,-0.110
-0.020,-0.265,-0.245,0.143,0.113,-0.255,-0.009,-0.111,-0.200,-0.124,-0.122,-0.110
-0.018,-0.263,-0.245,0.141,0.114,-0.254,-0.012,-0.108,-0.200,-0.127,-0.120,-0.109
-0.015,-0.260,-0.245,0.138,0.115,-0.252,-0.015,-0.104,-0.200,-0.130,-0.119,-0.103
-0.015,-0.260,-0.245,0.138,0.115,-0.252,-0.015,-0.105,-0.200,-0.130,-0.120,-0.100
-0.011,-0.256,-0.245,0.134,0.117,-0.250,-0.019,-0.111,-0.202,-0.130,-0.135,-0.114
-0.008,-0.255,-0.248,0.132,0.121,-0.251,0.020,-0.058,-0.181,-0.127,-0.154,-0.140
-0.001,-0.253,-0.252,0.127,0.126,-0.252,0.076,0.025,-0.150,-0.125,-0.180,-0.169
-0.003,-0.250,-0.247,0.127,0.122,-0.249,0.122,0.098,-0.124,-0.124,-0.195,-0.180
-0.020,-0.250,-0.230,0.135,0.105,-0.240,0.170,0.160,-0.100,-0.125,-0.180,-0.170
-0.016,-0.234,-0.218,0.125,0.101,-0.225,0.204,0.202,-0.081,-0.130,-0.170,-0.168
-0.020,-0.224,-0.203,0.123,0.092,-0.213,0.223,0.273,-0.048,-0.089,-0.137,-0.145
-0.009,-0.197,-0.189,0.103,0.090,-0.193,0.239,0.367,0.019,-0.037,-0.097,-0.120
0.021,-0.156,-0.177,0.067,0.099,-0.166,0.261,0.475,0.123,0.018,-0.059,-0.088
0.055,-0.115,-0.170,0.030,0.113,-0.142,0.290,0.615,0.260,0.125,0.005,-0.025
0.136,-0.032,-0.169,-0.052,0.153,-0.100,0.313,0.755,0.439,0.274,0.113,0.031
0.188,0.087,-0.101,-0.137,0.144,-0.007,0.310,0.824,0.615,0.444,0.249,0.130
0.214,0.195,-0.019,-0.204,0.116,0.088,0.303,0.871,0.772,0.616,0.391,0.247
0.277,0.309,0.032,-0.293,0.122,0.170,0.288,0.901,0.950,0.807,0.547,0.368
0.360,0.450,0.090,-0.405,0.135,0.270,0.230,0.875,1.160,1.025,0.720,0.505
0.382,0.558,0.176,-0.471,0.103,0.367,0.118,0.857,1.337,1.226,0.882,0.635
0.545,0.784,0.239,-0.665,0.153,0.511,-0.020,0.845,1.585,1.496,1.104,0.821
0.655,0.987,0.332,-0.821,0.161,0.659,-0.172,0.750,1.801,1.765,1.334,1.005
0.613,1.090,0.477,-0.851,0.068,0.783,-0.319,0.550,1.913,1.956,1.507,1.141
0.565,1.140,0.575,-0.853,-0.005,0.857,-0.410,0.350,1.970,2.050,1.570,1.195
0.494,1.034,0.540,-0.764,-0.024,0.787,-0.398,0.239,1.939,1.998,1.459,1.083
0.459,0.953,0.494,-0.706,-0.018,0.724,-0.379,0.089,1.800,1.861,1.342,0.979
0.401,0.864,0.463,-0.632,-0.031,0.663,-0.369,-0.095,1.537,1.629,1.194,0.875
0.302,0.700,0.398,-0.501,-0.049,0.549,-0.358,-0.268,1.154,1.295,0.971,0.718
0.220,0.505,0.285,-0.363,-0.033,0.395,-0.345,-0.430,0.680,0.895,0.715,0.540
0.133,0.305,0.173,-0.219,-0.020,0.239,-0.302,-0.542,0.174,0.454,0.431,0.352
0.050,0.145,0.095,-0.098,-0.023,0.120,-0.257,-0.511,-0.255,0.081,0.202,0.210
0.032,0.051,0.018,-0.041,0.007,0.034,-0.212,-0.396,-0.480,-0.135,0.056,0.104
0.015,-0.065,-0.081,0.026,0.048,-0.073,-0.171,-0.283,-0.514,-0.211,-0.044,0.024
-0.040,-0.225,-0.185,0.133,0.073,-0.205,-0.125,-0.160,-0.460,-0.220,-0.115,-0.025
0.044,-0.238,-0.282,0.097,0.163,-0.260,-0.043,0.000,-0.341,-0.193,-0.127,-0.072
0.046,-0.288,-0.334,0.121,0.189,-0.311,0.011,0.110,-0.270,-0.165,-0.156,-0.124
0.012,-0.325,-0.337,0.156,0.175,-0.331,0.053,0.176,-0.225,-0.146,-0.169,-0.141
0.022,-0.300,-0.322,0.140,0.172,-0.311,0.083,0.207,-0.183,-0.131,-0.152,-0.128
0.020,-0.290,-0.310,0.135,0.165,-0.300,0.075,0.190,-0.170,-0.115,-0.145,-0.125
0.016,-0.267,-0.283,0.126,0.149,-0.274,0.071,0.181,-0.154,-0.099,-0.133,-0.117
0.012,-0.243,-0.255,0.116,0.134,-0.249,0.067,0.174,-0.138,-0.085,-0.124,-0.112
0.009,-0.228,-0.238,0.110,0.124,-0.233,0.065,0.167,-0.123,-0.077,-0.114,-0.106
0.011,-0.217,-0.228,0.103,0.119,-0.222,0.065,0.156,-0.113,-0.075,-0.102,-0.099
0.015,-0.205,-0.220,0.095,0.118,-0.212,0.060,0.140,-0.110,-0.075,-0.095,-0.095
0.019,-0.193,-0.212,0.087,0.116,-0.202,0.056,0.128,-0.110,-0.071,-0.090,-0.091
0.020,-0.184,-0.204,0.082,0.112,-0.194,0.055,0.113,-0.111,-0.069,-0.090,-0.090
0.022,-0.174,-0.196,0.076,0.109,-0.185,0.054,0.100,-0.108,-0.071,-0.088,-0.088
0.026,-0.162,-0.188,0.068,0.107,-0.175,0.049,0.085,-0.105,-0.069,-0.084,-0.085
0.025,-0.155,-0.180,0.065,0.103,-0.167,0.045,0.055,-0.105,-0.065,-0.085,-0.085
0.026,-0.149,-0.175,0.062,0.101,-0.162,0.045,0.029,-0.105,-0.065,-0.085,-0.081
0.046,-0.129,-0.175,0.042,0.111,-0.152,0.042,0.018,-0.106,-0.062,-0.082,-0.079
0.009,-0.166,-0.175,0.079,0.093,-0.170,0.040,0.011,-0.103,-0.059,-0.079,-0.081
-0.045,-0.220,-0.175,0.133,0.065,-0.197,0.039,0.004,-0.100,-0.060,-0.080,-0.079
-0.025,-0.200,-0.175,0.113,0.075,-0.187,0.035,0.000,-0.100,-0.060,-0.080,-0.075
-0.016,-0.191,-0.175,0.104,0.080,-0.182,0.035,-0.008,-0.100,-0.056,-0.076,-0.075
-0.009,-0.185,-0.175,0.098,0.083,-0.180,0.036,-0.016,-0.100,-0.055,-0.074,-0.072
-0.002,-0.176,-0.173,0.089,0.086,-0.174,0.033,-0.023,-0.098,-0.053,-0.076,-0.070
0.001,-0.168,-0.169,0.084,0.085,-0.169,0.030,-0.024,-0.095,-0.049,-0.074,-0.069
0.005,-0.160,-0.165,0.078,0.085,-0.162,0.030,-0.020,-0.095,-0.050,-0.070,-0.065
0.011,-0.149,-0.161,0.069,0.086,-0.155,0.030,-0.020,-0.095,-0.050,-0.070,-0.065
-0.003,-0.163,-0.160,0.082,0.079,-0.161,0.027,-0.020,-0.092,-0.047,-0.071,-0.066
-0.010,-0.169,-0.159,0.090,0.074,-0.164,0.024,-0.020,-0.090,-0.044,-0.068,-0.063
-0.004,-0.158,-0.154,0.082,0.075,-0.155,0.025,-0.019,-0.090,-0.045,-0.065,-0.060
-0.005,-0.155,-0.150,0.080,0.073,-0.152,0.025,-0.015,-0.090,-0.045,-0.065,-0.060
-0.001,-0.152,-0.150,0.076,0.074,-0.151,0.021,-0.015,-0.090,-0.041,-0.065,-0.060
0.004,-0.144,-0.148,0.070,0.076,-0.145,0.019,-0.015,-0.087,-0.039,-0.062,-0.061
0.005,-0.138,-0.142,0.067,0.074,-0.139,0.021,-0.015,-0.084,-0.041,-0.060,-0.058
0.006,-0.134,-0.140,0.064,0.073,-0.136,0.019,-0.015,-0.085,-0.039,-0.060,-0.055
0.010,-0.130,-0.140,0.060,0.075,-0.135,0.010,-0.015,-0.085,-0.035,-0.060,-0.055
0.002,-0.134,-0.136,0.067,0.069,-0.135,0.006,-0.011,-0.085,-0.035,-0.060,-0.055
-0.001,-0.136,-0.135,0.069,0.067,-0.135,0.003,-0.010,-0.082,-0.036,-0.057,-0.056
-0.015,-0.151,-0.135,0.083,0.060,-0.143,-0.004,-0.010,-0.077,-0.033,-0.054,-0.053
-0.031,-0.166,-0.135,0.099,0.053,-0.150,-0.003,-0.011,-0.075,-0.030,-0.055,-0.050
-0.020,-0.155,-0.135,0.088,0.058,-0.145,0.015,-0.010,-0.075,-0.030,-0.055,-0.050
-0.011,-0.146,-0.135,0.079,0.062,-0.141,0.033,-0.006,-0.071,-0.030,-0.051,-0.050
-0.007,-0.142,-0.135,0.075,0.064,-0.138,0.033,-0.039,-0.070,-0.030,-0.050,-0.050
-0.001,-0.136,-0.135,0.069,0.067,-0.135,0.029,-0.056,-0.069,-0.028,-0.050,-0.050
0.007,-0.128,-0.135,0.061,0.071,-0.131,0.030,-0.042,-0.064,-0.024,-0.050,-0.049
0.015,-0.120,-0.135,0.053,0.075,-0.127,0.030,-0.040,-0.060,-0.020,-0.050,-0.045
0.020,-0.115,-0.135,0.048,0.078,-0.125,0.030,-0.036,-0.060,-0.016,-0.046,-0.045
0.015,-0.120,-0.135,0.053,0.076,-0.128,0.027,-0.032,-0.057,-0.012,-0.045,-0.045
0.007,-0.128,-0.135,0.061,0.071,-0.131,0.024,-0.028,-0.055,-0.008,-0.045,-0.045
0.006,-0.130,-0.135,0.063,0.070,-0.132,0.025,-0.024,-0.054,-0.004,-0.045,-0.044
0.010,-0.125,-0.135,0.058,0.073,-0.130,0.025,-0.020,-0.045,0.000,-0.045,-0.040
0.016,-0.121,-0.136,0.052,0.076,-0.128,0.025,-0.016,-0.041,0.004,-0.041,-0.040
0.040,-0.120,-0.160,0.040,0.100,-0.140,0.026,-0.011,-0.037,0.008,-0.036,-0.040
0.049,-0.119,-0.168,0.035,0.109,-0.143,0.023,-0.010,-0.033,0.012,-0.035,-0.040
0.038,-0.114,-0.152,0.038,0.095,-0.133,0.020,-0.010,-0.029,0.016,-0.034,-0.040
0.035,-0.110,-0.145,0.038,0.090,-0.127,0.020,-0.005,-0.025,0.020,-0.030,-0.040
0.028,-0.110,-0.138,0.042,0.083,-0.123,0.020,0.000,-0.022,0.024,-0.025,-0.036
0.018,-0.108,-0.126,0.045,0.072,-0.116,0.021,-0.001,-0.011,0.029,-0.026,-0.031
0.014,-0.103,-0.116,0.044,0.066,-0.109,0.018,0.003,0.000,0.030,-0.022,-0.030
-0.002,-0.109,-0.107,0.055,0.053,-0.107,0.015,0.012,0.007,0.031,-0.013,-0.029
-0.035,-0.135,-0.100,0.085,0.033,-0.117,0.015,0.015,0.015,0.030,-0.010,-0.025
-0.036,-0.156,-0.121,0.096,0.043,-0.138,0.015,0.018,0.023,0.018,-0.007,-0.025
-0.003,-0.130,-0.127,0.067,0.063,-0.129,0.015,0.026,0.031,0.043,0.001,-0.023
0.042,-0.082,-0.124,0.021,0.083,-0.103,0.015,0.032,0.039,0.067,0.008,-0.017
0.068,-0.057,-0.125,-0.005,0.097,-0.090,0.014,0.036,0.047,0.064,0.011,-0.015
0.075,-0.050,-0.125,-0.012,0.100,-0.087,0.010,0.040,0.050,0.065,0.015,-0.015
0.088,-0.037,-0.125,-0.025,0.107,-0.080,0.010,0.036,0.050,0.065,0.019,-0.011
0.051,-0.074,-0.125,0.012,0.088,-0.099,0.007,0.033,0.054,0.064,0.024,-0.010
0.027,-0.098,-0.125,0.036,0.077,-0.111,0.005,0.040,0.054,0.068,0.025,-0.009
0.043,-0.082,-0.125,0.020,0.084,-0.103,0.004,0.053,0.058,0.077,0.026,-0.004
0.045,-0.080,-0.125,0.018,0.085,-0.102,0.000,0.060,0.075,0.085,0.030,0.000
0.049,-0.076,-0.125,0.014,0.087,-0.101,0.000,0.064,0.084,0.094,0.034,0.004
0.053,-0.072,-0.125,0.010,0.089,-0.098,-0.003,0.071,0.090,0.097,0.035,0.008
0.057,-0.068,-0.125,0.006,0.091,-0.096,-0.006,0.077,0.101,0.107,0.037,0.013
0.061,-0.064,-0.125,0.002,0.093,-0.095,-0.005,0.082,0.112,0.123,0.041,0.015
0.065,-0.060,-0.125,-0.002,0.095,-0.092,-0.005,0.090,0.120,0.130,0.045,0.015
0.077,-0.048,-0.125,-0.014,0.101,-0.086,-0.009,0.092,0.132,0.134,0.053,0.023
0.086,-0.038,-0.125,-0.023,0.106,-0.082,-0.010,0.110,0.140,0.139,0.059,0.031
0.095,-0.031,-0.126,-0.031,0.111,-0.078,-0.012,0.110,0.139,0.140,0.061,0.039
0.101,-0.023,-0.124,-0.038,0.113,-0.073,-0.015,0.110,0.151,0.150,0.069,0.047
0.100,-0.015,-0.115,-0.042,0.108,-0.065,-0.015,0.145,0.185,0.175,0.090,0.055
0.104,-0.007,-0.111,-0.048,0.108,-0.058,-0.019,0.159,0.207,0.188,0.108,0.063
0.108,0.001,-0.107,-0.054,0.107,-0.053,-0.020,0.161,0.214,0.194,0.109,0.068
0.114,0.011,-0.103,-0.062,0.108,-0.046,-0.022,0.174,0.233,0.209,0.116,0.073
0.122,0.023,-0.099,-0.072,0.111,-0.038,-0.025,0.194,0.259,0.229,0.134,0.083
0.125,0.030,-0.095,-0.077,0.110,-0.032,-0.025,0.200,0.265,0.240,0.145,0.095
0.115,0.023,-0.091,-0.069,0.103,-0.034,-0.025,0.204,0.272,0.248,0.149,0.099
0.095,0.011,-0.084,-0.053,0.089,-0.036,-0.026,0.209,0.283,0.258,0.151,0.106
0.112,0.034,-0.077,-0.073,0.094,-0.021,-0.039,0.208,0.283,0.259,0.148,0.096
0.171,0.096,-0.074,-0.133,0.122,0.010,-0.051,0.224,0.300,0.273,0.164,0.104
0.215,0.145,-0.070,-0.180,0.142,0.037,-0.045,0.270,0.350,0.315,0.205,0.155
0.213,0.151,-0.062,-0.182,0.137,0.045,-0.045,0.269,0.358,0.322,0.208,0.154
0.206,0.149,-0.057,-0.177,0.131,0.046,-0.045,0.257,0.349,0.315,0.201,0.143
0.203,0.150,-0.053,-0.176,0.128,0.048,-0.045,0.271,0.372,0.334,0.217,0.153
0.199,0.151,-0.049,-0.175,0.124,0.051,-0.045,0.294,0.405,0.366,0.246,0.175
0.200,0.155,-0.045,-0.177,0.122,0.055,-0.045,0.295,0.405,0.375,0.260,0.190
0.201,0.156,-0.045,-0.178,0.123,0.055,-0.045,0.293,0.407,0.378,0.269,0.195
0.195,0.153,-0.042,-0.174,0.118,0.055,-0.045,0.307,0.423,0.392,0.273,0.197
0.200,0.160,-0.040,-0.180,0.120,0.060,-0.045,0.319,0.430,0.406,0.279,0.204
0.211,0.172,-0.039,-0.191,0.125,0.066,-0.045,0.320,0.433,0.411,0.286,0.211
0.210,0.175,-0.035,-0.192,0.122,0.070,-0.045,0.320,0.450,0.415,0.290,0.215
0.214,0.179,-0.035,-0.196,0.125,0.071,-0.045,0.320,0.459,0.419,0.298,0.219
0.215,0.184,-0.032,-0.199,0.123,0.075,-0.048,0.320,0.464,0.421,0.303,0.226
0.215,0.185,-0.030,-0.200,0.122,0.077,-0.052,0.320,0.464,0.433,0.308,0.233
0.215,0.186,-0.029,-0.200,0.122,0.078,-0.057,0.320,0.459,0.448,0.317,0.236
0.215,0.190,-0.025,-0.202,0.120,0.082,-0.065,0.320,0.455,0.450,0.325,0.240
0.219,0.194,-0.025,-0.206,0.122,0.084,-0.070,0.320,0.451,0.450,0.329,0.245
0.224,0.201,-0.022,-0.212,0.122,0.089,-0.068,0.320,0.446,0.453,0.333,0.244
0.225,0.207,-0.018,-0.216,0.121,0.094,-0.062,0.320,0.445,0.456,0.336,0.248
0.225,0.211,-0.014,-0.218,0.120,0.098,-0.060,0.321,0.444,0.455,0.335,0.257
0.225,0.215,-0.010,-0.220,0.117,0.102,-0.060,0.320,0.440,0.455,0.335,0.260
0.221,0.215,-0.006,-0.217,0.113,0.104,-0.056,0.308,0.436,0.455,0.336,0.260
0.220,0.218,-0.002,-0.219,0.111,0.108,-0.055,0.298,0.432,0.455,0.329,0.257
0.217,0.220,0.003,-0.219,0.107,0.111,-0.054,0.292,0.427,0.456,0.322,0.253
0.217,0.221,0.004,-0.219,0.106,0.112,-0.049,0.282,0.426,0.453,0.319,0.249
0.230,0.225,-0.005,-0.227,0.117,0.110,-0.045,0.270,0.425,0.440,0.315,0.245
0.236,0.227,-0.009,-0.231,0.122,0.108,-0.045,0.262,0.406,0.433,0.311,0.241
0.227,0.214,-0.013,-0.220,0.119,0.100,-0.042,0.255,0.385,0.414,0.307,0.237
0.214,0.197,-0.017,-0.205,0.115,0.090,-0.040,0.243,0.363,0.387,0.304,0.234
0.202,0.181,-0.021,-0.191,0.111,0.079,-0.039,0.226,0.340,0.365,0.296,0.227
0.190,0.165,-0.025,-0.177,0.107,0.070,-0.035,0.210,0.320,0.345,0.275,0.210
0.183,0.154,-0.029,-0.168,0.106,0.062,-0.031,0.194,0.296,0.325,0.255,0.198
0.165,0.135,-0.029,-0.150,0.097,0.053,-0.027,0.181,0.272,0.304,0.237,0.186
0.134,0.116,-0.018,-0.125,0.075,0.049,-0.025,0.168,0.246,0.288,0.225,0.174
0.130,0.101,-0.029,-0.115,0.079,0.036,-0.024,0.151,0.218,0.269,0.210,0.161
0.160,0.085,-0.075,-0.122,0.117,0.005,-0.020,0.135,0.190,0.240,0.185,0.145
0.147,0.073,-0.074,-0.110,0.110,0.000,-0.016,0.119,0.162,0.211,0.160,0.129
0.123,0.058,-0.065,-0.090,0.094,-0.004,-0.015,0.106,0.133,0.189,0.142,0.113
0.108,0.044,-0.064,-0.076,0.086,-0.009,-0.014,0.092,0.110,0.171,0.129,0.099
0.088,0.030,-0.058,-0.059,0.073,-0.013,-0.009,0.077,0.098,0.149,0.116,0.087
0.060,0.005,-0.055,-0.032,0.057,-0.025,-0.005,0.065,0.085,0.125,0.100,0.075
0.054,-0.019,-0.074,-0.018,0.064,-0.046,-0.005,0.049,0.058,0.104,0.084,0.067
0.090,-0.007,-0.098,-0.041,0.094,-0.052,-0.002,0.035,0.030,0.090,0.068,0.060
0.103,-0.004,-0.107,-0.049,0.105,-0.055,0.002,0.026,0.011,0.079,0.054,0.049
0.080,-0.024,-0.105,-0.028,0.093,-0.064,0.006,0.018,-0.004,0.067,0.042,0.038
0.070,-0.035,-0.105,-0.017,0.088,-0.070,0.010,0.010,-0.020,0.055,0.030,0.030
0.054,-0.051,-0.106,-0.001,0.080,-0.079,0.015,0.002,-0.037,0.047,0.022,0.022
0.040,-0.062,-0.102,0.012,0.071,-0.082,0.012,-0.006,-0.047,0.039,0.011,0.014
0.031,-0.083,-0.114,0.026,0.073,-0.098,0.009,-0.014,-0.069,0.031,0.001,0.008
0.031,-0.102,-0.133,0.035,0.082,-0.117,0.010,-0.022,-0.094,0.023,-0.008,0.004
0.040,-0.095,-0.135,0.028,0.088,-0.115,0.010,-0.030,-0.095,0.015,-0.020,0.000
0.041,-0.094,-0.135,0.027,0.088,-0.115,0.006,-0.038,-0.095,0.007,-0.028,-0.004
0.039,-0.096,-0.135,0.029,0.087,-0.116,0.005,-0.046,-0.093,-0.001,-0.034,-0.008
0.043,-0.092,-0.135,0.025,0.090,-0.113,0.005,-0.054,-0.087,-0.009,-0.035,-0.012
0.034,-0.101,-0.135,0.034,0.085,-0.118,0.005,-0.062,-0.095,-0.017,-0.036,-0.017
0.005,-0.130,-0.135,0.063,0.070,-0.132,0.005,-0.065,-0.120,-0.025,-0.040,-0.025
0.011,-0.123,-0.135,0.057,0.073,-0.129,0.001,-0.062,-0.126,-0.033,-0.040,-0.029
0.022,-0.116,-0.138,0.047,0.080,-0.126,0.000,-0.056,-0.123,-0.038,-0.043,-0.033
0.028,-0.114,-0.142,0.043,0.085,-0.127,0.000,-0.072,-0.133,-0.043,-0.045,-0.037
0.038,-0.109,-0.146,0.036,0.092,-0.127,0.000,-0.092,-0.147,-0.052,-0.046,-0.041
0.045,-0.105,-0.150,0.030,0.098,-0.127,0.000,-0.085,-0.145,-0.060,-0.055,-0.045
0.046,-0.103,-0.148,0.028,0.097,-0.125,-0.004,-0.084,-0.144,-0.065,-0.060,-0.050
0.073,-0.089,-0.163,0.008,0.118,-0.126,-0.006,-0.085,-0.149,-0.062,-0.057,-0.047
0.050,-0.120,-0.170,0.035,0.111,-0.144,-0.004,-0.085,-0.149,-0.059,-0.054,-0.044
-0.001,-0.165,-0.164,0.083,0.082,-0.164,-0.006,-0.085,-0.144,-0.060,-0.055,-0.045
0.010,-0.155,-0.165,0.073,0.088,-0.160,-0.010,-0.085,-0.145,-0.060,-0.055,-0.045
0.011,-0.155,-0.166,0.072,0.089,-0.160,-0.010,-0.085,-0.145,-0.056,-0.055,-0.045
0.010,-0.152,-0.162,0.072,0.086,-0.157,-0.010,-0.086,-0.145,-0.055,-0.056,-0.046
0.010,-0.150,-0.159,0.070,0.084,-0.155,-0.010,-0.083,-0.145,-0.055,-0.053,-0.043
0.011,-0.149,-0.160,0.069,0.086,-0.155,-0.011,-0.080,-0.145,-0.055,-0.050,-0.040
0.015,-0.145,-0.160,0.065,0.088,-0.152,-0.015,-0.080,-0.145,-0.055,-0.050,-0.040
0.011,-0.145,-0.156,0.067,0.084,-0.150,-0.015,-0.080,-0.145,-0.051,-0.050,-0.040
0.009,-0.146,-0.155,0.069,0.082,-0.150,-0.015,-0.080,-0.145,-0.050,-0.050,-0.040
0.012,-0.143,-0.155,0.066,0.084,-0.149,-0.015,-0.080,-0.145,-0.050,-0.050,-0.040
0.015,-0.140,-0.155,0.063,0.085,-0.147,-0.015,-0.080,-0.145,-0.050,-0.050,-0.040
0.015,-0.140,-0.155,0.063,0.085,-0.147,-0.015,-0.080,-0.145,-0.050,-0.050,-0.040
0.015,-0.136,-0.151,0.061,0.083,-0.143,-0.015,-0.080,-0.145,-0.046,-0.046,-0.036
0.015,-0.135,-0.150,0.060,0.083,-0.142,-0.015,-0.077,-0.142,-0.044,-0.045,-0.035
0.015,-0.134,-0.148,0.060,0.082,-0.140,-0.015,-0.074,-0.139,-0.046,-0.045,-0.035
0.015,-0.129,-0.144,0.057,0.080,-0.136,-0.015,-0.075,-0.140,-0.044,-0.045,-0.035
0.015,-0.130,-0.145,0.058,0.080,-0.137,-0.015,-0.075,-0.140,-0.040,-0.045,-0.035
0.012,-0.134,-0.145,0.062,0.079,-0.139,-0.015,-0.075,-0.140,-0.040,-0.045,-0.035
0.036,-0.106,-0.142,0.035,0.089,-0.124,-0.015,-0.075,-0.140,-0.040,-0.042,-0.032
0.023,-0.117,-0.139,0.047,0.081,-0.128,-0.015,-0.075,-0.140,-0.040,-0.039,-0.029
-0.013,-0.154,-0.140,0.083,0.064,-0.147,-0.015,-0.075,-0.140,-0.039,-0.040,-0.030
0.000,-0.140,-0.140,0.070,0.070,-0.140,-0.015,-0.075,-0.140,-0.035,-0.040,-0.030
0.001,-0.135,-0.136,0.068,0.069,-0.136,-0.015,-0.075,-0.140,-0.035,-0.040,-0.030
0.002,-0.132,-0.134,0.066,0.068,-0.133,-0.015,-0.078,-0.140,-0.036,-0.041,-0.031
0.008,-0.128,-0.136,0.061,0.072,-0.131,-0.015,-0.081,-0.140,-0.033,-0.038,-0.028
0.010,-0.124,-0.134,0.057,0.073,-0.129,-0.015,-0.080,-0.140,-0.039,-0.044,-0.034
0.010,-0.120,-0.130,0.055,0.070,-0.125,-0.015,-0.080,-0.140,-0.055,-0.065,-0.055
0.014,-0.116,-0.130,0.051,0.072,-0.122,-0.015,-0.080,-0.136,-0.052,-0.062,-0.052
0.018,-0.112,-0.131,0.047,0.075,-0.121,-0.015,-0.080,-0.135,-0.049,-0.059,-0.049
0.021,-0.108,-0.128,0.044,0.075,-0.118,-0.015,-0.080,-0.135,-0.050,-0.060,-0.050
0.019,-0.104,-0.124,0.043,0.072,-0.114,-0.015,-0.081,-0.135,-0.050,-0.060,-0.050
0.020,-0.100,-0.120,0.040,0.070,-0.110,-0.015,-0.085,-0.135,-0.050,-0.060,-0.050
0.021,-0.096,-0.117,0.038,0.069,-0.106,-0.015,-0.085,-0.135,-0.050,-0.060,-0.050
-0.018,-0.128,-0.111,0.074,0.047,-0.119,-0.015,-0.085,-0.132,-0.050,-0.060,-0.050
-0.019,-0.148,-0.129,0.084,0.055,-0.138,-0.015,-0.085,-0.129,-0.050,-0.060,-0.050
0.013,-0.139,-0.152,0.063,0.083,-0.145,-0.015,-0.085,-0.130,-0.049,-0.059,-0.050
0.005,-0.140,-0.145,0.068,0.075,-0.142,-0.015,-0.085,-0.130,-0.045,-0.055,-0.050
0.009,-0.136,-0.144,0.064,0.077,-0.140,-0.015,-0.085,-0.130,-0.045,-0.055,-0.050
0.010,-0.135,-0.145,0.063,0.078,-0.140,-0.018,-0.088,-0.130,-0.045,-0.055,-0.050
0.012,-0.133,-0.145,0.061,0.079,-0.139,-0.020,-0.091,-0.130,-0.045,-0.055,-0.050
0.015,-0.130,-0.145,0.058,0.080,-0.137,-0.021,-0.090,-0.129,-0.045,-0.055,-0.050
0.015,-0.130,-0.145,0.058,0.080,-0.137,-0.025,-0.090,-0.125,-0.045,-0.055,-0.050
0.023,-0.126,-0.148,0.052,0.086,-0.137,-0.025,-0.090,-0.125,-0.045,-0.055,-0.050
-0.001,-0.125,-0.124,0.063,0.062,-0.124,-0.028,-0.090,-0.125,-0.046,-0.056,-0.050
0.014,-0.123,-0.137,0.055,0.076,-0.130,-0.031,-0.090,-0.125,-0.043,-0.053,-0.050
0.054,-0.120,-0.174,0.033,0.114,-0.147,-0.029,-0.091,-0.125,-0.040,-0.050,-0.050
0.045,-0.120,-0.165,0.038,0.105,-0.142,-0.025,-0.095,-0.125,-0.040,-0.050,-0.050
0.045,-0.116,-0.160,0.036,0.103,-0.137,-0.025,-0.095,-0.121,-0.040,-0.050,-0.050
0.042,-0.115,-0.157,0.037,0.100,-0.136,-0.025,-0.095,-0.120,-0.040,-0.050,-0.050
0.040,-0.113,-0.153,0.037,0.097,-0.133,-0.025,-0.095,-0.120,-0.040,-0.050,-0.050
0.039,-0.110,-0.149,0.036,0.094,-0.129,-0.025,-0.095,-0.120,-0.040,-0.050,-0.050
0.035,-0.110,-0.145,0.038,0.090,-0.127,-0.025,-0.095,-0.120,-0.040,-0.050,-0.050
0.034,-0.106,-0.141,0.036,0.087,-0.123,-0.021,-0.095,-0.121,-0.040,-0.050,-0.050
0.005,-0.135,-0.140,0.065,0.073,-0.137,-0.020,-0.092,-0.117,-0.038,-0.049,-0.049
0.003,-0.137,-0.140,0.067,0.072,-0.138,-0.020,-0.087,-0.131,-0.047,-0.052,-0.052
0.055,-0.085,-0.140,0.015,0.097,-0.113,-0.020,-0.085,-0.153,-0.063,-0.055,-0.055
0.080,-0.060,-0.140,-0.010,0.110,-0.100,-0.020,-0.085,-0.155,-0.065,-0.055,-0.055
0.010,-0.130,-0.140,0.060,0.075,-0.135,-0.020,-0.081,-0.155,-0.065,-0.059,-0.055
-0.013,-0.153,-0.140,0.083,0.064,-0.146,-0.021,-0.077,-0.155,-0.065,-0.060,-0.055
-0.002,-0.142,-0.140,0.072,0.069,-0.141,-0.018,-0.073,-0.155,-0.065,-0.062,-0.055
-0.006,-0.146,-0.140,0.076,0.068,-0.142,-0.015,-0.079,-0.155,-0.065,-0.065,-0.055
-0.005,-0.145,-0.140,0.075,0.068,-0.142,-0.015,-0.100,-0.155,-0.065,-0.065,-0.055
-0.005,-0.145,-0.140,0.075,0.068,-0.142,-0.015,-0.105,-0.155,-0.065,-0.069,-0.055
-0.005,-0.145,-0.140,0.075,0.068,-0.142,-0.015,-0.104,-0.155,-0.065,-0.070,-0.055
-0.005,-0.145,-0.140,0.075,0.068,-0.142,-0.015,-0.107,-0.155,-0.065,-0.070,-0.055
-0.005,-0.145,-0.140,0.075,0.068,-0.142,-0.014,-0.110,-0.155,-0.065,-0.070,-0.055
-0.005,-0.145,-0.140,0.075,0.068,-0.142,-0.010,-0.110,-0.155,-0.065,-0.070,-0.055
-0.005,-0.145,-0.140,0.075,0.068,-0.142,-0.010,-0.110,-0.155,-0.065,-0.070,-0.055
-0.005,-0.145,-0.140,0.075,0.068,-0.142,-0.010,-0.110,-0.158,-0.068,-0.070,-0.055
-0.006,-0.146,-0.140,0.076,0.068,-0.142,-0.010,-0.110,-0.161,-0.070,-0.070,-0.057
-0.004,-0.144,-0.140,0.074,0.069,-0.141,-0.010,-0.110,-0.160,-0.071,-0.070,-0.061
0.010,-0.130,-0.140,0.060,0.075,-0.135,-0.010,-0.110,-0.160,-0.075,-0.070,-0.065
0.027,-0.113,-0.140,0.043,0.084,-0.126,-0.010,-0.110,-0.160,-0.075,-0.070,-0.069
-0.005,-0.145,-0.140,0.075,0.068,-0.142,-0.013,-0.110,-0.160,-0.074,-0.071,-0.070
-0.031,-0.171,-0.140,0.101,0.055,-0.155,-0.016,-0.110,-0.159,-0.077,-0.068,-0.070
-0.023,-0.164,-0.141,0.093,0.059,-0.152,-0.015,-0.110,-0.161,-0.081,-0.064,-0.070
-0.020,-0.165,-0.145,0.093,0.063,-0.155,-0.015,-0.110,-0.170,-0.080,-0.065,-0.070
-0.020,-0.165,-0.145,0.093,0.063,-0.155,-0.016,-0.110,-0.174,-0.078,-0.072,-0.070
-0.021,-0.165,-0.144,0.093,0.062,-0.155,-0.010,-0.110,-0.178,-0.096,-0.089,-0.073
-0.018,-0.165,-0.147,0.092,0.065,-0.156,0.000,-0.110,-0.180,-0.106,-0.095,-0.076
-0.015,-0.165,-0.150,0.090,0.068,-0.157,0.005,-0.110,-0.181,-0.099,-0.089,-0.075
-0.015,-0.165,-0.150,0.090,0.068,-0.157,0.000,-0.110,-0.185,-0.100,-0.090,-0.075
-0.011,-0.165,-0.154,0.088,0.072,-0.159,0.000,-0.111,-0.186,-0.100,-0.090,-0.075
-0.039,-0.165,-0.126,0.102,0.044,-0.145,0.001,-0.107,-0.182,-0.100,-0.090,-0.074
-0.029,-0.165,-0.136,0.097,0.054,-0.150,-0.002,-0.120,-0.180,-0.100,-0.090,-0.077
0.009,-0.165,-0.174,0.078,0.092,-0.169,-0.005,-0.137,-0.180,-0.100,-0.090,-0.080
0.000,-0.165,-0.165,0.083,0.083,-0.165,-0.005,-0.135,-0.180,-0.100,-0.090,-0.080
-0.001,-0.165,-0.164,0.083,0.082,-0.165,-0.005,-0.135,-0.180,-0.100,-0.090,-0.080
0.000,-0.165,-0.165,0.083,0.083,-0.165,-0.005,-0.135,-0.180,-0.100,-0.090,-0.080
0.000,-0.165,-0.165,0.083,0.083,-0.165,-0.007,-0.135,-0.180,-0.100,-0.090,-0.080
0.000,-0.165,-0.165,0.083,0.083,-0.165,-0.010,-0.135,-0.180,-0.100,-0.090,-0.080
0.000,-0.165,-0.165,0.083,0.083,-0.165,-0.010,-0.135,-0.180,-0.100,-0.090,-0.080
0.000,-0.165,-0.165,0.083,0.083,-0.165,-0.010,-0.135,-0.176,-0.100,-0.090,-0.080
0.001,-0.165,-0.166,0.083,0.084,-0.165,-0.013,-0.135,-0.175,-0.097,-0.090,-0.083
-0.002,-0.165,-0.163,0.084,0.081,-0.164,-0.015,-0.135,-0.175,-0.094,-0.090,-0.086
-0.005,-0.165,-0.160,0.085,0.078,-0.162,-0.015,-0.135,-0.175,-0.095,-0.090,-0.085
-0.005,-0.165,-0.160,0.085,0.078,-0.162,-0.015,-0.135,-0.175,-0.095,-0.090,-0.085
-0.005,-0.165,-0.160,0.085,0.078,-0.162,-0.015,-0.135,-0.175,-0.095,-0.090,-0.085
-0.005,-0.165,-0.160,0.085,0.078,-0.162,-0.018,-0.135,-0.175,-0.095,-0.090,-0.085
-0.005,-0.165,-0.160,0.085,0.078,-0.162,-0.021,-0.135,-0.175,-0.095,-0.090,-0.085
-0.005,-0.165,-0.160,0.085,0.078,-0.162,-0.020,-0.135,-0.176,-0.095,-0.090,-0.085
-0.005,-0.165,-0.160,0.085,0.078,-0.162,-0.020,-0.135,-0.180,-0.095,-0.090,-0.085
0.000,-0.161,-0.160,0.080,0.080,-0.161,-0.022,-0.135,-0.185,-0.095,-0.090,-0.081
-0.003,-0.160,-0.157,0.082,0.077,-0.158,-0.010,-0.135,-0.183,-0.095,-0.090,-0.080
-0.004,-0.158,-0.154,0.082,0.076,-0.156,-0.023,-0.135,-0.193,-0.095,-0.090,-0.080
0.000,-0.155,-0.155,0.078,0.078,-0.155,-0.047,-0.135,-0.206,-0.095,-0.090,-0.080
0.000,-0.155,-0.155,0.078,0.078,-0.155,-0.040,-0.135,-0.200,-0.095,-0.090,-0.080
0.003,-0.152,-0.155,0.075,0.079,-0.153,-0.039,-0.135,-0.200,-0.099,-0.094,-0.080
0.009,-0.146,-0.155,0.069,0.082,-0.150,-0.040,-0.135,-0.200,-0.104,-0.095,-0.080
-0.009,-0.164,-0.155,0.087,0.073,-0.159,-0.040,-0.135,-0.200,-0.105,-0.095,-0.080
-0.032,-0.187,-0.155,0.110,0.062,-0.171,-0.040,-0.135,-0.200,-0.105,-0.095,-0.080
-0.025,-0.180,-0.155,0.103,0.065,-0.167,-0.040,-0.135,-0.200,-0.105,-0.095,-0.080
-0.025,-0.179,-0.155,0.103,0.065,-0.166,-0.040,-0.135,-0.200,-0.105,-0.095,-0.080
-0.022,-0.180,-0.158,0.101,0.068,-0.169,-0.041,-0.132,-0.201,-0.105,-0.095,-0.080
-0.019,-0.180,-0.161,0.100,0.071,-0.170,-0.038,-0.129,-0.198,-0.105,-0.095,-0.080
-0.020,-0.180,-0.160,0.100,0.070,-0.170,-0.035,-0.130,-0.195,-0.105,-0.095,-0.079
-0.020,-0.180,-0.160,0.100,0.070,-0.170,-0.035,-0.130,-0.195,-0.105,-0.095,-0.075
-0.020,-0.180,-0.160,0.100,0.070,-0.170,-0.035,-0.130,-0.195,-0.105,-0.095,-0.075
-0.021,-0.181,-0.159,0.101,0.069,-0.170,-0.035,-0.130,-0.195,-0.105,-0.095,-0.075
-0.016,-0.178,-0.162,0.097,0.073,-0.170,-0.035,-0.130,-0.195,-0.105,-0.095,-0.075
-0.009,-0.175,-0.165,0.092,0.079,-0.170,-0.035,-0.130,-0.195,-0.105,-0.095,-0.075
-0.010,-0.175,-0.165,0.093,0.078,-0.170,-0.035,-0.130,-0.195,-0.105,-0.095,-0.075
-0.010,-0.175,-0.165,0.093,0.078,-0.170,-0.035,-0.126,-0.195,-0.105,-0.095,-0.075
-0.010,-0.175,-0.165,0.093,0.078,-0.170,-0.032,-0.125,-0.192,-0.105,-0.095,-0.075
-0.010,-0.175,-0.165,0.093,0.078,-0.170,-0.029,-0.125,-0.189,-0.105,-0.095,-0.075
-0.011,-0.175,-0.164,0.093,0.077,-0.169,-0.030,-0.125,-0.190,-0.105,-0.095,-0.075
-0.015,-0.175,-0.160,0.095,0.073,-0.167,-0.030,-0.125,-0.190,-0.105,-0.095,-0.075
-0.016,-0.175,-0.160,0.096,0.073,-0.167,-0.030,-0.125,-0.190,-0.105,-0.095,-0.075
-0.012,-0.172,-0.160,0.092,0.074,-0.166,-0.030,-0.125,-0.190,-0.105,-0.095,-0.075
-0.010,-0.169,-0.160,0.089,0.075,-0.165,-0.030,-0.125,-0.190,-0.105,-0.095,-0.077
-0.010,-0.170,-0.160,0.090,0.075,-0.165,-0.030,-0.124,-0.190,-0.105,-0.095,-0.081
-0.010,-0.170,-0.160,0.090,0.075,-0.165,-0.030,-0.120,-0.190,-0.105,-0.095,-0.085
-0.010,-0.170,-0.160,0.090,0.075,-0.165,-0.030,-0.120,-0.190,-0.105,-0.095,-0.089
-0.010,-0.170,-0.160,0.090,0.075,-0.165,-0.027,-0.120,-0.193,-0.105,-0.096,-0.090
-0.010,-0.170,-0.160,0.090,0.075,-0.165,-0.024,-0.120,-0.196,-0.105,-0.093,-0.090
-0.009,-0.169,-0.160,0.089,0.075,-0.165,-0.025,-0.120,-0.195,-0.105,-0.090,-0.090
-0.010,-0.170,-0.160,0.090,0.075,-0.165,-0.025,-0.120,-0.195,-0.105,-0.090,-0.090
-0.018,-0.174,-0.156,0.096,0.069,-0.164,-0.021,-0.120,-0.195,-0.105,-0.090,-0.090
0.009,-0.145,-0.155,0.069,0.082,-0.149,-0.020,-0.120,-0.194,-0.105,-0.090,-0.090
-0.003,-0.158,-0.155,0.081,0.076,-0.157,-0.020,-0.120,-0.197,-0.105,-0.090,-0.090
-0.044,-0.199,-0.155,0.122,0.056,-0.177,-0.020,-0.121,-0.200,-0.105,-0.090,-0.090
-0.030,-0.185,-0.155,0.108,0.063,-0.170,-0.020,-0.125,-0.200,-0.105,-0.090,-0.090
-0.021,-0.176,-0.155,0.099,0.068,-0.165,-0.021,-0.127,-0.200,-0.105,-0.090,-0.090
-0.017,-0.173,-0.155,0.095,0.069,-0.163,-0.013,-0.115,-0.200,-0.105,-0.090,-0.090
-0.012,-0.166,-0.155,0.090,0.071,-0.160,-0.028,-0.126,-0.200,-0.105,-0.090,-0.090
-0.002,-0.158,-0.156,0.081,0.077,-0.156,-0.052,-0.147,-0.199,-0.105,-0.090,-0.090
0.005,-0.150,-0.155,0.073,0.080,-0.152,-0.045,-0.140,-0.195,-0.105,-0.090,-0.090
0.006,-0.145,-0.151,0.070,0.079,-0.148,-0.045,-0.140,-0.195,-0.103,-0.090,-0.090
0.036,-0.146,-0.182,0.055,0.110,-0.164,-0.042,-0.137,-0.192,-0.118,-0.087,-0.090
0.048,-0.142,-0.190,0.047,0.119,-0.165,-0.040,-0.135,-0.190,-0.126,-0.084,-0.090
-0.003,-0.152,-0.149,0.077,0.074,-0.150,-0.039,-0.134,-0.189,-0.118,-0.085,-0.090
-0.060,-0.185,-0.125,0.123,0.033,-0.155,-0.035,-0.130,-0.185,-0.115,-0.085,-0.090
-0.033,-0.183,-0.150,0.109,0.058,-0.166,-0.035,-0.130,-0.185,-0.115,-0.085,-0.090
-0.020,-0.175,-0.155,0.098,0.068,-0.165,-0.036,-0.131,-0.186,-0.112,-0.085,-0.090
-0.027,-0.175,-0.148,0.101,0.061,-0.161,-0.033,-0.128,-0.183,-0.110,-0.085,-0.090
-0.024,-0.174,-0.150,0.099,0.064,-0.162,-0.030,-0.125,-0.180,-0.110,-0.085,-0.090
-0.020,-0.170,-0.150,0.095,0.065,-0.160,-0.030,-0.125,-0.180,-0.105,-0.085,-0.090
-0.016,-0.165,-0.150,0.091,0.068,-0.157,-0.026,-0.121,-0.176,-0.100,-0.085,-0.090
-0.015,-0.166,-0.151,0.090,0.068,-0.157,-0.025,-0.120,-0.175,-0.100,-0.085,-0.090
-0.014,-0.162,-0.148,0.088,0.068,-0.155,-0.023,-0.118,-0.173,-0.098,-0.085,-0.090
-0.008,-0.153,-0.145,0.081,0.069,-0.149,-0.019,-0.114,-0.169,-0.095,-0.085,-0.090
0.000,-0.145,-0.145,0.073,0.073,-0.145,-0.020,-0.115,-0.170,-0.095,-0.085,-0.090
0.008,-0.137,-0.145,0.065,0.077,-0.141,-0.020,-0.116,-0.170,-0.091,-0.081,-0.086
0.015,-0.129,-0.145,0.057,0.081,-0.137,-0.017,-0.109,-0.167,-0.086,-0.077,-0.085
0.025,-0.121,-0.146,0.048,0.086,-0.133,-0.012,-0.103,-0.163,-0.085,-0.073,-0.083
0.029,-0.114,-0.143,0.043,0.086,-0.128,-0.010,-0.098,-0.159,-0.084,-0.070,-0.080
0.020,-0.110,-0.130,0.045,0.075,-0.120,-0.010,-0.090,-0.155,-0.080,-0.070,-0.080
0.016,-0.106,-0.122,0.045,0.069,-0.113,-0.006,-0.086,-0.151,-0.075,-0.066,-0.076
0.009,-0.105,-0.114,0.048,0.062,-0.109,-0.005,-0.079,-0.147,-0.075,-0.061,-0.075
0.001,-0.105,-0.106,0.052,0.054,-0.105,-0.004,-0.072,-0.143,-0.073,-0.060,-0.073
-0.007,-0.105,-0.098,0.056,0.046,-0.101,0.001,-0.071,-0.139,-0.070,-0.059,-0.070
-0.015,-0.105,-0.090,0.060,0.038,-0.097,0.005,-0.075,-0.135,-0.070,-0.055,-0.070
-0.019,-0.105,-0.086,0.062,0.034,-0.095,0.005,-0.075,-0.135,-0.070,-0.051,-0.066
-0.054,-0.106,-0.052,0.080,-0.001,-0.079,0.008,-0.075,-0.135,-0.070,-0.049,-0.065
-0.039,-0.102,-0.063,0.071,0.013,-0.082,0.011,-0.075,-0.135,-0.070,-0.052,-0.063
0.012,-0.093,-0.105,0.041,0.059,-0.098,0.009,-0.075,-0.135,-0.070,-0.055,-0.060
0.010,-0.085,-0.095,0.038,0.053,-0.090,0.000,-0.075,-0.135,-0.070,-0.055,-0.060
0.017,-0.077,-0.094,0.030,0.056,-0.086,-0.009,-0.074,-0.135,-0.070,-0.055,-0.056
0.024,-0.069,-0.092,0.023,0.059,-0.080,-0.013,-0.079,-0.135,-0.067,-0.055,-0.054
0.028,-0.061,-0.089,0.017,0.059,-0.075,-0.018,-0.078,-0.135,-0.064,-0.055,-0.057
0.038,-0.052,-0.090,0.007,0.065,-0.071,-0.027,-0.085,-0.135,-0.065,-0.055,-0.060
0.045,-0.045,-0.090,0.000,0.068,-0.067,-0.035,-0.110,-0.135,-0.065,-0.055,-0.060
0.037,-0.049,-0.086,0.006,0.061,-0.067,-0.041,-0.115,-0.135,-0.065,-0.055,-0.060
0.034,-0.051,-0.085,0.009,0.060,-0.067,-0.034,-0.117,-0.135,-0.065,-0.055,-0.060
0.034,-0.049,-0.083,0.008,0.058,-0.066,-0.046,-0.122,-0.135,-0.065,-0.055,-0.060
0.029,-0.051,-0.080,0.011,0.055,-0.065,-0.067,-0.126,-0.135,-0.065,-0.055,-0.060
0.030,-0.050,-0.080,0.010,0.055,-0.065,-0.060,-0.125,-0.135,-0.065,-0.055,-0.060
0.038,-0.039,-0.077,0.000,0.057,-0.058,-0.059,-0.121,-0.132,-0.061,-0.055,-0.060
0.045,-0.059,-0.104,0.007,0.075,-0.082,-0.060,-0.120,-0.157,-0.060,-0.055,-0.060
0.057,-0.069,-0.126,0.006,0.092,-0.098,-0.060,-0.118,-0.172,-0.060,-0.055,-0.060
0.074,-0.051,-0.125,-0.011,0.100,-0.088,-0.060,-0.114,-0.163,-0.060,-0.055,-0.060
0.080,-0.045,-0.125,-0.017,0.103,-0.085,-0.060,-0.115,-0.160,-0.060,-0.055,-0.060
0.066,-0.059,-0.125,-0.003,0.096,-0.092,-0.056,-0.115,-0.160,-0.060,-0.055,-0.060
0.039,-0.086,-0.125,0.024,0.083,-0.105,-0.055,-0.112,-0.157,-0.060,-0.055,-0.060
0.028,-0.096,-0.125,0.035,0.077,-0.110,-0.055,-0.109,-0.153,-0.060,-0.055,-0.060
0.038,-0.088,-0.126,0.025,0.082,-0.106,-0.055,-0.110,-0.149,-0.059,-0.055,-0.060
0.035,-0.090,-0.125,0.028,0.080,-0.107,-0.055,-0.110,-0.150,-0.060,-0.055,-0.060
-0.001,-0.118,-0.118,0.060,0.059,-0.118,-0.055,-0.106,-0.162,-0.077,-0.059,-0.064
0.006,-0.134,-0.141,0.064,0.074,-0.137,-0.056,-0.104,-0.169,-0.082,-0.064,-0.069
0.026,-0.135,-0.161,0.055,0.094,-0.148,-0.053,-0.106,-0.171,-0.078,-0.063,-0.069
0.015,-0.145,-0.160,0.065,0.087,-0.152,-0.050,-0.104,-0.177,-0.083,-0.069,-0.073
-0.005,-0.165,-0.160,0.085,0.078,-0.162,-0.050,-0.100,-0.185,-0.100,-0.090,-0.090
-0.002,-0.162,-0.160,0.082,0.079,-0.161,-0.050,-0.101,-0.189,-0.105,-0.095,-0.095
0.001,-0.159,-0.160,0.079,0.081,-0.159,-0.050,-0.096,-0.193,-0.104,-0.097,-0.094
-0.001,-0.161,-0.160,0.081,0.079,-0.160,-0.050,-0.115,-0.197,-0.107,-0.103,-0.097
0.002,-0.159,-0.160,0.078,0.081,-0.160,-0.049,-0.144,-0.202,-0.110,-0.105,-0.100
0.000,-0.160,-0.160,0.080,0.080,-0.160,-0.045,-0.145,-0.210,-0.110,-0.105,-0.100
-0.028,-0.185,-0.157,0.106,0.065,-0.171,-0.045,-0.149,-0.214,-0.122,-0.109,-0.108
-0.014,-0.193,-0.179,0.103,0.083,-0.186,-0.045,-0.151,-0.218,-0.129,-0.111,-0.114
0.002,-0.189,-0.191,0.094,0.097,-0.190,-0.045,-0.150,-0.220,-0.130,-0.109,-0.115
-0.006,-0.190,-0.184,0.099,0.089,-0.186,-0.045,-0.150,-0.220,-0.130,-0.111,-0.116
-0.005,-0.190,-0.185,0.098,0.090,-0.187,-0.045,-0.150,-0.220,-0.130,-0.120,-0.120
-0.004,-0.190,-0.186,0.098,0.091,-0.187,-0.045,-0.150,-0.220,-0.134,-0.125,-0.120
-0.008,-0.190,-0.182,0.099,0.087,-0.186,-0.042,-0.150,-0.220,-0.136,-0.125,-0.120
-0.010,-0.190,-0.179,0.100,0.085,-0.185,-0.039,-0.150,-0.220,-0.134,-0.125,-0.120
-0.011,-0.191,-0.180,0.101,0.085,-0.185,-0.040,-0.150,-0.220,-0.136,-0.125,-0.120
-0.015,-0.195,-0.180,0.105,0.083,-0.187,-0.040,-0.150,-0.220,-0.140,-0.125,-0.120
-0.019,-0.195,-0.176,0.108,0.079,-0.185,-0.036,-0.150,-0.220,-0.140,-0.125,-0.120
-0.021,-0.196,-0.174,0.109,0.077,-0.185,-0.035,-0.150,-0.220,-0.140,-0.125,-0.120
-0.033,-0.209,-0.176,0.121,0.071,-0.192,-0.035,-0.150,-0.220,-0.140,-0.125,-0.120
-0.047,-0.221,-0.174,0.134,0.064,-0.197,-0.035,-0.150,-0.220,-0.140,-0.125,-0.120
-0.045,-0.215,-0.170,0.130,0.063,-0.192,-0.035,-0.150,-0.220,-0.140,-0.125,-0.120
-0.045,-0.214,-0.170,0.130,0.063,-0.192,-0.031,-0.150,-0.224,-0.140,-0.125,-0.120
-0.045,-0.216,-0.171,0.130,0.063,-0.193,-0.030,-0.150,-0.225,-0.140,-0.125,-0.120
-0.045,-0.213,-0.168,0.129,0.062,-0.190,-0.030,-0.150,-0.225,-0.140,-0.125,-0.120
-0.045,-0.210,-0.165,0.128,0.060,-0.187,-0.030,-0.150,-0.225,-0.140,-0.125,-0.120
-0.045,-0.210,-0.165,0.128,0.060,-0.187,-0.030,-0.150,-0.225,-0.140,-0.125,-0.120
-0.045,-0.210,-0.165,0.128,0.060,-0.187,-0.026,-0.150,-0.225,-0.140,-0.125,-0.120
-0.045,-0.207,-0.162,0.126,0.059,-0.184,-0.024,-0.150,-0.225,-0.140,-0.125,-0.120
-0.045,-0.204,-0.159,0.125,0.058,-0.181,-0.026,-0.150,-0.225,-0.140,-0.125,-0.120
-0.045,-0.205,-0.160,0.125,0.058,-0.182,-0.024,-0.150,-0.225,-0.140,-0.125,-0.120
-0.045,-0.205,-0.160,0.125,0.058,-0.182,-0.020,-0.150,-0.225,-0.140,-0.125,-0.120
-0.045,-0.201,-0.156,0.123,0.055,-0.178,-0.020,-0.150,-0.225,-0.140,-0.125,-0.120
-0.045,-0.199,-0.155,0.123,0.055,-0.177,-0.020,-0.150,-0.225,-0.140,-0.125,-0.120
-0.046,-0.201,-0.154,0.124,0.054,-0.177,-0.020,-0.151,-0.226,-0.140,-0.125,-0.120
-0.043,-0.199,-0.156,0.122,0.057,-0.177,-0.019,-0.149,-0.224,-0.140,-0.125,-0.120
-0.040,-0.195,-0.155,0.118,0.058,-0.175,-0.015,-0.140,-0.215,-0.140,-0.125,-0.120
-0.057,-0.195,-0.137,0.126,0.041,-0.166,-0.015,-0.132,-0.211,-0.140,-0.125,-0.120
-0.021,-0.195,-0.174,0.109,0.077,-0.184,-0.014,-0.124,-0.207,-0.140,-0.124,-0.120
0.002,-0.194,-0.196,0.097,0.100,-0.195,-0.019,-0.117,-0.205,-0.140,-0.129,-0.119
-0.020,-0.196,-0.176,0.108,0.078,-0.186,-0.008,-0.105,-0.196,-0.140,-0.136,-0.123
-0.040,-0.210,-0.170,0.125,0.065,-0.190,0.040,-0.060,-0.170,-0.140,-0.140,-0.145
-0.075,-0.237,-0.163,0.156,0.044,-0.200,0.081,0.032,-0.149,-0.140,-0.162,-0.168
-0.078,-0.228,-0.151,0.153,0.036,-0.189,0.118,0.108,-0.133,-0.139,-0.163,-0.160
-0.050,-0.190,-0.141,0.120,0.046,-0.165,0.149,0.144,-0.116,-0.144,-0.160,-0.143
-0.063,-0.195,-0.133,0.130,0.035,-0.164,0.169,0.176,-0.103,-0.132,-0.148,-0.131
-0.105,-0.230,-0.125,0.168,0.010,-0.177,0.195,0.250,-0.075,-0.080,-0.110,-0.115
-0.009,-0.137,-0.128,0.073,0.059,-0.132,0.246,0.370,0.031,-0.038,-0.080,-0.106
0.074,-0.061,-0.135,-0.007,0.105,-0.098,0.266,0.480,0.136,0.029,-0.029,-0.065
0.083,-0.030,-0.114,-0.026,0.099,-0.072,0.298,0.630,0.274,0.143,0.043,-0.022
0.121,0.051,-0.070,-0.086,0.095,-0.010,0.333,0.775,0.453,0.295,0.146,0.036
0.220,0.190,-0.030,-0.205,0.125,0.080,0.320,0.825,0.615,0.460,0.285,0.145
0.227,0.259,0.032,-0.243,0.097,0.146,0.315,0.877,0.782,0.628,0.418,0.251
0.277,0.377,0.100,-0.327,0.088,0.238,0.272,0.881,0.957,0.829,0.582,0.377
0.357,0.498,0.141,-0.428,0.107,0.319,0.194,0.864,1.132,1.020,0.736,0.495
0.432,0.627,0.196,-0.530,0.117,0.411,0.091,0.849,1.339,1.233,0.906,0.633
0.515,0.825,0.310,-0.670,0.102,0.567,-0.040,0.805,1.590,1.515,1.140,0.825
0.555,0.979,0.425,-0.768,0.065,0.701,-0.181,0.706,1.779,1.750,1.334,0.978
0.604,1.151,0.547,-0.878,0.028,0.849,-0.339,0.509,1.901,1.958,1.512,1.124
0.597,1.184,0.586,-0.891,0.005,0.884,-0.399,0.357,1.964,1.997,1.552,1.143
0.512,1.066,0.555,-0.789,-0.022,0.810,-0.369,0.268,1.945,1.916,1.453,1.039
0.440,0.980,0.540,-0.710,-0.050,0.760,-0.360,0.115,1.800,1.850,1.340,0.945
0.411,0.894,0.484,-0.652,-0.036,0.689,-0.348,-0.080,1.521,1.614,1.185,0.839
0.278,0.716,0.439,-0.497,-0.081,0.578,-0.341,-0.240,1.143,1.275,0.958,0.683
0.186,0.516,0.330,-0.351,-0.072,0.423,-0.323,-0.414,0.658,0.866,0.687,0.494
0.180,0.367,0.187,-0.274,-0.004,0.277,-0.294,-0.540,0.144,0.437,0.431,0.330
0.110,0.235,0.125,-0.173,-0.008,0.180,-0.265,-0.495,-0.260,0.085,0.225,0.210
0.010,0.074,0.063,-0.042,-0.027,0.069,-0.213,-0.381,-0.494,-0.142,0.050,0.077
0.022,-0.028,-0.050,0.003,0.037,-0.039,-0.165,-0.292,-0.490,-0.220,-0.028,0.001
0.045,-0.110,-0.154,0.033,0.100,-0.131,-0.109,-0.165,-0.414,-0.209,-0.068,-0.045
0.004,-0.200,-0.203,0.099,0.103,-0.201,-0.045,-0.005,-0.356,-0.178,-0.115,-0.097
-0.020,-0.250,-0.230,0.135,0.105,-0.240,0.015,0.105,-0.275,-0.155,-0.135,-0.125
0.006,-0.255,-0.261,0.125,0.134,-0.258,0.080,0.185,-0.241,-0.142,-0.128,-0.122
0.001,-0.258,-0.259,0.129,0.130,-0.258,0.092,0.192,-0.211,-0.134,-0.122,-0.116
0.004,-0.241,-0.246,0.118,0.125,-0.243,0.081,0.173,-0.185,-0.124,-0.116,-0.113
0.036,-0.200,-0.236,0.082,0.136,-0.218,0.079,0.169,-0.171,-0.112,-0.109,-0.109
0.040,-0.170,-0.210,0.065,0.125,-0.190,0.075,0.160,-0.155,-0.105,-0.105,-0.105
0.019,-0.165,-0.184,0.073,0.102,-0.174,0.071,0.152,-0.139,-0.098,-0.097,-0.101
0.010,-0.163,-0.173,0.076,0.092,-0.168,0.067,0.144,-0.125,-0.086,-0.092,-0.100
0.009,-0.158,-0.166,0.075,0.088,-0.162,0.063,0.137,-0.117,-0.076,-0.088,-0.098
0.004,-0.154,-0.158,0.075,0.081,-0.156,0.058,0.126,-0.115,-0.068,-0.085,-0.095
0.000,-0.150,-0.150,0.075,0.075,-0.150,0.050,0.105,-0.115,-0.060,-0.085,-0.095
-0.004,-0.146,-0.142,0.075,0.070,-0.143,0.046,0.086,-0.115,-0.064,-0.085,-0.095
-0.011,-0.145,-0.134,0.078,0.062,-0.139,0.042,0.060,-0.112,-0.065,-0.082,-0.096
-0.019,-0.145,-0.126,0.082,0.054,-0.135,0.038,0.031,-0.109,-0.067,-0.080,-0.093
-0.026,-0.145,-0.119,0.086,0.047,-0.131,0.034,0.012,-0.110,-0.070,-0.080,-0.090
-0.030,-0.145,-0.115,0.088,0.043,-0.130,0.030,0.005,-0.110,-0.070,-0.080,-0.090
-0.030,-0.145,-0.115,0.088,0.043,-0.130,0.026,0.001,-0.110,-0.074,-0.080,-0.090
-0.029,-0.145,-0.116,0.088,0.044,-0.130,0.021,-0.006,-0.107,-0.076,-0.077,-0.090
-0.032,-0.145,-0.113,0.089,0.041,-0.129,0.020,-0.012,-0.104,-0.073,-0.074,-0.090
-0.035,-0.145,-0.110,0.090,0.038,-0.127,0.019,-0.017,-0.105,-0.069,-0.075,-0.089
-0.035,-0.145,-0.110,0.090,0.038,-0.127,0.015,-0.025,-0.105,-0.065,-0.075,-0.085
-0.034,-0.145,-0.111,0.090,0.039,-0.127,0.015,-0.029,-0.101,-0.065,-0.071,-0.085
-0.038,-0.145,-0.107,0.092,0.035,-0.126,0.016,-0.033,-0.100,-0.062,-0.070,-0.085
-0.039,-0.144,-0.105,0.092,0.033,-0.125,0.013,-0.036,-0.100,-0.060,-0.070,-0.085
-0.042,-0.146,-0.104,0.094,0.032,-0.125,0.010,-0.044,-0.100,-0.060,-0.070,-0.085
-0.045,-0.145,-0.100,0.095,0.028,-0.122,0.010,-0.060,-0.100,-0.055,-0.070,-0.085
-0.015,-0.115,-0.100,0.065,0.043,-0.107,0.010,-0.057,-0.096,-0.050,-0.066,-0.081
0.022,-0.075,-0.097,0.027,0.060,-0.086,0.007,-0.054,-0.095,-0.050,-0.065,-0.076
0.026,-0.069,-0.095,0.022,0.061,-0.082,0.004,-0.055,-0.095,-0.048,-0.063,-0.075
0.006,-0.088,-0.094,0.042,0.051,-0.091,0.005,-0.055,-0.095,-0.045,-0.060,-0.074
0.000,-0.090,-0.090,0.045,0.045,-0.090,0.005,-0.055,-0.095,-0.045,-0.060,-0.070
0.000,-0.090,-0.090,0.045,0.045,-0.090,0.001,-0.051,-0.091,-0.041,-0.056,-0.070
-0.003,-0.090,-0.087,0.047,0.042,-0.088,0.000,-0.050,-0.090,-0.040,-0.055,-0.068
-0.005,-0.090,-0.085,0.048,0.040,-0.087,-0.002,-0.050,-0.088,-0.038,-0.053,-0.062
-0.005,-0.090,-0.084,0.048,0.039,-0.087,-0.006,-0.050,-0.085,-0.034,-0.050,-0.060
-0.010,-0.090,-0.080,0.050,0.035,-0.085,-0.005,-0.050,-0.085,-0.035,-0.050,-0.060
-0.012,-0.092,-0.080,0.052,0.034,-0.086,-0.005,-0.050,-0.081,-0.035,-0.046,-0.056
0.000,-0.080,-0.081,0.040,0.040,-0.081,-0.008,-0.047,-0.080,-0.032,-0.045,-0.055
-0.013,-0.091,-0.078,0.052,0.033,-0.084,-0.011,-0.044,-0.078,-0.029,-0.044,-0.053
-0.038,-0.112,-0.075,0.075,0.019,-0.093,-0.010,-0.045,-0.075,-0.030,-0.039,-0.049
-0.030,-0.105,-0.075,0.068,0.023,-0.090,-0.010,-0.045,-0.075,-0.030,-0.035,-0.050
-0.025,-0.101,-0.075,0.063,0.025,-0.088,-0.014,-0.045,-0.071,-0.026,-0.035,-0.050
-0.025,-0.097,-0.072,0.061,0.024,-0.084,-0.015,-0.042,-0.070,-0.024,-0.032,-0.047
-0.024,-0.093,-0.069,0.058,0.023,-0.081,-0.015,-0.039,-0.068,-0.026,-0.030,-0.044
-0.019,-0.089,-0.070,0.054,0.026,-0.080,-0.015,-0.040,-0.065,-0.024,-0.030,-0.045
-0.015,-0.085,-0.070,0.050,0.028,-0.077,-0.015,-0.040,-0.065,-0.020,-0.025,-0.045
-0.014,-0.080,-0.066,0.048,0.026,-0.072,-0.015,-0.040,-0.061,-0.020,-0.020,-0.041
-0.018,-0.083,-0.064,0.051,0.023,-0.073,-0.015,-0.040,-0.061,-0.021,-0.020,-0.039
-0.020,-0.086,-0.066,0.053,0.023,-0.076,-0.015,-0.038,-0.057,-0.017,-0.018,-0.041
-0.021,-0.085,-0.064,0.053,0.022,-0.074,-0.015,-0.034,-0.049,-0.008,-0.015,-0.039
-0.025,-0.085,-0.060,0.055,0.018,-0.072,-0.015,-0.030,-0.045,-0.005,-0.015,-0.035
-0.025,-0.085,-0.060,0.055,0.018,-0.072,-0.018,-0.026,-0.037,-0.002,-0.011,-0.035
-0.024,-0.085,-0.061,0.054,0.019,-0.072,0.008,-0.022,-0.032,0.006,-0.007,-0.036
-0.028,-0.086,-0.058,0.057,0.015,-0.071,0.020,-0.018,-0.026,0.012,-0.003,-0.033
-0.029,-0.084,-0.055,0.057,0.014,-0.069,0.008,-0.014,-0.019,0.016,0.000,-0.030
-0.020,-0.075,-0.055,0.048,0.018,-0.065,0.005,-0.010,-0.015,0.020,0.000,-0.030
-0.016,-0.066,-0.051,0.042,0.018,-0.059,-0.003,-0.002,-0.007,0.021,0.004,-0.030
0.025,-0.062,-0.087,0.019,0.056,-0.074,-0.008,0.003,0.001,0.018,0.009,-0.027
0.050,-0.057,-0.107,0.004,0.079,-0.081,-0.014,0.009,0.009,0.028,0.010,-0.024
0.045,-0.048,-0.092,0.002,0.068,-0.070,-0.021,0.016,0.017,0.042,0.011,-0.025
0.050,-0.040,-0.090,-0.005,0.070,-0.065,-0.025,0.020,0.025,0.040,0.015,-0.025
0.051,-0.036,-0.087,-0.007,0.069,-0.061,-0.029,0.028,0.033,0.039,0.020,-0.017
0.047,-0.032,-0.079,-0.007,0.063,-0.055,-0.030,0.033,0.038,0.049,0.020,-0.011
0.045,-0.028,-0.073,-0.008,0.059,-0.050,-0.030,0.037,0.042,0.058,0.022,-0.008
0.045,-0.024,-0.069,-0.010,0.058,-0.046,-0.030,0.041,0.046,0.061,0.025,-0.004
0.045,-0.020,-0.065,-0.012,0.055,-0.042,-0.030,0.045,0.050,0.065,0.025,0.000
0.045,-0.016,-0.061,-0.015,0.054,-0.038,-0.030,0.050,0.055,0.070,0.030,0.004
0.044,-0.012,-0.056,-0.016,0.051,-0.034,-0.030,0.048,0.052,0.068,0.028,0.008
0.047,-0.008,-0.055,-0.019,0.051,-0.031,-0.030,0.059,0.066,0.079,0.037,0.014
0.050,-0.004,-0.054,-0.022,0.053,-0.029,-0.030,0.078,0.089,0.098,0.053,0.022
0.050,0.000,-0.050,-0.025,0.050,-0.025,-0.030,0.080,0.095,0.100,0.055,0.030
0.057,0.007,-0.050,-0.032,0.053,-0.021,-0.030,0.079,0.103,0.100,0.055,0.035
0.033,-0.015,-0.048,-0.008,0.040,-0.031,-0.033,0.084,0.109,0.100,0.056,0.035
0.021,-0.022,-0.042,0.001,0.032,-0.032,-0.036,0.084,0.109,0.099,0.053,0.035
0.039,-0.001,-0.040,-0.019,0.040,-0.020,-0.035,0.087,0.113,0.101,0.058,0.035
0.050,0.010,-0.040,-0.030,0.045,-0.015,-0.035,0.105,0.135,0.115,0.075,0.035
0.061,0.025,-0.036,-0.043,0.048,-0.005,-0.035,0.122,0.161,0.137,0.078,0.043
0.078,0.043,-0.035,-0.060,0.056,0.004,-0.035,0.128,0.171,0.142,0.092,0.051
0.073,0.039,-0.034,-0.056,0.053,0.003,-0.035,0.136,0.184,0.154,0.102,0.061
0.068,0.039,-0.029,-0.054,0.048,0.005,-0.035,0.155,0.203,0.174,0.108,0.072
0.090,0.065,-0.025,-0.077,0.057,0.020,-0.035,0.170,0.210,0.180,0.125,0.075
0.075,0.055,-0.021,-0.065,0.048,0.017,-0.035,0.175,0.217,0.183,0.130,0.074
0.063,0.042,-0.020,-0.053,0.041,0.011,-0.034,0.175,0.231,0.192,0.129,0.082
0.058,0.039,-0.019,-0.049,0.038,0.010,-0.037,0.176,0.235,0.197,0.133,0.084
0.109,0.095,-0.014,-0.102,0.061,0.040,-0.040,0.201,0.256,0.221,0.160,0.098
0.215,0.205,-0.010,-0.210,0.112,0.097,-0.040,0.245,0.310,0.270,0.200,0.135
0.216,0.206,-0.010,-0.211,0.113,0.098,-0.040,0.243,0.313,0.276,0.198,0.133
0.204,0.197,-0.008,-0.200,0.106,0.094,-0.043,0.237,0.306,0.276,0.190,0.125
0.203,0.201,-0.002,-0.202,0.103,0.099,-0.046,0.245,0.318,0.285,0.190,0.127
0.200,0.200,0.000,-0.200,0.100,0.100,-0.045,0.258,0.341,0.299,0.199,0.139
0.200,0.200,0.000,-0.200,0.100,0.100,-0.045,0.270,0.360,0.315,0.220,0.155
0.185,0.200,0.015,-0.192,0.085,0.108,-0.049,0.283,0.372,0.327,0.241,0.168
0.169,0.200,0.031,-0.185,0.069,0.115,-0.050,0.289,0.384,0.337,0.252,0.174
0.164,0.200,0.036,-0.183,0.064,0.117,-0.052,0.290,0.395,0.342,0.257,0.177
0.165,0.200,0.035,-0.183,0.065,0.117,-0.055,0.291,0.401,0.347,0.261,0.181
0.165,0.200,0.035,-0.183,0.065,0.117,-0.055,0.295,0.405,0.355,0.265,0.185
0.166,0.201,0.035,-0.184,0.065,0.117,-0.059,0.295,0.409,0.358,0.267,0.184
0.162,0.197,0.035,-0.180,0.064,0.116,-0.060,0.299,0.416,0.374,0.284,0.195
0.175,0.210,0.035,-0.193,0.070,0.122,-0.060,0.313,0.438,0.395,0.303,0.214
0.201,0.236,0.035,-0.219,0.083,0.135,-0.060,0.328,0.458,0.407,0.312,0.228
0.215,0.250,0.035,-0.233,0.090,0.142,-0.060,0.330,0.455,0.410,0.320,0.240
0.216,0.251,0.035,-0.234,0.090,0.143,-0.060,0.328,0.453,0.413,0.324,0.248
0.213,0.247,0.035,-0.231,0.089,0.141,-0.060,0.343,0.468,0.427,0.331,0.253
0.222,0.258,0.036,-0.241,0.093,0.147,-0.060,0.349,0.475,0.439,0.337,0.257
0.238,0.271,0.033,-0.255,0.102,0.152,-0.061,0.338,0.469,0.439,0.342,0.261
0.230,0.265,0.035,-0.248,0.097,0.150,-0.060,0.335,0.470,0.440,0.350,0.265
0.196,0.265,0.069,-0.231,0.063,0.167,-0.049,0.331,0.471,0.457,0.346,0.265
0.190,0.265,0.075,-0.228,0.057,0.170,-0.068,0.327,0.467,0.456,0.344,0.265
0.196,0.265,0.069,-0.230,0.063,0.166,-0.082,0.323,0.464,0.445,0.345,0.265
0.195,0.265,0.069,-0.230,0.062,0.167,-0.073,0.319,0.466,0.438,0.345,0.265
0.200,0.265,0.065,-0.233,0.067,0.165,-0.070,0.315,0.465,0.430,0.345,0.265
0.201,0.266,0.065,-0.234,0.067,0.166,-0.066,0.303,0.449,0.422,0.345,0.265
0.197,0.259,0.062,-0.228,0.067,0.160,-0.062,0.291,0.436,0.414,0.346,0.266
0.193,0.253,0.060,-0.223,0.066,0.156,-0.058,0.279,0.421,0.406,0.340,0.260
0.189,0.248,0.059,-0.219,0.065,0.154,-0.055,0.268,0.400,0.397,0.327,0.247
0.185,0.240,0.055,-0.213,0.065,0.147,-0.055,0.260,0.380,0.385,0.315,0.240
0.181,0.236,0.055,-0.209,0.062,0.146,-0.051,0.244,0.356,0.373,0.303,0.232
0.177,0.229,0.052,-0.203,0.062,0.140,-0.050,0.231,0.332,0.361,0.291,0.221
0.174,0.224,0.050,-0.199,0.062,0.137,-0.048,0.217,0.308,0.350,0.277,0.210
0.168,0.216,0.049,-0.192,0.059,0.133,-0.044,0.202,0.285,0.334,0.261,0.204
0.155,0.195,0.040,-0.175,0.057,0.117,-0.045,0.190,0.265,0.305,0.245,0.195
0.143,0.175,0.032,-0.159,0.056,0.103,-0.046,0.174,0.245,0.277,0.228,0.179
0.129,0.153,0.024,-0.141,0.052,0.089,-0.042,0.161,0.226,0.249,0.217,0.166
0.110,0.126,0.016,-0.118,0.047,0.071,-0.040,0.147,0.200,0.220,0.201,0.152
0.099,0.107,0.008,-0.103,0.046,0.058,-0.039,0.132,0.167,0.195,0.180,0.137
0.105,0.105,0.000,-0.105,0.052,0.052,-0.035,0.120,0.135,0.180,0.160,0.125
0.109,0.101,-0.008,-0.105,0.059,0.047,-0.035,0.094,0.101,0.164,0.133,0.113
0.113,0.096,-0.016,-0.104,0.064,0.040,-0.036,0.056,0.056,0.148,0.101,0.104
0.118,0.095,-0.023,-0.106,0.070,0.036,-0.031,0.063,0.053,0.132,0.102,0.094
0.111,0.085,-0.026,-0.098,0.068,0.029,-0.024,0.085,0.069,0.115,0.114,0.083
0.085,0.055,-0.030,-0.070,0.057,0.012,-0.020,0.055,0.040,0.095,0.090,0.075
0.064,0.025,-0.038,-0.045,0.051,-0.006,-0.012,0.033,0.015,0.075,0.068,0.063
0.052,0.009,-0.043,-0.031,0.047,-0.017,-0.007,0.023,-0.005,0.052,0.058,0.054
0.049,0.001,-0.048,-0.024,0.048,-0.024,-0.001,0.016,-0.026,0.029,0.051,0.044
0.033,-0.015,-0.049,-0.009,0.041,-0.032,0.007,0.008,-0.043,0.012,0.043,0.033
-0.010,-0.045,-0.035,0.028,0.013,-0.040,0.010,0.000,-0.055,0.005,0.035,0.025
-0.054,-0.076,-0.022,0.065,-0.016,-0.049,0.006,-0.008,-0.075,0.001,0.027,0.017
-0.028,-0.080,-0.052,0.054,0.012,-0.065,0.004,-0.016,-0.093,-0.002,0.019,0.009
0.005,-0.072,-0.077,0.034,0.041,-0.074,0.006,-0.023,-0.105,-0.009,0.011,0.001
0.005,-0.069,-0.074,0.033,0.040,-0.071,0.004,-0.034,-0.111,-0.017,0.003,-0.007
0.010,-0.065,-0.075,0.028,0.043,-0.070,0.000,-0.050,-0.115,-0.020,-0.005,-0.015
0.018,-0.061,-0.079,0.021,0.049,-0.070,0.000,-0.055,-0.119,-0.023,-0.009,-0.020
0.022,-0.058,-0.080,0.017,0.051,-0.068,0.000,-0.055,-0.120,-0.037,-0.012,-0.020
0.030,-0.051,-0.081,0.011,0.056,-0.066,0.000,-0.055,-0.123,-0.049,-0.019,-0.022
0.034,-0.052,-0.086,0.010,0.060,-0.069,-0.001,-0.055,-0.132,-0.050,-0.026,-0.025
0.020,-0.065,-0.085,0.023,0.053,-0.075,-0.005,-0.055,-0.140,-0.055,-0.030,-0.025
0.011,-0.067,-0.078,0.028,0.045,-0.072,-0.005,-0.062,-0.144,-0.063,-0.034,-0.029
0.038,-0.060,-0.099,0.011,0.069,-0.079,-0.004,-0.079,-0.148,-0.068,-0.039,-0.030
0.031,-0.081,-0.112,0.025,0.072,-0.096,-0.007,-0.085,-0.152,-0.072,-0.040,-0.032
-0.004,-0.108,-0.103,0.056,0.050,-0.105,-0.010,-0.079,-0.156,-0.076,-0.041,-0.035
0.000,-0.100,-0.100,0.050,0.050,-0.100,-0.010,-0.080,-0.160,-0.080,-0.045,-0.035
-0.004,-0.100,-0.096,0.052,0.046,-0.097,-0.010,-0.080,-0.161,-0.081,-0.045,-0.039
-0.004,-0.099,-0.095,0.052,0.046,-0.096,-0.009,-0.080,-0.157,-0.077,-0.048,-0.040
-0.011,-0.105,-0.094,0.058,0.041,-0.099,-0.012,-0.080,-0.154,-0.074,-0.051,-0.042
-0.002,-0.090,-0.089,0.046,0.043,-0.090,-0.015,-0.079,-0.155,-0.075,-0.049,-0.045
0.025,-0.060,-0.085,0.018,0.055,-0.072,-0.015,-0.075,-0.155,-0.075,-0.045,-0.045
-0.032,-0.117,-0.085,0.075,0.027,-0.101,-0.015,-0.075,-0.155,-0.075,-0.045,-0.045
-0.052,-0.134,-0.083,0.093,0.016,-0.108,-0.016,-0.075,-0.156,-0.076,-0.045,-0.046
-0.043,-0.121,-0.077,0.082,0.017,-0.098,-0.013,-0.075,-0.152,-0.073,-0.045,-0.043
-0.044,-0.119,-0.075,0.082,0.015,-0.097,-0.010,-0.075,-0.160,-0.079,-0.045,-0.040
-0.040,-0.115,-0.075,0.078,0.018,-0.095,-0.010,-0.075,-0.185,-0.100,-0.045,-0.040
-0.044,-0.115,-0.071,0.080,0.014,-0.093,-0.010,-0.075,-0.183,-0.097,-0.045,-0.040
-0.046,-0.113,-0.067,0.079,0.011,-0.089,-0.010,-0.072,-0.176,-0.095,-0.046,-0.040
-0.045,-0.107,-0.062,0.077,0.009,-0.084,-0.010,-0.069,-0.175,-0.093,-0.043,-0.040
-0.045,-0.105,-0.060,0.075,0.008,-0.082,-0.010,-0.070,-0.174,-0.090,-0.040,-0.040
-0.045,-0.105,-0.060,0.075,0.008,-0.082,-0.010,-0.070,-0.170,-0.090,-0.040,-0.040
-0.044,-0.101,-0.057,0.073,0.006,-0.079,-0.010,-0.070,-0.166,-0.086,-0.040,-0.040
-0.014,-0.096,-0.082,0.056,0.034,-0.089,-0.007,-0.071,-0.165,-0.085,-0.040,-0.037
0.002,-0.095,-0.097,0.047,0.050,-0.096,-0.004,-0.068,-0.163,-0.083,-0.040,-0.034
-0.005,-0.094,-0.089,0.050,0.042,-0.091,-0.005,-0.065,-0.159,-0.079,-0.040,-0.035
0.000,-0.090,-0.090,0.045,0.045,-0.090,-0.005,-0.065,-0.155,-0.080,-0.040,-0.035
0.000,-0.090,-0.090,0.045,0.045,-0.090,-0.005,-0.065,-0.151,-0.080,-0.040,-0.035
0.000,-0.090,-0.090,0.045,0.045,-0.090,-0.005,-0.065,-0.150,-0.077,-0.037,-0.035
-0.002,-0.090,-0.088,0.046,0.043,-0.089,-0.005,-0.065,-0.149,-0.074,-0.034,-0.035
-0.006,-0.090,-0.085,0.048,0.039,-0.087,-0.005,-0.065,-0.144,-0.075,-0.035,-0.035
-0.005,-0.090,-0.085,0.048,0.040,-0.087,-0.005,-0.065,-0.140,-0.075,-0.035,-0.035
-0.001,-0.086,-0.085,0.044,0.042,-0.085,-0.001,-0.069,-0.140,-0.071,-0.035,-0.031
0.001,-0.085,-0.086,0.042,0.044,-0.085,0.000,-0.070,-0.137,-0.069,-0.035,-0.030
-0.002,-0.085,-0.083,0.044,0.041,-0.084,0.000,-0.070,-0.133,-0.071,-0.035,-0.030
-0.005,-0.085,-0.080,0.045,0.038,-0.082,0.000,-0.070,-0.129,-0.069,-0.035,-0.030
-0.005,-0.085,-0.080,0.045,0.038,-0.082,0.000,-0.070,-0.130,-0.065,-0.035,-0.030
-0.005,-0.085,-0.080,0.045,0.038,-0.082,0.000,-0.070,-0.147,-0.065,-0.035,-0.030
-0.006,-0.086,-0.080,0.046,0.038,-0.082,0.000,-0.070,-0.149,-0.066,-0.038,-0.030
-0.003,-0.083,-0.080,0.043,0.039,-0.081,0.000,-0.070,-0.144,-0.063,-0.041,-0.030
0.000,-0.080,-0.079,0.040,0.039,-0.079,0.000,-0.070,-0.145,-0.060,-0.040,-0.030
-0.005,-0.080,-0.075,0.043,0.035,-0.077,0.000,-0.070,-0.145,-0.060,-0.040,-0.030
-0.005,-0.080,-0.075,0.043,0.035,-0.077,-0.007,-0.070,-0.145,-0.060,-0.040,-0.034
-0.005,-0.080,-0.075,0.043,0.035,-0.077,-0.017,-0.073,-0.145,-0.057,-0.040,-0.035
-0.005,-0.080,-0.075,0.043,0.035,-0.077,-0.021,-0.076,-0.145,-0.054,-0.040,-0.035
-0.005,-0.079,-0.074,0.042,0.035,-0.076,-0.020,-0.075,-0.145,-0.055,-0.040,-0.035
-0.005,-0.075,-0.070,0.040,0.033,-0.072,-0.020,-0.075,-0.145,-0.055,-0.040,-0.035
-0.005,-0.075,-0.070,0.040,0.033,-0.072,-0.020,-0.075,-0.145,-0.051,-0.040,-0.035
-0.005,-0.075,-0.070,0.040,0.033,-0.072,-0.020,-0.075,-0.145,-0.050,-0.040,-0.035
-0.005,-0.075,-0.070,0.040,0.033,-0.072,-0.020,-0.075,-0.145,-0.050,-0.040,-0.035
-0.005,-0.075,-0.070,0.040,0.033,-0.072,-0.020,-0.075,-0.145,-0.050,-0.040,-0.035
-0.005,-0.075,-0.070,0.040,0.033,-0.072,-0.020,-0.075,-0.145,-0.050,-0.040,-0.035
-0.013,-0.075,-0.062,0.044,0.025,-0.068,-0.020,-0.075,-0.145,-0.054,-0.044,-0.035
-0.021,-0.077,-0.056,0.049,0.018,-0.066,-0.020,-0.074,-0.145,-0.055,-0.045,-0.035
-0.030,-0.083,-0.053,0.057,0.011,-0.068,-0.020,-0.077,-0.145,-0.055,-0.045,-0.035
-0.026,-0.074,-0.049,0.050,0.012,-0.062,-0.020,-0.080,-0.145,-0.055,-0.045,-0.035
-0.015,-0.060,-0.045,0.038,0.015,-0.052,-0.020,-0.080,-0.145,-0.055,-0.045,-0.035
-0.059,-0.101,-0.042,0.080,-0.009,-0.072,-0.020,-0.080,-0.145,-0.055,-0.045,-0.035
-0.080,-0.112,-0.032,0.096,-0.024,-0.072,-0.020,-0.080,-0.145,-0.058,-0.045,-0.035
-0.051,-0.103,-0.052,0.077,0.001,-0.077,-0.020,-0.080,-0.145,-0.061,-0.045,-0.035
-0.021,-0.105,-0.084,0.063,0.032,-0.094,-0.020,-0.080,-0.145,-0.060,-0.045,-0.035
-0.025,-0.105,-0.080,0.065,0.028,-0.092,-0.020,-0.080,-0.145,-0.060,-0.045,-0.035
-0.025,-0.105,-0.079,0.065,0.028,-0.092,-0.020,-0.080,-0.145,-0.060,-0.045,-0.035
-0.025,-0.105,-0.080,0.065,0.028,-0.092,-0.020,-0.083,-0.145,-0.059,-0.045,-0.035
-0.025,-0.105,-0.080,0.065,0.028,-0.092,-0.020,-0.086,-0.145,-0.062,-0.045,-0.035
-0.025,-0.105,-0.080,0.065,0.028,-0.092,-0.020,-0.085,-0.146,-0.065,-0.046,-0.035
-0.025,-0.105,-0.080,0.065,0.028,-0.092,-0.020,-0.085,-0.150,-0.065,-0.050,-0.035
-0.025,-0.105,-0.080,0.065,0.028,-0.092,-0.020,-0.085,-0.154,-0.069,-0.050,-0.035
-0.025,-0.105,-0.080,0.065,0.028,-0.092,-0.020,-0.085,-0.158,-0.070,-0.049,-0.034
-0.025,-0.105,-0.080,0.065,0.028,-0.092,-0.020,-0.085,-0.160,-0.072,-0.052,-0.037
-0.025,-0.105,-0.080,0.065,0.028,-0.092,-0.020,-0.085,-0.160,-0.075,-0.055,-0.040
-0.025,-0.105,-0.080,0.065,0.028,-0.092,-0.020,-0.085,-0.160,-0.075,-0.055,-0.040
-0.021,-0.101,-0.080,0.061,0.030,-0.090,-0.016,-0.081,-0.160,-0.079,-0.055,-0.040
-0.020,-0.100,-0.080,0.060,0.030,-0.090,-0.015,-0.080,-0.160,-0.080,-0.058,-0.043
-0.020,-0.100,-0.080,0.060,0.030,-0.090,-0.013,-0.080,-0.160,-0.080,-0.060,-0.046
-0.020,-0.100,-0.080,0.060,0.030,-0.090,-0.010,-0.080,-0.160,-0.080,-0.060,-0.045
-0.020,-0.100,-0.080,0.060,0.030,-0.090,-0.010,-0.080,-0.160,-0.080,-0.060,-0.045
-0.018,-0.100,-0.082,0.059,0.032,-0.091,-0.006,-0.080,-0.160,-0.080,-0.060,-0.049
-0.033,-0.100,-0.067,0.067,0.017,-0.083,-0.004,-0.080,-0.160,-0.079,-0.063,-0.050
-0.023,-0.100,-0.077,0.062,0.027,-0.088,-0.006,-0.080,-0.160,-0.082,-0.066,-0.050
0.003,-0.100,-0.103,0.049,0.053,-0.101,-0.004,-0.080,-0.160,-0.085,-0.065,-0.050
-0.005,-0.100,-0.095,0.053,0.045,-0.097,0.000,-0.080,-0.160,-0.085,-0.065,-0.050
-0.006,-0.100,-0.094,0.053,0.044,-0.097,0.000,-0.080,-0.158,-0.085,-0.069,-0.048
-0.005,-0.101,-0.095,0.053,0.045,-0.097,0.003,-0.080,-0.175,-0.085,-0.071,-0.063
-0.003,-0.098,-0.095,0.051,0.046,-0.096,0.005,-0.080,-0.188,-0.085,-0.069,-0.070
-0.008,-0.104,-0.095,0.056,0.043,-0.099,0.006,-0.080,-0.184,-0.086,-0.071,-0.064
-0.025,-0.120,-0.095,0.073,0.035,-0.107,0.010,-0.080,-0.185,-0.090,-0.075,-0.065
-0.022,-0.117,-0.095,0.070,0.037,-0.106,0.010,-0.080,-0.185,-0.090,-0.075,-0.065
-0.019,-0.114,-0.095,0.067,0.038,-0.105,0.011,-0.080,-0.185,-0.090,-0.075,-0.065
-0.020,-0.115,-0.095,0.068,0.038,-0.105,0.007,-0.082,-0.185,-0.090,-0.075,-0.065
-0.020,-0.115,-0.095,0.068,0.038,-0.105,-0.002,-0.086,-0.185,-0.090,-0.075,-0.065
-0.020,-0.115,-0.095,0.068,0.038,-0.105,-0.010,-0.090,-0.185,-0.090,-0.075,-0.065
-0.020,-0.115,-0.095,0.068,0.038,-0.105,-0.018,-0.097,-0.185,-0.094,-0.075,-0.065
-0.019,-0.115,-0.096,0.068,0.039,-0.105,-0.027,-0.114,-0.185,-0.099,-0.075,-0.062
-0.022,-0.115,-0.093,0.069,0.036,-0.104,-0.029,-0.120,-0.185,-0.100,-0.075,-0.059
-0.025,-0.115,-0.090,0.070,0.033,-0.102,-0.024,-0.114,-0.185,-0.100,-0.075,-0.060
-0.025,-0.115,-0.090,0.070,0.033,-0.102,-0.025,-0.115,-0.185,-0.100,-0.075,-0.060
-0.025,-0.115,-0.090,0.070,0.033,-0.102,-0.025,-0.116,-0.185,-0.100,-0.075,-0.060
-0.025,-0.115,-0.090,0.070,0.033,-0.102,-0.025,-0.112,-0.185,-0.100,-0.078,-0.060
-0.025,-0.115,-0.090,0.070,0.033,-0.102,-0.023,-0.110,-0.185,-0.100,-0.080,-0.060
-0.024,-0.114,-0.090,0.069,0.033,-0.102,-0.020,-0.110,-0.185,-0.101,-0.081,-0.060
-0.020,-0.110,-0.090,0.065,0.035,-0.100,-0.020,-0.110,-0.185,-0.105,-0.085,-0.060
-0.020,-0.110,-0.090,0.065,0.035,-0.100,-0.020,-0.110,-0.185,-0.105,-0.085,-0.056
-0.020,-0.110,-0.090,0.065,0.035,-0.100,-0.020,-0.107,-0.185,-0.108,-0.088,-0.055
-0.020,-0.110,-0.090,0.065,0.035,-0.100,-0.020,-0.104,-0.185,-0.111,-0.091,-0.055
-0.020,-0.110,-0.090,0.065,0.035,-0.100,-0.019,-0.105,-0.185,-0.110,-0.090,-0.055
-0.020,-0.110,-0.090,0.065,0.035,-0.100,-0.015,-0.105,-0.185,-0.110,-0.090,-0.055
-0.020,-0.110,-0.090,0.065,0.035,-0.100,-0.015,-0.105,-0.185,-0.110,-0.090,-0.055
-0.017,-0.110,-0.093,0.064,0.038,-0.101,-0.015,-0.102,-0.185,-0.110,-0.089,-0.055
-0.014,-0.110,-0.096,0.063,0.041,-0.102,-0.015,-0.099,-0.185,-0.110,-0.092,-0.055
-0.015,-0.110,-0.095,0.063,0.040,-0.102,-0.014,-0.100,-0.186,-0.110,-0.095,-0.055
-0.015,-0.110,-0.095,0.063,0.040,-0.102,-0.010,-0.100,-0.185,-0.110,-0.095,-0.055
-0.015,-0.110,-0.095,0.063,0.040,-0.102,-0.010,-0.096,-0.179,-0.110,-0.095,-0.059
-0.014,-0.109,-0.095,0.062,0.040,-0.102,-0.010,-0.095,-0.196,-0.110,-0.095,-0.063
-0.018,-0.113,-0.095,0.066,0.039,-0.103,-0.010,-0.095,-0.206,-0.110,-0.095,-0.067
-0.028,-0.123,-0.095,0.076,0.034,-0.109,-0.010,-0.095,-0.199,-0.110,-0.094,-0.070
-0.030,-0.125,-0.095,0.078,0.033,-0.110,-0.010,-0.095,-0.200,-0.110,-0.090,-0.070
-0.011,-0.106,-0.095,0.059,0.042,-0.100,-0.006,-0.091,-0.200,-0.110,-0.090,-0.070
-0.059,-0.154,-0.095,0.107,0.018,-0.124,-0.004,-0.089,-0.200,-0.110,-0.090,-0.070
-0.087,-0.181,-0.095,0.134,0.004,-0.138,-0.006,-0.091,-0.200,-0.110,-0.090,-0.070
-0.059,-0.155,-0.095,0.107,0.018,-0.125,-0.004,-0.089,-0.199,-0.110,-0.090,-0.070
-0.050,-0.145,-0.095,0.098,0.023,-0.120,0.000,-0.090,-0.195,-0.110,-0.090,-0.070
-0.041,-0.134,-0.093,0.088,0.026,-0.113,0.000,-0.107,-0.195,-0.110,-0.090,-0.070
-0.008,-0.119,-0.111,0.064,0.052,-0.114,-0.001,-0.109,-0.195,-0.110,-0.090,-0.070
0.005,-0.116,-0.121,0.055,0.063,-0.118,0.002,-0.104,-0.195,-0.110,-0.090,-0.070
-0.007,-0.121,-0.114,0.064,0.054,-0.117,0.005,-0.105,-0.195,-0.110,-0.090,-0.070
-0.005,-0.120,-0.115,0.063,0.055,-0.117,0.005,-0.105,-0.195,-0.110,-0.090,-0.070
-0.004,-0.120,-0.116,0.063,0.056,-0.117,0.005,-0.105,-0.195,-0.110,-0.090,-0.070
-0.008,-0.120,-0.112,0.064,0.052,-0.116,0.006,-0.105,-0.192,-0.110,-0.091,-0.070
-0.011,-0.120,-0.109,0.065,0.049,-0.115,0.003,-0.105,-0.189,-0.110,-0.088,-0.070
-0.010,-0.120,-0.110,0.065,0.050,-0.115,0.000,-0.105,-0.190,-0.109,-0.085,-0.070
-0.010,-0.120,-0.110,0.065,0.050,-0.115,0.000,-0.105,-0.190,-0.105,-0.085,-0.070
-0.014,-0.120,-0.106,0.067,0.046,-0.112,0.000,-0.105,-0.190,-0.105,-0.085,-0.070
-0.019,-0.123,-0.104,0.071,0.043,-0.114,-0.003,-0.105,-0.191,-0.105,-0.085,-0.070
-0.020,-0.126,-0.106,0.073,0.043,-0.116,-0.005,-0.105,-0.188,-0.105,-0.085,-0.070
-0.021,-0.125,-0.104,0.073,0.042,-0.114,-0.005,-0.105,-0.185,-0.105,-0.085,-0.070
-0.025,-0.125,-0.100,0.075,0.038,-0.112,-0.005,-0.105,-0.185,-0.105,-0.085,-0.070
-0.025,-0.125,-0.100,0.075,0.038,-0.112,-0.005,-0.101,-0.185,-0.105,-0.085,-0.070
-0.024,-0.125,-0.101,0.075,0.039,-0.112,-0.008,-0.100,-0.185,-0.105,-0.085,-0.070
-0.027,-0.125,-0.098,0.076,0.036,-0.111,-0.011,-0.100,-0.185,-0.105,-0.085,-0.070
-0.030,-0.125,-0.095,0.078,0.033,-0.110,-0.010,-0.100,-0.185,-0.105,-0.085,-0.070
-0.030,-0.125,-0.095,0.078,0.033,-0.110,-0.010,-0.100,-0.185,-0.105,-0.085,-0.070
-0.034,-0.129,-0.095,0.082,0.031,-0.112,-0.014,-0.100,-0.185,-0.105,-0.085,-0.070
-0.039,-0.130,-0.092,0.085,0.027,-0.111,-0.015,-0.100,-0.185,-0.106,-0.082,-0.071
-0.041,-0.130,-0.089,0.085,0.024,-0.110,-0.015,-0.100,-0.185,-0.103,-0.079,-0.068
-0.040,-0.130,-0.090,0.085,0.025,-0.110,-0.015,-0.100,-0.185,-0.100,-0.080,-0.065
-0.040,-0.130,-0.090,0.085,0.025,-0.110,-0.015,-0.100,-0.185,-0.100,-0.080,-0.065
-0.044,-0.130,-0.086,0.088,0.021,-0.107,-0.019,-0.100,-0.185,-0.100,-0.076,-0.065
-0.045,-0.130,-0.085,0.088,0.020,-0.107,-0.020,-0.100,-0.185,-0.100,-0.075,-0.066
-0.045,-0.130,-0.085,0.088,0.020,-0.107,-0.020,-0.100,-0.185,-0.100,-0.075,-0.063
-0.044,-0.130,-0.086,0.088,0.021,-0.107,-0.020,-0.100,-0.185,-0.100,-0.075,-0.060
-0.045,-0.130,-0.085,0.088,0.020,-0.107,-0.020,-0.100,-0.185,-0.100,-0.075,-0.060
-0.056,-0.134,-0.078,0.095,0.011,-0.106,-0.020,-0.100,-0.185,-0.100,-0.071,-0.060
-0.036,-0.135,-0.099,0.085,0.032,-0.116,-0.020,-0.100,-0.185,-0.100,-0.070,-0.060
-0.025,-0.137,-0.111,0.081,0.043,-0.124,-0.020,-0.100,-0.185,-0.100,-0.070,-0.060
-0.037,-0.140,-0.104,0.089,0.034,-0.122,-0.020,-0.100,-0.185,-0.100,-0.070,-0.059
-0.035,-0.140,-0.105,0.088,0.035,-0.122,-0.020,-0.100,-0.185,-0.100,-0.070,-0.055
-0.038,-0.144,-0.106,0.091,0.034,-0.125,-0.020,-0.100,-0.185,-0.100,-0.066,-0.055
-0.046,-0.148,-0.102,0.097,0.028,-0.125,-0.020,-0.102,-0.185,-0.101,-0.064,-0.055
-0.038,-0.137,-0.099,0.087,0.031,-0.117,-0.020,-0.108,-0.185,-0.098,-0.066,-0.055
-0.041,-0.142,-0.101,0.092,0.030,-0.121,-0.020,-0.110,-0.185,-0.104,-0.064,-0.054
-0.080,-0.180,-0.100,0.130,0.010,-0.140,-0.020,-0.105,-0.185,-0.120,-0.060,-0.050
-0.075,-0.170,-0.096,0.123,0.011,-0.133,-0.020,-0.101,-0.185,-0.109,-0.060,-0.050
-0.024,-0.155,-0.130,0.090,0.053,-0.142,-0.020,-0.097,-0.185,-0.098,-0.060,-0.050
-0.004,-0.144,-0.141,0.075,0.069,-0.142,-0.018,-0.095,-0.183,-0.091,-0.060,-0.050
-0.025,-0.132,-0.107,0.079,0.041,-0.119,-0.014,-0.094,-0.179,-0.083,-0.059,-0.050
-0.035,-0.120,-0.085,0.078,0.025,-0.102,-0.010,-0.090,-0.175,-0.075,-0.055,-0.050
-0.031,-0.108,-0.076,0.070,0.023,-0.092,-0.006,-0.086,-0.171,-0.068,-0.055,-0.046
-0.027,-0.099,-0.072,0.063,0.023,-0.085,-0.002,-0.085,-0.167,-0.056,-0.055,-0.045
-0.023,-0.091,-0.068,0.057,0.023,-0.079,0.002,-0.084,-0.163,-0.062,-0.055,-0.043
-0.019,-0.083,-0.064,0.051,0.023,-0.073,0.006,-0.079,-0.159,-0.076,-0.054,-0.040
-0.015,-0.075,-0.060,0.045,0.023,-0.067,0.010,-0.075,-0.155,-0.070,-0.050,-0.040
-0.015,-0.071,-0.056,0.043,0.021,-0.063,0.014,-0.075,-0.151,-0.070,-0.050,-0.036
-0.015,-0.067,-0.052,0.041,0.019,-0.059,0.018,-0.072,-0.150,-0.067,-0.047,-0.035
-0.015,-0.063,-0.048,0.039,0.016,-0.055,0.022,-0.068,-0.151,-0.065,-0.045,-0.033
-0.014,-0.059,-0.045,0.037,0.015,-0.051,0.026,-0.064,-0.149,-0.064,-0.044,-0.030
-0.010,-0.055,-0.045,0.033,0.018,-0.050,0.030,-0.060,-0.145,-0.060,-0.040,-0.030
-0.006,-0.051,-0.045,0.029,0.019,-0.048,0.034,-0.060,-0.145,-0.060,-0.040,-0.026
-0.001,-0.047,-0.046,0.025,0.022,-0.046,0.036,-0.058,-0.146,-0.057,-0.041,-0.025
0.000,-0.043,-0.043,0.022,0.022,-0.043,0.032,-0.052,-0.143,-0.055,-0.038,-0.023
0.001,-0.039,-0.040,0.019,0.020,-0.039,0.023,-0.050,-0.140,-0.054,-0.035,-0.020
0.005,-0.035,-0.040,0.015,0.023,-0.037,0.015,-0.050,-0.140,-0.050,-0.035,-0.020
0.009,-0.031,-0.040,0.011,0.025,-0.035,0.007,-0.046,-0.140,-0.050,-0.031,-0.016
0.013,-0.027,-0.040,0.007,0.027,-0.033,-0.001,-0.043,-0.137,-0.047,-0.030,-0.015
0.018,-0.023,-0.040,0.002,0.030,-0.031,-0.009,-0.036,-0.134,-0.045,-0.028,-0.013
0.019,-0.020,-0.039,0.000,0.029,-0.029,-0.016,-0.048,-0.135,-0.044,-0.025,-0.009
0.015,-0.020,-0.035,0.003,0.025,-0.027,-0.020,-0.085,-0.135,-0.040,-0.025,-0.010
0.019,-0.016,-0.035,-0.001,0.027,-0.025,-0.024,-0.083,-0.131,-0.039,-0.025,-0.010
0.020,-0.015,-0.035,-0.002,0.028,-0.025,-0.025,-0.079,-0.129,-0.043,-0.028,-0.007
0.022,-0.013,-0.035,-0.004,0.029,-0.024,-0.025,-0.081,-0.131,-0.046,-0.031,-0.004
0.025,-0.010,-0.035,-0.007,0.030,-0.022,-0.025,-0.080,-0.129,-0.045,-0.030,-0.005
0.025,-0.010,-0.035,-0.007,0.030,-0.022,-0.025,-0.080,-0.125,-0.045,-0.030,-0.005
0.025,-0.006,-0.031,-0.010,0.028,-0.018,-0.025,-0.080,-0.125,-0.045,-0.030,-0.001
0.024,-0.006,-0.030,-0.009,0.028,-0.017,-0.025,-0.077,-0.125,-0.044,-0.030,0.000
0.028,0.000,-0.028,-0.014,0.028,-0.014,-0.025,-0.074,-0.127,-0.047,-0.030,0.002
0.046,0.021,-0.025,-0.033,0.035,-0.002,-0.025,-0.075,-0.130,-0.050,-0.030,0.005
0.060,0.035,-0.025,-0.047,0.042,0.005,-0.025,-0.075,-0.130,-0.050,-0.030,0.005
0.033,0.013,-0.021,-0.023,0.026,-0.004,-0.025,-0.075,-0.130,-0.050,-0.030,0.009
0.007,-0.014,-0.021,0.003,0.014,-0.017,-0.025,-0.075,-0.130,-0.050,-0.030,0.012
-0.020,-0.037,-0.017,0.028,-0.001,-0.026,-0.025,-0.077,-0.130,-0.049,-0.029,0.005
-0.026,-0.052,-0.026,0.039,0.000,-0.039,-0.026,-0.081,-0.130,-0.052,-0.031,-0.008
0.000,-0.055,-0.055,0.028,0.028,-0.055,-0.030,-0.080,-0.130,-0.060,-0.040,-0.015
-0.017,-0.070,-0.052,0.044,0.018,-0.061,-0.030,-0.073,-0.127,-0.066,-0.047,-0.023
-0.009,-0.092,-0.083,0.050,0.037,-0.087,-0.030,-0.094,-0.151,-0.090,-0.066,-0.031
-0.001,-0.104,-0.103,0.053,0.051,-0.104,-0.030,-0.106,-0.171,-0.101,-0.079,-0.039
-0.011,-0.105,-0.094,0.058,0.042,-0.099,-0.030,-0.099,-0.170,-0.094,-0.080,-0.048
-0.010,-0.105,-0.095,0.058,0.043,-0.100,-0.030,-0.100,-0.170,-0.095,-0.080,-0.055
-0.018,-0.109,-0.091,0.064,0.036,-0.100,-0.030,-0.101,-0.170,-0.095,-0.080,-0.051
-0.020,-0.110,-0.090,0.065,0.035,-0.100,-0.030,-0.097,-0.170,-0.095,-0.080,-0.050
-0.023,-0.111,-0.088,0.068,0.033,-0.100,-0.030,-0.095,-0.170,-0.095,-0.080,-0.048
-0.031,-0.116,-0.085,0.074,0.027,-0.100,-0.030,-0.095,-0.170,-0.094,-0.080,-0.045
-0.035,-0.120,-0.085,0.078,0.025,-0.102,-0.030,-0.095,-0.170,-0.095,-0.080,-0.045
-0.043,-0.130,-0.086,0.087,0.022,-0.107,-0.030,-0.101,-0.176,-0.110,-0.086,-0.047
-0.045,-0.156,-0.111,0.101,0.034,-0.134,-0.031,-0.122,-0.200,-0.130,-0.107,-0.065
-0.031,-0.162,-0.131,0.097,0.050,-0.146,-0.028,-0.131,-0.211,-0.135,-0.115,-0.080
-0.001,-0.131,-0.130,0.066,0.064,-0.130,-0.025,-0.124,-0.204,-0.129,-0.109,-0.080
0.010,-0.120,-0.130,0.055,0.070,-0.125,-0.025,-0.125,-0.205,-0.130,-0.110,-0.080
-0.045,-0.175,-0.130,0.110,0.043,-0.152,-0.025,-0.126,-0.206,-0.130,-0.110,-0.084
-0.055,-0.185,-0.130,0.120,0.038,-0.157,-0.025,-0.122,-0.202,-0.130,-0.110,-0.085
-0.041,-0.171,-0.130,0.106,0.045,-0.150,-0.025,-0.120,-0.200,-0.130,-0.110,-0.085
-0.039,-0.169,-0.130,0.104,0.046,-0.149,-0.024,-0.120,-0.200,-0.129,-0.110,-0.085
-0.030,-0.160,-0.130,0.095,0.050,-0.145,-0.020,-0.120,-0.200,-0.125,-0.110,-0.085
-0.026,-0.156,-0.130,0.091,0.052,-0.143,-0.020,-0.120,-0.200,-0.125,-0.110,-0.085
-0.020,-0.150,-0.130,0.085,0.056,-0.139,-0.020,-0.117,-0.197,-0.125,-0.110,-0.085
-0.009,-0.139,-0.130,0.074,0.061,-0.134,-0.020,-0.114,-0.194,-0.125,-0.110,-0.085
-0.015,-0.145,-0.130,0.080,0.057,-0.138,-0.020,-0.115,-0.195,-0.125,-0.110,-0.085
-0.040,-0.170,-0.130,0.105,0.045,-0.150,-0.020,-0.115,-0.195,-0.125,-0.110,-0.085
-0.037,-0.167,-0.130,0.102,0.047,-0.148,-0.020,-0.111,-0.195,-0.125,-0.110,-0.085
-0.034,-0.164,-0.130,0.099,0.048,-0.147,-0.017,-0.110,-0.192,-0.122,-0.110,-0.085
-0.033,-0.163,-0.130,0.098,0.049,-0.146,-0.014,-0.110,-0.189,-0.119,-0.110,-0.085
-0.029,-0.160,-0.130,0.095,0.050,-0.145,-0.015,-0.110,-0.190,-0.120,-0.110,-0.085
-0.030,-0.160,-0.130,0.095,0.050,-0.145,-0.015,-0.110,-0.190,-0.120,-0.110,-0.085
-0.030,-0.156,-0.126,0.093,0.048,-0.141,-0.015,-0.106,-0.186,-0.120,-0.110,-0.085
-0.030,-0.154,-0.125,0.093,0.048,-0.139,-0.016,-0.105,-0.185,-0.121,-0.110,-0.085
-0.030,-0.156,-0.125,0.094,0.048,-0.140,-0.013,-0.103,-0.185,-0.118,-0.110,-0.085
-0.029,-0.154,-0.125,0.092,0.048,-0.139,-0.010,-0.099,-0.185,-0.115,-0.110,-0.085
-0.025,-0.150,-0.125,0.088,0.050,-0.137,-0.010,-0.100,-0.185,-0.115,-0.110,-0.085
-0.025,-0.150,-0.125,0.088,0.050,-0.137,-0.010,-0.101,-0.181,-0.115,-0.110,-0.085
-0.022,-0.147,-0.125,0.085,0.052,-0.136,-0.010,-0.097,-0.180,-0.115,-0.110,-0.085
-0.020,-0.145,-0.125,0.083,0.053,-0.135,-0.010,-0.095,-0.180,-0.115,-0.110,-0.085
-0.019,-0.144,-0.125,0.082,0.053,-0.135,-0.010,-0.094,-0.181,-0.115,-0.110,-0.085
-0.015,-0.140,-0.125,0.078,0.055,-0.132,-0.010,-0.090,-0.180,-0.115,-0.110,-0.085
-0.015,-0.140,-0.125,0.078,0.055,-0.132,-0.006,-0.089,-0.168,-0.115,-0.106,-0.085
-0.015,-0.140,-0.125,0.078,0.055,-0.132,-0.002,-0.092,-0.159,-0.113,-0.104,-0.085
-0.017,-0.142,-0.125,0.080,0.054,-0.133,0.003,-0.085,-0.149,-0.122,-0.108,-0.086
-0.030,-0.155,-0.125,0.093,0.048,-0.140,0.004,-0.081,-0.138,-0.129,-0.118,-0.084
-0.050,-0.175,-0.125,0.113,0.038,-0.150,0.010,-0.070,-0.130,-0.115,-0.130,-0.085
-0.055,-0.180,-0.125,0.118,0.035,-0.152,0.060,0.007,-0.117,-0.106,-0.141,-0.108
-0.057,-0.183,-0.126,0.120,0.035,-0.154,0.114,0.092,-0.110,-0.100,-0.159,-0.133
-0.065,-0.186,-0.122,0.126,0.029,-0.154,0.154,0.151,-0.094,-0.089,-0.164,-0.141
-0.080,-0.192,-0.113,0.136,0.017,-0.152,0.180,0.189,-0.078,-0.077,-0.160,-0.141
-0.085,-0.190,-0.105,0.138,0.010,-0.147,0.205,0.245,-0.060,-0.070,-0.155,-0.140
-0.044,-0.140,-0.096,0.093,0.027,-0.118,0.255,0.361,0.025,-0.067,-0.108,-0.101
0.008,-0.084,-0.092,0.039,0.050,-0.088,0.278,0.461,0.117,-0.011,-0.061,-0.063
0.033,-0.036,-0.069,0.002,0.051,-0.052,0.300,0.573,0.239,0.084,0.000,-0.022
0.054,0.022,-0.032,-0.038,0.043,-0.005,0.322,0.706,0.409,0.213,0.097,0.044
0.110,0.110,0.000,-0.110,0.055,0.055,0.315,0.800,0.585,0.385,0.220,0.130
0.177,0.237,0.059,-0.207,0.059,0.147,0.319,0.847,0.750,0.556,0.362,0.227
0.246,0.364,0.118,-0.305,0.064,0.241,0.284,0.876,0.912,0.744,0.521,0.351
0.283,0.471,0.188,-0.377,0.047,0.329,0.243,0.869,1.096,0.948,0.675,0.473
0.338,0.599,0.261,-0.469,0.039,0.430,0.181,0.831,1.293,1.158,0.833,0.592
0.460,0.785,0.325,-0.623,0.067,0.555,0.050,0.805,1.495,1.385,1.025,0.740
0.526,0.957,0.430,-0.742,0.048,0.693,-0.078,0.774,1.734,1.646,1.233,0.905
0.522,1.099,0.576,-0.811,-0.027,0.837,-0.238,0.626,1.895,1.877,1.429,1.077
0.563,1.195,0.632,-0.879,-0.035,0.914,-0.338,0.466,1.988,2.013,1.537,1.107
0.547,1.154,0.607,-0.850,-0.030,0.880,-0.343,0.384,2.035,2.036,1.503,1.021
0.390,0.990,0.600,-0.690,-0.105,0.795,-0.330,0.300,1.975,1.955,1.375,0.965
0.399,0.940,0.542,-0.670,-0.072,0.741,-0.318,0.115,1.758,1.772,1.249,0.874
0.336,0.821,0.485,-0.579,-0.075,0.653,-0.305,-0.066,1.436,1.486,1.061,0.745
0.213,0.628,0.415,-0.421,-0.102,0.521,-0.297,-0.223,1.016,1.133,0.824,0.589
0.125,0.447,0.321,-0.287,-0.098,0.384,-0.276,-0.370,0.508,0.719,0.569,0.425
0.055,0.295,0.240,-0.175,-0.093,0.267,-0.225,-0.450,0.005,0.275,0.315,0.280
-0.007,0.177,0.184,-0.085,-0.096,0.181,-0.176,-0.382,-0.351,-0.055,0.126,0.170
-0.046,0.069,0.115,-0.012,-0.081,0.092,-0.133,-0.280,-0.480,-0.205,0.005,0.070
-0.044,-0.039,0.005,0.041,-0.025,-0.017,-0.100,-0.177,-0.461,-0.223,-0.065,0.003
-0.028,-0.129,-0.101,0.079,0.036,-0.115,-0.055,-0.060,-0.381,-0.200,-0.102,-0.035
-0.030,-0.185,-0.155,0.108,0.063,-0.170,0.020,0.060,-0.285,-0.190,-0.125,-0.080
-0.016,-0.221,-0.205,0.119,0.095,-0.213,0.084,0.161,-0.239,-0.174,-0.147,-0.116
0.012,-0.222,-0.234,0.106,0.123,-0.228,0.116,0.222,-0.199,-0.160,-0.146,-0.117
0.018,-0.210,-0.228,0.096,0.123,-0.219,0.118,0.253,-0.166,-0.149,-0.135,-0.105
0.002,-0.203,-0.205,0.101,0.104,-0.204,0.108,0.258,-0.145,-0.137,-0.129,-0.099
-0.010,-0.195,-0.185,0.103,0.088,-0.190,0.105,0.240,-0.125,-0.125,-0.125,-0.095
-0.033,-0.188,-0.154,0.111,0.061,-0.171,0.101,0.229,-0.112,-0.113,-0.117,-0.087
-0.056,-0.174,-0.118,0.115,0.031,-0.146,0.097,0.206,-0.104,-0.103,-0.108,-0.078
-0.056,-0.157,-0.100,0.107,0.022,-0.128,0.093,0.175,-0.096,-0.097,-0.103,-0.073
-0.042,-0.142,-0.100,0.092,0.029,-0.120,0.089,0.150,-0.088,-0.095,-0.099,-0.069
-0.035,-0.130,-0.095,0.083,0.030,-0.112,0.085,0.135,-0.080,-0.095,-0.095,-0.065
-0.031,-0.122,-0.091,0.076,0.030,-0.106,0.077,0.124,-0.073,-0.095,-0.095,-0.065
-0.028,-0.115,-0.087,0.071,0.030,-0.101,0.071,0.103,-0.060,-0.092,-0.092,-0.062
-0.021,-0.104,-0.083,0.063,0.031,-0.093,0.069,0.077,-0.071,-0.089,-0.090,-0.060
-0.014,-0.093,-0.079,0.053,0.033,-0.086,0.063,0.056,-0.092,-0.090,-0.089,-0.059
-0.010,-0.085,-0.075,0.048,0.033,-0.080,0.055,0.045,-0.085,-0.090,-0.085,-0.055
-0.003,-0.074,-0.071,0.039,0.034,-0.072,0.051,0.037,-0.085,-0.086,-0.085,-0.055
-0.021,-0.088,-0.067,0.054,0.024,-0.077,0.047,0.026,-0.082,-0.085,-0.082,-0.052
-0.031,-0.094,-0.063,0.063,0.017,-0.078,0.043,0.016,-0.079,-0.085,-0.080,-0.050
-0.024,-0.083,-0.059,0.054,0.018,-0.070,0.040,0.007,-0.080,-0.085,-0.079,-0.049
-0.025,-0.080,-0.055,0.053,0.015,-0.067,0.040,-0.005,-0.080,-0.085,-0.075,-0.045
-0.025,-0.076,-0.051,0.051,0.013,-0.063,0.040,-0.014,-0.076,-0.081,-0.075,-0.045
-0.025,-0.072,-0.047,0.049,0.011,-0.059,0.041,-0.018,-0.074,-0.077,-0.073,-0.042
-0.026,-0.068,-0.043,0.047,0.009,-0.055,0.038,-0.022,-0.076,-0.073,-0.067,-0.040
-0.024,-0.064,-0.040,0.044,0.008,-0.051,0.035,-0.026,-0.074,-0.070,-0.065,-0.039
-0.020,-0.060,-0.040,0.040,0.010,-0.050,0.035,-0.030,-0.070,-0.070,-0.065,-0.035
-0.023,-0.063,-0.040,0.043,0.009,-0.051,0.035,-0.034,-0.070,-0.066,-0.061,-0.035
-0.029,-0.069,-0.040,0.049,0.006,-0.054,0.035,-0.038,-0.071,-0.061,-0.060,-0.032
-0.028,-0.068,-0.040,0.048,0.006,-0.054,0.035,-0.041,-0.068,-0.060,-0.059,-0.029
-0.025,-0.065,-0.040,0.045,0.008,-0.052,0.034,-0.039,-0.064,-0.059,-0.054,-0.030
-0.025,-0.065,-0.040,0.045,0.008,-0.052,0.030,-0.035,-0.065,-0.055,-0.050,-0.030
-0.021,-0.061,-0.040,0.041,0.010,-0.050,0.030,-0.035,-0.066,-0.050,-0.050,-0.026
-0.019,-0.059,-0.040,0.039,0.010,-0.050,0.030,-0.036,-0.059,-0.050,-0.047,-0.025
-0.021,-0.061,-0.040,0.041,0.010,-0.050,0.030,-0.033,-0.052,-0.048,-0.045,-0.025
-0.019,-0.059,-0.040,0.039,0.011,-0.049,0.029,-0.030,-0.049,-0.045,-0.044,-0.025
-0.015,-0.055,-0.040,0.035,0.013,-0.047,0.025,-0.030,-0.045,-0.045,-0.040,-0.025
-0.015,-0.055,-0.040,0.035,0.013,-0.047,0.025,-0.030,-0.041,-0.041,-0.040,-0.021
-0.012,-0.052,-0.040,0.032,0.014,-0.046,0.025,-0.027,-0.037,-0.039,-0.041,-0.020
-0.009,-0.049,-0.040,0.029,0.015,-0.045,0.025,-0.024,-0.033,-0.041,-0.038,-0.020
-0.010,-0.050,-0.040,0.030,0.015,-0.045,0.025,-0.025,-0.029,-0.039,-0.035,-0.020
-0.010,-0.050,-0.040,0.030,0.015,-0.045,0.025,-0.025,-0.025,-0.035,-0.035,-0.020
-0.006,-0.046,-0.040,0.026,0.017,-0.043,0.021,-0.021,-0.025,-0.035,-0.035,-0.016
-0.001,-0.041,-0.040,0.021,0.020,-0.040,0.020,-0.019,-0.022,-0.032,-0.035,-0.014
0.000,-0.040,-0.040,0.020,0.020,-0.040,0.020,-0.021,-0.019,-0.029,-0.033,-0.016
0.001,-0.039,-0.040,0.019,0.021,-0.040,0.020,-0.019,-0.020,-0.030,-0.030,-0.014
0.005,-0.035,-0.040,0.015,0.023,-0.037,0.020,-0.015,-0.020,-0.030,-0.030,-0.010
0.001,-0.035,-0.036,0.017,0.019,-0.036,0.020,-0.015,-0.016,-0.026,-0.030,-0.010
-0.001,-0.033,-0.031,0.017,0.015,-0.032,0.017,-0.016,-0.015,-0.025,-0.027,-0.010
0.003,-0.027,-0.030,0.012,0.016,-0.028,0.014,-0.013,-0.013,-0.023,-0.025,-0.010
0.005,-0.025,-0.029,0.010,0.018,-0.027,0.015,-0.010,-0.009,-0.020,-0.025,-0.009
0.000,-0.025,-0.025,0.013,0.013,-0.025,0.015,-0.010,-0.010,-0.020,-0.025,-0.005
0.000,-0.021,-0.020,0.011,0.010,-0.021,0.015,-0.010,-0.011,-0.016,-0.026,-0.005
0.000,-0.020,-0.020,0.010,0.010,-0.020,0.015,-0.007,-0.004,-0.015,-0.019,-0.005
0.000,-0.018,-0.018,0.010,0.009,-0.018,0.015,-0.003,0.002,-0.014,-0.012,-0.006
0.000,-0.014,-0.015,0.007,0.008,-0.014,0.014,0.001,0.007,-0.009,-0.009,-0.004
0.005,-0.010,-0.015,0.003,0.010,-0.012,0.010,0.005,0.015,-0.005,-0.005,0.005
0.010,-0.005,-0.015,-0.002,0.013,-0.010,0.010,0.009,0.019,-0.001,0.003,0.009
0.006,-0.009,-0.015,0.002,0.011,-0.012,0.010,0.013,0.026,0.003,0.008,0.013
0.026,0.011,-0.015,-0.018,0.020,-0.002,0.010,0.017,0.032,0.007,0.012,0.017
0.053,0.038,-0.015,-0.045,0.033,0.011,0.010,0.021,0.036,0.011,0.016,0.021
0.045,0.030,-0.015,-0.037,0.030,0.007,0.010,0.025,0.040,0.015,0.020,0.025
0.044,0.029,-0.015,-0.036,0.030,0.007,0.006,0.029,0.039,0.023,0.020,0.030
0.045,0.030,-0.015,-0.037,0.030,0.007,0.005,0.034,0.046,0.029,0.019,0.027
0.045,0.030,-0.015,-0.037,0.030,0.007,0.005,0.035,0.052,0.031,0.022,0.024
0.045,0.030,-0.015,-0.037,0.030,0.007,0.005,0.036,0.056,0.037,0.025,0.025
0.045,0.030,-0.015,-0.037,0.030,0.007,0.005,0.045,0.065,0.045,0.025,0.025
0.037,0.030,-0.007,-0.033,0.022,0.011,0.005,0.049,0.077,0.049,0.024,0.025
0.032,0.030,-0.001,-0.031,0.017,0.014,0.006,0.051,0.085,0.052,0.028,0.025
0.028,0.030,0.002,-0.029,0.013,0.016,0.003,0.048,0.083,0.059,0.030,0.024
0.024,0.030,0.006,-0.028,0.009,0.018,0.000,0.053,0.089,0.066,0.031,0.027
0.020,0.030,0.010,-0.025,0.005,0.020,0.000,0.070,0.110,0.070,0.040,0.035
0.014,0.028,0.014,-0.021,0.000,0.020,-0.004,0.075,0.113,0.077,0.053,0.039
0.028,0.046,0.018,-0.037,0.005,0.032,-0.006,0.077,0.128,0.093,0.059,0.044
0.019,0.041,0.022,-0.030,-0.002,0.032,-0.004,0.084,0.135,0.104,0.060,0.044
0.009,0.034,0.025,-0.022,-0.008,0.029,-0.006,0.092,0.139,0.105,0.069,0.048
0.045,0.070,0.025,-0.058,0.010,0.047,-0.010,0.100,0.165,0.110,0.085,0.065
0.047,0.072,0.025,-0.060,0.011,0.048,-0.010,0.112,0.177,0.122,0.089,0.069
0.041,0.069,0.028,-0.055,0.006,0.048,-0.013,0.120,0.194,0.130,0.094,0.076
0.040,0.070,0.031,-0.055,0.005,0.050,-0.016,0.118,0.200,0.130,0.092,0.083
0.040,0.070,0.030,-0.055,0.005,0.050,-0.015,0.124,0.204,0.140,0.093,0.086
0.040,0.070,0.030,-0.055,0.005,0.050,-0.015,0.145,0.225,0.160,0.115,0.090
0.041,0.072,0.030,-0.056,0.005,0.050,-0.019,0.155,0.225,0.155,0.120,0.091
0.067,0.097,0.030,-0.082,0.018,0.063,-0.020,0.155,0.233,0.166,0.122,0.088
0.102,0.132,0.030,-0.117,0.035,0.081,-0.022,0.173,0.262,0.194,0.128,0.097
0.124,0.153,0.029,-0.138,0.047,0.091,-0.026,0.200,0.290,0.212,0.138,0.113
0.125,0.155,0.030,-0.140,0.047,0.092,-0.025,0.205,0.300,0.215,0.150,0.120
0.102,0.154,0.052,-0.128,0.025,0.103,-0.025,0.207,0.314,0.225,0.156,0.123
0.074,0.159,0.085,-0.117,-0.005,0.121,-0.028,0.225,0.341,0.248,0.179,0.138
0.062,0.158,0.096,-0.111,-0.017,0.127,-0.031,0.240,0.351,0.254,0.193,0.148
0.076,0.164,0.089,-0.120,-0.007,0.127,-0.030,0.240,0.352,0.260,0.198,0.152
0.100,0.190,0.090,-0.145,0.005,0.140,-0.030,0.240,0.370,0.290,0.215,0.170
0.109,0.199,0.091,-0.154,0.009,0.145,-0.030,0.245,0.384,0.296,0.224,0.187
0.115,0.202,0.087,-0.159,0.014,0.145,-0.030,0.243,0.386,0.295,0.227,0.194
0.125,0.209,0.085,-0.168,0.020,0.147,-0.030,0.254,0.401,0.311,0.235,0.197
0.140,0.225,0.085,-0.183,0.027,0.154,-0.030,0.273,0.424,0.334,0.247,0.201
0.160,0.245,0.085,-0.203,0.037,0.165,-0.030,0.275,0.430,0.340,0.255,0.205
0.163,0.254,0.091,-0.209,0.035,0.173,-0.031,0.278,0.442,0.343,0.263,0.208
0.147,0.258,0.111,-0.203,0.018,0.184,-0.027,0.285,0.453,0.351,0.269,0.217
0.155,0.263,0.108,-0.209,0.023,0.185,-0.042,0.282,0.455,0.357,0.271,0.221
0.178,0.282,0.104,-0.230,0.036,0.193,-0.062,0.291,0.466,0.371,0.287,0.229
0.175,0.310,0.135,-0.243,0.020,0.222,-0.055,0.320,0.495,0.400,0.320,0.250
0.180,0.312,0.133,-0.246,0.024,0.222,-0.055,0.314,0.493,0.402,0.326,0.255
0.176,0.304,0.129,-0.240,0.024,0.217,-0.052,0.301,0.485,0.395,0.321,0.255
0.197,0.328,0.130,-0.263,0.033,0.229,-0.050,0.319,0.503,0.414,0.337,0.272
0.228,0.358,0.130,-0.293,0.049,0.244,-0.049,0.342,0.521,0.437,0.357,0.292
0.220,0.350,0.130,-0.285,0.045,0.240,-0.045,0.330,0.510,0.430,0.350,0.285
0.215,0.345,0.130,-0.280,0.042,0.237,-0.045,0.322,0.501,0.426,0.350,0.284
0.212,0.342,0.130,-0.277,0.041,0.236,-0.042,0.314,0.497,0.422,0.347,0.286
0.207,0.338,0.130,-0.273,0.038,0.234,-0.040,0.306,0.492,0.418,0.345,0.283
0.205,0.334,0.129,-0.269,0.037,0.231,-0.039,0.298,0.483,0.414,0.344,0.279
0.205,0.330,0.125,-0.268,0.040,0.227,-0.035,0.290,0.475,0.410,0.340,0.280
0.202,0.326,0.125,-0.264,0.038,0.225,-0.035,0.287,0.472,0.411,0.341,0.281
0.194,0.319,0.125,-0.257,0.034,0.222,-0.032,0.276,0.459,0.402,0.332,0.275
0.186,0.311,0.125,-0.249,0.030,0.218,-0.030,0.266,0.443,0.389,0.320,0.266
0.178,0.303,0.125,-0.241,0.026,0.214,-0.029,0.257,0.432,0.377,0.313,0.258
0.170,0.295,0.125,-0.233,0.022,0.210,-0.025,0.245,0.420,0.365,0.305,0.250
0.162,0.287,0.125,-0.225,0.018,0.206,-0.025,0.237,0.409,0.358,0.293,0.242
0.153,0.279,0.126,-0.216,0.013,0.202,-0.020,0.226,0.388,0.340,0.283,0.234
0.150,0.271,0.122,-0.211,0.013,0.197,-0.010,0.216,0.363,0.322,0.277,0.226
0.149,0.262,0.113,-0.206,0.018,0.187,-0.004,0.207,0.338,0.304,0.267,0.217
0.145,0.250,0.105,-0.198,0.020,0.177,0.000,0.195,0.305,0.275,0.250,0.205
0.145,0.242,0.097,-0.194,0.024,0.169,0.008,0.187,0.272,0.246,0.234,0.193
0.145,0.234,0.089,-0.190,0.028,0.161,0.016,0.180,0.251,0.227,0.217,0.181
0.146,0.226,0.080,-0.186,0.033,0.153,0.023,0.169,0.240,0.212,0.204,0.169
0.144,0.218,0.074,-0.181,0.035,0.146,0.024,0.157,0.225,0.196,0.191,0.157
0.140,0.210,0.070,-0.175,0.035,0.140,0.020,0.150,0.200,0.180,0.170,0.145
0.145,0.203,0.058,-0.175,0.044,0.130,0.020,0.143,0.176,0.165,0.154,0.133
0.137,0.185,0.048,-0.161,0.044,0.116,0.018,0.126,0.150,0.140,0.138,0.124
0.126,0.168,0.042,-0.147,0.042,0.105,0.011,0.104,0.120,0.110,0.122,0.115
0.116,0.148,0.032,-0.133,0.042,0.090,0.021,0.086,0.094,0.085,0.106,0.102
0.090,0.110,0.020,-0.100,0.035,0.065,0.050,0.075,0.075,0.070,0.090,0.090
0.059,0.072,0.013,-0.065,0.023,0.042,0.047,0.063,0.055,0.054,0.074,0.082
0.054,0.054,0.000,-0.054,0.026,0.027,0.044,0.054,0.035,0.038,0.061,0.071
0.036,0.046,0.010,-0.041,0.013,0.028,0.044,0.045,0.014,0.022,0.049,0.061
0.013,0.038,0.025,-0.026,-0.006,0.031,0.039,0.032,-0.004,0.007,0.037,0.052
0.025,0.030,0.005,-0.028,0.010,0.017,0.040,0.020,-0.015,-0.005,0.025,0.040
0.033,0.022,-0.011,-0.027,0.022,0.005,0.041,0.012,-0.027,-0.013,0.012,0.032
0.041,0.014,-0.027,-0.027,0.034,-0.006,0.037,0.007,-0.036,-0.020,0.006,0.021
0.049,0.006,-0.043,-0.027,0.046,-0.018,0.035,0.003,-0.045,-0.031,0.003,0.010
0.049,-0.001,-0.050,-0.024,0.049,-0.026,0.034,-0.001,-0.058,-0.042,-0.001,0.004
0.040,-0.005,-0.045,-0.017,0.043,-0.025,0.030,-0.005,-0.070,-0.050,-0.005,0.000
0.036,-0.009,-0.045,-0.013,0.041,-0.027,0.030,-0.009,-0.078,-0.058,-0.009,0.000
0.032,-0.010,-0.042,-0.011,0.037,-0.026,0.031,-0.014,-0.084,-0.065,-0.013,-0.003
0.028,-0.012,-0.040,-0.008,0.034,-0.026,0.028,-0.015,-0.085,-0.063,-0.016,-0.006
0.024,-0.015,-0.039,-0.004,0.032,-0.027,0.025,-0.016,-0.095,-0.069,-0.023,-0.005
0.020,-0.015,-0.035,-0.002,0.028,-0.025,0.025,-0.025,-0.115,-0.090,-0.040,-0.005
0.016,-0.019,-0.035,0.002,0.026,-0.027,0.021,-0.029,-0.112,-0.087,-0.045,-0.009
0.012,-0.020,-0.032,0.004,0.022,-0.026,0.019,-0.036,-0.106,-0.081,-0.044,-0.011
0.009,-0.021,-0.030,0.006,0.019,-0.025,0.021,-0.042,-0.104,-0.079,-0.047,-0.009
0.003,-0.026,-0.029,0.012,0.017,-0.027,0.019,-0.047,-0.097,-0.072,-0.050,-0.011
-0.005,-0.030,-0.025,0.018,0.010,-0.027,0.015,-0.055,-0.095,-0.070,-0.050,-0.015
-0.004,-0.030,-0.025,0.018,0.010,-0.027,0.015,-0.060,-0.125,-0.100,-0.054,-0.015
-0.011,-0.033,-0.022,0.022,0.006,-0.027,0.015,-0.057,-0.130,-0.105,-0.055,-0.014
-0.015,-0.035,-0.020,0.025,0.003,-0.027,0.017,-0.054,-0.123,-0.098,-0.057,-0.017
-0.016,-0.036,-0.019,0.026,0.002,-0.027,0.021,-0.055,-0.125,-0.100,-0.060,-0.020
-0.025,-0.040,-0.015,0.033,-0.005,-0.027,0.025,-0.055,-0.125,-0.100,-0.060,-0.020
-0.026,-0.041,-0.015,0.034,-0.005,-0.027,0.029,-0.055,-0.125,-0.100,-0.068,-0.024
-0.024,-0.037,-0.012,0.031,-0.006,-0.024,0.033,-0.055,-0.125,-0.100,-0.075,-0.026
-0.027,-0.035,-0.008,0.031,-0.009,-0.021,0.037,-0.055,-0.125,-0.100,-0.073,-0.024
-0.031,-0.035,-0.004,0.034,-0.013,-0.020,0.041,-0.055,-0.125,-0.100,-0.070,-0.026
-0.035,-0.035,0.000,0.035,-0.017,-0.017,0.040,-0.055,-0.125,-0.100,-0.070,-0.030
-0.039,-0.035,0.004,0.037,-0.021,-0.015,0.036,-0.051,-0.125,-0.100,-0.070,-0.030
-0.042,-0.035,0.008,0.039,-0.025,-0.013,0.035,-0.050,-0.125,-0.100,-0.071,-0.029
-0.049,-0.035,0.013,0.042,-0.030,-0.011,0.033,-0.050,-0.125,-0.100,-0.068,-0.032
-0.048,-0.034,0.014,0.041,-0.031,-0.010,0.029,-0.050,-0.125,-0.100,-0.065,-0.035
-0.035,-0.030,0.005,0.032,-0.020,-0.012,0.030,-0.050,-0.125,-0.100,-0.065,-0.035
-0.030,-0.030,0.001,0.030,-0.016,-0.014,0.030,-0.050,-0.121,-0.096,-0.065,-0.035
-0.027,-0.030,-0.003,0.029,-0.012,-0.016,0.027,-0.050,-0.120,-0.095,-0.066,-0.032
-0.023,-0.030,-0.007,0.027,-0.008,-0.018,0.024,-0.050,-0.120,-0.095,-0.063,-0.029
-0.019,-0.030,-0.011,0.025,-0.004,-0.020,0.025,-0.049,-0.120,-0.095,-0.060,-0.030
-0.015,-0.030,-0.015,0.023,0.000,-0.022,0.025,-0.045,-0.120,-0.095,-0.060,-0.030
-0.011,-0.030,-0.020,0.021,0.004,-0.025,0.021,-0.045,-0.120,-0.095,-0.060,-0.030
-0.009,-0.027,-0.018,0.018,0.005,-0.022,0.019,-0.045,-0.120,-0.095,-0.060,-0.027
-0.012,-0.024,-0.013,0.018,0.001,-0.018,0.021,-0.045,-0.120,-0.095,-0.060,-0.024
-0.016,-0.025,-0.009,0.021,-0.003,-0.017,0.019,-0.045,-0.120,-0.095,-0.059,-0.025
-0.020,-0.025,-0.005,0.023,-0.007,-0.015,0.015,-0.045,-0.120,-0.095,-0.055,-0.025
-0.021,-0.025,-0.004,0.024,-0.008,-0.014,0.015,-0.045,-0.120,-0.095,-0.055,-0.025
-0.013,-0.026,-0.013,0.019,0.001,-0.019,0.016,-0.045,-0.120,-0.095,-0.055,-0.022
0.003,-0.023,-0.026,0.010,0.015,-0.024,0.011,-0.045,-0.120,-0.095,-0.055,-0.019
0.001,-0.029,-0.029,0.014,0.015,-0.028,0.003,-0.046,-0.119,-0.096,-0.054,-0.020
-0.025,-0.045,-0.020,0.035,-0.002,-0.032,0.000,-0.050,-0.115,-0.100,-0.050,-0.020
-0.026,-0.042,-0.016,0.034,-0.005,-0.028,-0.004,-0.050,-0.115,-0.100,-0.050,-0.020
-0.027,-0.040,-0.013,0.034,-0.007,-0.026,-0.008,-0.050,-0.115,-0.100,-0.050,-0.021
-0.032,-0.038,-0.006,0.035,-0.013,-0.022,-0.012,-0.050,-0.115,-0.100,-0.050,-0.018
-0.037,-0.035,0.002,0.036,-0.019,-0.016,-0.016,-0.050,-0.115,-0.100,-0.050,-0.015
-0.040,-0.035,0.005,0.037,-0.022,-0.015,-0.020,-0.050,-0.115,-0.100,-0.050,-0.015
-0.037,-0.031,0.006,0.034,-0.021,-0.012,-0.016,-0.050,-0.115,-0.100,-0.054,-0.015
-0.063,-0.029,0.033,0.046,-0.048,0.002,-0.015,-0.053,-0.116,-0.100,-0.055,-0.016
-0.074,-0.031,0.044,0.052,-0.059,0.006,-0.013,-0.056,-0.113,-0.100,-0.055,-0.013
-0.056,-0.029,0.027,0.042,-0.041,-0.001,-0.009,-0.055,-0.110,-0.100,-0.055,-0.010
-0.045,-0.025,0.020,0.035,-0.032,-0.002,-0.010,-0.055,-0.110,-0.100,-0.055,-0.010
-0.037,-0.025,0.012,0.031,-0.024,-0.006,-0.010,-0.055,-0.110,-0.100,-0.055,-0.010
-0.026,-0.022,0.004,0.024,-0.015,-0.009,-0.007,-0.055,-0.110,-0.100,-0.055,-0.010
-0.016,-0.020,-0.004,0.018,-0.006,-0.012,-0.004,-0.055,-0.110,-0.100,-0.055,-0.010
-0.007,-0.019,-0.013,0.013,0.003,-0.016,-0.005,-0.056,-0.110,-0.100,-0.055,-0.011
0.005,-0.015,-0.020,0.005,0.013,-0.017,-0.005,-0.060,-0.110,-0.100,-0.055,-0.015
-0.002,-0.014,-0.012,0.008,0.006,-0.013,-0.001,-0.060,-0.110,-0.100,-0.055,-0.019
-0.013,-0.019,-0.006,0.017,-0.003,-0.013,0.001,-0.060,-0.107,-0.100,-0.055,-0.023
0.003,0.000,-0.003,-0.001,0.003,-0.002,-0.001,-0.060,-0.104,-0.100,-0.055,-0.027
0.019,0.020,0.001,-0.020,0.009,0.011,0.001,-0.060,-0.105,-0.100,-0.055,-0.031
-0.005,0.000,0.005,0.002,-0.005,0.002,0.005,-0.060,-0.105,-0.100,-0.055,-0.035
-0.025,-0.017,0.009,0.021,-0.017,-0.004,0.005,-0.060,-0.105,-0.100,-0.055,-0.036
-0.045,-0.032,0.014,0.038,-0.030,-0.009,0.005,-0.057,-0.105,-0.097,-0.054,-0.032
-0.062,-0.048,0.014,0.055,-0.038,-0.017,0.003,-0.054,-0.105,-0.094,-0.057,-0.029
-0.063,-0.055,0.009,0.059,-0.036,-0.023,-0.001,-0.055,-0.105,-0.095,-0.060,-0.030
-0.050,-0.045,0.005,0.047,-0.027,-0.020,-0.005,-0.055,-0.105,-0.095,-0.055,-0.030
-0.038,-0.036,0.002,0.037,-0.019,-0.017,-0.009,-0.051,-0.103,-0.095,-0.055,-0.030
-0.026,-0.032,-0.006,0.029,-0.010,-0.019,-0.011,-0.049,-0.118,-0.095,-0.055,-0.030
-0.032,-0.027,0.005,0.029,-0.018,-0.010,-0.008,-0.051,-0.125,-0.095,-0.055,-0.030
-0.056,-0.018,0.039,0.037,-0.048,0.010,-0.004,-0.049,-0.119,-0.095,-0.055,-0.030
-0.070,-0.010,0.060,0.040,-0.065,0.025,0.000,-0.045,-0.120,-0.095,-0.055,-0.030
-0.054,-0.005,0.049,0.029,-0.051,0.022,0.004,-0.045,-0.120,-0.095,-0.055,-0.030
-0.048,-0.010,0.038,0.028,-0.042,0.014,0.006,-0.046,-0.121,-0.096,-0.058,-0.030
-0.052,-0.020,0.031,0.036,-0.041,0.005,0.003,-0.043,-0.117,-0.093,-0.062,-0.030
-0.048,-0.025,0.023,0.036,-0.035,-0.001,0.000,-0.050,-0.125,-0.099,-0.066,-0.031
-0.035,-0.020,0.015,0.027,-0.025,-0.002,0.000,-0.075,-0.150,-0.115,-0.070,-0.035
-0.026,-0.020,0.007,0.022,-0.016,-0.006,-0.004,-0.080,-0.151,-0.112,-0.074,-0.039
-0.022,-0.021,0.001,0.021,-0.011,-0.010,-0.006,-0.080,-0.149,-0.109,-0.079,-0.043
-0.003,-0.018,-0.015,0.011,0.006,-0.016,-0.003,-0.080,-0.150,-0.110,-0.080,-0.045
0.001,-0.024,-0.024,0.012,0.013,-0.024,0.000,-0.080,-0.150,-0.110,-0.081,-0.045
-0.035,-0.045,-0.010,0.040,-0.012,-0.027,0.000,-0.080,-0.150,-0.110,-0.085,-0.045
-0.049,-0.050,-0.001,0.050,-0.024,-0.026,0.004,-0.080,-0.150,-0.110,-0.085,-0.045
-0.055,-0.050,0.005,0.052,-0.030,-0.022,0.005,-0.079,-0.150,-0.109,-0.085,-0.048
-0.066,-0.050,0.016,0.058,-0.041,-0.017,0.007,-0.082,-0.150,-0.113,-0.085,-0.051
-0.069,-0.050,0.019,0.059,-0.044,-0.016,0.010,-0.085,-0.150,-0.122,-0.085,-0.050
-0.055,-0.050,0.005,0.052,-0.030,-0.022,0.010,-0.085,-0.150,-0.125,-0.085,-0.050
-0.047,-0.050,-0.003,0.049,-0.022,-0.026,0.014,-0.085,-0.150,-0.125,-0.085,-0.050
-0.040,-0.050,-0.010,0.045,-0.015,-0.030,0.015,-0.085,-0.150,-0.125,-0.085,-0.049
-0.030,-0.050,-0.020,0.040,-0.005,-0.035,0.017,-0.085,-0.150,-0.125,-0.085,-0.052
-0.025,-0.050,-0.025,0.038,0.000,-0.037,0.021,-0.085,-0.150,-0.125,-0.085,-0.055
-0.030,-0.050,-0.020,0.040,-0.005,-0.035,0.020,-0.085,-0.150,-0.125,-0.085,-0.055
-0.030,-0.050,-0.020,0.040,-0.005,-0.035,0.012,-0.089,-0.150,-0.125,-0.085,-0.055
-0.033,-0.050,-0.017,0.042,-0.008,-0.033,0.007,-0.090,-0.150,-0.125,-0.085,-0.055
-0.035,-0.050,-0.015,0.043,-0.010,-0.032,0.003,-0.090,-0.152,-0.125,-0.085,-0.055
-0.036,-0.050,-0.014,0.043,-0.011,-0.032,-0.001,-0.090,-0.156,-0.125,-0.085,-0.055
-0.040,-0.050,-0.010,0.045,-0.015,-0.030,-0.005,-0.090,-0.155,-0.125,-0.085,-0.055
-0.041,-0.050,-0.010,0.045,-0.015,-0.030,-0.009,-0.090,-0.153,-0.123,-0.083,-0.053
-0.039,-0.049,-0.011,0.044,-0.014,-0.030,-0.014,-0.089,-0.167,-0.137,-0.100,-0.067
-0.045,-0.053,-0.008,0.049,-0.019,-0.030,-0.014,-0.092,-0.179,-0.149,-0.115,-0.079
-0.058,-0.063,-0.005,0.061,-0.026,-0.033,-0.009,-0.095,-0.180,-0.150,-0.115,-0.080
-0.060,-0.065,-0.005,0.063,-0.027,-0.035,-0.005,-0.095,-0.180,-0.150,-0.115,-0.080
-0.041,-0.042,-0.001,0.042,-0.020,-0.021,-0.005,-0.095,-0.180,-0.150,-0.115,-0.080
-0.018,-0.019,0.000,0.019,-0.009,-0.009,-0.002,-0.095,-0.180,-0.150,-0.115,-0.080
-0.004,-0.002,0.002,0.003,-0.003,0.000,0.000,-0.095,-0.180,-0.150,-0.115,-0.080
0.009,0.014,0.005,-0.012,0.002,0.009,0.000,-0.095,-0.180,-0.150,-0.115,-0.080
0.020,0.025,0.005,-0.023,0.007,0.015,0.005,-0.095,-0.180,-0.150,-0.115,-0.080
0.008,0.014,0.006,-0.011,0.001,0.009,0.010,-0.095,-0.180,-0.150,-0.115,-0.080
0.006,0.003,-0.003,-0.005,0.004,0.000,0.010,-0.095,-0.183,-0.150,-0.115,-0.080
0.014,-0.004,-0.018,-0.005,0.016,-0.010,0.012,-0.095,-0.186,-0.150,-0.115,-0.080
0.013,-0.012,-0.025,0.000,0.019,-0.018,0.016,-0.095,-0.185,-0.150,-0.115,-0.080
0.000,-0.020,-0.020,0.010,0.010,-0.020,0.015,-0.095,-0.185,-0.150,-0.115,-0.080
-0.012,-0.028,-0.016,0.020,0.002,-0.021,0.011,-0.095,-0.185,-0.150,-0.115,-0.080
-0.024,-0.037,-0.012,0.031,-0.006,-0.024,0.010,-0.095,-0.185,-0.153,-0.115,-0.080
-0.034,-0.041,-0.007,0.038,-0.014,-0.024,0.010,-0.095,-0.185,-0.156,-0.115,-0.080
-0.033,-0.039,-0.006,0.037,-0.013,-0.022,0.010,-0.095,-0.185,-0.155,-0.115,-0.080
-0.025,-0.040,-0.015,0.033,-0.005,-0.027,0.010,-0.095,-0.185,-0.155,-0.115,-0.080
-0.037,-0.056,-0.019,0.047,-0.009,-0.038,0.006,-0.095,-0.189,-0.155,-0.115,-0.080
-0.039,-0.065,-0.026,0.052,-0.006,-0.045,0.005,-0.095,-0.190,-0.155,-0.115,-0.080
-0.032,-0.065,-0.033,0.049,0.001,-0.049,0.005,-0.095,-0.190,-0.155,-0.115,-0.080
-0.031,-0.065,-0.034,0.048,0.002,-0.050,0.005,-0.095,-0.190,-0.155,-0.115,-0.080
-0.035,-0.065,-0.030,0.050,-0.002,-0.047,0.005,-0.095,-0.190,-0.155,-0.115,-0.080
-0.035,-0.065,-0.030,0.050,-0.002,-0.047,0.001,-0.095,-0.190,-0.155,-0.115,-0.080
-0.035,-0.065,-0.030,0.050,-0.002,-0.047,0.000,-0.095,-0.190,-0.155,-0.115,-0.080
-0.035,-0.065,-0.030,0.050,-0.002,-0.047,0.000,-0.095,-0.190,-0.155,-0.115,-0.080
-0.036,-0.065,-0.029,0.050,-0.003,-0.047,0.000,-0.095,-0.190,-0.155,-0.115,-0.080
-0.040,-0.065,-0.025,0.053,-0.007,-0.045,0.000,-0.095,-0.190,-0.155,-0.115,-0.080
-0.040,-0.065,-0.025,0.053,-0.007,-0.045,0.000,-0.091,-0.186,-0.151,-0.111,-0.076
-0.040,-0.065,-0.025,0.053,-0.007,-0.045,-0.003,-0.090,-0.184,-0.150,-0.110,-0.075
-0.040,-0.065,-0.025,0.053,-0.007,-0.045,-0.006,-0.090,-0.186,-0.150,-0.110,-0.075
-0.040,-0.065,-0.025,0.053,-0.007,-0.045,-0.005,-0.090,-0.184,-0.150,-0.110,-0.075
-0.040,-0.065,-0.025,0.053,-0.007,-0.045,-0.005,-0.090,-0.180,-0.150,-0.110,-0.075
-0.044,-0.065,-0.021,0.055,-0.011,-0.042,-0.005,-0.090,-0.180,-0.150,-0.110,-0.075
-0.045,-0.065,-0.020,0.055,-0.012,-0.042,-0.008,-0.090,-0.180,-0.147,-0.110,-0.072
-0.045,-0.065,-0.020,0.055,-0.012,-0.042,-0.011,-0.090,-0.180,-0.144,-0.110,-0.069
-0.045,-0.065,-0.020,0.055,-0.012,-0.042,-0.010,-0.090,-0.179,-0.145,-0.109,-0.070
-0.045,-0.065,-0.020,0.055,-0.012,-0.042,-0.010,-0.090,-0.175,-0.145,-0.105,-0.070
-0.045,-0.065,-0.020,0.055,-0.012,-0.042,-0.010,-0.090,-0.175,-0.145,-0.105,-0.070
-0.048,-0.065,-0.017,0.057,-0.015,-0.041,-0.010,-0.090,-0.175,-0.145,-0.105,-0.070
-0.050,-0.065,-0.015,0.058,-0.017,-0.040,-0.009,-0.090,-0.175,-0.145,-0.105,-0.070
-0.051,-0.065,-0.014,0.058,-0.018,-0.040,-0.011,-0.090,-0.174,-0.144,-0.105,-0.069
-0.055,-0.065,-0.010,0.060,-0.022,-0.037,-0.010,-0.090,-0.170,-0.140,-0.105,-0.065
-0.055,-0.065,-0.010,0.060,-0.022,-0.037,0.015,-0.090,-0.170,-0.140,-0.105,-0.065
-0.057,-0.064,-0.007,0.061,-0.024,-0.036,0.020,-0.090,-0.171,-0.140,-0.106,-0.065
-0.063,-0.066,-0.004,0.065,-0.029,-0.035,0.013,-0.090,-0.168,-0.140,-0.103,-0.065
-0.056,-0.062,-0.006,0.059,-0.024,-0.034,0.016,-0.090,-0.165,-0.140,-0.100,-0.065
-0.020,-0.035,-0.015,0.028,-0.002,-0.025,0.015,-0.090,-0.165,-0.140,-0.100,-0.065
0.017,-0.006,-0.023,-0.005,0.020,-0.014,0.011,-0.090,-0.165,-0.136,-0.100,-0.061
-0.027,-0.058,-0.031,0.043,0.002,-0.044,0.010,-0.090,-0.166,-0.135,-0.100,-0.060
-0.059,-0.098,-0.038,0.079,-0.010,-0.068,0.010,-0.090,-0.163,-0.135,-0.100,-0.060
-0.043,-0.082,-0.039,0.062,-0.001,-0.060,0.010,-0.090,-0.160,-0.135,-0.100,-0.060
-0.050,-0.080,-0.030,0.065,-0.010,-0.055,0.010,-0.090,-0.160,-0.135,-0.100,-0.060
-0.059,-0.081,-0.022,0.070,-0.018,-0.051,0.006,-0.090,-0.160,-0.135,-0.100,-0.060
-0.063,-0.077,-0.014,0.070,-0.024,-0.045,0.005,-0.091,-0.159,-0.135,-0.101,-0.060
-0.069,-0.075,-0.006,0.072,-0.031,-0.040,0.005,-0.088,-0.162,-0.137,-0.098,-0.060
-0.067,-0.075,-0.007,0.071,-0.030,-0.041,0.005,-0.085,-0.166,-0.141,-0.095,-0.060
-0.045,-0.070,-0.025,0.058,-0.010,-0.047,0.005,-0.085,-0.165,-0.140,-0.095,-0.060
-0.022,-0.065,-0.043,0.045,0.011,-0.054,0.001,-0.081,-0.161,-0.138,-0.097,-0.058
-0.022,-0.065,-0.043,0.044,0.011,-0.054,-0.001,-0.079,-0.160,-0.153,-0.113,-0.076
-0.024,-0.063,-0.039,0.044,0.008,-0.051,0.001,-0.081,-0.158,-0.161,-0.120,-0.086
-0.019,-0.059,-0.040,0.039,0.011,-0.050,-0.001,-0.079,-0.155,-0.153,-0.114,-0.078
-0.020,-0.060,-0.040,0.040,0.010,-0.050,-0.005,-0.075,-0.155,-0.150,-0.110,-0.075
-0.028,-0.064,-0.036,0.046,0.004,-0.050,-0.005,-0.075,-0.151,-0.146,-0.106,-0.075
-0.035,-0.069,-0.034,0.053,0.000,-0.052,-0.005,-0.072,-0.149,-0.142,-0.105,-0.072
-0.031,-0.067,-0.036,0.050,0.002,-0.051,-0.005,-0.069,-0.151,-0.138,-0.104,-0.070
-0.024,-0.058,-0.034,0.042,0.005,-0.046,-0.006,-0.070,-0.149,-0.135,-0.099,-0.070
-0.025,-0.055,-0.030,0.040,0.003,-0.042,-0.010,-0.070,-0.145,-0.135,-0.095,-0.065
-0.021,-0.051,-0.030,0.036,0.004,-0.040,-0.010,-0.066,-0.145,-0.131,-0.095,-0.060
-0.018,-0.047,-0.029,0.032,0.006,-0.038,-0.010,-0.065,-0.142,-0.127,-0.093,-0.060
-0.011,-0.043,-0.032,0.027,0.011,-0.037,-0.010,-0.063,-0.140,-0.123,-0.087,-0.058
-0.013,-0.039,-0.026,0.026,0.007,-0.033,-0.009,-0.059,-0.139,-0.120,-0.085,-0.055
-0.035,-0.035,0.000,0.035,-0.017,-0.017,-0.005,-0.060,-0.135,-0.120,-0.085,-0.055
-0.050,-0.027,0.022,0.038,-0.036,-0.002,-0.001,-0.060,-0.135,-0.116,-0.081,-0.051
-0.045,-0.018,0.026,0.031,-0.035,0.004,0.004,-0.057,-0.136,-0.111,-0.079,-0.049
-0.054,-0.013,0.042,0.034,-0.048,0.014,0.005,-0.054,-0.133,-0.110,-0.081,-0.051
-0.071,-0.008,0.063,0.040,-0.067,0.027,0.006,-0.055,-0.130,-0.109,-0.079,-0.049
-0.060,0.000,0.060,0.030,-0.060,0.030,0.010,-0.055,-0.130,-0.105,-0.075,-0.045
-0.051,0.008,0.060,0.021,-0.055,0.034,0.014,-0.051,-0.130,-0.100,-0.075,-0.045
-0.047,0.013,0.060,0.017,-0.054,0.036,0.015,-0.050,-0.127,-0.100,-0.076,-0.046
-0.042,0.018,0.060,0.012,-0.051,0.039,0.016,-0.050,-0.125,-0.098,-0.073,-0.043
-0.033,0.027,0.060,0.003,-0.047,0.043,0.021,-0.050,-0.125,-0.095,-0.070,-0.040
-0.025,0.035,0.060,-0.005,-0.043,0.047,0.025,-0.050,-0.125,-0.095,-0.070,-0.040
-0.021,0.039,0.060,-0.009,-0.041,0.049,0.026,-0.050,-0.125,-0.095,-0.070,-0.040
-0.015,0.045,0.060,-0.015,-0.037,0.053,0.019,-0.047,-0.122,-0.095,-0.070,-0.039
-0.005,0.055,0.060,-0.025,-0.033,0.057,0.013,-0.045,-0.119,-0.095,-0.068,-0.042
0.001,0.061,0.060,-0.031,-0.030,0.061,0.008,-0.045,-0.120,-0.095,-0.064,-0.045
0.005,0.065,0.060,-0.035,-0.028,0.062,0.000,-0.045,-0.120,-0.095,-0.060,-0.045
0.012,0.069,0.057,-0.041,-0.023,0.063,-0.004,-0.046,-0.120,-0.095,-0.056,-0.045
-0.009,0.070,0.079,-0.031,-0.044,0.075,-0.011,-0.042,-0.117,-0.092,-0.055,-0.045
-0.022,0.070,0.092,-0.024,-0.057,0.081,-0.018,-0.054,-0.114,-0.089,-0.054,-0.045
-0.013,0.070,0.083,-0.029,-0.048,0.076,-0.019,-0.073,-0.115,-0.090,-0.049,-0.045
-0.010,0.070,0.080,-0.030,-0.045,0.075,-0.015,-0.075,-0.115,-0.090,-0.045,-0.045
-0.002,0.074,0.076,-0.037,-0.039,0.075,-0.015,-0.075,-0.111,-0.090,-0.045,-0.045
0.001,0.076,0.075,-0.039,-0.038,0.075,-0.015,-0.075,-0.110,-0.090,-0.042,-0.045
0.001,0.075,0.074,-0.038,-0.037,0.074,-0.015,-0.075,-0.110,-0.090,-0.038,-0.045
0.007,0.076,0.069,-0.041,-0.031,0.072,-0.014,-0.076,-0.110,-0.090,-0.034,-0.045
0.010,0.075,0.065,-0.043,-0.028,0.070,-0.010,-0.080,-0.110,-0.090,-0.035,-0.045
0.002,0.068,0.065,-0.036,-0.031,0.066,-0.010,-0.080,-0.106,-0.086,-0.039,-0.045
0.028,0.091,0.063,-0.060,-0.017,0.077,-0.010,-0.080,-0.105,-0.085,-0.040,-0.048
0.036,0.094,0.057,-0.065,-0.011,0.075,-0.010,-0.080,-0.105,-0.085,-0.042,-0.051
0.008,0.063,0.055,-0.036,-0.023,0.059,-0.010,-0.080,-0.105,-0.085,-0.045,-0.050
-0.010,0.045,0.055,-0.018,-0.033,0.050,-0.010,-0.080,-0.105,-0.085,-0.045,-0.050
-0.022,0.025,0.047,-0.002,-0.035,0.035,-0.006,-0.084,-0.113,-0.085,-0.049,-0.050
-0.034,0.008,0.042,0.013,-0.038,0.024,-0.005,-0.085,-0.122,-0.085,-0.051,-0.050
-0.059,-0.023,0.036,0.042,-0.047,0.006,-0.005,-0.085,-0.127,-0.086,-0.049,-0.050
-0.048,-0.019,0.029,0.033,-0.038,0.005,-0.005,-0.085,-0.131,-0.084,-0.043,-0.050
0.015,0.040,0.025,-0.028,-0.005,0.032,-0.005,-0.085,-0.135,-0.085,-0.040,-0.050
-0.004,0.012,0.017,-0.005,-0.011,0.014,-0.001,-0.085,-0.139,-0.106,-0.065,-0.050
-0.037,-0.025,0.012,0.031,-0.024,-0.006,0.000,-0.088,-0.146,-0.115,-0.075,-0.050
-0.050,-0.043,0.007,0.046,-0.028,-0.018,0.000,-0.091,-0.152,-0.116,-0.076,-0.050
-0.048,-0.050,-0.002,0.049,-0.023,-0.026,0.000,-0.090,-0.156,-0.122,-0.082,-0.050
-0.035,-0.045,-0.010,0.040,-0.012,-0.027,0.000,-0.090,-0.160,-0.125,-0.085,-0.050
-0.025,-0.043,-0.018,0.034,-0.003,-0.030,0.001,-0.090,-0.160,-0.123,-0.084,-0.058
-0.034,-0.060,-0.026,0.047,-0.004,-0.043,-0.006,-0.091,-0.164,-0.139,-0.094,-0.064
-0.041,-0.075,-0.034,0.058,-0.003,-0.054,-0.012,-0.087,-0.163,-0.156,-0.101,-0.065
-0.032,-0.075,-0.042,0.054,0.006,-0.058,-0.017,-0.095,-0.170,-0.161,-0.109,-0.074
-0.025,-0.075,-0.050,0.050,0.013,-0.062,-0.025,-0.120,-0.195,-0.165,-0.130,-0.095
-0.028,-0.075,-0.047,0.052,0.010,-0.061,-0.029,-0.117,-0.192,-0.165,-0.127,-0.100
-0.034,-0.073,-0.040,0.054,0.003,-0.056,-0.036,-0.114,-0.189,-0.165,-0.124,-0.100
-0.019,-0.081,-0.062,0.051,0.022,-0.072,-0.043,-0.113,-0.190,-0.165,-0.125,-0.100
-0.005,-0.090,-0.085,0.048,0.040,-0.087,-0.044,-0.110,-0.190,-0.165,-0.125,-0.100
-0.020,-0.080,-0.060,0.050,0.020,-0.070,-0.040,-0.110,-0.190,-0.165,-0.125,-0.100
-0.029,-0.071,-0.042,0.050,0.007,-0.057,-0.040,-0.106,-0.190,-0.165,-0.125,-0.100
-0.030,-0.066,-0.036,0.048,0.003,-0.051,-0.037,-0.105,-0.190,-0.165,-0.125,-0.100
-0.017,-0.051,-0.035,0.035,0.009,-0.043,-0.034,-0.103,-0.190,-0.165,-0.125,-0.100
-0.022,-0.057,-0.035,0.040,0.007,-0.045,-0.035,-0.100,-0.190,-0.165,-0.125,-0.100
-0.065,-0.100,-0.035,0.083,-0.015,-0.067,-0.035,-0.100,-0.190,-0.165,-0.125,-0.100
-0.080,-0.115,-0.035,0.098,-0.022,-0.075,-0.031,-0.096,-0.190,-0.165,-0.125,-0.100
-0.076,-0.112,-0.036,0.095,-0.020,-0.073,-0.029,-0.094,-0.190,-0.165,-0.125,-0.100
-0.076,-0.109,-0.033,0.093,-0.022,-0.071,-0.031,-0.097,-0.190,-0.165,-0.125,-0.100
-0.081,-0.110,-0.030,0.095,-0.025,-0.070,-0.029,-0.100,-0.189,-0.165,-0.124,-0.100
-0.080,-0.110,-0.030,0.095,-0.025,-0.070,-0.025,-0.100,-0.185,-0.165,-0.120,-0.100
-0.080,-0.110,-0.030,0.095,-0.025,-0.070,-0.025,-0.100,-0.185,-0.165,-0.120,-0.100
-0.079,-0.110,-0.031,0.095,-0.024,-0.070,-0.026,-0.100,-0.185,-0.165,-0.120,-0.100
-0.082,-0.110,-0.028,0.096,-0.027,-0.069,-0.023,-0.100,-0.185,-0.165,-0.120,-0.100
-0.076,-0.110,-0.034,0.093,-0.021,-0.072,-0.020,-0.100,-0.185,-0.165,-0.120,-0.100
-0.055,-0.110,-0.055,0.083,0.000,-0.082,-0.020,-0.100,-0.185,-0.165,-0.120,-0.100
-0.053,-0.106,-0.052,0.080,0.000,-0.079,-0.020,-0.100,-0.185,-0.165,-0.120,-0.100
-0.059,-0.105,-0.046,0.082,-0.006,-0.075,-0.017,-0.100,-0.185,-0.165,-0.120,-0.100
-0.060,-0.105,-0.045,0.083,-0.007,-0.075,-0.012,-0.100,-0.185,-0.165,-0.120,-0.100
-0.061,-0.105,-0.044,0.083,-0.008,-0.074,-0.010,-0.100,-0.185,-0.165,-0.120,-0.100
-0.065,-0.105,-0.040,0.085,-0.012,-0.072,-0.010,-0.100,-0.185,-0.165,-0.120,-0.100
-0.065,-0.105,-0.040,0.085,-0.012,-0.072,-0.006,-0.100,-0.185,-0.165,-0.120,-0.100
-0.067,-0.105,-0.038,0.086,-0.014,-0.071,-0.002,-0.100,-0.186,-0.165,-0.120,-0.100
-0.074,-0.106,-0.033,0.090,-0.020,-0.069,0.001,-0.100,-0.182,-0.165,-0.119,-0.099
-0.073,-0.102,-0.030,0.087,-0.021,-0.065,-0.001,-0.101,-0.173,-0.165,-0.114,-0.094
-0.055,-0.085,-0.030,0.070,-0.012,-0.057,-0.010,-0.100,-0.165,-0.165,-0.110,-0.090
-0.044,-0.071,-0.027,0.058,-0.008,-0.049,-0.017,-0.080,-0.156,-0.165,-0.107,-0.087
-0.058,-0.076,-0.017,0.068,-0.021,-0.046,0.000,-0.063,-0.154,-0.165,-0.095,-0.077
-0.062,-0.113,-0.050,0.088,-0.006,-0.081,0.016,-0.044,-0.140,-0.165,-0.122,-0.097
-0.056,-0.142,-0.086,0.099,0.015,-0.114,0.050,0.017,-0.114,-0.166,-0.158,-0.128
-0.070,-0.125,-0.055,0.098,-0.007,-0.090,0.125,0.120,-0.095,-0.165,-0.140,-0.120
-0.080,-0.113,-0.033,0.097,-0.023,-0.073,0.164,0.177,-0.074,-0.156,-0.128,-0.116
-0.075,-0.095,-0.020,0.085,-0.027,-0.058,0.191,0.209,-0.060,-0.158,-0.114,-0.111
-0.066,-0.077,-0.011,0.072,-0.027,-0.044,0.235,0.277,-0.015,-0.125,-0.110,-0.111
-0.048,-0.050,-0.002,0.050,-0.023,-0.026,0.268,0.372,0.066,-0.061,-0.088,-0.097
-0.010,0.000,0.010,0.005,-0.010,0.005,0.270,0.455,0.155,-0.005,-0.020,-0.050
0.032,0.047,0.015,-0.039,0.008,0.031,0.300,0.569,0.284,0.092,0.038,-0.007
0.062,0.114,0.052,-0.088,0.005,0.082,0.333,0.722,0.467,0.239,0.126,0.053
0.121,0.230,0.109,-0.176,0.006,0.169,0.338,0.803,0.639,0.398,0.251,0.146
0.186,0.358,0.172,-0.273,0.007,0.265,0.329,0.825,0.791,0.565,0.390,0.258
0.210,0.455,0.245,-0.333,-0.018,0.350,0.320,0.875,0.975,0.760,0.540,0.370
0.257,0.571,0.315,-0.414,-0.029,0.443,0.277,0.863,1.169,0.965,0.712,0.497
0.341,0.716,0.374,-0.528,-0.017,0.544,0.196,0.840,1.348,1.166,0.878,0.628
0.420,0.877,0.457,-0.648,-0.019,0.667,0.072,0.831,1.574,1.414,1.078,0.780
0.472,1.040,0.568,-0.756,-0.048,0.804,-0.086,0.768,1.801,1.681,1.294,0.944
0.510,1.195,0.685,-0.853,-0.088,0.940,-0.245,0.595,1.915,1.880,1.460,1.080
0.513,1.308,0.795,-0.911,-0.141,1.051,-0.361,0.393,1.974,2.016,1.579,1.162
0.461,1.233,0.772,-0.848,-0.156,1.002,-0.377,0.282,1.973,2.010,1.523,1.090
0.407,1.090,0.683,-0.749,-0.139,0.887,-0.359,0.164,1.879,1.893,1.379,0.959
0.343,0.992,0.649,-0.668,-0.154,0.820,-0.353,-0.005,1.663,1.706,1.238,0.854
0.240,0.875,0.635,-0.558,-0.198,0.755,-0.345,-0.150,1.325,1.430,1.060,0.735
0.182,0.681,0.499,-0.432,-0.159,0.590,-0.341,-0.294,0.899,1.060,0.810,0.570
0.159,0.493,0.334,-0.326,-0.088,0.413,-0.297,-0.425,0.406,0.626,0.529,0.393
0.091,0.345,0.254,-0.218,-0.082,0.299,-0.235,-0.442,-0.048,0.211,0.289,0.250
0.014,0.219,0.205,-0.117,-0.096,0.212,-0.182,-0.350,-0.355,-0.099,0.108,0.136
-0.005,0.095,0.100,-0.045,-0.053,0.097,-0.135,-0.255,-0.480,-0.245,-0.030,0.035
-0.059,-0.026,0.033,0.043,-0.046,0.003,-0.090,-0.152,-0.445,-0.230,-0.097,-0.012
-0.073,-0.097,-0.024,0.085,-0.025,-0.061,-0.020,-0.008,-0.329,-0.205,-0.118,-0.049
-0.043,-0.144,-0.101,0.094,0.029,-0.122,0.056,0.125,-0.239,-0.190,-0.136,-0.088
-0.024,-0.172,-0.148,0.099,0.062,-0.159,0.120,0.224,-0.185,-0.163,-0.151,-0.106
-0.035,-0.160,-0.125,0.098,0.045,-0.142,0.160,0.295,-0.130,-0.140,-0.140,-0.100
-0.039,-0.152,-0.112,0.095,0.037,-0.132,0.154,0.283,-0.116,-0.131,-0.131,-0.100
-0.045,-0.144,-0.098,0.094,0.027,-0.121,0.143,0.261,-0.110,-0.127,-0.127,-0.097
-0.054,-0.138,-0.084,0.096,0.015,-0.110,0.136,0.247,-0.099,-0.123,-0.122,-0.095
-0.053,-0.125,-0.071,0.090,0.009,-0.098,0.128,0.232,-0.088,-0.118,-0.113,-0.094
-0.040,-0.095,-0.055,0.068,0.008,-0.075,0.120,0.220,-0.080,-0.110,-0.105,-0.090
-0.026,-0.069,-0.043,0.048,0.009,-0.056,0.112,0.200,-0.068,-0.106,-0.101,-0.090
-0.032,-0.060,-0.028,0.046,-0.002,-0.044,0.104,0.180,-0.057,-0.102,-0.097,-0.087
-0.047,-0.061,-0.014,0.054,-0.017,-0.037,0.096,0.158,-0.056,-0.098,-0.095,-0.085
-0.057,-0.059,-0.002,0.059,-0.028,-0.030,0.089,0.135,-0.062,-0.095,-0.095,-0.084
-0.065,-0.055,0.010,0.060,-0.037,-0.022,0.085,0.115,-0.065,-0.095,-0.095,-0.080
-0.073,-0.055,0.018,0.064,-0.045,-0.018,0.081,0.092,-0.063,-0.095,-0.095,-0.080
-0.080,-0.052,0.028,0.066,-0.054,-0.011,0.077,0.065,-0.078,-0.092,-0.095,-0.077
-0.091,-0.050,0.041,0.070,-0.066,-0.004,0.073,0.051,-0.085,-0.089,-0.095,-0.075
-0.093,-0.049,0.044,0.071,-0.068,-0.002,0.069,0.049,-0.079,-0.090,-0.095,-0.074
-0.075,-0.045,0.030,0.060,-0.052,-0.007,0.065,0.045,-0.080,-0.090,-0.095,-0.070
-0.063,-0.045,0.018,0.054,-0.040,-0.014,0.061,0.041,-0.076,-0.086,-0.095,-0.070
-0.049,-0.042,0.007,0.045,-0.028,-0.018,0.060,0.037,-0.075,-0.084,-0.095,-0.067
-0.032,-0.040,-0.009,0.036,-0.012,-0.024,0.058,0.033,-0.073,-0.086,-0.096,-0.065
-0.026,-0.039,-0.013,0.033,-0.006,-0.025,0.055,0.029,-0.070,-0.084,-0.094,-0.064
-0.035,-0.030,0.005,0.032,-0.020,-0.012,0.055,0.025,-0.070,-0.080,-0.085,-0.060
-0.039,-0.021,0.017,0.030,-0.028,-0.002,0.051,0.021,-0.066,-0.080,-0.076,-0.056
-0.049,-0.017,0.032,0.033,-0.040,0.007,0.050,0.020,-0.065,-0.081,-0.072,-0.052
-0.059,-0.012,0.047,0.035,-0.052,0.018,0.048,0.020,-0.063,-0.078,-0.067,-0.050
-0.060,-0.003,0.057,0.031,-0.058,0.027,0.045,0.020,-0.060,-0.075,-0.058,-0.049
-0.055,0.005,0.060,0.025,-0.058,0.032,0.045,0.020,-0.060,-0.075,-0.050,-0.045
-0.050,0.010,0.060,0.020,-0.055,0.035,0.045,0.016,-0.056,-0.075,-0.046,-0.041
-0.055,0.005,0.060,0.025,-0.057,0.033,0.045,0.015,-0.055,-0.072,-0.042,-0.040
-0.065,-0.005,0.060,0.035,-0.063,0.027,0.045,0.015,-0.053,-0.069,-0.039,-0.039
-0.070,-0.010,0.060,0.040,-0.065,0.025,0.045,0.015,-0.050,-0.070,-0.040,-0.034
-0.065,-0.005,0.060,0.035,-0.062,0.027,0.045,0.015,-0.050,-0.070,-0.040,-0.030
-0.061,-0.001,0.060,0.031,-0.060,0.030,0.045,0.011,-0.046,-0.066,-0.036,-0.030
-0.057,0.003,0.060,0.027,-0.059,0.031,0.042,0.010,-0.041,-0.065,-0.035,-0.027
-0.053,0.007,0.060,0.023,-0.057,0.033,0.039,0.010,-0.040,-0.065,-0.035,-0.024
-0.049,0.011,0.060,0.019,-0.054,0.036,0.040,0.010,-0.039,-0.065,-0.035,-0.025
-0.045,0.015,0.060,0.015,-0.053,0.037,0.040,0.010,-0.035,-0.065,-0.035,-0.025
-0.045,0.015,0.060,0.015,-0.053,0.037,0.040,0.010,-0.035,-0.061,-0.031,-0.021
-0.042,0.018,0.059,0.012,-0.051,0.038,0.040,0.007,-0.033,-0.060,-0.030,-0.020
-0.040,0.022,0.062,0.009,-0.051,0.042,0.040,0.004,-0.027,-0.058,-0.030,-0.020
-0.040,0.026,0.065,0.006,-0.053,0.046,0.040,0.005,-0.025,-0.055,-0.030,-0.020
-0.035,0.030,0.065,0.002,-0.050,0.047,0.040,0.005,-0.025,-0.055,-0.030,-0.020
-0.030,0.035,0.065,-0.003,-0.048,0.050,0.036,0.005,-0.021,-0.051,-0.026,-0.016
-0.033,0.032,0.065,0.000,-0.049,0.048,0.035,0.002,-0.021,-0.050,-0.024,-0.015
-0.036,0.029,0.065,0.003,-0.050,0.047,0.035,-0.001,-0.017,-0.048,-0.026,-0.015
-0.035,0.030,0.065,0.002,-0.050,0.047,0.035,0.000,-0.009,-0.045,-0.024,-0.015
-0.035,0.030,0.065,0.002,-0.050,0.047,0.035,0.000,-0.005,-0.045,-0.020,-0.015
-0.035,0.030,0.065,0.002,-0.050,0.047,0.035,0.000,0.003,-0.041,-0.020,-0.011
-0.035,0.030,0.065,0.002,-0.050,0.047,0.035,0.000,0.008,-0.040,-0.020,-0.009
-0.035,0.030,0.065,0.002,-0.050,0.047,0.035,0.001,0.014,-0.039,-0.020,-0.011
-0.035,0.030,0.065,0.002,-0.050,0.047,0.035,0.006,0.021,-0.034,-0.019,-0.009
-0.035,0.030,0.065,0.002,-0.050,0.047,0.035,0.010,0.025,-0.030,-0.015,-0.005
-0.035,0.030,0.065,0.002,-0.050,0.047,0.031,0.010,0.029,-0.026,-0.015,-0.005
-0.037,0.031,0.068,0.003,-0.052,0.049,0.030,0.012,0.030,-0.022,-0.015,-0.005
-0.044,0.026,0.071,0.009,-0.057,0.048,0.030,0.018,0.032,-0.018,-0.016,-0.005
-0.032,0.038,0.070,-0.003,-0.051,0.054,0.030,0.020,0.035,-0.014,-0.013,-0.004
0.005,0.075,0.070,-0.040,-0.033,0.072,0.030,0.020,0.035,-0.010,-0.005,0.000
0.003,0.073,0.070,-0.038,-0.033,0.071,0.030,0.024,0.039,-0.002,-0.001,0.000
-0.005,0.066,0.071,-0.030,-0.038,0.068,0.027,0.025,0.039,0.004,0.006,0.000
-0.003,0.064,0.067,-0.030,-0.036,0.065,0.024,0.025,0.044,0.006,0.012,0.000
-0.017,0.058,0.075,-0.020,-0.046,0.066,0.025,0.034,0.059,0.012,0.017,0.001
-0.040,0.060,0.100,-0.010,-0.070,0.080,0.025,0.050,0.075,0.020,0.025,0.005
0.000,0.101,0.101,-0.051,-0.051,0.101,0.025,0.055,0.092,0.024,0.029,0.009
0.018,0.117,0.099,-0.068,-0.041,0.108,0.025,0.058,0.099,0.028,0.033,0.014
0.014,0.114,0.100,-0.064,-0.044,0.107,0.025,0.062,0.102,0.031,0.035,0.015
0.015,0.115,0.100,-0.065,-0.043,0.107,0.024,0.065,0.106,0.029,0.036,0.016
0.015,0.115,0.100,-0.065,-0.043,0.107,0.020,0.065,0.110,0.030,0.040,0.020
0.019,0.119,0.100,-0.069,-0.041,0.109,0.020,0.065,0.114,0.047,0.040,0.024
0.021,0.121,0.100,-0.071,-0.040,0.110,0.020,0.066,0.119,0.052,0.043,0.025
0.019,0.119,0.100,-0.069,-0.040,0.110,0.020,0.062,0.118,0.047,0.045,0.026
0.021,0.121,0.100,-0.071,-0.040,0.110,0.020,0.072,0.125,0.054,0.046,0.031
0.025,0.125,0.100,-0.075,-0.038,0.112,0.020,0.105,0.150,0.075,0.055,0.035
0.025,0.125,0.100,-0.075,-0.038,0.112,0.016,0.107,0.154,0.075,0.060,0.035
0.025,0.125,0.100,-0.075,-0.038,0.112,0.015,0.101,0.167,0.084,0.061,0.039
0.025,0.125,0.100,-0.075,-0.038,0.112,0.015,0.117,0.194,0.107,0.075,0.054
0.025,0.125,0.100,-0.075,-0.038,0.112,0.015,0.137,0.212,0.121,0.092,0.066
0.020,0.120,0.100,-0.070,-0.040,0.110,0.015,0.130,0.210,0.115,0.085,0.060
0.017,0.116,0.100,-0.066,-0.042,0.108,0.015,0.127,0.207,0.111,0.077,0.057
0.043,0.145,0.101,-0.094,-0.029,0.123,0.016,0.147,0.232,0.138,0.102,0.076
0.069,0.165,0.096,-0.117,-0.014,0.130,0.013,0.152,0.249,0.151,0.117,0.086
0.051,0.159,0.108,-0.105,-0.029,0.133,0.010,0.155,0.261,0.155,0.117,0.087
0.010,0.160,0.150,-0.085,-0.070,0.155,0.010,0.190,0.295,0.190,0.135,0.105
0.015,0.171,0.156,-0.094,-0.071,0.164,0.006,0.196,0.308,0.200,0.144,0.111
0.031,0.185,0.154,-0.109,-0.062,0.170,0.004,0.194,0.320,0.200,0.146,0.107
0.037,0.192,0.155,-0.115,-0.059,0.173,0.006,0.212,0.343,0.218,0.160,0.120
0.051,0.206,0.155,-0.129,-0.052,0.180,0.004,0.233,0.362,0.237,0.176,0.137
0.080,0.235,0.155,-0.158,-0.038,0.195,0.000,0.235,0.365,0.235,0.175,0.135
0.086,0.241,0.155,-0.164,-0.035,0.198,0.000,0.234,0.381,0.255,0.191,0.135
0.084,0.239,0.155,-0.162,-0.036,0.197,0.001,0.239,0.395,0.268,0.202,0.132
0.102,0.259,0.156,-0.181,-0.028,0.208,-0.002,0.237,0.405,0.272,0.209,0.147
0.104,0.274,0.171,-0.189,-0.034,0.222,-0.005,0.247,0.429,0.293,0.226,0.176
0.070,0.265,0.195,-0.168,-0.063,0.230,-0.005,0.280,0.465,0.330,0.250,0.190
0.097,0.297,0.200,-0.197,-0.052,0.248,-0.004,0.279,0.471,0.337,0.259,0.195
0.112,0.312,0.199,-0.212,-0.044,0.255,-0.008,0.267,0.469,0.331,0.264,0.196
0.108,0.310,0.202,-0.210,-0.047,0.256,-0.010,0.281,0.487,0.348,0.280,0.210
0.112,0.317,0.205,-0.215,-0.047,0.261,-0.011,0.303,0.508,0.374,0.298,0.228
0.120,0.325,0.205,-0.223,-0.043,0.265,-0.015,0.300,0.510,0.375,0.300,0.230
0.121,0.330,0.209,-0.226,-0.044,0.270,-0.015,0.299,0.513,0.378,0.304,0.234
0.116,0.327,0.211,-0.222,-0.047,0.269,-0.014,0.301,0.522,0.386,0.306,0.239
0.133,0.341,0.208,-0.237,-0.037,0.274,-0.017,0.298,0.526,0.393,0.318,0.240
0.159,0.363,0.205,-0.262,-0.023,0.284,-0.020,0.305,0.534,0.404,0.332,0.241
0.160,0.365,0.205,-0.263,-0.023,0.285,-0.020,0.325,0.555,0.420,0.335,0.250
0.164,0.365,0.201,-0.265,-0.019,0.282,-0.020,0.318,0.557,0.417,0.339,0.258
0.164,0.364,0.200,-0.264,-0.018,0.282,-0.023,0.311,0.552,0.411,0.343,0.263
0.169,0.367,0.198,-0.268,-0.015,0.282,-0.025,0.308,0.564,0.408,0.348,0.267
0.176,0.370,0.194,-0.273,-0.009,0.282,-0.025,0.304,0.574,0.404,0.350,0.270
0.175,0.370,0.195,-0.273,-0.010,0.282,-0.025,0.300,0.560,0.400,0.345,0.270
0.172,0.373,0.201,-0.273,-0.014,0.287,-0.021,0.296,0.552,0.400,0.345,0.270
0.128,0.350,0.222,-0.239,-0.047,0.286,-0.020,0.292,0.541,0.397,0.345,0.268
0.147,0.376,0.229,-0.261,-0.041,0.303,-0.018,0.289,0.531,0.393,0.345,0.279
0.207,0.424,0.217,-0.315,-0.005,0.321,-0.015,0.300,0.522,0.389,0.345,0.290
0.190,0.400,0.210,-0.295,-0.010,0.305,-0.015,0.315,0.510,0.385,0.345,0.275
0.182,0.384,0.202,-0.283,-0.010,0.293,-0.011,0.293,0.503,0.380,0.346,0.262
0.169,0.363,0.194,-0.266,-0.012,0.278,-0.010,0.265,0.483,0.382,0.334,0.254
0.152,0.338,0.187,-0.245,-0.018,0.262,-0.009,0.248,0.460,0.370,0.317,0.245
0.145,0.322,0.177,-0.234,-0.016,0.249,-0.004,0.238,0.439,0.344,0.301,0.232
0.145,0.315,0.170,-0.230,-0.013,0.242,0.000,0.230,0.410,0.325,0.285,0.220
0.124,0.311,0.187,-0.218,-0.031,0.249,0.004,0.222,0.382,0.309,0.269,0.212
0.118,0.306,0.189,-0.212,-0.036,0.248,0.005,0.214,0.353,0.293,0.253,0.201
0.121,0.305,0.184,-0.214,-0.032,0.245,0.006,0.206,0.328,0.277,0.237,0.189
0.110,0.294,0.184,-0.202,-0.037,0.239,0.011,0.198,0.303,0.261,0.221,0.177
0.070,0.250,0.180,-0.160,-0.055,0.215,0.015,0.190,0.275,0.245,0.205,0.165
0.021,0.201,0.180,-0.111,-0.080,0.191,0.015,0.177,0.251,0.225,0.193,0.158
0.055,0.231,0.176,-0.143,-0.061,0.203,0.017,0.171,0.229,0.207,0.181,0.143
0.067,0.244,0.176,-0.156,-0.055,0.209,0.023,0.153,0.213,0.179,0.170,0.129
0.029,0.200,0.171,-0.115,-0.071,0.185,0.024,0.123,0.194,0.141,0.155,0.116
0.030,0.175,0.145,-0.103,-0.058,0.160,0.025,0.100,0.165,0.110,0.130,0.100
0.026,0.149,0.123,-0.087,-0.049,0.136,0.042,0.091,0.141,0.093,0.105,0.088
-0.005,0.111,0.115,-0.053,-0.060,0.113,0.044,0.084,0.112,0.078,0.089,0.076
0.005,0.120,0.115,-0.063,-0.056,0.118,0.039,0.075,0.077,0.062,0.081,0.065
0.038,0.153,0.114,-0.096,-0.038,0.133,0.040,0.069,0.050,0.046,0.072,0.058
0.025,0.135,0.110,-0.080,-0.043,0.122,0.040,0.065,0.040,0.030,0.060,0.050
0.012,0.122,0.110,-0.067,-0.049,0.116,0.036,0.053,0.028,0.014,0.052,0.038
0.004,0.111,0.107,-0.058,-0.052,0.109,0.035,0.043,0.016,0.001,0.041,0.029
-0.005,0.100,0.105,-0.048,-0.056,0.103,0.035,0.037,0.004,-0.013,0.030,0.021
-0.010,0.093,0.104,-0.042,-0.058,0.098,0.035,0.027,-0.009,-0.029,0.023,0.013
-0.010,0.085,0.095,-0.038,-0.053,0.090,0.035,0.015,-0.025,-0.040,0.015,0.005
-0.014,0.077,0.091,-0.031,-0.053,0.084,0.031,0.007,-0.041,-0.043,0.007,0.001
-0.015,0.069,0.084,-0.027,-0.050,0.076,0.030,-0.001,-0.057,-0.057,-0.001,-0.006
-0.017,0.061,0.078,-0.022,-0.048,0.069,0.030,-0.009,-0.074,-0.067,-0.009,-0.012
-0.021,0.053,0.073,-0.017,-0.047,0.063,0.030,-0.016,-0.086,-0.064,-0.017,-0.017
-0.020,0.045,0.065,-0.013,-0.043,0.055,0.030,-0.020,-0.085,-0.065,-0.025,-0.025
-0.020,0.041,0.061,-0.011,-0.040,0.051,0.026,-0.024,-0.085,-0.077,-0.034,-0.029
-0.023,0.034,0.057,-0.006,-0.040,0.045,0.024,-0.031,-0.086,-0.084,-0.036,-0.033
-0.027,0.028,0.055,-0.001,-0.041,0.041,0.026,-0.038,-0.083,-0.085,-0.033,-0.035
-0.032,0.023,0.055,0.004,-0.044,0.039,0.024,-0.041,-0.090,-0.093,-0.038,-0.036
-0.040,0.015,0.055,0.012,-0.048,0.035,0.020,-0.045,-0.115,-0.110,-0.055,-0.040
-0.044,0.011,0.055,0.016,-0.049,0.033,0.020,-0.049,-0.120,-0.115,-0.056,-0.040
-0.051,0.004,0.055,0.023,-0.053,0.029,0.020,-0.050,-0.120,-0.115,-0.054,-0.043
-0.058,-0.003,0.055,0.030,-0.056,0.026,0.020,-0.050,-0.120,-0.117,-0.056,-0.046
-0.061,-0.006,0.055,0.033,-0.057,0.025,0.019,-0.050,-0.120,-0.121,-0.054,-0.044
-0.065,-0.010,0.055,0.037,-0.060,0.022,0.015,-0.050,-0.120,-0.120,-0.055,-0.040
-0.073,-0.018,0.055,0.045,-0.064,0.018,0.015,-0.050,-0.116,-0.118,-0.068,-0.040
-0.078,-0.023,0.056,0.050,-0.067,0.016,0.015,-0.050,-0.115,-0.133,-0.068,-0.041
-0.081,-0.028,0.053,0.055,-0.067,0.012,0.015,-0.050,-0.115,-0.141,-0.064,-0.038
-0.078,-0.028,0.050,0.053,-0.064,0.011,0.015,-0.050,-0.115,-0.133,-0.065,-0.035
-0.065,-0.015,0.050,0.040,-0.057,0.017,0.015,-0.050,-0.115,-0.130,-0.065,-0.035
-0.057,-0.007,0.050,0.032,-0.053,0.021,0.015,-0.050,-0.115,-0.130,-0.065,-0.035
-0.047,0.003,0.050,0.022,-0.048,0.027,0.015,-0.050,-0.115,-0.127,-0.065,-0.036
-0.034,0.016,0.050,0.009,-0.042,0.033,0.015,-0.050,-0.115,-0.125,-0.065,-0.033
-0.031,0.019,0.050,0.006,-0.040,0.035,0.015,-0.050,-0.115,-0.125,-0.065,-0.030
-0.040,0.010,0.050,0.015,-0.045,0.030,0.015,-0.050,-0.115,-0.120,-0.065,-0.030
-0.049,0.001,0.050,0.024,-0.049,0.026,0.015,-0.050,-0.115,-0.116,-0.065,-0.030
-0.053,-0.003,0.050,0.028,-0.051,0.023,0.015,-0.050,-0.115,-0.115,-0.065,-0.030
-0.072,-0.022,0.050,0.047,-0.061,0.014,0.015,-0.050,-0.115,-0.114,-0.065,-0.028
-0.056,-0.007,0.049,0.031,-0.052,0.021,0.015,-0.050,-0.115,-0.109,-0.065,-0.025
0.020,0.060,0.040,-0.040,-0.010,0.050,0.015,-0.050,-0.115,-0.110,-0.065,-0.025
0.017,0.048,0.031,-0.033,-0.007,0.039,0.015,-0.050,-0.115,-0.127,-0.061,-0.025
-0.037,0.026,0.063,0.005,-0.050,0.044,0.015,-0.050,-0.115,-0.129,-0.060,-0.022
-0.072,0.011,0.083,0.030,-0.077,0.047,0.015,-0.050,-0.115,-0.124,-0.060,-0.020
-0.084,-0.010,0.074,0.047,-0.078,0.032,0.015,-0.050,-0.115,-0.125,-0.060,-0.020
-0.100,-0.025,0.075,0.062,-0.087,0.025,0.015,-0.050,-0.115,-0.125,-0.060,-0.020
-0.097,-0.022,0.075,0.059,-0.086,0.026,0.015,-0.050,-0.115,-0.121,-0.060,-0.020
-0.091,-0.016,0.075,0.053,-0.083,0.029,0.015,-0.051,-0.115,-0.120,-0.060,-0.017
-0.090,-0.015,0.075,0.052,-0.082,0.030,0.015,-0.048,-0.115,-0.120,-0.060,-0.014
-0.089,-0.014,0.075,0.051,-0.082,0.030,0.015,-0.045,-0.115,-0.120,-0.060,-0.015
-0.085,-0.010,0.075,0.047,-0.080,0.032,0.015,-0.045,-0.115,-0.120,-0.060,-0.015
-0.086,-0.010,0.075,0.047,-0.081,0.032,0.015,-0.045,-0.115,-0.116,-0.060,-0.014
-0.080,-0.008,0.072,0.043,-0.075,0.032,0.015,-0.045,-0.116,-0.115,-0.060,-0.023
-0.072,-0.002,0.069,0.037,-0.070,0.033,0.015,-0.045,-0.113,-0.115,-0.060,-0.038
-0.070,0.000,0.070,0.035,-0.070,0.035,0.015,-0.045,-0.110,-0.115,-0.059,-0.045
-0.070,0.000,0.070,0.035,-0.070,0.035,0.015,-0.045,-0.110,-0.115,-0.055,-0.040
-0.066,0.004,0.070,0.031,-0.068,0.037,0.015,-0.045,-0.110,-0.111,-0.055,-0.040
-0.065,0.005,0.070,0.030,-0.068,0.037,0.012,-0.045,-0.110,-0.109,-0.055,-0.040
-0.062,0.008,0.070,0.027,-0.066,0.038,0.010,-0.045,-0.110,-0.111,-0.055,-0.040
-0.053,0.017,0.070,0.018,-0.062,0.043,0.009,-0.045,-0.110,-0.109,-0.055,-0.040
-0.045,0.025,0.070,0.010,-0.058,0.047,0.005,-0.045,-0.110,-0.105,-0.055,-0.040
-0.033,0.033,0.066,0.000,-0.050,0.049,0.005,-0.045,-0.110,-0.105,-0.055,-0.036
-0.025,0.040,0.065,-0.008,-0.045,0.052,0.002,-0.045,-0.110,-0.105,-0.055,-0.035
-0.030,0.036,0.065,-0.003,-0.048,0.050,-0.002,-0.045,-0.110,-0.105,-0.055,-0.035
-0.061,0.004,0.065,0.028,-0.064,0.034,0.003,-0.045,-0.110,-0.104,-0.055,-0.035
-0.075,-0.010,0.065,0.042,-0.070,0.027,0.020,-0.045,-0.110,-0.100,-0.055,-0.035
0.021,0.086,0.065,-0.054,-0.022,0.075,0.038,-0.045,-0.110,-0.100,-0.055,-0.035
0.045,0.110,0.065,-0.078,-0.011,0.088,0.039,-0.045,-0.107,-0.100,-0.056,-0.036
0.022,0.087,0.065,-0.055,-0.022,0.076,0.032,-0.045,-0.104,-0.100,-0.053,-0.033
0.019,0.084,0.065,-0.052,-0.024,0.075,0.030,-0.045,-0.105,-0.101,-0.050,-0.030
0.010,0.075,0.065,-0.043,-0.028,0.070,0.030,-0.045,-0.105,-0.105,-0.050,-0.030
0.006,0.067,0.061,-0.037,-0.028,0.063,0.026,-0.045,-0.105,-0.105,-0.050,-0.030
-0.001,0.059,0.060,-0.029,-0.031,0.059,0.025,-0.045,-0.105,-0.105,-0.050,-0.030
-0.007,0.051,0.058,-0.022,-0.033,0.054,0.024,-0.045,-0.105,-0.105,-0.050,-0.030
-0.011,0.043,0.055,-0.017,-0.033,0.049,0.019,-0.045,-0.105,-0.105,-0.050,-0.029
-0.015,0.040,0.055,-0.013,-0.035,0.047,0.015,-0.045,-0.105,-0.105,-0.050,-0.025
-0.011,0.040,0.052,-0.015,-0.031,0.046,0.015,-0.049,-0.105,-0.105,-0.050,-0.025
-0.009,0.037,0.046,-0.014,-0.028,0.041,0.012,-0.050,-0.105,-0.105,-0.050,-0.025
-0.027,0.035,0.062,-0.004,-0.045,0.048,0.010,-0.050,-0.105,-0.105,-0.050,-0.025
-0.048,0.034,0.082,0.007,-0.065,0.057,0.009,-0.050,-0.105,-0.105,-0.050,-0.025
-0.045,0.030,0.075,0.007,-0.060,0.052,0.005,-0.050,-0.105,-0.105,-0.050,-0.025
-0.044,0.030,0.074,0.006,-0.059,0.052,0.005,-0.050,-0.109,-0.105,-0.050,-0.025
-0.050,0.025,0.075,0.012,-0.063,0.050,0.005,-0.049,-0.113,-0.105,-0.053,-0.028
-0.060,0.015,0.075,0.022,-0.068,0.045,0.005,-0.052,-0.117,-0.105,-0.055,-0.030
-0.056,0.019,0.075,0.018,-0.066,0.047,0.005,-0.055,-0.120,-0.105,-0.056,-0.031
-0.030,0.045,0.075,-0.008,-0.053,0.060,0.005,-0.055,-0.120,-0.105,-0.060,-0.035
-0.007,0.068,0.075,-0.031,-0.041,0.071,0.001,-0.055,-0.120,-0.105,-0.059,-0.033
-0.009,0.066,0.075,-0.029,-0.042,0.070,0.000,-0.055,-0.120,-0.108,-0.072,-0.050
-0.020,0.055,0.075,-0.018,-0.047,0.064,0.000,-0.055,-0.120,-0.112,-0.084,-0.065
-0.026,0.049,0.075,-0.012,-0.051,0.062,0.000,-0.055,-0.120,-0.116,-0.085,-0.065
-0.030,0.045,0.075,-0.008,-0.053,0.060,0.000,-0.055,-0.120,-0.120,-0.085,-0.065
-0.034,0.037,0.071,-0.002,-0.053,0.054,0.000,-0.055,-0.120,-0.120,-0.085,-0.065
-0.041,0.028,0.070,0.006,-0.056,0.048,0.001,-0.055,-0.119,-0.123,-0.085,-0.065
-0.047,0.023,0.070,0.012,-0.059,0.046,-0.002,-0.055,-0.124,-0.126,-0.085,-0.065
-0.051,0.019,0.070,0.016,-0.061,0.044,-0.005,-0.055,-0.131,-0.125,-0.086,-0.066
-0.055,0.015,0.070,0.020,-0.063,0.042,-0.005,-0.055,-0.135,-0.125,-0.090,-0.070
-0.055,0.015,0.070,0.020,-0.063,0.042,-0.005,-0.055,-0.139,-0.125,-0.090,-0.070
-0.054,0.016,0.070,0.019,-0.063,0.042,-0.005,-0.055,-0.140,-0.125,-0.090,-0.070
-0.057,0.013,0.070,0.022,-0.064,0.041,-0.005,-0.055,-0.140,-0.125,-0.090,-0.071
-0.061,0.010,0.070,0.026,-0.066,0.040,-0.006,-0.055,-0.140,-0.126,-0.090,-0.069
-0.060,0.010,0.070,0.025,-0.065,0.040,-0.010,-0.055,-0.140,-0.130,-0.090,-0.070
-0.057,0.010,0.067,0.024,-0.062,0.039,-0.010,-0.060,-0.140,-0.134,-0.090,-0.087
-0.079,0.010,0.090,0.034,-0.084,0.050,-0.010,-0.058,-0.138,-0.135,-0.090,-0.089
-0.091,0.008,0.100,0.042,-0.096,0.054,-0.010,-0.069,-0.147,-0.137,-0.090,-0.084
-0.083,0.005,0.088,0.039,-0.086,0.046,-0.010,-0.088,-0.163,-0.141,-0.090,-0.085
-0.080,0.005,0.085,0.037,-0.083,0.045,-0.010,-0.090,-0.165,-0.140,-0.090,-0.085
-0.071,0.005,0.077,0.032,-0.075,0.041,-0.010,-0.090,-0.165,-0.140,-0.090,-0.085
-0.070,0.002,0.072,0.034,-0.071,0.037,-0.007,-0.090,-0.165,-0.143,-0.090,-0.082
-0.067,-0.001,0.066,0.034,-0.066,0.033,-0.004,-0.090,-0.165,-0.146,-0.090,-0.079
-0.059,0.000,0.059,0.029,-0.059,0.029,-0.005,-0.090,-0.165,-0.145,-0.090,-0.080
-0.055,0.000,0.055,0.027,-0.055,0.027,-0.005,-0.090,-0.165,-0.145,-0.090,-0.080
-0.050,0.000,0.051,0.025,-0.051,0.025,-0.005,-0.090,-0.165,-0.149,-0.090,-0.080
-0.052,-0.003,0.050,0.028,-0.051,0.023,-0.005,-0.090,-0.165,-0.150,-0.089,-0.077
-0.057,-0.007,0.050,0.032,-0.053,0.021,-0.005,-0.090,-0.165,-0.150,-0.092,-0.074
-0.061,-0.011,0.050,0.036,-0.055,0.019,-0.005,-0.090,-0.165,-0.150,-0.095,-0.075
-0.065,-0.015,0.050,0.040,-0.057,0.017,-0.005,-0.090,-0.165,-0.150,-0.095,-0.075
-0.069,-0.019,0.050,0.044,-0.060,0.015,-0.005,-0.090,-0.165,-0.154,-0.099,-0.075
-0.073,-0.023,0.050,0.048,-0.061,0.013,-0.006,-0.089,-0.164,-0.155,-0.100,-0.076
-0.078,-0.028,0.050,0.053,-0.064,0.011,-0.003,-0.092,-0.167,-0.155,-0.100,-0.073
-0.070,-0.021,0.049,0.045,-0.059,0.014,0.000,-0.095,-0.170,-0.155,-0.100,-0.070
-0.035,0.010,0.045,0.012,-0.040,0.027,0.000,-0.095,-0.170,-0.155,-0.100,-0.070
-0.007,0.038,0.045,-0.016,-0.026,0.041,0.000,-0.095,-0.170,-0.155,-0.100,-0.070
-0.012,0.033,0.045,-0.011,-0.029,0.039,0.000,-0.095,-0.170,-0.155,-0.100,-0.071
-0.025,0.020,0.045,0.002,-0.036,0.032,0.000,-0.095,-0.170,-0.155,-0.100,-0.068
-0.032,0.013,0.045,0.009,-0.039,0.029,0.000,-0.095,-0.170,-0.155,-0.101,-0.065
-0.040,0.005,0.045,0.017,-0.043,0.025,0.000,-0.095,-0.170,-0.155,-0.105,-0.065
-0.048,-0.003,0.045,0.025,-0.046,0.021,0.000,-0.095,-0.170,-0.155,-0.105,-0.065
-0.056,-0.011,0.046,0.033,-0.050,0.018,0.000,-0.095,-0.170,-0.155,-0.105,-0.065
-0.063,-0.020,0.043,0.041,-0.053,0.011,0.000,-0.095,-0.170,-0.155,-0.105,-0.065
-0.065,-0.025,0.040,0.045,-0.052,0.007,-0.001,-0.095,-0.170,-0.155,-0.105,-0.066
-0.060,-0.020,0.040,0.040,-0.050,0.010,-0.005,-0.095,-0.170,-0.155,-0.105,-0.070
-0.056,-0.016,0.040,0.036,-0.048,0.012,-0.005,-0.095,-0.170,-0.155,-0.105,-0.075
-0.051,-0.012,0.040,0.032,-0.045,0.014,-0.005,-0.092,-0.173,-0.155,-0.105,-0.072
-0.050,-0.010,0.040,0.030,-0.045,0.015,-0.005,-0.089,-0.176,-0.155,-0.105,-0.069
-0.049,-0.009,0.040,0.029,-0.045,0.015,-0.005,-0.090,-0.175,-0.155,-0.105,-0.070
-0.045,-0.005,0.040,0.025,-0.042,0.017,-0.005,-0.090,-0.175,-0.155,-0.105,-0.070
-0.041,-0.001,0.041,0.021,-0.041,0.020,-0.005,-0.090,-0.175,-0.155,-0.105,-0.070
-0.037,0.000,0.037,0.018,-0.037,0.018,-0.005,-0.090,-0.175,-0.155,-0.105,-0.070
-0.050,0.002,0.052,0.024,-0.051,0.026,-0.005,-0.090,-0.175,-0.155,-0.105,-0.070
-0.066,0.006,0.072,0.030,-0.069,0.038,-0.005,-0.090,-0.175,-0.155,-0.105,-0.071
-0.055,0.010,0.065,0.022,-0.060,0.037,-0.005,-0.090,-0.175,-0.155,-0.105,-0.075
-0.052,0.012,0.064,0.020,-0.058,0.038,-0.005,-0.090,-0.175,-0.155,-0.109,-0.079
-0.072,-0.006,0.066,0.038,-0.069,0.030,-0.004,-0.090,-0.175,-0.156,-0.114,-0.083
-0.096,-0.033,0.063,0.064,-0.079,0.014,-0.007,-0.090,-0.175,-0.153,-0.113,-0.085
-0.105,-0.046,0.060,0.075,-0.082,0.007,-0.010,-0.090,-0.175,-0.150,-0.109,-0.085
-0.100,-0.040,0.060,0.070,-0.080,0.010,-0.010,-0.090,-0.175,-0.150,-0.110,-0.085
-0.101,-0.040,0.060,0.070,-0.081,0.010,-0.010,-0.090,-0.175,-0.150,-0.110,-0.085
-0.094,-0.037,0.057,0.065,-0.075,0.010,-0.010,-0.090,-0.175,-0.150,-0.110,-0.085
-0.089,-0.034,0.054,0.061,-0.071,0.010,-0.010,-0.090,-0.175,-0.150,-0.110,-0.085
-0.091,-0.035,0.055,0.062,-0.072,0.010,-0.010,-0.090,-0.175,-0.150,-0.110,-0.085
-0.090,-0.035,0.055,0.062,-0.072,0.010,-0.010,-0.090,-0.175,-0.150,-0.110,-0.085
-0.082,-0.031,0.051,0.056,-0.066,0.010,-0.010,-0.090,-0.175,-0.150,-0.110,-0.089
-0.079,-0.029,0.049,0.054,-0.064,0.010,-0.010,-0.090,-0.175,-0.150,-0.107,-0.090
-0.081,-0.031,0.051,0.056,-0.066,0.010,-0.010,-0.090,-0.175,-0.150,-0.104,-0.090
-0.078,-0.029,0.049,0.054,-0.064,0.010,-0.010,-0.090,-0.175,-0.150,-0.105,-0.090
-0.070,-0.025,0.045,0.047,-0.057,0.010,-0.010,-0.090,-0.175,-0.150,-0.105,-0.090
-0.069,-0.025,0.045,0.046,-0.056,0.010,-0.010,-0.090,-0.175,-0.150,-0.105,-0.090
-0.071,-0.026,0.046,0.048,-0.058,0.010,-0.007,-0.090,-0.175,-0.150,-0.105,-0.090
-0.066,-0.023,0.043,0.044,-0.054,0.010,-0.004,-0.090,-0.175,-0.150,-0.105,-0.090
-0.060,-0.020,0.040,0.040,-0.050,0.010,-0.005,-0.089,-0.174,-0.150,-0.105,-0.090
-0.060,-0.020,0.040,0.040,-0.050,0.010,-0.005,-0.085,-0.170,-0.150,-0.105,-0.090
-0.054,-0.014,0.040,0.034,-0.047,0.013,-0.005,-0.085,-0.168,-0.148,-0.101,-0.088
-0.101,-0.064,0.037,0.082,-0.069,-0.013,-0.005,-0.085,-0.186,-0.166,-0.100,-0.103
-0.129,-0.094,0.035,0.111,-0.082,-0.029,-0.005,-0.085,-0.196,-0.176,-0.100,-0.110
-0.112,-0.077,0.035,0.094,-0.073,-0.021,-0.005,-0.085,-0.189,-0.169,-0.100,-0.104
-0.110,-0.075,0.035,0.092,-0.072,-0.020,-0.005,-0.085,-0.190,-0.170,-0.100,-0.105
-0.107,-0.071,0.035,0.088,-0.071,-0.018,-0.001,-0.085,-0.186,-0.166,-0.100,-0.101
-0.099,-0.067,0.032,0.083,-0.065,-0.017,0.000,-0.082,-0.184,-0.164,-0.100,-0.100
-0.093,-0.063,0.030,0.078,-0.061,-0.016,0.000,-0.079,-0.186,-0.166,-0.100,-0.098
-0.088,-0.059,0.029,0.074,-0.059,-0.015,0.000,-0.080,-0.184,-0.164,-0.100,-0.094
-0.080,-0.055,0.025,0.067,-0.052,-0.015,0.000,-0.080,-0.180,-0.160,-0.100,-0.095
-0.076,-0.051,0.025,0.063,-0.050,-0.013,0.000,-0.080,-0.180,-0.160,-0.096,-0.096
-0.070,-0.047,0.023,0.058,-0.046,-0.011,0.000,-0.080,-0.181,-0.161,-0.095,-0.092
-0.059,-0.043,0.017,0.051,-0.037,-0.013,0.000,-0.080,-0.178,-0.158,-0.093,-0.090
-0.065,-0.040,0.026,0.053,-0.046,-0.007,0.001,-0.079,-0.175,-0.155,-0.089,-0.089
-0.095,-0.040,0.055,0.067,-0.075,0.007,0.005,-0.075,-0.175,-0.155,-0.090,-0.085
-0.097,-0.036,0.061,0.067,-0.078,0.012,0.005,-0.075,-0.175,-0.155,-0.091,-0.085
-0.091,-0.031,0.060,0.061,-0.075,0.014,0.005,-0.075,-0.172,-0.152,-0.087,-0.082
-0.090,-0.030,0.060,0.060,-0.075,0.015,0.005,-0.075,-0.169,-0.149,-0.085,-0.079
-0.089,-0.030,0.060,0.059,-0.075,0.015,0.005,-0.075,-0.170,-0.150,-0.084,-0.081
-0.085,-0.025,0.060,0.055,-0.072,0.017,0.005,-0.075,-0.170,-0.150,-0.080,-0.080
-0.080,-0.020,0.060,0.050,-0.070,0.020,0.005,-0.075,-0.162,-0.146,-0.080,-0.072
-0.080,-0.021,0.059,0.051,-0.070,0.019,0.005,-0.072,-0.153,-0.141,-0.081,-0.066
-0.078,-0.015,0.062,0.046,-0.070,0.024,0.004,-0.068,-0.148,-0.140,-0.078,-0.063
-0.067,-0.002,0.064,0.034,-0.065,0.031,0.006,-0.064,-0.143,-0.139,-0.074,-0.059
-0.060,0.005,0.065,0.027,-0.063,0.035,0.015,-0.060,-0.135,-0.135,-0.070,-0.055
-0.073,0.013,0.086,0.030,-0.080,0.049,0.023,-0.056,-0.127,-0.135,-0.066,-0.051
-0.071,0.021,0.092,0.025,-0.082,0.056,0.031,-0.051,-0.121,-0.133,-0.062,-0.047
-0.060,0.029,0.089,0.016,-0.075,0.059,0.038,-0.050,-0.122,-0.127,-0.058,-0.043
-0.053,0.037,0.090,0.008,-0.072,0.063,0.039,-0.049,-0.126,-0.125,-0.054,-0.040
-0.045,0.045,0.090,0.000,-0.068,0.067,0.035,-0.045,-0.125,-0.125,-0.050,-0.040
-0.037,0.051,0.088,-0.007,-0.063,0.069,0.035,-0.045,-0.125,-0.121,-0.054,-0.040
-0.062,0.045,0.106,0.008,-0.084,0.076,0.036,-0.042,-0.125,-0.120,-0.056,-0.037
-0.062,0.069,0.131,-0.004,-0.097,0.100,0.033,-0.040,-0.125,-0.119,-0.055,-0.034
-0.037,0.104,0.140,-0.034,-0.089,0.122,0.030,-0.040,-0.125,-0.114,-0.055,-0.035
-0.040,0.095,0.135,-0.028,-0.088,0.115,0.030,-0.035,-0.125,-0.110,-0.055,-0.035
-0.040,0.094,0.135,-0.027,-0.088,0.114,0.031,-0.033,-0.125,-0.106,-0.055,-0.031
-0.040,0.096,0.136,-0.029,-0.088,0.116,0.027,-0.047,-0.125,-0.102,-0.055,-0.030
-0.040,0.093,0.133,-0.027,-0.087,0.113,0.025,-0.060,-0.125,-0.098,-0.055,-0.030
-0.040,0.090,0.130,-0.025,-0.085,0.110,0.024,-0.067,-0.125,-0.095,-0.055,-0.030
-0.040,0.090,0.130,-0.025,-0.085,0.110,0.020,-0.080,-0.125,-0.095,-0.055,-0.030
-0.040,0.090,0.130,-0.025,-0.085,0.110,0.020,-0.106,-0.129,-0.091,-0.055,-0.034
-0.040,0.087,0.127,-0.024,-0.084,0.107,0.017,-0.110,-0.130,-0.089,-0.058,-0.035
-0.040,0.084,0.125,-0.022,-0.083,0.104,0.015,-0.102,-0.130,-0.091,-0.061,-0.035
-0.039,0.086,0.125,-0.024,-0.083,0.105,0.014,-0.099,-0.130,-0.089,-0.060,-0.035
-0.040,0.085,0.125,-0.023,-0.083,0.105,0.010,-0.095,-0.130,-0.085,-0.060,-0.035
-0.045,0.081,0.126,-0.019,-0.086,0.103,0.010,-0.091,-0.130,-0.085,-0.060,-0.035
-0.008,0.111,0.120,-0.052,-0.064,0.116,0.011,-0.087,-0.133,-0.085,-0.060,-0.035
0.012,0.123,0.111,-0.068,-0.050,0.117,0.008,-0.083,-0.136,-0.087,-0.060,-0.035
-0.003,0.100,0.103,-0.049,-0.054,0.101,0.005,-0.079,-0.135,-0.090,-0.060,-0.035
-0.010,0.085,0.095,-0.038,-0.053,0.090,0.005,-0.075,-0.135,-0.090,-0.060,-0.035
-0.018,0.069,0.087,-0.026,-0.053,0.078,0.001,-0.075,-0.135,-0.098,-0.060,-0.035
-0.022,0.056,0.078,-0.018,-0.050,0.067,0.000,-0.075,-0.135,-0.107,-0.060,-0.035
-0.031,0.042,0.073,-0.006,-0.052,0.057,-0.002,-0.075,-0.133,-0.112,-0.060,-0.037
-0.041,0.027,0.068,0.007,-0.054,0.047,-0.005,-0.075,-0.129,-0.116,-0.060,-0.041
-0.040,0.015,0.055,0.012,-0.048,0.035,-0.005,-0.075,-0.130,-0.120,-0.060,-0.045
-0.044,0.003,0.047,0.020,-0.045,0.024,-0.009,-0.074,-0.137,-0.123,-0.063,-0.048
-0.049,-0.009,0.040,0.028,-0.044,0.015,-0.011,-0.084,-0.153,-0.134,-0.074,-0.060
-0.050,-0.021,0.029,0.035,-0.039,0.004,-0.009,-0.091,-0.163,-0.143,-0.083,-0.067
-0.050,-0.032,0.018,0.041,-0.034,-0.007,-0.011,-0.090,-0.166,-0.145,-0.086,-0.065
-0.050,-0.040,0.010,0.045,-0.030,-0.015,-0.015,-0.090,-0.170,-0.145,-0.090,-0.065
-0.049,-0.048,0.001,0.048,-0.025,-0.024,-0.015,-0.088,-0.173,-0.146,-0.084,-0.071
-0.059,-0.056,0.002,0.057,-0.031,-0.027,-0.014,-0.106,-0.188,-0.169,-0.099,-0.095
-0.069,-0.063,0.006,0.065,-0.037,-0.028,-0.017,-0.116,-0.195,-0.181,-0.115,-0.106
-0.070,-0.065,0.005,0.067,-0.037,-0.030,-0.020,-0.109,-0.189,-0.174,-0.115,-0.099
-0.070,-0.065,0.005,0.067,-0.037,-0.030,-0.020,-0.110,-0.190,-0.175,-0.115,-0.100
-0.074,-0.065,0.009,0.069,-0.041,-0.027,-0.020,-0.111,-0.190,-0.175,-0.115,-0.100
-0.078,-0.068,0.010,0.073,-0.044,-0.029,-0.023,-0.107,-0.190,-0.175,-0.115,-0.100
-0.081,-0.071,0.011,0.076,-0.046,-0.030,-0.026,-0.105,-0.191,-0.175,-0.115,-0.100
-0.078,-0.070,0.009,0.074,-0.044,-0.031,-0.025,-0.105,-0.189,-0.175,-0.115,-0.100
-0.070,-0.070,0.000,0.070,-0.035,-0.035,-0.025,-0.105,-0.190,-0.175,-0.115,-0.100
-0.068,-0.076,-0.008,0.072,-0.030,-0.042,-0.025,-0.105,-0.207,-0.175,-0.115,-0.100
-0.081,-0.097,-0.016,0.089,-0.032,-0.056,-0.022,-0.102,-0.209,-0.172,-0.115,-0.100
-0.082,-0.105,-0.023,0.094,-0.029,-0.064,-0.019,-0.099,-0.204,-0.169,-0.115,-0.100
-0.074,-0.099,-0.025,0.087,-0.025,-0.061,-0.020,-0.100,-0.205,-0.170,-0.115,-0.100
-0.080,-0.100,-0.020,0.090,-0.030,-0.060,-0.020,-0.100,-0.205,-0.170,-0.115,-0.100
-0.085,-0.100,-0.015,0.093,-0.034,-0.057,-0.020,-0.100,-0.205,-0.170,-0.115,-0.100
-0.085,-0.100,-0.015,0.094,-0.035,-0.057,-0.020,-0.097,-0.202,-0.170,-0.115,-0.097
-0.085,-0.098,-0.014,0.092,-0.035,-0.055,-0.020,-0.094,-0.199,-0.170,-0.115,-0.094
-0.086,-0.095,-0.009,0.090,-0.038,-0.051,-0.019,-0.095,-0.200,-0.170,-0.115,-0.095
-0.090,-0.095,-0.005,0.093,-0.042,-0.050,-0.015,-0.095,-0.200,-0.170,-0.115,-0.095
-0.091,-0.095,-0.004,0.094,-0.043,-0.050,-0.015,-0.091,-0.200,-0.166,-0.119,-0.095
-0.084,-0.095,-0.011,0.090,-0.036,-0.053,-0.015,-0.090,-0.201,-0.165,-0.120,-0.095
-0.077,-0.095,-0.018,0.087,-0.029,-0.057,-0.015,-0.090,-0.198,-0.165,-0.122,-0.095
-0.065,-0.094,-0.029,0.080,-0.017,-0.062,-0.015,-0.090,-0.195,-0.165,-0.125,-0.095
-0.045,-0.090,-0.045,0.068,0.000,-0.067,-0.015,-0.090,-0.195,-0.165,-0.125,-0.095
-0.052,-0.090,-0.038,0.071,-0.007,-0.063,-0.015,-0.086,-0.195,-0.165,-0.125,-0.095
-0.059,-0.090,-0.031,0.075,-0.014,-0.060,-0.012,-0.085,-0.196,-0.165,-0.125,-0.095
-0.062,-0.090,-0.029,0.076,-0.016,-0.059,-0.009,-0.085,-0.193,-0.165,-0.125,-0.095
-0.066,-0.089,-0.023,0.078,-0.021,-0.056,-0.010,-0.085,-0.190,-0.165,-0.125,-0.095
-0.070,-0.085,-0.015,0.078,-0.027,-0.050,-0.010,-0.085,-0.190,-0.165,-0.125,-0.095
-0.074,-0.085,-0.011,0.079,-0.031,-0.048,-0.010,-0.093,-0.190,-0.161,-0.125,-0.099
-0.080,-0.085,-0.005,0.083,-0.037,-0.045,-0.010,-0.100,-0.190,-0.160,-0.125,-0.103
-0.076,-0.085,-0.009,0.081,-0.033,-0.047,-0.011,-0.098,-0.191,-0.160,-0.125,-0.107
-0.062,-0.085,-0.023,0.074,-0.019,-0.054,-0.008,-0.095,-0.189,-0.160,-0.125,-0.110
-0.055,-0.085,-0.030,0.070,-0.012,-0.057,0.005,-0.095,-0.180,-0.160,-0.125,-0.110
-0.058,-0.080,-0.022,0.069,-0.018,-0.051,0.017,-0.090,-0.172,-0.160,-0.121,-0.114
-0.065,-0.082,-0.016,0.074,-0.025,-0.049,0.030,-0.093,-0.163,-0.157,-0.119,-0.115
-0.060,-0.074,-0.014,0.067,-0.023,-0.043,0.036,-0.077,-0.160,-0.154,-0.122,-0.116
-0.075,-0.083,-0.008,0.079,-0.033,-0.045,0.062,-0.014,-0.149,-0.155,-0.134,-0.131
-0.125,-0.125,0.000,0.125,-0.062,-0.062,0.125,0.080,-0.115,-0.155,-0.150,-0.155
-0.119,-0.115,0.004,0.116,-0.061,-0.055,0.163,0.143,-0.083,-0.154,-0.146,-0.144
-0.114,-0.105,0.009,0.109,-0.061,-0.048,0.191,0.187,-0.053,-0.159,-0.148,-0.134
-0.094,-0.085,0.009,0.090,-0.052,-0.038,0.218,0.238,-0.030,-0.139,-0.131,-0.123
-0.049,-0.046,0.003,0.047,-0.026,-0.021,0.239,0.301,0.001,-0.103,-0.099,-0.115
-0.015,-0.010,0.005,0.012,-0.010,-0.002,0.260,0.380,0.080,-0.065,-0.070,-0.105
0.007,0.040,0.033,-0.024,-0.013,0.037,0.300,0.496,0.212,0.036,-0.004,-0.049
0.016,0.073,0.057,-0.045,-0.020,0.064,0.336,0.632,0.367,0.148,0.073,-0.002
0.075,0.183,0.108,-0.130,-0.017,0.145,0.362,0.731,0.539,0.300,0.197,0.083
0.126,0.333,0.207,-0.230,-0.041,0.270,0.360,0.789,0.719,0.483,0.350,0.201
0.120,0.420,0.300,-0.270,-0.090,0.360,0.325,0.830,0.885,0.650,0.480,0.295
0.233,0.564,0.332,-0.399,-0.049,0.448,0.299,0.823,1.050,0.843,0.638,0.413
0.299,0.685,0.386,-0.492,-0.044,0.536,0.242,0.820,1.244,1.056,0.804,0.539
0.346,0.823,0.477,-0.585,-0.066,0.650,0.121,0.795,1.457,1.290,0.982,0.676
0.441,1.005,0.565,-0.723,-0.062,0.785,-0.042,0.725,1.658,1.535,1.181,0.830
0.505,1.175,0.670,-0.840,-0.083,0.922,-0.205,0.605,1.810,1.760,1.385,0.990
0.461,1.302,0.840,-0.882,-0.190,1.071,-0.344,0.385,1.865,1.925,1.546,1.116
0.444,1.298,0.854,-0.871,-0.206,1.076,-0.422,0.133,1.811,1.939,1.551,1.111
0.418,1.203,0.785,-0.811,-0.184,0.994,-0.432,0.005,1.751,1.866,1.447,1.006
0.338,1.102,0.763,-0.721,-0.213,0.932,-0.410,-0.062,1.639,1.739,1.316,0.887
0.260,0.995,0.735,-0.628,-0.238,0.865,-0.395,-0.225,1.340,1.495,1.150,0.775
0.205,0.813,0.609,-0.509,-0.202,0.711,-0.378,-0.370,0.937,1.144,0.907,0.622
0.131,0.594,0.462,-0.362,-0.165,0.528,-0.370,-0.474,0.507,0.768,0.642,0.453
0.023,0.368,0.346,-0.196,-0.162,0.357,-0.339,-0.501,0.073,0.358,0.379,0.290
-0.028,0.207,0.235,-0.090,-0.132,0.221,-0.262,-0.437,-0.301,-0.022,0.149,0.147
0.015,0.135,0.120,-0.075,-0.053,0.127,-0.165,-0.315,-0.485,-0.235,0.005,0.045
-0.024,0.030,0.054,-0.003,-0.039,0.041,-0.086,-0.173,-0.429,-0.274,-0.046,-0.005
-0.044,-0.050,-0.006,0.047,-0.018,-0.028,-0.027,-0.050,-0.359,-0.250,-0.091,-0.049
-0.056,-0.129,-0.073,0.093,0.009,-0.101,0.030,0.077,-0.288,-0.220,-0.131,-0.100
-0.059,-0.184,-0.125,0.122,0.032,-0.154,0.098,0.203,-0.211,-0.195,-0.139,-0.128
-0.020,-0.160,-0.140,0.090,0.060,-0.150,0.155,0.275,-0.180,-0.180,-0.130,-0.120
-0.018,-0.147,-0.129,0.083,0.056,-0.138,0.149,0.283,-0.143,-0.163,-0.126,-0.115
-0.021,-0.137,-0.116,0.079,0.048,-0.126,0.140,0.275,-0.123,-0.153,-0.119,-0.115
-0.020,-0.124,-0.104,0.072,0.042,-0.114,0.139,0.278,-0.116,-0.146,-0.113,-0.114
-0.019,-0.111,-0.093,0.065,0.038,-0.102,0.133,0.269,-0.108,-0.138,-0.108,-0.109
-0.015,-0.095,-0.080,0.055,0.033,-0.087,0.125,0.230,-0.100,-0.130,-0.100,-0.105
-0.030,-0.079,-0.049,0.054,0.010,-0.063,0.121,0.196,-0.088,-0.122,-0.096,-0.106
-0.047,-0.063,-0.016,0.055,-0.015,-0.039,0.118,0.174,-0.079,-0.114,-0.092,-0.099
-0.048,-0.047,0.001,0.048,-0.024,-0.023,0.109,0.156,-0.071,-0.108,-0.089,-0.092
-0.046,-0.040,0.007,0.043,-0.026,-0.016,0.097,0.133,-0.063,-0.104,-0.090,-0.089
-0.060,-0.045,0.015,0.052,-0.037,-0.015,0.090,0.100,-0.065,-0.105,-0.090,-0.085
-0.069,-0.045,0.023,0.057,-0.046,-0.011,0.082,0.066,-0.082,-0.122,-0.086,-0.077
-0.073,-0.045,0.028,0.059,-0.050,-0.008,0.074,0.049,-0.084,-0.123,-0.085,-0.072
-0.077,-0.045,0.032,0.061,-0.054,-0.006,0.067,0.041,-0.079,-0.119,-0.085,-0.068
-0.080,-0.045,0.035,0.062,-0.057,-0.005,0.057,0.033,-0.080,-0.119,-0.085,-0.064
-0.080,-0.045,0.035,0.062,-0.057,-0.005,0.050,0.025,-0.080,-0.115,-0.085,-0.060
-0.084,-0.045,0.039,0.065,-0.061,-0.003,0.067,0.013,-0.080,-0.115,-0.081,-0.060
-0.084,-0.042,0.041,0.063,-0.062,0.000,0.069,0.004,-0.080,-0.112,-0.079,-0.060
-0.076,-0.038,0.038,0.057,-0.056,0.000,0.062,-0.004,-0.080,-0.110,-0.081,-0.060
-0.078,-0.034,0.044,0.056,-0.061,0.005,0.059,-0.011,-0.079,-0.109,-0.079,-0.060
-0.095,-0.030,0.065,0.062,-0.080,0.017,0.055,-0.015,-0.075,-0.105,-0.075,-0.060
-0.089,-0.026,0.062,0.057,-0.075,0.018,0.055,-0.019,-0.075,-0.105,-0.075,-0.060
-0.077,-0.021,0.056,0.048,-0.066,0.017,0.053,-0.024,-0.075,-0.102,-0.075,-0.061
-0.077,-0.022,0.055,0.049,-0.066,0.016,0.047,-0.025,-0.075,-0.100,-0.075,-0.058
-0.061,-0.007,0.054,0.034,-0.057,0.024,0.045,-0.026,-0.075,-0.099,-0.074,-0.055
-0.030,0.020,0.050,0.005,-0.040,0.035,0.045,-0.030,-0.075,-0.095,-0.070,-0.055
-0.067,-0.017,0.050,0.042,-0.058,0.016,0.041,-0.034,-0.075,-0.095,-0.070,-0.055
-0.074,-0.026,0.048,0.050,-0.061,0.010,0.036,-0.035,-0.072,-0.092,-0.070,-0.055
-0.061,-0.018,0.042,0.039,-0.052,0.012,0.035,-0.036,-0.069,-0.090,-0.070,-0.055
-0.059,-0.020,0.040,0.040,-0.050,0.010,0.034,-0.041,-0.070,-0.089,-0.069,-0.055
-0.055,-0.015,0.040,0.035,-0.047,0.012,0.030,-0.045,-0.070,-0.085,-0.065,-0.055
-0.051,-0.015,0.036,0.033,-0.043,0.010,0.030,-0.046,-0.070,-0.085,-0.065,-0.055
-0.047,-0.012,0.035,0.029,-0.041,0.011,0.030,-0.039,-0.070,-0.085,-0.065,-0.052
-0.043,-0.008,0.035,0.025,-0.039,0.013,0.030,-0.032,-0.070,-0.085,-0.065,-0.049
-0.039,-0.012,0.027,0.026,-0.033,0.007,0.030,-0.029,-0.069,-0.085,-0.065,-0.050
-0.055,-0.025,0.030,0.040,-0.042,0.002,0.030,-0.025,-0.065,-0.085,-0.065,-0.050
-0.115,-0.035,0.081,0.075,-0.097,0.022,0.030,-0.017,-0.061,-0.085,-0.061,-0.050
-0.123,-0.030,0.092,0.076,-0.107,0.031,0.030,-0.012,-0.060,-0.085,-0.060,-0.050
-0.102,-0.021,0.081,0.061,-0.091,0.030,0.030,-0.007,-0.059,-0.085,-0.060,-0.050
-0.092,-0.013,0.079,0.053,-0.085,0.033,0.030,-0.007,-0.054,-0.085,-0.060,-0.050
-0.080,-0.005,0.075,0.042,-0.077,0.035,0.030,-0.020,-0.050,-0.085,-0.060,-0.050
-0.068,0.003,0.071,0.032,-0.070,0.037,0.030,-0.029,-0.051,-0.086,-0.061,-0.050
-0.056,0.011,0.066,0.022,-0.062,0.038,0.030,-0.028,-0.044,-0.079,-0.054,-0.047
-0.045,0.020,0.065,0.012,-0.055,0.043,0.030,-0.023,-0.037,-0.072,-0.047,-0.045
-0.039,0.025,0.064,0.007,-0.052,0.044,0.030,-0.019,-0.034,-0.069,-0.044,-0.044
-0.040,0.020,0.060,0.010,-0.050,0.040,0.030,-0.015,-0.030,-0.065,-0.040,-0.040
-0.040,0.020,0.060,0.010,-0.050,0.040,0.030,-0.015,-0.022,-0.061,-0.036,-0.040
-0.040,0.017,0.057,0.011,-0.049,0.037,0.030,-0.013,-0.017,-0.057,-0.032,-0.037
-0.040,0.015,0.055,0.012,-0.048,0.035,0.030,-0.007,-0.013,-0.053,-0.028,-0.035
-0.040,0.014,0.054,0.012,-0.048,0.034,0.030,-0.005,-0.009,-0.049,-0.024,-0.034
-0.040,0.010,0.050,0.015,-0.045,0.030,0.030,-0.005,-0.005,-0.045,-0.020,-0.030
-0.040,0.010,0.050,0.015,-0.045,0.030,0.030,-0.001,-0.001,-0.041,-0.016,-0.030
-0.040,0.007,0.047,0.016,-0.044,0.027,0.030,0.004,0.003,-0.037,-0.015,-0.027
-0.040,0.005,0.045,0.017,-0.043,0.025,0.030,0.005,0.007,-0.033,-0.013,-0.025
-0.040,0.004,0.044,0.017,-0.042,0.024,0.030,0.006,0.011,-0.029,-0.010,-0.024
-0.040,0.000,0.040,0.020,-0.040,0.020,0.030,0.010,0.015,-0.025,-0.010,-0.020
-0.042,-0.002,0.040,0.022,-0.041,0.019,0.030,0.014,0.014,-0.021,-0.006,-0.020
-0.026,0.011,0.037,0.007,-0.031,0.024,0.027,0.018,0.023,-0.014,-0.001,-0.017
-0.008,0.027,0.035,-0.010,-0.021,0.030,0.024,0.022,0.037,-0.007,0.000,-0.015
0.003,0.038,0.035,-0.021,-0.016,0.036,0.025,0.025,0.046,-0.004,0.001,-0.015
0.020,0.050,0.030,-0.035,-0.005,0.040,0.025,0.025,0.045,0.000,0.005,-0.010
0.037,0.063,0.025,-0.050,0.006,0.043,0.025,0.024,0.044,0.008,0.004,-0.005
0.007,0.069,0.062,-0.038,-0.028,0.065,0.025,0.032,0.053,0.014,0.011,-0.005
-0.012,0.070,0.082,-0.029,-0.047,0.076,0.026,0.049,0.066,0.016,0.018,-0.003
0.012,0.071,0.059,-0.042,-0.023,0.064,0.024,0.062,0.070,0.022,0.021,0.000
0.020,0.075,0.055,-0.048,-0.018,0.065,0.025,0.065,0.075,0.030,0.025,0.000
-0.022,0.075,0.097,-0.027,-0.060,0.086,0.050,0.064,0.101,0.034,0.029,0.004
-0.029,0.078,0.107,-0.024,-0.068,0.092,0.055,0.069,0.105,0.041,0.033,0.009
-0.015,0.081,0.096,-0.033,-0.055,0.088,0.048,0.068,0.112,0.047,0.037,0.010
-0.017,0.079,0.095,-0.032,-0.056,0.086,0.051,0.074,0.135,0.051,0.040,0.011
-0.015,0.080,0.095,-0.033,-0.055,0.087,0.050,0.095,0.150,0.055,0.040,0.015
0.014,0.106,0.091,-0.060,-0.039,0.099,0.046,0.096,0.155,0.054,0.039,0.014
0.021,0.107,0.085,-0.064,-0.032,0.096,0.044,0.094,0.155,0.062,0.049,0.023
0.009,0.096,0.088,-0.053,-0.040,0.092,0.046,0.096,0.170,0.078,0.058,0.034
0.015,0.095,0.079,-0.055,-0.032,0.087,0.044,0.093,0.178,0.085,0.061,0.043
0.030,0.100,0.070,-0.065,-0.020,0.085,0.040,0.095,0.175,0.090,0.075,0.055
-0.010,0.125,0.136,-0.057,-0.073,0.130,0.040,0.141,0.224,0.128,0.104,0.063
-0.027,0.134,0.160,-0.054,-0.094,0.147,0.041,0.153,0.244,0.139,0.116,0.069
-0.012,0.141,0.153,-0.065,-0.083,0.147,0.038,0.138,0.236,0.132,0.114,0.070
-0.005,0.150,0.155,-0.073,-0.080,0.152,0.035,0.146,0.246,0.139,0.116,0.071
0.000,0.155,0.155,-0.078,-0.078,0.155,0.035,0.175,0.275,0.160,0.125,0.075
0.043,0.198,0.155,-0.121,-0.057,0.176,0.035,0.181,0.280,0.165,0.130,0.076
0.048,0.204,0.155,-0.126,-0.054,0.179,0.032,0.180,0.288,0.171,0.127,0.072
0.036,0.191,0.155,-0.114,-0.060,0.173,0.029,0.196,0.317,0.194,0.143,0.084
0.034,0.189,0.155,-0.112,-0.060,0.172,0.030,0.210,0.344,0.219,0.170,0.104
0.025,0.180,0.155,-0.103,-0.065,0.167,0.030,0.205,0.350,0.225,0.175,0.110
0.015,0.169,0.155,-0.092,-0.071,0.162,0.026,0.224,0.373,0.234,0.181,0.112
0.060,0.216,0.156,-0.138,-0.049,0.186,0.024,0.239,0.401,0.263,0.205,0.131
0.077,0.229,0.152,-0.153,-0.038,0.190,0.026,0.239,0.413,0.277,0.217,0.142
0.052,0.212,0.160,-0.133,-0.054,0.186,0.024,0.251,0.426,0.286,0.226,0.150
0.070,0.255,0.185,-0.163,-0.058,0.220,0.020,0.280,0.455,0.320,0.255,0.175
0.108,0.287,0.178,-0.198,-0.035,0.232,0.020,0.277,0.464,0.330,0.257,0.181
0.121,0.292,0.171,-0.206,-0.025,0.231,0.020,0.274,0.468,0.332,0.252,0.179
0.122,0.289,0.168,-0.205,-0.023,0.229,0.020,0.274,0.473,0.338,0.263,0.182
0.134,0.290,0.156,-0.212,-0.011,0.223,0.019,0.268,0.475,0.339,0.277,0.185
0.135,0.290,0.155,-0.213,-0.010,0.222,0.015,0.270,0.480,0.340,0.280,0.185
0.091,0.288,0.197,-0.190,-0.053,0.242,0.011,0.299,0.504,0.364,0.292,0.192
0.097,0.305,0.208,-0.201,-0.056,0.256,0.007,0.309,0.519,0.382,0.301,0.207
0.127,0.320,0.193,-0.223,-0.034,0.256,0.003,0.302,0.520,0.386,0.310,0.220
0.119,0.320,0.201,-0.220,-0.041,0.260,-0.001,0.309,0.529,0.394,0.315,0.226
0.095,0.325,0.230,-0.210,-0.068,0.277,-0.005,0.325,0.545,0.410,0.310,0.230
0.115,0.347,0.231,-0.231,-0.058,0.289,-0.010,0.322,0.542,0.411,0.308,0.230
0.120,0.349,0.229,-0.234,-0.055,0.289,-0.007,0.320,0.539,0.409,0.322,0.233
0.113,0.343,0.230,-0.228,-0.059,0.286,-0.005,0.318,0.541,0.411,0.334,0.235
0.116,0.346,0.230,-0.231,-0.058,0.287,-0.004,0.315,0.539,0.409,0.335,0.236
0.115,0.345,0.230,-0.230,-0.058,0.287,0.000,0.315,0.540,0.410,0.340,0.245
0.111,0.340,0.229,-0.226,-0.060,0.284,0.000,0.311,0.562,0.436,0.362,0.263
0.144,0.377,0.233,-0.261,-0.045,0.305,-0.001,0.311,0.556,0.434,0.362,0.261
0.176,0.395,0.219,-0.286,-0.022,0.307,0.002,0.305,0.536,0.419,0.350,0.252
0.153,0.376,0.223,-0.265,-0.035,0.299,0.005,0.292,0.521,0.413,0.344,0.249
0.105,0.370,0.265,-0.238,-0.080,0.317,0.005,0.280,0.505,0.405,0.340,0.245
0.122,0.362,0.241,-0.242,-0.059,0.301,0.009,0.268,0.494,0.398,0.332,0.237
0.146,0.354,0.208,-0.250,-0.031,0.281,0.011,0.259,0.476,0.383,0.323,0.231
0.149,0.346,0.197,-0.248,-0.024,0.271,0.009,0.249,0.455,0.368,0.319,0.228
0.144,0.339,0.194,-0.242,-0.025,0.266,0.012,0.238,0.434,0.350,0.312,0.223
0.140,0.330,0.190,-0.235,-0.025,0.260,0.025,0.230,0.410,0.325,0.295,0.215
0.121,0.307,0.186,-0.214,-0.033,0.246,0.033,0.218,0.386,0.305,0.283,0.207
0.099,0.281,0.182,-0.190,-0.042,0.231,0.040,0.209,0.358,0.287,0.271,0.198
0.083,0.261,0.177,-0.172,-0.047,0.219,0.050,0.199,0.334,0.275,0.260,0.195
0.072,0.247,0.175,-0.160,-0.052,0.210,0.055,0.188,0.306,0.259,0.245,0.185
0.065,0.235,0.170,-0.150,-0.053,0.202,0.050,0.180,0.265,0.225,0.215,0.155
0.076,0.219,0.143,-0.148,-0.034,0.181,0.046,0.157,0.228,0.192,0.186,0.130
0.094,0.206,0.112,-0.150,-0.009,0.159,0.041,0.130,0.201,0.164,0.167,0.115
0.103,0.193,0.091,-0.148,0.006,0.142,0.041,0.114,0.180,0.135,0.152,0.106
0.116,0.184,0.068,-0.150,0.024,0.126,0.037,0.109,0.160,0.110,0.136,0.098
0.120,0.175,0.055,-0.148,0.032,0.115,0.035,0.105,0.140,0.100,0.120,0.090
0.039,0.141,0.101,-0.090,-0.031,0.121,0.073,0.097,0.125,0.090,0.108,0.083
-0.007,0.099,0.107,-0.046,-0.057,0.103,0.081,0.092,0.097,0.064,0.093,0.068
-0.010,0.078,0.088,-0.035,-0.050,0.083,0.073,0.086,0.050,0.024,0.077,0.054
-0.010,0.074,0.084,-0.032,-0.047,0.079,0.076,0.080,0.033,0.014,0.061,0.041
-0.010,0.065,0.075,-0.028,-0.043,0.070,0.075,0.075,0.055,0.040,0.045,0.025
-0.006,0.057,0.063,-0.026,-0.035,0.059,0.071,0.044,0.022,0.011,0.028,0.012
-0.005,0.049,0.054,-0.022,-0.030,0.051,0.069,0.011,-0.020,-0.027,0.018,0.007
-0.005,0.041,0.046,-0.018,-0.026,0.043,0.071,-0.005,-0.030,-0.035,0.013,0.003
-0.005,0.033,0.038,-0.014,-0.022,0.035,0.069,-0.005,-0.034,-0.039,0.008,0.000
-0.005,0.025,0.030,-0.010,-0.018,0.027,0.065,-0.005,-0.060,-0.065,0.000,0.000
-0.005,0.017,0.022,-0.006,-0.014,0.019,0.065,-0.009,-0.069,-0.071,-0.004,-0.004
-0.005,0.012,0.017,-0.004,-0.011,0.014,0.066,-0.010,-0.072,-0.070,-0.011,-0.009
-0.005,0.006,0.012,-0.001,-0.009,0.008,0.063,-0.012,-0.078,-0.071,-0.018,-0.010
-0.004,-0.001,0.003,0.002,-0.003,0.000,0.060,-0.015,-0.079,-0.069,-0.020,-0.011
0.000,-0.005,-0.005,0.003,0.003,-0.005,0.060,-0.015,-0.080,-0.070,-0.025,-0.020
-0.003,-0.013,-0.010,0.008,0.004,-0.011,0.060,-0.026,-0.101,-0.090,-0.038,-0.028
-0.012,-0.019,-0.008,0.016,-0.002,-0.013,0.057,-0.039,-0.108,-0.100,-0.042,-0.036
-0.016,-0.019,-0.003,0.018,-0.007,-0.010,0.054,-0.051,-0.102,-0.100,-0.038,-0.042
-0.014,-0.013,0.001,0.013,-0.007,-0.006,0.055,-0.063,-0.110,-0.109,-0.043,-0.046
-0.020,-0.015,0.005,0.017,-0.012,-0.005,0.055,-0.070,-0.135,-0.130,-0.060,-0.050
-0.053,-0.044,0.009,0.048,-0.031,-0.017,0.051,-0.066,-0.140,-0.135,-0.065,-0.050
-0.069,-0.056,0.013,0.062,-0.041,-0.021,0.049,-0.064,-0.140,-0.135,-0.064,-0.053
-0.071,-0.055,0.016,0.062,-0.043,-0.019,0.051,-0.065,-0.140,-0.135,-0.067,-0.055
-0.069,-0.055,0.014,0.062,-0.041,-0.020,0.049,-0.065,-0.141,-0.135,-0.070,-0.056
-0.065,-0.055,0.010,0.060,-0.037,-0.022,0.045,-0.065,-0.145,-0.135,-0.070,-0.060
-0.069,-0.059,0.010,0.064,-0.039,-0.025,0.045,-0.065,-0.145,-0.135,-0.074,-0.060
-0.070,-0.061,0.010,0.065,-0.040,-0.025,0.045,-0.065,-0.144,-0.138,-0.075,-0.063
-0.070,-0.059,0.011,0.065,-0.041,-0.024,0.045,-0.065,-0.147,-0.141,-0.077,-0.065
-0.069,-0.061,0.009,0.065,-0.039,-0.026,0.045,-0.065,-0.150,-0.140,-0.080,-0.066
-0.065,-0.065,0.000,0.065,-0.032,-0.032,0.045,-0.065,-0.150,-0.140,-0.080,-0.070
-0.064,-0.069,-0.004,0.067,-0.030,-0.036,0.045,-0.065,-0.150,-0.140,-0.084,-0.070
-0.067,-0.075,-0.008,0.071,-0.029,-0.041,0.045,-0.065,-0.151,-0.141,-0.086,-0.074
-0.060,-0.072,-0.012,0.066,-0.023,-0.042,0.045,-0.065,-0.148,-0.138,-0.083,-0.074
-0.066,-0.082,-0.016,0.074,-0.025,-0.049,0.045,-0.065,-0.145,-0.135,-0.080,-0.078
-0.095,-0.115,-0.020,0.105,-0.037,-0.067,0.045,-0.065,-0.145,-0.135,-0.080,-0.095
-0.084,-0.109,-0.025,0.097,-0.029,-0.067,0.045,-0.065,-0.145,-0.135,-0.080,-0.092
-0.078,-0.100,-0.022,0.090,-0.028,-0.061,0.045,-0.065,-0.145,-0.135,-0.080,-0.089
-0.079,-0.099,-0.020,0.089,-0.030,-0.059,0.045,-0.065,-0.145,-0.135,-0.080,-0.090
-0.074,-0.093,-0.019,0.084,-0.027,-0.056,0.045,-0.065,-0.144,-0.134,-0.079,-0.090
-0.070,-0.085,-0.015,0.078,-0.027,-0.050,0.045,-0.065,-0.140,-0.130,-0.075,-0.090
-0.066,-0.081,-0.015,0.074,-0.025,-0.048,0.045,-0.065,-0.140,-0.130,-0.075,-0.086
-0.065,-0.077,-0.012,0.071,-0.026,-0.044,0.045,-0.065,-0.140,-0.130,-0.075,-0.085
-0.063,-0.073,-0.010,0.068,-0.026,-0.041,0.045,-0.065,-0.140,-0.130,-0.075,-0.085
-0.060,-0.070,-0.009,0.065,-0.026,-0.039,0.045,-0.065,-0.140,-0.130,-0.075,-0.085
-0.065,-0.070,-0.005,0.068,-0.030,-0.037,0.045,-0.065,-0.140,-0.130,-0.075,-0.085
-0.065,-0.070,-0.005,0.068,-0.030,-0.037,0.045,-0.065,-0.140,-0.130,-0.075,-0.081
-0.068,-0.070,-0.002,0.069,-0.033,-0.036,0.045,-0.066,-0.137,-0.127,-0.072,-0.080
-0.071,-0.070,0.000,0.070,-0.035,-0.035,0.045,-0.063,-0.134,-0.124,-0.069,-0.080
-0.070,-0.069,0.001,0.069,-0.035,-0.034,0.045,-0.060,-0.135,-0.125,-0.070,-0.080
-0.070,-0.065,0.005,0.067,-0.037,-0.030,0.045,-0.060,-0.135,-0.125,-0.070,-0.080
-0.070,-0.065,0.005,0.067,-0.037,-0.030,0.045,-0.060,-0.135,-0.125,-0.070,-0.080
-0.073,-0.065,0.008,0.069,-0.040,-0.029,0.042,-0.060,-0.136,-0.126,-0.071,-0.077
-0.077,-0.065,0.012,0.071,-0.044,-0.026,0.039,-0.060,-0.133,-0.123,-0.068,-0.074
-0.073,-0.065,0.007,0.069,-0.039,-0.028,0.040,-0.059,-0.130,-0.120,-0.065,-0.075
-0.055,-0.065,-0.010,0.060,-0.022,-0.037,0.040,-0.055,-0.130,-0.120,-0.065,-0.075
-0.037,-0.061,-0.024,0.049,-0.006,-0.042,0.040,-0.055,-0.130,-0.120,-0.065,-0.075
-0.039,-0.059,-0.020,0.050,-0.010,-0.039,0.037,-0.055,-0.130,-0.120,-0.065,-0.072
-0.049,-0.061,-0.012,0.055,-0.018,-0.036,0.034,-0.055,-0.130,-0.120,-0.065,-0.069
-0.050,-0.059,-0.009,0.055,-0.020,-0.034,0.035,-0.055,-0.130,-0.120,-0.065,-0.070
-0.050,-0.055,-0.005,0.053,-0.022,-0.030,0.035,-0.055,-0.130,-0.120,-0.065,-0.070
-0.054,-0.055,-0.001,0.054,-0.026,-0.027,0.035,-0.055,-0.134,-0.124,-0.069,-0.070
-0.058,-0.056,0.003,0.057,-0.030,-0.026,0.032,-0.052,-0.135,-0.125,-0.070,-0.069
-0.061,-0.053,0.008,0.057,-0.035,-0.022,0.029,-0.049,-0.135,-0.125,-0.070,-0.072
-0.058,-0.050,0.008,0.054,-0.033,-0.020,0.030,-0.050,-0.135,-0.125,-0.070,-0.075
-0.045,-0.050,-0.005,0.048,-0.020,-0.027,0.030,-0.050,-0.135,-0.125,-0.070,-0.075
-0.036,-0.050,-0.015,0.044,-0.010,-0.032,0.030,-0.050,-0.135,-0.125,-0.070,-0.075
-0.037,-0.047,-0.010,0.043,-0.014,-0.028,0.031,-0.051,-0.135,-0.125,-0.070,-0.075
-0.042,-0.044,-0.003,0.043,-0.019,-0.023,0.028,-0.048,-0.135,-0.125,-0.070,-0.075
-0.047,-0.045,0.002,0.046,-0.024,-0.021,0.025,-0.045,-0.135,-0.125,-0.070,-0.075
-0.055,-0.045,0.010,0.050,-0.032,-0.017,0.025,-0.045,-0.135,-0.125,-0.070,-0.075
-0.055,-0.041,0.014,0.047,-0.034,-0.013,0.025,-0.045,-0.135,-0.125,-0.070,-0.075
-0.060,-0.039,0.021,0.049,-0.040,-0.009,0.026,-0.045,-0.135,-0.125,-0.070,-0.075
-0.069,-0.041,0.028,0.054,-0.049,-0.006,0.023,-0.045,-0.135,-0.125,-0.070,-0.075
-0.069,-0.039,0.029,0.054,-0.049,-0.005,0.020,-0.044,-0.136,-0.125,-0.071,-0.075
-0.060,-0.035,0.025,0.047,-0.042,-0.005,0.020,-0.045,-0.140,-0.125,-0.075,-0.075
-0.059,-0.035,0.025,0.046,-0.041,-0.005,0.020,-0.061,-0.140,-0.125,-0.075,-0.075
-0.061,-0.036,0.026,0.048,-0.043,-0.005,0.020,-0.070,-0.140,-0.125,-0.075,-0.075
-0.056,-0.033,0.023,0.044,-0.039,-0.005,0.020,-0.070,-0.140,-0.125,-0.075,-0.075
-0.049,-0.030,0.020,0.039,-0.034,-0.005,0.019,-0.070,-0.140,-0.125,-0.075,-0.075
-0.050,-0.030,0.020,0.040,-0.035,-0.005,0.015,-0.070,-0.140,-0.125,-0.075,-0.075
-0.050,-0.030,0.020,0.040,-0.035,-0.005,0.015,-0.070,-0.140,-0.125,-0.075,-0.075
-0.050,-0.030,0.020,0.040,-0.035,-0.005,0.015,-0.069,-0.140,-0.125,-0.075,-0.075
-0.050,-0.032,0.018,0.040,-0.034,-0.007,0.015,-0.072,-0.140,-0.125,-0.075,-0.075
-0.051,-0.036,0.015,0.043,-0.032,-0.011,0.015,-0.075,-0.140,-0.125,-0.075,-0.075
-0.055,-0.040,0.015,0.047,-0.035,-0.012,0.015,-0.075,-0.140,-0.125,-0.075,-0.075
-0.060,-0.044,0.015,0.051,-0.037,-0.014,0.015,-0.075,-0.140,-0.125,-0.075,-0.075
-0.060,-0.048,0.012,0.054,-0.036,-0.018,0.015,-0.075,-0.139,-0.124,-0.074,-0.075
-0.061,-0.052,0.010,0.057,-0.036,-0.021,0.015,-0.075,-0.142,-0.127,-0.077,-0.075
-0.057,-0.047,0.010,0.052,-0.033,-0.019,0.015,-0.075,-0.145,-0.130,-0.080,-0.075
-0.050,-0.040,0.010,0.045,-0.030,-0.015,0.015,-0.075,-0.145,-0.130,-0.080,-0.075
-0.075,-0.064,0.011,0.070,-0.043,-0.027,0.015,-0.075,-0.149,-0.130,-0.080,-0.079
-0.077,-0.076,0.002,0.077,-0.039,-0.037,0.015,-0.075,-0.150,-0.133,-0.080,-0.080
-0.065,-0.075,-0.010,0.070,-0.027,-0.042,0.015,-0.075,-0.152,-0.136,-0.080,-0.080
-0.058,-0.075,-0.017,0.067,-0.020,-0.046,0.015,-0.075,-0.155,-0.135,-0.080,-0.080
-0.050,-0.075,-0.025,0.063,-0.012,-0.050,0.015,-0.075,-0.155,-0.135,-0.080,-0.080
-0.045,-0.079,-0.034,0.063,-0.005,-0.056,0.015,-0.075,-0.159,-0.139,-0.080,-0.084
-0.048,-0.081,-0.033,0.064,-0.008,-0.056,0.015,-0.075,-0.160,-0.140,-0.080,-0.085
-0.050,-0.079,-0.029,0.065,-0.011,-0.054,0.015,-0.075,-0.162,-0.142,-0.080,-0.085
-0.051,-0.081,-0.030,0.066,-0.010,-0.055,0.015,-0.075,-0.165,-0.145,-0.080,-0.085
-0.055,-0.085,-0.030,0.070,-0.012,-0.057,0.015,-0.075,-0.165,-0.145,-0.080,-0.085
-0.055,-0.085,-0.030,0.070,-0.012,-0.057,0.015,-0.074,-0.169,-0.149,-0.080,-0.085
-0.054,-0.085,-0.030,0.070,-0.012,-0.057,0.015,-0.084,-0.170,-0.150,-0.080,-0.088
-0.056,-0.086,-0.030,0.071,-0.013,-0.057,0.015,-0.093,-0.170,-0.152,-0.080,-0.091
-0.053,-0.083,-0.030,0.068,-0.011,-0.056,0.015,-0.095,-0.170,-0.155,-0.080,-0.090
-0.040,-0.070,-0.030,0.055,-0.005,-0.050,0.015,-0.095,-0.170,-0.155,-0.080,-0.090
-0.032,-0.058,-0.026,0.045,-0.003,-0.042,0.015,-0.095,-0.170,-0.159,-0.088,-0.090
-0.022,-0.047,-0.025,0.035,0.002,-0.035,0.015,-0.098,-0.170,-0.160,-0.093,-0.089
-0.008,-0.033,-0.025,0.021,0.009,-0.029,0.015,-0.101,-0.170,-0.162,-0.097,-0.092
0.000,-0.025,-0.025,0.013,0.013,-0.025,0.015,-0.100,-0.170,-0.165,-0.100,-0.095
-0.020,-0.045,-0.025,0.033,0.003,-0.035,0.015,-0.100,-0.170,-0.165,-0.100,-0.095
-0.071,-0.097,-0.025,0.084,-0.023,-0.061,0.015,-0.104,-0.174,-0.165,-0.100,-0.095
-0.082,-0.107,-0.025,0.095,-0.028,-0.065,0.015,-0.105,-0.175,-0.165,-0.100,-0.095
-0.072,-0.098,-0.025,0.086,-0.024,-0.061,0.015,-0.105,-0.177,-0.165,-0.100,-0.095
-0.076,-0.100,-0.024,0.089,-0.026,-0.062,0.015,-0.105,-0.181,-0.166,-0.101,-0.095
-0.080,-0.100,-0.020,0.090,-0.030,-0.060,0.015,-0.105,-0.180,-0.170,-0.105,-0.095
-0.080,-0.100,-0.020,0.090,-0.030,-0.060,0.015,-0.109,-0.180,-0.170,-0.105,-0.095
-0.080,-0.100,-0.020,0.090,-0.030,-0.060,0.015,-0.110,-0.183,-0.170,-0.105,-0.095
-0.080,-0.100,-0.020,0.090,-0.030,-0.060,0.015,-0.110,-0.186,-0.170,-0.105,-0.095
-0.080,-0.100,-0.020,0.090,-0.030,-0.060,0.015,-0.110,-0.185,-0.170,-0.105,-0.095
-0.080,-0.100,-0.020,0.090,-0.030,-0.060,0.015,-0.110,-0.185,-0.170,-0.105,-0.095
-0.076,-0.096,-0.020,0.086,-0.028,-0.057,0.015,-0.110,-0.189,-0.174,-0.109,-0.103
-0.074,-0.095,-0.020,0.085,-0.027,-0.057,0.015,-0.110,-0.190,-0.175,-0.113,-0.108
-0.076,-0.095,-0.020,0.085,-0.028,-0.057,0.015,-0.110,-0.192,-0.175,-0.117,-0.112
-0.074,-0.095,-0.021,0.085,-0.026,-0.057,0.015,-0.110,-0.195,-0.175,-0.121,-0.115
-0.070,-0.095,-0.025,0.083,-0.022,-0.060,0.015,-0.110,-0.195,-0.175,-0.125,-0.115
-0.070,-0.095,-0.025,0.083,-0.022,-0.060,0.015,-0.110,-0.199,-0.179,-0.121,-0.115
-0.071,-0.095,-0.024,0.083,-0.023,-0.059,0.015,-0.111,-0.200,-0.180,-0.119,-0.115
-0.083,-0.095,-0.012,0.089,-0.035,-0.053,0.015,-0.108,-0.200,-0.180,-0.120,-0.115
-0.069,-0.094,-0.025,0.082,-0.022,-0.060,0.015,-0.105,-0.200,-0.180,-0.120,-0.115
-0.015,-0.090,-0.075,0.053,0.030,-0.082,0.015,-0.105,-0.200,-0.180,-0.120,-0.115
-0.024,-0.090,-0.066,0.057,0.021,-0.078,0.015,-0.105,-0.200,-0.180,-0.120,-0.115
-0.038,-0.090,-0.053,0.064,0.008,-0.071,0.015,-0.105,-0.200,-0.180,-0.120,-0.115
-0.045,-0.090,-0.045,0.068,0.000,-0.067,0.015,-0.105,-0.200,-0.180,-0.120,-0.115
-0.057,-0.090,-0.033,0.074,-0.012,-0.061,0.014,-0.105,-0.200,-0.180,-0.120,-0.115
-0.065,-0.090,-0.025,0.078,-0.020,-0.057,0.010,-0.105,-0.200,-0.180,-0.120,-0.115
-0.077,-0.090,-0.013,0.083,-0.032,-0.052,0.010,-0.105,-0.200,-0.180,-0.120,-0.115
-0.089,-0.090,-0.001,0.090,-0.044,-0.045,0.010,-0.106,-0.203,-0.183,-0.120,-0.118
-0.083,-0.090,-0.007,0.087,-0.038,-0.048,0.010,-0.103,-0.206,-0.186,-0.120,-0.121
-0.058,-0.090,-0.032,0.075,-0.013,-0.060,0.010,-0.109,-0.205,-0.185,-0.119,-0.120
-0.040,-0.090,-0.050,0.065,0.005,-0.070,0.010,-0.130,-0.205,-0.185,-0.115,-0.120
-0.043,-0.090,-0.047,0.067,0.002,-0.068,0.010,-0.127,-0.205,-0.185,-0.115,-0.120
-0.046,-0.090,-0.044,0.068,-0.001,-0.066,0.010,-0.124,-0.205,-0.185,-0.115,-0.120
-0.045,-0.090,-0.045,0.068,0.000,-0.067,0.010,-0.125,-0.205,-0.185,-0.115,-0.120
-0.044,-0.089,-0.045,0.067,0.000,-0.067,0.010,-0.125,-0.205,-0.185,-0.115,-0.120
-0.045,-0.090,-0.045,0.068,0.000,-0.067,0.010,-0.125,-0.205,-0.185,-0.115,-0.120
-0.050,-0.095,-0.045,0.073,-0.002,-0.069,0.006,-0.125,-0.205,-0.185,-0.115,-0.120
-0.016,-0.061,-0.045,0.039,0.015,-0.053,0.005,-0.125,-0.204,-0.184,-0.115,-0.120
-0.031,-0.077,-0.045,0.054,0.007,-0.061,0.005,-0.125,-0.207,-0.189,-0.115,-0.120
-0.081,-0.126,-0.044,0.104,-0.019,-0.084,0.005,-0.125,-0.210,-0.195,-0.115,-0.120
-0.075,-0.115,-0.040,0.095,-0.017,-0.077,0.005,-0.125,-0.205,-0.190,-0.115,-0.120
-0.074,-0.114,-0.040,0.094,-0.017,-0.076,0.005,-0.125,-0.205,-0.190,-0.115,-0.116
-0.075,-0.116,-0.040,0.096,-0.017,-0.077,0.005,-0.125,-0.205,-0.190,-0.114,-0.115
-0.075,-0.115,-0.040,0.095,-0.017,-0.077,0.005,-0.125,-0.205,-0.190,-0.117,-0.115
-0.075,-0.115,-0.040,0.095,-0.017,-0.077,0.005,-0.125,-0.205,-0.190,-0.120,-0.115
-0.075,-0.115,-0.040,0.095,-0.017,-0.077,0.005,-0.125,-0.205,-0.190,-0.120,-0.115
-0.071,-0.111,-0.040,0.091,-0.015,-0.075,0.005,-0.125,-0.205,-0.186,-0.120,-0.115
-0.069,-0.110,-0.041,0.089,-0.014,-0.075,0.005,-0.125,-0.206,-0.185,-0.120,-0.115
-0.072,-0.110,-0.038,0.091,-0.017,-0.074,0.005,-0.125,-0.203,-0.185,-0.120,-0.115
-0.075,-0.110,-0.035,0.093,-0.020,-0.072,0.005,-0.125,-0.200,-0.185,-0.120,-0.115
-0.075,-0.110,-0.035,0.093,-0.020,-0.072,0.005,-0.125,-0.200,-0.185,-0.120,-0.115
-0.075,-0.110,-0.035,0.093,-0.020,-0.072,0.005,-0.125,-0.200,-0.185,-0.120,-0.115
-0.076,-0.111,-0.035,0.094,-0.020,-0.072,0.005,-0.125,-0.200,-0.186,-0.120,-0.115
-0.073,-0.108,-0.035,0.091,-0.019,-0.071,0.005,-0.125,-0.200,-0.183,-0.120,-0.115
-0.070,-0.105,-0.035,0.088,-0.017,-0.070,0.005,-0.125,-0.200,-0.180,-0.120,-0.114
-0.070,-0.105,-0.035,0.088,-0.017,-0.070,0.005,-0.125,-0.200,-0.180,-0.120,-0.110
-0.070,-0.105,-0.035,0.088,-0.017,-0.070,0.005,-0.125,-0.200,-0.180,-0.120,-0.110
-0.069,-0.105,-0.036,0.088,-0.016,-0.070,0.005,-0.126,-0.197,-0.180,-0.120,-0.110
-0.072,-0.105,-0.033,0.089,-0.019,-0.069,0.005,-0.123,-0.194,-0.180,-0.120,-0.110
-0.075,-0.104,-0.030,0.089,-0.022,-0.066,0.005,-0.120,-0.195,-0.179,-0.120,-0.110
-0.070,-0.100,-0.030,0.085,-0.020,-0.065,0.005,-0.120,-0.195,-0.175,-0.120,-0.110
-0.070,-0.100,-0.030,0.085,-0.020,-0.065,0.005,-0.120,-0.195,-0.175,-0.120,-0.110
-0.070,-0.100,-0.031,0.085,-0.020,-0.065,0.006,-0.121,-0.195,-0.175,-0.120,-0.110
-0.072,-0.100,-0.028,0.086,-0.022,-0.064,0.003,-0.118,-0.195,-0.175,-0.120,-0.110
-0.075,-0.100,-0.025,0.088,-0.025,-0.062,0.008,-0.115,-0.195,-0.175,-0.120,-0.110
-0.075,-0.100,-0.025,0.088,-0.025,-0.062,0.025,-0.115,-0.195,-0.175,-0.120,-0.110
-0.075,-0.100,-0.025,0.088,-0.025,-0.062,0.026,-0.115,-0.195,-0.175,-0.120,-0.110
-0.072,-0.097,-0.025,0.085,-0.023,-0.061,0.025,-0.115,-0.192,-0.178,-0.120,-0.110
-0.068,-0.093,-0.025,0.081,-0.021,-0.059,0.025,-0.115,-0.189,-0.181,-0.120,-0.109
-0.065,-0.089,-0.024,0.077,-0.020,-0.056,0.025,-0.114,-0.190,-0.180,-0.120,-0.104
-0.065,-0.085,-0.020,0.075,-0.022,-0.052,0.025,-0.110,-0.190,-0.180,-0.120,-0.100
-0.065,-0.085,-0.020,0.075,-0.022,-0.052,0.025,-0.110,-0.186,-0.180,-0.116,-0.100
-0.063,-0.083,-0.020,0.073,-0.021,-0.051,0.025,-0.110,-0.184,-0.177,-0.115,-0.097
-0.057,-0.077,-0.020,0.067,-0.018,-0.049,0.025,-0.110,-0.186,-0.172,-0.113,-0.095
-0.056,-0.075,-0.019,0.065,-0.018,-0.047,0.025,-0.109,-0.184,-0.170,-0.110,-0.095
-0.060,-0.075,-0.015,0.068,-0.022,-0.045,0.025,-0.105,-0.180,-0.170,-0.110,-0.090
-0.057,-0.071,-0.015,0.064,-0.021,-0.043,0.025,-0.105,-0.180,-0.166,-0.106,-0.085
-0.051,-0.066,-0.015,0.059,-0.018,-0.040,0.025,-0.105,-0.180,-0.161,-0.106,-0.085
-0.051,-0.065,-0.015,0.059,-0.018,-0.040,0.025,-0.105,-0.180,-0.160,-0.102,-0.083
-0.048,-0.064,-0.016,0.056,-0.016,-0.040,0.025,-0.105,-0.179,-0.159,-0.093,-0.080
-0.040,-0.055,-0.015,0.048,-0.012,-0.035,0.025,-0.105,-0.175,-0.155,-0.090,-0.080
-0.052,-0.051,0.001,0.051,-0.026,-0.025,0.025,-0.101,-0.171,-0.155,-0.086,-0.076
-0.059,-0.044,0.015,0.051,-0.037,-0.014,0.025,-0.097,-0.170,-0.156,-0.082,-0.075
-0.062,-0.038,0.024,0.050,-0.042,-0.007,0.027,-0.093,-0.169,-0.153,-0.078,-0.073
-0.075,-0.033,0.042,0.054,-0.058,0.004,0.040,-0.089,-0.164,-0.150,-0.074,-0.070
-0.095,-0.025,0.070,0.060,-0.082,0.022,0.055,-0.085,-0.160,-0.150,-0.070,-0.070
-0.089,-0.021,0.067,0.055,-0.078,0.022,0.048,-0.081,-0.160,-0.151,-0.070,-0.066
-0.077,-0.013,0.064,0.044,-0.070,0.025,0.042,-0.077,-0.157,-0.147,-0.070,-0.065
-0.076,-0.010,0.066,0.043,-0.071,0.028,0.036,-0.073,-0.154,-0.145,-0.070,-0.063
-0.063,0.001,0.064,0.030,-0.063,0.033,0.029,-0.070,-0.155,-0.144,-0.070,-0.060
-0.015,0.045,0.060,-0.015,-0.038,0.052,0.025,-0.070,-0.155,-0.140,-0.070,-0.060
0.026,0.086,0.060,-0.056,-0.017,0.073,0.017,-0.066,-0.155,-0.140,-0.070,-0.056
0.024,0.084,0.060,-0.054,-0.018,0.072,0.012,-0.065,-0.155,-0.141,-0.070,-0.055
0.009,0.070,0.060,-0.039,-0.026,0.064,0.008,-0.065,-0.155,-0.138,-0.070,-0.053
0.003,0.063,0.059,-0.033,-0.028,0.060,0.004,-0.074,-0.155,-0.135,-0.070,-0.050
-0.005,0.050,0.055,-0.023,-0.030,0.052,0.000,-0.095,-0.155,-0.135,-0.070,-0.050
-0.013,0.041,0.055,-0.015,-0.034,0.048,-0.004,-0.116,-0.155,-0.131,-0.070,-0.046
-0.019,0.036,0.056,-0.009,-0.038,0.046,-0.008,-0.125,-0.155,-0.130,-0.070,-0.045
-0.019,0.035,0.053,-0.008,-0.036,0.044,-0.012,-0.125,-0.155,-0.130,-0.070,-0.044
-0.014,0.035,0.050,-0.010,-0.032,0.042,-0.016,-0.125,-0.155,-0.131,-0.070,-0.039
-0.015,0.035,0.050,-0.010,-0.033,0.042,-0.020,-0.125,-0.155,-0.135,-0.070,-0.035
-0.019,0.031,0.050,-0.006,-0.034,0.040,-0.016,-0.125,-0.155,-0.135,-0.070,-0.031
-0.022,0.029,0.051,-0.004,-0.036,0.040,-0.014,-0.125,-0.155,-0.135,-0.070,-0.027
-0.015,0.032,0.047,-0.008,-0.031,0.039,-0.015,-0.125,-0.155,-0.135,-0.070,-0.023
-0.011,0.027,0.038,-0.008,-0.024,0.033,-0.015,-0.126,-0.155,-0.135,-0.070,-0.018
-0.020,0.010,0.030,0.005,-0.025,0.020,-0.015,-0.130,-0.155,-0.135,-0.070,-0.020
-0.024,-0.002,0.021,0.013,-0.022,0.009,-0.015,-0.130,-0.155,-0.134,-0.070,-0.045
-0.031,-0.014,0.018,0.022,-0.024,0.002,-0.015,-0.130,-0.156,-0.138,-0.069,-0.056
-0.036,-0.026,0.010,0.030,-0.023,-0.007,-0.015,-0.130,-0.153,-0.139,-0.073,-0.054
-0.035,-0.038,-0.003,0.037,-0.016,-0.020,-0.015,-0.130,-0.159,-0.142,-0.082,-0.057
-0.035,-0.050,-0.015,0.043,-0.010,-0.032,-0.015,-0.130,-0.175,-0.155,-0.090,-0.065
-0.029,-0.056,-0.027,0.043,-0.001,-0.042,-0.015,-0.130,-0.174,-0.159,-0.094,-0.068
-0.041,-0.079,-0.038,0.060,-0.002,-0.058,-0.015,-0.133,-0.186,-0.163,-0.098,-0.083
-0.056,-0.095,-0.039,0.075,-0.008,-0.067,-0.015,-0.136,-0.199,-0.165,-0.100,-0.092
-0.061,-0.095,-0.034,0.079,-0.013,-0.065,-0.015,-0.135,-0.200,-0.166,-0.101,-0.089
-0.070,-0.100,-0.030,0.085,-0.020,-0.065,-0.015,-0.135,-0.200,-0.170,-0.105,-0.090
-0.080,-0.105,-0.026,0.093,-0.026,-0.066,-0.015,-0.135,-0.200,-0.171,-0.106,-0.091
-0.077,-0.101,-0.024,0.089,-0.026,-0.062,-0.015,-0.135,-0.199,-0.167,-0.102,-0.087
-0.094,-0.122,-0.028,0.108,-0.032,-0.075,-0.015,-0.135,-0.204,-0.179,-0.116,-0.099
-0.108,-0.155,-0.046,0.131,-0.031,-0.100,-0.015,-0.134,-0.211,-0.198,-0.138,-0.118
-0.085,-0.155,-0.070,0.120,-0.007,-0.112,-0.015,-0.130,-0.215,-0.200,-0.140,-0.120
-0.088,-0.155,-0.067,0.122,-0.010,-0.111,-0.015,-0.130,-0.220,-0.200,-0.139,-0.120
-0.091,-0.155,-0.064,0.124,-0.013,-0.110,-0.015,-0.130,-0.217,-0.197,-0.143,-0.120
-0.090,-0.155,-0.065,0.123,-0.012,-0.110,-0.015,-0.130,-0.214,-0.195,-0.146,-0.122
-0.090,-0.155,-0.065,0.123,-0.012,-0.110,-0.015,-0.130,-0.215,-0.195,-0.145,-0.125
-0.090,-0.155,-0.065,0.123,-0.012,-0.110,-0.015,-0.130,-0.220,-0.200,-0.145,-0.125
-0.090,-0.155,-0.065,0.123,-0.012,-0.110,-0.015,-0.130,-0.237,-0.217,-0.149,-0.124
-0.089,-0.154,-0.065,0.122,-0.012,-0.110,-0.016,-0.131,-0.239,-0.219,-0.151,-0.128
-0.092,-0.157,-0.065,0.125,-0.013,-0.111,-0.013,-0.128,-0.234,-0.214,-0.149,-0.130
-0.096,-0.160,-0.065,0.128,-0.015,-0.112,-0.010,-0.125,-0.235,-0.215,-0.151,-0.131
-0.095,-0.160,-0.065,0.128,-0.015,-0.112,-0.010,-0.125,-0.235,-0.215,-0.155,-0.135
-0.094,-0.160,-0.066,0.128,-0.014,-0.112,-0.010,-0.125,-0.235,-0.211,-0.155,-0.136
-0.098,-0.160,-0.062,0.130,-0.018,-0.110,-0.010,-0.125,-0.232,-0.210,-0.155,-0.132
-0.083,-0.160,-0.077,0.122,-0.003,-0.118,-0.010,-0.125,-0.229,-0.210,-0.155,-0.130
-0.063,-0.160,-0.097,0.112,0.017,-0.128,-0.010,-0.125,-0.230,-0.210,-0.154,-0.130
-0.070,-0.160,-0.090,0.115,0.010,-0.125,-0.010,-0.125,-0.230,-0.210,-0.150,-0.130
-0.071,-0.160,-0.089,0.116,0.009,-0.125,-0.010,-0.125,-0.230,-0.206,-0.150,-0.130
-0.066,-0.157,-0.091,0.111,0.013,-0.123,-0.007,-0.122,-0.231,-0.205,-0.150,-0.130
-0.066,-0.154,-0.088,0.111,0.011,-0.121,-0.004,-0.119,-0.228,-0.205,-0.150,-0.130
-0.071,-0.155,-0.085,0.113,0.007,-0.120,-0.005,-0.120,-0.225,-0.205,-0.149,-0.129
-0.070,-0.155,-0.085,0.113,0.008,-0.120,-0.005,-0.120,-0.225,-0.205,-0.145,-0.125
-0.069,-0.155,-0.085,0.113,0.009,-0.120,-0.005,-0.120,-0.225,-0.201,-0.145,-0.125
-0.074,-0.156,-0.082,0.115,0.005,-0.118,-0.005,-0.120,-0.226,-0.199,-0.145,-0.125
-0.074,-0.153,-0.079,0.113,0.003,-0.116,-0.005,-0.120,-0.223,-0.201,-0.145,-0.125
-0.069,-0.150,-0.080,0.109,0.006,-0.115,-0.005,-0.120,-0.220,-0.199,-0.145,-0.125
-0.070,-0.150,-0.080,0.110,0.005,-0.115,-0.005,-0.120,-0.220,-0.195,-0.145,-0.125
-0.074,-0.150,-0.076,0.113,0.001,-0.113,-0.013,-0.120,-0.220,-0.195,-0.141,-0.125
-0.075,-0.150,-0.075,0.113,0.000,-0.112,-0.019,-0.121,-0.220,-0.195,-0.140,-0.122
-0.076,-0.151,-0.075,0.114,-0.001,-0.113,-0.021,-0.117,-0.220,-0.195,-0.140,-0.119
-0.073,-0.148,-0.075,0.111,0.001,-0.111,-0.027,-0.125,-0.219,-0.194,-0.140,-0.120
-0.060,-0.135,-0.075,0.098,0.008,-0.105,-0.030,-0.150,-0.215,-0.190,-0.140,-0.120
-0.055,-0.126,-0.071,0.091,0.008,-0.098,-0.014,-0.143,-0.211,-0.190,-0.140,-0.120
-0.053,-0.122,-0.069,0.087,0.009,-0.095,-0.001,-0.136,-0.206,-0.191,-0.138,-0.121
-0.032,-0.103,-0.071,0.067,0.020,-0.086,0.014,-0.115,-0.205,-0.188,-0.130,-0.117
-0.050,-0.119,-0.069,0.085,0.010,-0.094,0.026,-0.085,-0.195,-0.195,-0.134,-0.127
-0.125,-0.190,-0.065,0.158,-0.030,-0.127,0.040,-0.055,-0.165,-0.215,-0.160,-0.160
-0.113,-0.178,-0.065,0.146,-0.024,-0.121,0.104,0.036,-0.140,-0.204,-0.174,-0.163
-0.091,-0.156,-0.065,0.124,-0.013,-0.110,0.153,0.114,-0.124,-0.191,-0.177,-0.181
-0.076,-0.142,-0.067,0.109,-0.004,-0.104,0.172,0.146,-0.117,-0.178,-0.186,-0.187
-0.065,-0.127,-0.062,0.097,-0.002,-0.094,0.193,0.177,-0.097,-0.170,-0.178,-0.172
-0.070,-0.110,-0.040,0.090,-0.015,-0.075,0.240,0.255,-0.040,-0.160,-0.125,-0.160
-0.047,-0.067,-0.020,0.058,-0.013,-0.043,0.284,0.364,0.051,-0.091,-0.076,-0.120
-0.019,-0.023,-0.003,0.021,-0.008,-0.013,0.294,0.459,0.149,-0.011,-0.033,-0.084
0.028,0.027,-0.001,-0.028,0.014,0.013,0.320,0.591,0.290,0.095,0.034,-0.038
0.080,0.110,0.031,-0.095,0.024,0.070,0.353,0.724,0.469,0.245,0.147,0.043
0.110,0.230,0.120,-0.170,-0.005,0.175,0.345,0.775,0.635,0.410,0.285,0.145
0.164,0.350,0.186,-0.257,-0.011,0.268,0.348,0.827,0.797,0.580,0.413,0.243
0.228,0.470,0.242,-0.349,-0.007,0.356,0.313,0.835,0.981,0.772,0.578,0.360
0.294,0.591,0.297,-0.443,-0.001,0.443,0.243,0.831,1.179,0.978,0.742,0.475
0.379,0.745,0.366,-0.562,0.006,0.555,0.129,0.815,1.390,1.207,0.915,0.610
0.460,0.930,0.470,-0.695,-0.005,0.700,-0.035,0.750,1.615,1.465,1.135,0.790
0.483,1.069,0.587,-0.776,-0.052,0.828,-0.168,0.674,1.797,1.692,1.328,0.938
0.532,1.255,0.723,-0.893,-0.096,0.989,-0.332,0.451,1.887,1.886,1.506,1.085
0.540,1.306,0.766,-0.924,-0.114,1.036,-0.432,0.187,1.869,1.944,1.550,1.116
0.452,1.181,0.728,-0.817,-0.138,0.954,-0.431,0.035,1.806,1.875,1.451,1.017
0.355,1.065,0.710,-0.710,-0.178,0.887,-0.415,-0.050,1.705,1.760,1.325,0.910
0.332,0.977,0.645,-0.654,-0.157,0.810,-0.403,-0.218,1.423,1.525,1.164,0.803
0.272,0.803,0.531,-0.538,-0.130,0.667,-0.390,-0.357,1.056,1.200,0.941,0.644
0.166,0.563,0.397,-0.365,-0.116,0.480,-0.384,-0.464,0.622,0.817,0.673,0.458
0.104,0.366,0.261,-0.235,-0.079,0.313,-0.358,-0.525,0.150,0.400,0.406,0.291
0.085,0.235,0.150,-0.160,-0.033,0.192,-0.275,-0.480,-0.250,0.015,0.180,0.150
-0.022,0.071,0.094,-0.024,-0.059,0.082,-0.172,-0.367,-0.484,-0.230,0.011,0.028
-0.062,-0.041,0.021,0.052,-0.041,-0.010,-0.102,-0.237,-0.515,-0.309,-0.084,-0.039
-0.021,-0.106,-0.085,0.063,0.033,-0.095,-0.045,-0.101,-0.418,-0.290,-0.129,-0.085
-0.004,-0.165,-0.161,0.084,0.079,-0.163,0.014,0.050,-0.315,-0.250,-0.156,-0.128
-0.040,-0.215,-0.175,0.128,0.068,-0.195,0.065,0.185,-0.260,-0.220,-0.170,-0.150
-0.038,-0.236,-0.198,0.137,0.081,-0.217,0.117,0.230,-0.198,-0.207,-0.163,-0.172
-0.035,-0.217,-0.182,0.126,0.074,-0.199,0.126,0.254,-0.161,-0.200,-0.154,-0.171
-0.047,-0.186,-0.139,0.117,0.046,-0.162,0.117,0.254,-0.137,-0.189,-0.146,-0.160
-0.037,-0.165,-0.128,0.102,0.045,-0.146,0.114,0.229,-0.118,-0.178,-0.138,-0.153
0.000,-0.150,-0.150,0.075,0.075,-0.150,0.110,0.210,-0.120,-0.170,-0.130,-0.145
-0.006,-0.138,-0.132,0.073,0.064,-0.135,0.106,0.182,-0.120,-0.158,-0.122,-0.137
-0.015,-0.123,-0.108,0.069,0.047,-0.115,0.101,0.156,-0.120,-0.148,-0.117,-0.129
-0.014,-0.109,-0.095,0.061,0.041,-0.101,0.100,0.136,-0.120,-0.142,-0.113,-0.121
-0.008,-0.097,-0.089,0.052,0.041,-0.093,0.099,0.122,-0.120,-0.140,-0.109,-0.113
0.000,-0.085,-0.085,0.043,0.043,-0.085,0.095,0.110,-0.120,-0.140,-0.105,-0.110
-0.001,-0.077,-0.077,0.039,0.039,-0.077,0.091,0.083,-0.120,-0.140,-0.105,-0.110
0.006,-0.066,-0.072,0.030,0.039,-0.069,0.087,0.055,-0.120,-0.137,-0.102,-0.107
0.011,-0.056,-0.066,0.022,0.038,-0.061,0.083,0.040,-0.120,-0.134,-0.100,-0.104
0.011,-0.048,-0.059,0.019,0.035,-0.053,0.079,0.033,-0.120,-0.135,-0.100,-0.105
0.020,-0.035,-0.055,0.008,0.038,-0.045,0.075,0.025,-0.120,-0.135,-0.095,-0.105
0.025,-0.022,-0.047,-0.001,0.037,-0.035,0.075,0.017,-0.120,-0.135,-0.090,-0.101
-0.014,-0.053,-0.039,0.034,0.013,-0.045,0.072,0.009,-0.120,-0.132,-0.090,-0.100
-0.042,-0.073,-0.031,0.058,-0.005,-0.052,0.068,0.001,-0.120,-0.129,-0.088,-0.098
-0.040,-0.063,-0.023,0.052,-0.008,-0.043,0.064,-0.006,-0.120,-0.130,-0.085,-0.094
-0.050,-0.065,-0.015,0.058,-0.017,-0.040,0.060,-0.010,-0.120,-0.130,-0.085,-0.095
-0.059,-0.065,-0.007,0.062,-0.025,-0.036,0.056,-0.018,-0.120,-0.130,-0.081,-0.095
-0.064,-0.065,-0.001,0.064,-0.031,-0.033,0.055,-0.027,-0.117,-0.127,-0.080,-0.092
-0.079,-0.065,0.014,0.072,-0.046,-0.025,0.054,-0.032,-0.115,-0.124,-0.080,-0.089
-0.090,-0.065,0.025,0.077,-0.057,-0.020,0.049,-0.037,-0.114,-0.125,-0.080,-0.090
-0.080,-0.065,0.015,0.072,-0.047,-0.025,0.045,-0.045,-0.110,-0.125,-0.080,-0.090
-0.075,-0.065,0.010,0.070,-0.042,-0.027,0.041,-0.053,-0.110,-0.121,-0.080,-0.090
-0.073,-0.065,0.008,0.068,-0.040,-0.028,0.036,-0.059,-0.111,-0.120,-0.080,-0.090
-0.066,-0.065,0.001,0.066,-0.033,-0.032,0.035,-0.058,-0.108,-0.120,-0.080,-0.090
-0.058,-0.064,-0.006,0.062,-0.025,-0.035,0.034,-0.054,-0.105,-0.120,-0.079,-0.090
-0.050,-0.060,-0.010,0.055,-0.020,-0.035,0.030,-0.055,-0.105,-0.120,-0.075,-0.090
-0.045,-0.060,-0.015,0.053,-0.015,-0.037,0.030,-0.056,-0.105,-0.116,-0.075,-0.090
-0.051,-0.060,-0.009,0.056,-0.021,-0.034,0.030,-0.052,-0.102,-0.115,-0.075,-0.090
-0.057,-0.060,-0.003,0.059,-0.027,-0.031,0.030,-0.050,-0.099,-0.115,-0.075,-0.090
-0.062,-0.060,0.002,0.061,-0.032,-0.029,0.030,-0.050,-0.100,-0.115,-0.075,-0.090
-0.070,-0.060,0.010,0.065,-0.040,-0.025,0.030,-0.050,-0.100,-0.115,-0.075,-0.090
-0.075,-0.060,0.015,0.067,-0.045,-0.022,0.030,-0.050,-0.096,-0.111,-0.075,-0.086
-0.070,-0.060,0.010,0.064,-0.040,-0.025,0.030,-0.047,-0.094,-0.109,-0.076,-0.085
-0.061,-0.060,0.001,0.060,-0.031,-0.029,0.030,-0.044,-0.096,-0.111,-0.073,-0.085
-0.053,-0.060,-0.007,0.057,-0.023,-0.033,0.030,-0.045,-0.094,-0.109,-0.070,-0.085
-0.045,-0.060,-0.015,0.053,-0.015,-0.037,0.030,-0.045,-0.085,-0.105,-0.070,-0.085
-0.032,-0.056,-0.024,0.044,-0.003,-0.040,0.030,-0.041,-0.077,-0.105,-0.070,-0.085
-0.032,-0.052,-0.020,0.042,-0.005,-0.036,0.031,-0.040,-0.069,-0.106,-0.070,-0.085
-0.038,-0.048,-0.010,0.043,-0.013,-0.029,0.028,-0.040,-0.061,-0.103,-0.070,-0.085
-0.041,-0.044,-0.003,0.043,-0.018,-0.024,0.025,-0.040,-0.053,-0.100,-0.070,-0.085
-0.045,-0.040,0.005,0.042,-0.025,-0.017,0.025,-0.040,-0.045,-0.100,-0.070,-0.085
-0.052,-0.036,0.016,0.043,-0.033,-0.010,0.025,-0.036,-0.038,-0.100,-0.070,-0.085
-0.032,-0.032,0.000,0.032,-0.016,-0.016,0.025,-0.035,-0.056,-0.100,-0.070,-0.085
0.001,-0.028,-0.029,0.014,0.015,-0.028,0.025,-0.033,-0.064,-0.098,-0.068,-0.086
0.015,-0.025,-0.040,0.005,0.028,-0.032,0.025,-0.029,-0.053,-0.094,-0.064,-0.084
0.005,-0.025,-0.030,0.010,0.018,-0.027,0.025,-0.030,-0.050,-0.090,-0.060,-0.075
0.001,-0.021,-0.022,0.010,0.011,-0.021,0.025,-0.031,-0.047,-0.086,-0.056,-0.071
-0.005,-0.019,-0.014,0.012,0.004,-0.017,0.025,-0.027,-0.039,-0.082,-0.052,-0.068
-0.015,-0.021,-0.006,0.018,-0.004,-0.013,0.025,-0.025,-0.032,-0.078,-0.048,-0.061
-0.021,-0.019,0.002,0.020,-0.011,-0.008,0.025,-0.024,-0.029,-0.074,-0.045,-0.054
-0.025,-0.015,0.010,0.020,-0.017,-0.002,0.025,-0.020,-0.025,-0.070,-0.045,-0.050
-0.033,-0.015,0.018,0.024,-0.025,0.001,0.025,-0.020,-0.017,-0.062,-0.041,-0.046
-0.036,-0.012,0.024,0.024,-0.030,0.005,0.025,-0.021,-0.012,-0.057,-0.036,-0.042
-0.035,-0.009,0.025,0.021,-0.030,0.008,0.025,-0.016,-0.006,-0.053,-0.035,-0.038
-0.035,-0.010,0.025,0.022,-0.030,0.007,0.025,-0.009,0.001,-0.049,-0.034,-0.035
-0.035,-0.010,0.025,0.022,-0.030,0.007,0.025,-0.005,0.005,-0.045,-0.030,-0.035
-0.031,-0.006,0.025,0.018,-0.028,0.009,0.025,0.003,0.014,-0.041,-0.025,-0.031
-0.026,-0.001,0.024,0.013,-0.025,0.011,0.025,0.008,0.016,-0.037,-0.026,-0.030
-0.027,0.000,0.027,0.013,-0.027,0.013,0.025,0.014,0.032,-0.031,-0.022,-0.029
-0.030,0.001,0.030,0.014,-0.030,0.016,0.025,0.021,0.053,-0.023,-0.013,-0.024
-0.025,0.005,0.030,0.010,-0.028,0.017,0.025,0.025,0.050,-0.015,-0.005,-0.020
-0.025,0.005,0.030,0.010,-0.028,0.017,0.025,0.033,0.047,-0.007,-0.001,-0.020
-0.024,0.007,0.031,0.008,-0.027,0.019,0.025,0.038,0.071,0.001,0.005,-0.017
-0.015,0.013,0.027,0.001,-0.021,0.020,0.025,0.044,0.092,0.009,0.015,-0.015
-0.020,0.015,0.035,0.003,-0.028,0.024,0.025,0.052,0.096,0.016,0.021,-0.014
-0.045,0.015,0.060,0.015,-0.053,0.037,0.025,0.055,0.100,0.020,0.025,-0.010
-0.037,0.020,0.057,0.008,-0.047,0.038,0.025,0.058,0.105,0.025,0.029,-0.006
-0.036,0.016,0.051,0.010,-0.043,0.033,0.025,0.068,0.105,0.023,0.030,-0.002
-0.011,0.037,0.048,-0.013,-0.030,0.043,0.025,0.083,0.121,0.034,0.032,0.002
0.025,0.069,0.044,-0.047,-0.010,0.056,0.025,0.098,0.135,0.044,0.035,0.006
0.025,0.065,0.040,-0.045,-0.008,0.052,0.025,0.105,0.130,0.035,0.035,0.010
0.029,0.065,0.035,-0.047,-0.004,0.050,0.025,0.109,0.162,0.059,0.047,0.010
0.030,0.064,0.035,-0.047,-0.003,0.049,0.025,0.114,0.177,0.071,0.054,0.015
0.049,0.068,0.019,-0.058,0.014,0.043,0.025,0.114,0.174,0.070,0.055,0.025
0.037,0.059,0.022,-0.049,0.007,0.041,0.025,0.117,0.184,0.078,0.056,0.031
0.000,0.060,0.060,-0.030,-0.030,0.060,0.025,0.140,0.210,0.100,0.070,0.035
0.110,0.157,0.047,-0.134,0.031,0.102,0.025,0.171,0.240,0.126,0.105,0.043
0.115,0.176,0.062,-0.146,0.026,0.119,0.025,0.176,0.250,0.133,0.107,0.051
0.059,0.152,0.093,-0.106,-0.017,0.123,0.025,0.194,0.268,0.142,0.114,0.058
0.049,0.148,0.099,-0.099,-0.025,0.124,0.024,0.207,0.285,0.157,0.131,0.060
0.045,0.135,0.090,-0.090,-0.023,0.112,0.020,0.185,0.280,0.165,0.130,0.065
0.040,0.126,0.086,-0.083,-0.023,0.106,0.020,0.222,0.317,0.190,0.151,0.078
0.051,0.131,0.081,-0.092,-0.015,0.106,0.017,0.232,0.332,0.198,0.157,0.082
0.115,0.183,0.068,-0.150,0.024,0.125,0.014,0.239,0.346,0.209,0.173,0.094
0.159,0.237,0.078,-0.198,0.040,0.158,0.015,0.264,0.377,0.236,0.199,0.113
0.115,0.235,0.120,-0.175,-0.003,0.177,0.015,0.265,0.395,0.255,0.200,0.115
0.117,0.235,0.118,-0.176,-0.001,0.176,0.011,0.263,0.404,0.264,0.203,0.118
0.121,0.235,0.114,-0.178,0.003,0.174,0.009,0.277,0.405,0.266,0.214,0.128
0.123,0.237,0.114,-0.180,0.005,0.175,0.011,0.288,0.422,0.280,0.224,0.141
0.131,0.241,0.110,-0.186,0.011,0.175,0.009,0.284,0.442,0.297,0.233,0.152
0.130,0.240,0.110,-0.185,0.010,0.175,0.005,0.285,0.440,0.300,0.245,0.160
0.133,0.239,0.106,-0.187,0.014,0.172,0.005,0.305,0.460,0.316,0.254,0.164
0.141,0.245,0.104,-0.194,0.019,0.174,0.006,0.315,0.471,0.325,0.258,0.168
0.146,0.254,0.108,-0.200,0.019,0.181,0.003,0.314,0.467,0.325,0.265,0.173
0.135,0.262,0.127,-0.199,0.004,0.195,0.000,0.316,0.475,0.334,0.279,0.182
0.120,0.275,0.155,-0.198,-0.018,0.215,0.000,0.325,0.500,0.355,0.295,0.190
0.144,0.292,0.148,-0.218,-0.003,0.220,-0.004,0.330,0.506,0.364,0.304,0.194
0.157,0.298,0.140,-0.228,0.008,0.219,-0.006,0.328,0.504,0.368,0.308,0.199
0.151,0.291,0.140,-0.221,0.005,0.215,-0.004,0.322,0.507,0.372,0.314,0.200
0.170,0.302,0.132,-0.236,0.019,0.217,-0.006,0.320,0.511,0.376,0.322,0.210
0.205,0.335,0.130,-0.270,0.037,0.232,-0.010,0.320,0.510,0.380,0.325,0.230
0.165,0.332,0.168,-0.249,-0.002,0.249,-0.010,0.316,0.502,0.376,0.325,0.227
0.153,0.329,0.176,-0.241,-0.012,0.253,-0.009,0.311,0.494,0.371,0.325,0.224
0.162,0.328,0.167,-0.245,-0.003,0.248,-0.012,0.311,0.486,0.370,0.325,0.225
0.160,0.325,0.164,-0.243,-0.003,0.244,-0.015,0.308,0.478,0.370,0.325,0.225
0.165,0.325,0.160,-0.245,0.002,0.242,-0.015,0.295,0.470,0.365,0.325,0.225
0.165,0.321,0.156,-0.243,0.004,0.238,-0.016,0.287,0.462,0.360,0.325,0.225
0.169,0.321,0.152,-0.245,0.009,0.236,-0.009,0.276,0.456,0.362,0.327,0.226
0.166,0.314,0.148,-0.240,0.009,0.231,-0.002,0.266,0.438,0.352,0.318,0.220
0.152,0.295,0.143,-0.224,0.004,0.219,0.001,0.257,0.408,0.330,0.302,0.207
0.145,0.280,0.135,-0.213,0.005,0.207,0.005,0.240,0.385,0.310,0.290,0.200
0.138,0.265,0.127,-0.202,0.006,0.195,0.009,0.228,0.361,0.286,0.274,0.192
0.126,0.245,0.119,-0.186,0.003,0.182,0.013,0.216,0.338,0.265,0.262,0.185
0.147,0.258,0.111,-0.203,0.017,0.185,0.017,0.205,0.311,0.245,0.246,0.171
0.170,0.272,0.103,-0.222,0.033,0.188,0.021,0.191,0.284,0.226,0.226,0.150
0.140,0.235,0.095,-0.188,0.022,0.165,0.025,0.170,0.260,0.210,0.210,0.135
0.115,0.206,0.091,-0.160,0.012,0.149,0.025,0.150,0.228,0.182,0.190,0.119
0.098,0.182,0.084,-0.140,0.007,0.133,0.028,0.133,0.199,0.157,0.169,0.106
0.082,0.159,0.077,-0.121,0.002,0.118,0.030,0.117,0.169,0.131,0.152,0.094
0.066,0.141,0.074,-0.104,-0.004,0.107,0.031,0.101,0.137,0.103,0.136,0.082
0.055,0.125,0.070,-0.090,-0.008,0.097,0.035,0.085,0.110,0.080,0.120,0.070
0.047,0.113,0.066,-0.081,-0.009,0.089,0.036,0.073,0.090,0.063,0.104,0.062
0.036,0.098,0.062,-0.067,-0.013,0.080,0.032,0.061,0.070,0.051,0.088,0.054
0.024,0.083,0.059,-0.054,-0.017,0.071,0.030,0.051,0.051,0.037,0.072,0.046
0.020,0.073,0.053,-0.047,-0.017,0.063,0.030,0.042,0.037,0.022,0.056,0.038
0.025,0.065,0.040,-0.045,-0.008,0.052,0.030,0.030,0.025,0.010,0.040,0.030
0.030,0.057,0.027,-0.044,0.001,0.042,0.030,0.022,-0.005,-0.017,0.024,0.018
0.030,0.049,0.019,-0.040,0.005,0.034,0.027,0.011,-0.043,-0.049,0.007,0.005
0.032,0.041,0.010,-0.037,0.011,0.025,0.024,0.001,-0.059,-0.063,-0.005,-0.004
0.035,0.032,-0.003,-0.034,0.019,0.014,0.025,-0.008,-0.063,-0.068,-0.011,-0.013
0.035,0.020,-0.015,-0.027,0.025,0.002,0.025,-0.020,-0.085,-0.090,-0.015,-0.025
0.036,0.012,-0.024,-0.023,0.030,-0.006,0.025,-0.028,-0.107,-0.107,-0.019,-0.037
0.030,0.004,-0.026,-0.016,0.028,-0.010,0.022,-0.035,-0.114,-0.117,-0.026,-0.047
0.021,-0.004,-0.025,-0.008,0.023,-0.014,0.019,-0.046,-0.117,-0.122,-0.033,-0.051
0.013,-0.012,-0.025,0.000,0.019,-0.018,0.020,-0.057,-0.120,-0.126,-0.036,-0.050
0.005,-0.020,-0.025,0.008,0.015,-0.022,0.020,-0.065,-0.125,-0.130,-0.040,-0.050
-0.001,-0.026,-0.025,0.014,0.012,-0.025,0.020,-0.073,-0.145,-0.133,-0.048,-0.057
-0.024,-0.049,-0.025,0.037,0.001,-0.036,0.021,-0.078,-0.161,-0.147,-0.056,-0.070
-0.040,-0.065,-0.025,0.053,-0.007,-0.045,0.018,-0.082,-0.168,-0.159,-0.063,-0.078
-0.040,-0.065,-0.025,0.053,-0.007,-0.045,0.015,-0.086,-0.170,-0.160,-0.065,-0.080
-0.040,-0.065,-0.025,0.053,-0.007,-0.045,0.015,-0.090,-0.170,-0.160,-0.065,-0.080
-0.044,-0.069,-0.025,0.057,-0.010,-0.047,0.015,-0.090,-0.178,-0.160,-0.073,-0.080
-0.045,-0.070,-0.025,0.058,-0.010,-0.047,0.016,-0.090,-0.184,-0.163,-0.079,-0.080
-0.047,-0.072,-0.025,0.060,-0.011,-0.048,0.013,-0.090,-0.185,-0.166,-0.082,-0.080
-0.050,-0.075,-0.025,0.063,-0.012,-0.050,0.010,-0.091,-0.186,-0.165,-0.086,-0.080
-0.050,-0.075,-0.025,0.063,-0.012,-0.050,0.010,-0.095,-0.190,-0.165,-0.090,-0.080
-0.055,-0.080,-0.025,0.068,-0.015,-0.052,0.010,-0.096,-0.189,-0.166,-0.090,-0.080
-0.051,-0.077,-0.026,0.065,-0.013,-0.051,0.010,-0.093,-0.195,-0.163,-0.090,-0.078
-0.069,-0.092,-0.022,0.081,-0.024,-0.057,0.010,-0.101,-0.203,-0.173,-0.090,-0.086
-0.082,-0.112,-0.030,0.097,-0.026,-0.071,0.011,-0.110,-0.204,-0.186,-0.090,-0.095
-0.050,-0.105,-0.055,0.078,0.003,-0.080,0.015,-0.105,-0.200,-0.180,-0.090,-0.090
-0.053,-0.105,-0.052,0.079,0.000,-0.078,0.015,-0.105,-0.200,-0.180,-0.090,-0.090
-0.053,-0.102,-0.049,0.078,-0.002,-0.075,0.018,-0.105,-0.200,-0.180,-0.090,-0.090
-0.049,-0.100,-0.050,0.075,0.000,-0.075,0.020,-0.105,-0.200,-0.180,-0.090,-0.090
-0.049,-0.099,-0.050,0.074,0.000,-0.075,0.021,-0.104,-0.199,-0.179,-0.090,-0.090
-0.045,-0.095,-0.050,0.070,0.003,-0.072,0.025,-0.100,-0.195,-0.175,-0.090,-0.090
-0.045,-0.095,-0.050,0.070,0.003,-0.072,0.026,-0.100,-0.195,-0.175,-0.090,-0.086
-0.041,-0.092,-0.051,0.067,0.005,-0.071,0.022,-0.100,-0.195,-0.175,-0.090,-0.085
-0.042,-0.090,-0.048,0.066,0.003,-0.069,0.020,-0.100,-0.195,-0.175,-0.090,-0.085
-0.045,-0.089,-0.045,0.067,0.000,-0.066,0.020,-0.099,-0.195,-0.175,-0.090,-0.085
-0.040,-0.085,-0.045,0.063,0.003,-0.065,0.020,-0.095,-0.195,-0.175,-0.090,-0.085
-0.041,-0.086,-0.045,0.064,0.003,-0.065,0.020,-0.095,-0.191,-0.171,-0.090,-0.085
-0.034,-0.079,-0.045,0.057,0.006,-0.062,0.020,-0.095,-0.190,-0.170,-0.090,-0.086
-0.028,-0.072,-0.045,0.050,0.009,-0.058,0.020,-0.095,-0.190,-0.170,-0.090,-0.083
-0.024,-0.069,-0.045,0.047,0.011,-0.057,0.020,-0.095,-0.190,-0.170,-0.090,-0.080
-0.020,-0.065,-0.045,0.043,0.013,-0.055,0.020,-0.095,-0.190,-0.170,-0.090,-0.080
-0.022,-0.062,-0.041,0.042,0.010,-0.052,0.016,-0.091,-0.190,-0.170,-0.090,-0.080
-0.011,-0.050,-0.040,0.030,0.015,-0.045,0.015,-0.090,-0.187,-0.167,-0.090,-0.080
-0.037,-0.077,-0.040,0.057,0.002,-0.058,0.015,-0.090,-0.184,-0.164,-0.090,-0.080
-0.073,-0.113,-0.040,0.093,-0.016,-0.076,0.015,-0.090,-0.185,-0.165,-0.090,-0.079
-0.055,-0.095,-0.040,0.075,-0.007,-0.067,0.015,-0.090,-0.185,-0.165,-0.090,-0.075
-0.046,-0.086,-0.040,0.066,-0.003,-0.062,0.015,-0.086,-0.185,-0.165,-0.090,-0.075
-0.039,-0.080,-0.041,0.059,0.001,-0.060,0.015,-0.085,-0.185,-0.166,-0.090,-0.075
-0.032,-0.070,-0.038,0.052,0.003,-0.054,0.015,-0.085,-0.185,-0.163,-0.090,-0.075
-0.029,-0.064,-0.035,0.047,0.003,-0.049,0.014,-0.085,-0.185,-0.160,-0.089,-0.075
-0.020,-0.055,-0.035,0.038,0.008,-0.045,0.010,-0.085,-0.185,-0.160,-0.085,-0.075
-0.010,-0.041,-0.031,0.025,0.011,-0.035,0.010,-0.085,-0.181,-0.160,-0.085,-0.073
-0.056,-0.085,-0.029,0.071,-0.013,-0.057,0.010,-0.088,-0.180,-0.160,-0.085,-0.091
-0.083,-0.114,-0.031,0.099,-0.026,-0.072,0.010,-0.091,-0.180,-0.160,-0.085,-0.101
-0.067,-0.096,-0.029,0.082,-0.019,-0.063,0.010,-0.090,-0.180,-0.160,-0.085,-0.094
-0.065,-0.090,-0.025,0.078,-0.020,-0.057,0.010,-0.090,-0.180,-0.160,-0.085,-0.095
-0.057,-0.082,-0.025,0.070,-0.016,-0.053,0.010,-0.090,-0.180,-0.156,-0.085,-0.095
-0.052,-0.074,-0.022,0.063,-0.015,-0.048,0.010,-0.090,-0.180,-0.155,-0.086,-0.095
-0.047,-0.066,-0.019,0.057,-0.014,-0.043,0.010,-0.090,-0.180,-0.155,-0.083,-0.095
-0.037,-0.057,-0.020,0.047,-0.009,-0.039,0.009,-0.090,-0.179,-0.155,-0.080,-0.095
-0.030,-0.050,-0.020,0.040,-0.005,-0.035,0.005,-0.090,-0.175,-0.155,-0.080,-0.095
-0.031,-0.054,-0.023,0.043,-0.003,-0.039,0.005,-0.090,-0.175,-0.155,-0.080,-0.095
-0.025,-0.056,-0.031,0.040,0.003,-0.043,0.005,-0.090,-0.175,-0.152,-0.080,-0.095
-0.031,-0.055,-0.024,0.043,-0.003,-0.039,0.005,-0.090,-0.175,-0.149,-0.080,-0.095
-0.021,-0.055,-0.034,0.038,0.007,-0.044,0.005,-0.091,-0.175,-0.150,-0.080,-0.095
0.025,-0.055,-0.080,0.015,0.053,-0.067,0.005,-0.095,-0.175,-0.150,-0.080,-0.095
0.011,-0.063,-0.075,0.026,0.044,-0.069,0.005,-0.099,-0.175,-0.150,-0.080,-0.095
-0.003,-0.066,-0.063,0.035,0.030,-0.064,0.006,-0.103,-0.175,-0.150,-0.077,-0.092
-0.008,-0.065,-0.056,0.037,0.024,-0.060,0.003,-0.105,-0.175,-0.150,-0.074,-0.089
-0.017,-0.065,-0.048,0.041,0.016,-0.056,0.000,-0.105,-0.175,-0.150,-0.075,-0.090
-0.025,-0.065,-0.040,0.045,0.008,-0.052,0.000,-0.105,-0.175,-0.150,-0.075,-0.090
-0.037,-0.068,-0.031,0.052,-0.002,-0.049,0.000,-0.105,-0.175,-0.150,-0.075,-0.090
-0.019,-0.048,-0.029,0.034,0.005,-0.038,0.000,-0.105,-0.175,-0.150,-0.075,-0.090
-0.059,-0.059,0.001,0.059,-0.029,-0.028,0.000,-0.105,-0.175,-0.150,-0.075,-0.090
-0.121,-0.088,0.033,0.104,-0.076,-0.027,0.000,-0.105,-0.175,-0.150,-0.075,-0.090
-0.100,-0.080,0.020,0.090,-0.060,-0.030,0.000,-0.105,-0.175,-0.150,-0.075,-0.090
-0.094,-0.079,0.015,0.086,-0.055,-0.032,0.000,-0.109,-0.175,-0.150,-0.075,-0.090
-0.093,-0.080,0.013,0.087,-0.053,-0.033,-0.003,-0.110,-0.175,-0.150,-0.078,-0.090
-0.086,-0.080,0.006,0.083,-0.046,-0.037,-0.006,-0.110,-0.175,-0.150,-0.081,-0.090
-0.079,-0.080,-0.001,0.079,-0.039,-0.041,-0.005,-0.110,-0.175,-0.150,-0.080,-0.090
-0.075,-0.080,-0.005,0.078,-0.035,-0.042,-0.005,-0.110,-0.175,-0.150,-0.080,-0.090
-0.071,-0.080,-0.009,0.076,-0.031,-0.044,-0.005,-0.110,-0.175,-0.149,-0.080,-0.094
-0.064,-0.080,-0.016,0.072,-0.024,-0.048,-0.005,-0.110,-0.178,-0.156,-0.080,-0.095
-0.057,-0.080,-0.023,0.068,-0.017,-0.051,-0.005,-0.110,-0.182,-0.163,-0.080,-0.095
-0.046,-0.080,-0.034,0.063,-0.006,-0.057,-0.005,-0.111,-0.186,-0.165,-0.081,-0.095
-0.030,-0.080,-0.050,0.055,0.010,-0.065,-0.005,-0.115,-0.190,-0.165,-0.085,-0.095
-0.029,-0.076,-0.047,0.053,0.009,-0.061,-0.005,-0.115,-0.190,-0.165,-0.089,-0.095
-0.030,-0.075,-0.044,0.053,0.007,-0.059,-0.002,-0.115,-0.189,-0.165,-0.093,-0.095
-0.030,-0.075,-0.045,0.053,0.008,-0.060,0.001,-0.115,-0.192,-0.165,-0.095,-0.095
-0.030,-0.075,-0.045,0.053,0.008,-0.060,0.000,-0.115,-0.195,-0.165,-0.095,-0.095
-0.030,-0.075,-0.045,0.053,0.008,-0.060,0.000,-0.115,-0.195,-0.165,-0.095,-0.095
-0.030,-0.075,-0.045,0.053,0.008,-0.060,0.000,-0.115,-0.195,-0.165,-0.095,-0.095
-0.033,-0.075,-0.042,0.054,0.005,-0.058,0.000,-0.118,-0.198,-0.168,-0.095,-0.094
-0.035,-0.075,-0.039,0.055,0.003,-0.057,0.000,-0.122,-0.202,-0.172,-0.095,-0.099
-0.035,-0.075,-0.040,0.055,0.003,-0.057,0.000,-0.126,-0.206,-0.176,-0.096,-0.106
-0.035,-0.075,-0.040,0.055,0.003,-0.057,0.000,-0.130,-0.210,-0.180,-0.100,-0.110
-0.031,-0.071,-0.040,0.051,0.005,-0.055,0.000,-0.130,-0.210,-0.184,-0.104,-0.114
-0.060,-0.100,-0.040,0.080,-0.010,-0.069,0.000,-0.130,-0.213,-0.188,-0.105,-0.116
-0.077,-0.117,-0.040,0.097,-0.018,-0.079,0.000,-0.130,-0.216,-0.190,-0.105,-0.114
-0.069,-0.109,-0.039,0.089,-0.015,-0.074,0.000,-0.130,-0.215,-0.190,-0.105,-0.116
-0.075,-0.110,-0.035,0.093,-0.020,-0.072,0.000,-0.130,-0.215,-0.190,-0.105,-0.120
-0.075,-0.110,-0.035,0.093,-0.020,-0.072,0.000,-0.130,-0.219,-0.190,-0.105,-0.120
-0.075,-0.110,-0.035,0.093,-0.020,-0.072,0.000,-0.130,-0.220,-0.190,-0.105,-0.119
-0.073,-0.108,-0.035,0.091,-0.019,-0.071,0.000,-0.130,-0.220,-0.190,-0.105,-0.122
-0.069,-0.105,-0.035,0.087,-0.017,-0.070,0.000,-0.130,-0.219,-0.191,-0.106,-0.125
-0.070,-0.105,-0.035,0.088,-0.017,-0.070,0.000,-0.130,-0.220,-0.195,-0.110,-0.125
-0.074,-0.105,-0.031,0.090,-0.021,-0.068,0.000,-0.130,-0.237,-0.195,-0.114,-0.129
-0.075,-0.105,-0.030,0.090,-0.022,-0.067,0.000,-0.131,-0.242,-0.195,-0.118,-0.130
-0.075,-0.105,-0.030,0.090,-0.022,-0.067,0.000,-0.128,-0.239,-0.193,-0.122,-0.132
-0.074,-0.104,-0.030,0.089,-0.022,-0.067,0.000,-0.133,-0.240,-0.198,-0.125,-0.135
-0.070,-0.100,-0.030,0.085,-0.020,-0.065,0.000,-0.150,-0.240,-0.215,-0.125,-0.135
-0.069,-0.100,-0.031,0.084,-0.019,-0.065,0.000,-0.151,-0.240,-0.220,-0.125,-0.135
-0.073,-0.100,-0.027,0.087,-0.023,-0.064,0.000,-0.150,-0.240,-0.220,-0.128,-0.135
-0.059,-0.099,-0.040,0.079,-0.009,-0.069,0.000,-0.150,-0.240,-0.220,-0.131,-0.135
-0.046,-0.102,-0.056,0.074,0.005,-0.079,-0.001,-0.150,-0.240,-0.220,-0.130,-0.135
-0.050,-0.100,-0.050,0.075,0.000,-0.075,-0.005,-0.150,-0.240,-0.220,-0.130,-0.135
-0.019,-0.069,-0.050,0.044,0.015,-0.060,-0.005,-0.150,-0.240,-0.220,-0.134,-0.135
-0.060,-0.107,-0.047,0.084,-0.006,-0.077,-0.005,-0.150,-0.240,-0.220,-0.135,-0.135
-0.100,-0.145,-0.045,0.123,-0.027,-0.095,-0.005,-0.150,-0.240,-0.220,-0.135,-0.135
-0.094,-0.139,-0.044,0.117,-0.025,-0.091,-0.005,-0.150,-0.240,-0.220,-0.135,-0.136
-0.100,-0.140,-0.040,0.120,-0.030,-0.090,-0.005,-0.150,-0.240,-0.220,-0.135,-0.140
-0.101,-0.140,-0.039,0.120,-0.031,-0.090,-0.005,-0.150,-0.240,-0.220,-0.139,-0.140
-0.097,-0.140,-0.043,0.119,-0.027,-0.091,-0.005,-0.150,-0.240,-0.220,-0.140,-0.140
-0.094,-0.140,-0.046,0.118,-0.024,-0.092,-0.005,-0.150,-0.239,-0.220,-0.140,-0.140
-0.086,-0.140,-0.054,0.113,-0.016,-0.097,-0.005,-0.150,-0.242,-0.220,-0.140,-0.140
-0.070,-0.140,-0.070,0.105,0.000,-0.105,-0.005,-0.150,-0.250,-0.220,-0.140,-0.140
-0.073,-0.140,-0.067,0.107,-0.003,-0.103,-0.005,-0.150,-0.250,-0.220,-0.140,-0.140
-0.076,-0.140,-0.064,0.109,-0.006,-0.101,-0.005,-0.150,-0.250,-0.220,-0.140,-0.140
-0.074,-0.140,-0.066,0.108,-0.004,-0.102,-0.005,-0.150,-0.250,-0.220,-0.140,-0.140
-0.076,-0.140,-0.064,0.108,-0.006,-0.102,-0.005,-0.150,-0.250,-0.220,-0.141,-0.140
-0.080,-0.140,-0.060,0.110,-0.010,-0.100,-0.005,-0.150,-0.250,-0.220,-0.145,-0.140
-0.080,-0.140,-0.060,0.110,-0.010,-0.100,-0.005,-0.150,-0.250,-0.220,-0.145,-0.140
-0.079,-0.140,-0.061,0.110,-0.009,-0.100,-0.005,-0.150,-0.250,-0.220,-0.145,-0.140
-0.082,-0.140,-0.058,0.111,-0.012,-0.099,-0.005,-0.150,-0.250,-0.220,-0.145,-0.140
-0.085,-0.140,-0.055,0.113,-0.015,-0.097,-0.005,-0.150,-0.250,-0.220,-0.145,-0.140
-0.085,-0.140,-0.055,0.113,-0.015,-0.097,-0.005,-0.150,-0.250,-0.220,-0.145,-0.140
-0.085,-0.140,-0.055,0.113,-0.015,-0.097,-0.005,-0.150,-0.250,-0.220,-0.145,-0.140
-0.084,-0.140,-0.056,0.113,-0.014,-0.097,-0.005,-0.150,-0.250,-0.220,-0.144,-0.140
-0.087,-0.140,-0.053,0.114,-0.017,-0.096,-0.005,-0.151,-0.252,-0.220,-0.147,-0.142
-0.090,-0.140,-0.050,0.115,-0.020,-0.095,-0.005,-0.157,-0.256,-0.220,-0.150,-0.146
-0.090,-0.140,-0.050,0.115,-0.020,-0.095,-0.005,-0.160,-0.260,-0.220,-0.150,-0.150
-0.090,-0.140,-0.050,0.115,-0.020,-0.095,-0.005,-0.154,-0.264,-0.220,-0.150,-0.154
-0.056,-0.140,-0.084,0.098,0.014,-0.112,-0.008,-0.170,-0.265,-0.220,-0.150,-0.159
-0.039,-0.140,-0.101,0.089,0.031,-0.121,-0.011,-0.181,-0.265,-0.220,-0.150,-0.159
-0.053,-0.140,-0.087,0.097,0.017,-0.114,-0.010,-0.174,-0.265,-0.220,-0.150,-0.154
-0.055,-0.140,-0.085,0.098,0.015,-0.112,-0.010,-0.175,-0.265,-0.220,-0.150,-0.155
-0.054,-0.136,-0.082,0.095,0.014,-0.108,-0.010,-0.175,-0.265,-0.220,-0.150,-0.155
-0.061,-0.135,-0.074,0.098,0.007,-0.104,-0.013,-0.175,-0.265,-0.220,-0.150,-0.155
-0.068,-0.135,-0.068,0.102,0.000,-0.101,-0.016,-0.175,-0.265,-0.220,-0.150,-0.155
-0.071,-0.135,-0.064,0.103,-0.003,-0.099,-0.015,-0.175,-0.265,-0.220,-0.151,-0.155
-0.075,-0.135,-0.060,0.105,-0.007,-0.097,-0.015,-0.175,-0.265,-0.220,-0.155,-0.155
-0.076,-0.135,-0.060,0.105,-0.007,-0.097,-0.015,-0.175,-0.265,-0.220,-0.155,-0.155
-0.072,-0.132,-0.060,0.102,-0.006,-0.096,-0.014,-0.172,-0.265,-0.220,-0.155,-0.155
-0.069,-0.129,-0.061,0.099,-0.004,-0.095,-0.017,-0.169,-0.265,-0.220,-0.155,-0.155
-0.071,-0.130,-0.059,0.101,-0.006,-0.094,-0.020,-0.170,-0.266,-0.220,-0.155,-0.155
-0.070,-0.130,-0.060,0.100,-0.005,-0.095,-0.020,-0.170,-0.270,-0.220,-0.155,-0.155
-0.045,-0.130,-0.085,0.087,0.020,-0.108,-0.020,-0.170,-0.270,-0.220,-0.155,-0.155
-0.040,-0.129,-0.090,0.085,0.025,-0.109,-0.019,-0.170,-0.270,-0.220,-0.155,-0.155
-0.050,-0.133,-0.083,0.092,0.017,-0.108,-0.022,-0.170,-0.270,-0.220,-0.155,-0.155
-0.056,-0.142,-0.086,0.100,0.015,-0.113,-0.025,-0.170,-0.270,-0.219,-0.155,-0.155
-0.060,-0.145,-0.085,0.103,0.013,-0.115,-0.025,-0.170,-0.270,-0.220,-0.155,-0.155
-0.060,-0.141,-0.081,0.101,0.010,-0.111,-0.025,-0.166,-0.270,-0.237,-0.151,-0.155
-0.060,-0.139,-0.079,0.100,0.010,-0.109,-0.025,-0.165,-0.270,-0.238,-0.149,-0.155
-0.060,-0.141,-0.081,0.100,0.010,-0.111,-0.025,-0.165,-0.270,-0.234,-0.151,-0.155
-0.060,-0.139,-0.079,0.100,0.010,-0.109,-0.024,-0.165,-0.270,-0.234,-0.149,-0.155
-0.060,-0.135,-0.075,0.098,0.008,-0.105,-0.020,-0.165,-0.270,-0.230,-0.145,-0.155
-0.060,-0.135,-0.075,0.098,0.008,-0.105,-0.020,-0.165,-0.270,-0.230,-0.145,-0.155
-0.059,-0.135,-0.076,0.098,0.009,-0.105,-0.021,-0.165,-0.271,-0.231,-0.146,-0.155
-0.062,-0.135,-0.073,0.099,0.006,-0.104,-0.018,-0.165,-0.268,-0.228,-0.143,-0.155
-0.065,-0.134,-0.070,0.099,0.003,-0.101,-0.015,-0.165,-0.265,-0.225,-0.140,-0.155
-0.060,-0.130,-0.070,0.095,0.005,-0.100,-0.015,-0.165,-0.265,-0.225,-0.140,-0.155
-0.059,-0.130,-0.070,0.094,0.006,-0.100,-0.015,-0.161,-0.261,-0.221,-0.140,-0.151
-0.064,-0.131,-0.067,0.098,0.002,-0.098,-0.015,-0.160,-0.260,-0.219,-0.137,-0.149
-0.064,-0.128,-0.064,0.096,0.001,-0.096,-0.013,-0.160,-0.258,-0.221,-0.134,-0.151
-0.059,-0.125,-0.065,0.092,0.004,-0.095,-0.010,-0.160,-0.255,-0.219,-0.135,-0.149
-0.060,-0.125,-0.065,0.093,0.003,-0.095,-0.010,-0.160,-0.255,-0.215,-0.135,-0.145
-0.064,-0.125,-0.061,0.095,-0.001,-0.092,-0.010,-0.160,-0.251,-0.215,-0.131,-0.145
-0.066,-0.126,-0.059,0.096,-0.003,-0.092,-0.007,-0.160,-0.250,-0.212,-0.129,-0.145
-0.061,-0.122,-0.061,0.091,0.000,-0.091,-0.005,-0.160,-0.248,-0.209,-0.131,-0.145
-0.054,-0.113,-0.059,0.084,0.003,-0.086,-0.005,-0.160,-0.245,-0.210,-0.129,-0.144
-0.055,-0.110,-0.055,0.083,0.000,-0.082,-0.005,-0.160,-0.245,-0.210,-0.125,-0.140
-0.051,-0.106,-0.055,0.079,0.002,-0.080,-0.005,-0.160,-0.241,-0.206,-0.125,-0.140
-0.047,-0.102,-0.055,0.075,0.004,-0.078,-0.002,-0.161,-0.240,-0.204,-0.126,-0.141
-0.042,-0.098,-0.056,0.070,0.007,-0.077,0.000,-0.157,-0.238,-0.206,-0.123,-0.138
-0.041,-0.094,-0.053,0.068,0.006,-0.074,0.000,-0.148,-0.235,-0.203,-0.120,-0.135
-0.050,-0.090,-0.040,0.070,-0.005,-0.065,0.000,-0.145,-0.235,-0.195,-0.120,-0.135
-0.051,-0.082,-0.032,0.066,-0.010,-0.057,-0.001,-0.141,-0.231,-0.191,-0.120,-0.135
-0.049,-0.073,-0.025,0.061,-0.012,-0.049,0.009,-0.137,-0.227,-0.187,-0.120,-0.136
-0.054,-0.068,-0.014,0.061,-0.020,-0.041,0.019,-0.133,-0.223,-0.183,-0.119,-0.133
-0.061,-0.063,-0.003,0.062,-0.028,-0.033,0.027,-0.129,-0.219,-0.179,-0.114,-0.130
-0.060,-0.055,0.005,0.057,-0.032,-0.025,0.040,-0.125,-0.215,-0.175,-0.110,-0.130
-0.061,-0.047,0.014,0.054,-0.037,-0.017,0.050,-0.121,-0.211,-0.170,-0.110,-0.130
-0.051,-0.038,0.013,0.045,-0.032,-0.013,0.045,-0.117,-0.207,-0.173,-0.107,-0.130
-0.059,-0.050,0.009,0.055,-0.034,-0.020,0.036,-0.113,-0.205,-0.176,-0.103,-0.128
-0.076,-0.066,0.010,0.071,-0.043,-0.027,0.028,-0.109,-0.205,-0.175,-0.099,-0.124
-0.065,-0.055,0.010,0.060,-0.037,-0.022,0.020,-0.105,-0.205,-0.175,-0.100,-0.120
-0.052,-0.047,0.006,0.049,-0.029,-0.020,0.012,-0.101,-0.205,-0.175,-0.104,-0.116
-0.044,-0.039,0.005,0.041,-0.024,-0.017,0.003,-0.098,-0.205,-0.175,-0.105,-0.112
-0.036,-0.031,0.005,0.033,-0.020,-0.013,-0.002,-0.105,-0.205,-0.175,-0.105,-0.108
-0.028,-0.023,0.005,0.025,-0.016,-0.009,-0.006,-0.118,-0.205,-0.175,-0.105,-0.104
-0.020,-0.015,0.005,0.017,-0.012,-0.005,-0.010,-0.125,-0.205,-0.175,-0.105,-0.105
-0.012,-0.012,0.001,0.012,-0.007,-0.005,-0.007,-0.127,-0.205,-0.175,-0.105,-0.109
-0.001,-0.001,-0.001,0.001,0.000,-0.001,-0.032,-0.146,-0.205,-0.174,-0.105,-0.110
0.009,0.010,0.001,-0.010,0.004,0.005,-0.047,-0.156,-0.205,-0.177,-0.105,-0.110
0.018,0.017,-0.001,-0.017,0.009,0.007,-0.038,-0.149,-0.205,-0.180,-0.105,-0.110
0.030,0.025,-0.005,-0.027,0.017,0.010,-0.035,-0.150,-0.205,-0.180,-0.105,-0.110
0.040,0.035,-0.005,-0.037,0.022,0.015,-0.031,-0.150,-0.205,-0.180,-0.105,-0.114
0.035,0.030,-0.005,-0.032,0.019,0.012,-0.030,-0.150,-0.205,-0.180,-0.108,-0.115
0.027,0.023,-0.004,-0.024,0.015,0.009,-0.029,-0.150,-0.205,-0.180,-0.111,-0.115
0.024,0.018,-0.006,-0.021,0.015,0.005,-0.024,-0.150,-0.205,-0.180,-0.110,-0.115
0.020,0.010,-0.010,-0.015,0.015,0.000,-0.020,-0.150,-0.205,-0.180,-0.110,-0.115
0.018,0.008,-0.010,-0.013,0.013,-0.001,-0.020,-0.150,-0.205,-0.180,-0.110,-0.115
0.031,-0.019,-0.050,-0.006,0.040,-0.034,-0.018,-0.150,-0.205,-0.180,-0.110,-0.118
0.014,-0.060,-0.074,0.023,0.044,-0.067,-0.012,-0.150,-0.205,-0.180,-0.110,-0.121
-0.020,-0.083,-0.063,0.052,0.022,-0.073,-0.010,-0.150,-0.205,-0.181,-0.110,-0.120
-0.020,-0.085,-0.065,0.053,0.023,-0.075,-0.010,-0.150,-0.205,-0.185,-0.110,-0.120
-0.020,-0.085,-0.065,0.053,0.023,-0.075,-0.006,-0.150,-0.206,-0.185,-0.110,-0.120
-0.020,-0.085,-0.065,0.053,0.023,-0.075,-0.004,-0.150,-0.202,-0.184,-0.110,-0.119
-0.020,-0.084,-0.064,0.053,0.023,-0.074,-0.005,-0.150,-0.215,-0.187,-0.112,-0.124
-0.020,-0.086,-0.067,0.054,0.024,-0.077,-0.005,-0.150,-0.232,-0.191,-0.116,-0.131
-0.030,-0.095,-0.065,0.063,0.018,-0.080,-0.005,-0.150,-0.225,-0.190,-0.120,-0.135
-0.059,-0.099,-0.040,0.079,-0.010,-0.070,-0.013,-0.158,-0.218,-0.189,-0.128,-0.143
-0.035,-0.103,-0.068,0.069,0.017,-0.085,-0.018,-0.164,-0.237,-0.199,-0.134,-0.148
-0.010,-0.108,-0.098,0.059,0.045,-0.103,-0.024,-0.165,-0.257,-0.207,-0.136,-0.154
-0.025,-0.119,-0.094,0.072,0.035,-0.106,-0.032,-0.165,-0.261,-0.212,-0.143,-0.161
-0.040,-0.135,-0.095,0.088,0.028,-0.115,-0.035,-0.165,-0.265,-0.225,-0.155,-0.165
-0.049,-0.144,-0.095,0.097,0.024,-0.119,-0.035,-0.165,-0.269,-0.230,-0.160,-0.169
-0.054,-0.149,-0.095,0.102,0.021,-0.122,-0.035,-0.165,-0.270,-0.230,-0.160,-0.171
-0.055,-0.150,-0.095,0.103,0.020,-0.122,-0.035,-0.165,-0.270,-0.230,-0.160,-0.169
-0.056,-0.151,-0.095,0.104,0.020,-0.123,-0.035,-0.165,-0.270,-0.230,-0.161,-0.171
-0.060,-0.155,-0.095,0.108,0.018,-0.125,-0.035,-0.165,-0.270,-0.230,-0.165,-0.175
-0.064,-0.155,-0.091,0.109,0.014,-0.122,-0.035,-0.165,-0.270,-0.230,-0.165,-0.175
-0.068,-0.158,-0.090,0.113,0.011,-0.124,-0.035,-0.165,-0.270,-0.233,-0.164,-0.174
-0.071,-0.161,-0.089,0.116,0.009,-0.125,-0.035,-0.165,-0.270,-0.236,-0.167,-0.177
-0.077,-0.160,-0.083,0.119,0.003,-0.121,-0.035,-0.165,-0.270,-0.235,-0.170,-0.180
-0.070,-0.155,-0.085,0.113,0.008,-0.120,-0.035,-0.165,-0.270,-0.235,-0.170,-0.180
-0.024,-0.147,-0.123,0.085,0.050,-0.135,-0.035,-0.165,-0.270,-0.235,-0.170,-0.180
-0.047,-0.178,-0.131,0.113,0.042,-0.154,-0.035,-0.165,-0.270,-0.235,-0.171,-0.181
-0.075,-0.198,-0.123,0.137,0.025,-0.160,-0.035,-0.165,-0.270,-0.233,-0.168,-0.178
-0.063,-0.189,-0.125,0.127,0.031,-0.156,-0.035,-0.166,-0.270,-0.229,-0.165,-0.174
-0.065,-0.190,-0.125,0.128,0.030,-0.157,-0.035,-0.165,-0.270,-0.230,-0.165,-0.175
-0.061,-0.186,-0.125,0.124,0.032,-0.155,-0.035,-0.157,-0.267,-0.237,-0.167,-0.182
-0.060,-0.185,-0.125,0.123,0.033,-0.155,-0.035,-0.185,-0.289,-0.254,-0.183,-0.199
-0.058,-0.183,-0.125,0.121,0.034,-0.154,-0.035,-0.203,-0.302,-0.260,-0.190,-0.205
-0.054,-0.179,-0.125,0.117,0.035,-0.152,-0.035,-0.193,-0.293,-0.253,-0.184,-0.199
-0.055,-0.180,-0.125,0.118,0.035,-0.152,-0.035,-0.190,-0.290,-0.250,-0.185,-0.195
-0.056,-0.181,-0.125,0.119,0.035,-0.152,-0.035,-0.190,-0.286,-0.250,-0.181,-0.191
-0.052,-0.177,-0.125,0.115,0.037,-0.151,-0.035,-0.187,-0.285,-0.247,-0.180,-0.190
-0.050,-0.175,-0.125,0.113,0.038,-0.150,-0.035,-0.185,-0.284,-0.245,-0.178,-0.189
-0.049,-0.174,-0.125,0.112,0.038,-0.150,-0.035,-0.185,-0.279,-0.245,-0.175,-0.184
-0.045,-0.170,-0.125,0.108,0.040,-0.147,-0.035,-0.180,-0.275,-0.240,-0.175,-0.180
-0.045,-0.170,-0.125,0.108,0.040,-0.147,-0.035,-0.175,-0.275,-0.235,-0.171,-0.180
-0.042,-0.167,-0.125,0.105,0.042,-0.146,-0.036,-0.175,-0.273,-0.235,-0.170,-0.178
-0.039,-0.164,-0.125,0.102,0.044,-0.145,-0.032,-0.173,-0.267,-0.233,-0.168,-0.172
-0.041,-0.165,-0.124,0.104,0.042,-0.145,-0.023,-0.170,-0.265,-0.229,-0.165,-0.170
-0.045,-0.165,-0.120,0.105,0.038,-0.142,-0.020,-0.170,-0.265,-0.230,-0.165,-0.170
-0.042,-0.161,-0.120,0.101,0.039,-0.140,-0.016,-0.162,-0.253,-0.234,-0.161,-0.166
-0.036,-0.157,-0.121,0.096,0.043,-0.138,-0.012,-0.157,-0.243,-0.235,-0.160,-0.165
-0.036,-0.154,-0.118,0.095,0.042,-0.135,-0.007,-0.150,-0.236,-0.237,-0.159,-0.164
-0.033,-0.148,-0.115,0.091,0.041,-0.131,-0.005,-0.146,-0.228,-0.240,-0.154,-0.158
-0.030,-0.145,-0.115,0.088,0.043,-0.130,0.000,-0.140,-0.220,-0.240,-0.155,-0.160
-0.052,-0.168,-0.115,0.111,0.032,-0.142,0.035,-0.079,-0.212,-0.244,-0.173,-0.186
-0.080,-0.192,-0.112,0.136,0.016,-0.151,0.072,-0.012,-0.205,-0.246,-0.201,-0.220
-0.080,-0.190,-0.110,0.135,0.015,-0.149,0.111,0.038,-0.192,-0.242,-0.213,-0.247
-0.061,-0.171,-0.110,0.116,0.025,-0.140,0.148,0.080,-0.177,-0.242,-0.217,-0.254
-0.045,-0.155,-0.110,0.100,0.033,-0.132,0.170,0.125,-0.165,-0.240,-0.220,-0.240
-0.025,-0.138,-0.112,0.082,0.044,-0.124,0.196,0.187,-0.131,-0.193,-0.181,-0.231
-0.038,-0.131,-0.093,0.084,0.028,-0.112,0.239,0.296,-0.047,-0.148,-0.143,-0.194
-0.025,-0.095,-0.070,0.060,0.023,-0.083,0.273,0.406,0.056,-0.092,-0.102,-0.150
0.019,-0.020,-0.039,0.001,0.029,-0.029,0.307,0.534,0.191,0.011,-0.027,-0.107
0.040,0.065,0.025,-0.053,0.007,0.045,0.350,0.695,0.380,0.165,0.090,-0.030
0.072,0.158,0.087,-0.116,-0.008,0.122,0.334,0.759,0.549,0.340,0.220,0.072
0.146,0.246,0.101,-0.196,0.023,0.173,0.305,0.784,0.687,0.488,0.336,0.154
0.292,0.431,0.139,-0.362,0.076,0.285,0.302,0.835,0.876,0.690,0.508,0.294
0.374,0.592,0.218,-0.483,0.077,0.405,0.265,0.862,1.084,0.911,0.691,0.448
0.340,0.620,0.280,-0.480,0.030,0.450,0.135,0.810,1.250,1.080,0.820,0.535
0.476,0.833,0.357,-0.655,0.059,0.595,-0.008,0.764,1.491,1.343,1.036,0.711
0.515,1.008,0.494,-0.762,0.010,0.750,-0.129,0.715,1.723,1.615,1.253,0.888
0.489,1.139,0.650,-0.814,-0.081,0.895,-0.289,0.539,1.856,1.826,1.442,1.038
0.505,1.229,0.725,-0.867,-0.110,0.977,-0.407,0.290,1.886,1.926,1.536,1.107
0.485,1.180,0.695,-0.833,-0.105,0.937,-0.385,0.135,1.855,1.895,1.470,1.035
0.380,1.061,0.681,-0.721,-0.151,0.871,-0.379,0.017,1.752,1.784,1.345,0.919
0.342,0.972,0.630,-0.658,-0.144,0.801,-0.377,-0.159,1.499,1.564,1.196,0.804
0.275,0.808,0.533,-0.542,-0.129,0.670,-0.376,-0.320,1.134,1.247,0.980,0.649
0.165,0.570,0.405,-0.368,-0.120,0.487,-0.362,-0.444,0.698,0.864,0.707,0.459
0.130,0.390,0.260,-0.260,-0.065,0.325,-0.315,-0.560,0.205,0.440,0.440,0.290
0.088,0.238,0.150,-0.163,-0.031,0.194,-0.277,-0.547,-0.238,0.038,0.188,0.139
-0.002,0.084,0.086,-0.041,-0.044,0.084,-0.219,-0.436,-0.507,-0.229,0.010,0.015
-0.068,-0.054,0.014,0.061,-0.041,-0.021,-0.154,-0.323,-0.578,-0.335,-0.096,-0.078
-0.064,-0.149,-0.085,0.107,0.010,-0.117,-0.095,-0.213,-0.509,-0.335,-0.148,-0.135
-0.050,-0.215,-0.165,0.133,0.058,-0.190,-0.035,-0.065,-0.400,-0.300,-0.165,-0.165
-0.088,-0.286,-0.198,0.188,0.055,-0.242,0.013,0.062,-0.338,-0.271,-0.191,-0.204
-0.055,-0.286,-0.232,0.171,0.089,-0.259,0.062,0.132,-0.281,-0.252,-0.192,-0.208
-0.029,-0.260,-0.231,0.145,0.101,-0.245,0.086,0.163,-0.238,-0.239,-0.180,-0.196
-0.054,-0.245,-0.190,0.150,0.068,-0.218,0.085,0.168,-0.213,-0.226,-0.174,-0.195
-0.050,-0.215,-0.165,0.133,0.058,-0.190,0.085,0.150,-0.185,-0.210,-0.170,-0.190
-0.029,-0.186,-0.157,0.108,0.064,-0.171,0.074,0.134,-0.180,-0.197,-0.162,-0.182
-0.021,-0.169,-0.149,0.096,0.064,-0.159,0.094,0.118,-0.180,-0.191,-0.153,-0.177
-0.018,-0.161,-0.143,0.090,0.063,-0.152,0.103,0.104,-0.180,-0.190,-0.148,-0.173
-0.015,-0.153,-0.139,0.084,0.062,-0.145,0.087,0.091,-0.180,-0.190,-0.144,-0.169
-0.015,-0.145,-0.130,0.080,0.058,-0.137,0.080,0.075,-0.180,-0.190,-0.140,-0.165
-0.011,-0.133,-0.121,0.072,0.055,-0.127,0.072,0.059,-0.180,-0.190,-0.136,-0.165
-0.007,-0.125,-0.118,0.066,0.055,-0.121,0.064,0.041,-0.180,-0.191,-0.132,-0.162
-0.002,-0.112,-0.110,0.058,0.054,-0.110,0.056,0.019,-0.180,-0.188,-0.128,-0.160
-0.018,-0.116,-0.097,0.067,0.039,-0.107,0.048,0.002,-0.179,-0.185,-0.124,-0.159
-0.040,-0.130,-0.090,0.085,0.025,-0.110,0.040,-0.005,-0.175,-0.185,-0.120,-0.155
0.004,-0.078,-0.083,0.037,0.044,-0.080,0.035,-0.013,-0.175,-0.185,-0.120,-0.155
-0.046,-0.117,-0.071,0.081,0.013,-0.093,0.035,-0.021,-0.175,-0.185,-0.117,-0.156
-0.097,-0.158,-0.061,0.128,-0.018,-0.109,0.035,-0.029,-0.175,-0.185,-0.114,-0.153
-0.089,-0.142,-0.053,0.116,-0.018,-0.097,0.035,-0.037,-0.175,-0.184,-0.115,-0.150
-0.095,-0.140,-0.045,0.118,-0.025,-0.092,0.035,-0.045,-0.175,-0.180,-0.115,-0.150
-0.087,-0.136,-0.049,0.112,-0.019,-0.092,0.035,-0.047,-0.175,-0.176,-0.115,-0.146
-0.082,-0.132,-0.050,0.107,-0.016,-0.091,0.032,-0.068,-0.176,-0.172,-0.115,-0.145
-0.076,-0.128,-0.052,0.102,-0.012,-0.090,0.029,-0.085,-0.173,-0.168,-0.115,-0.143
-0.069,-0.124,-0.055,0.097,-0.007,-0.089,0.030,-0.085,-0.170,-0.164,-0.114,-0.139
-0.065,-0.120,-0.055,0.093,-0.005,-0.087,0.030,-0.085,-0.170,-0.160,-0.110,-0.140
-0.052,-0.124,-0.072,0.088,0.010,-0.098,0.030,-0.085,-0.170,-0.160,-0.110,-0.140
-0.052,-0.126,-0.074,0.089,0.011,-0.099,0.031,-0.088,-0.170,-0.157,-0.110,-0.137
-0.056,-0.124,-0.069,0.090,0.007,-0.096,0.027,-0.090,-0.170,-0.155,-0.110,-0.134
-0.056,-0.126,-0.070,0.091,0.008,-0.098,0.018,-0.091,-0.170,-0.154,-0.110,-0.135
-0.060,-0.130,-0.070,0.095,0.005,-0.100,0.010,-0.090,-0.170,-0.150,-0.110,-0.135
-0.060,-0.130,-0.070,0.095,0.005,-0.100,0.003,-0.070,-0.170,-0.150,-0.110,-0.131
-0.060,-0.130,-0.070,0.095,0.005,-0.100,-0.008,-0.094,-0.171,-0.147,-0.107,-0.129
-0.058,-0.128,-0.070,0.093,0.006,-0.099,-0.006,-0.113,-0.167,-0.145,-0.104,-0.131
-0.054,-0.124,-0.070,0.089,0.008,-0.097,0.008,-0.104,-0.158,-0.144,-0.105,-0.129
-0.050,-0.120,-0.070,0.085,0.010,-0.095,0.015,-0.105,-0.155,-0.140,-0.105,-0.125
-0.046,-0.116,-0.070,0.081,0.012,-0.093,0.027,-0.101,-0.151,-0.140,-0.105,-0.125
-0.042,-0.112,-0.070,0.077,0.014,-0.091,0.038,-0.100,-0.144,-0.137,-0.105,-0.126
-0.037,-0.108,-0.070,0.072,0.017,-0.089,0.039,-0.098,-0.137,-0.135,-0.106,-0.123
-0.036,-0.105,-0.069,0.070,0.017,-0.087,0.034,-0.095,-0.134,-0.134,-0.104,-0.120
-0.040,-0.105,-0.065,0.073,0.013,-0.085,0.035,-0.095,-0.130,-0.130,-0.095,-0.120
-0.036,-0.101,-0.065,0.069,0.015,-0.082,0.035,-0.091,-0.122,-0.126,-0.091,-0.120
-0.035,-0.100,-0.065,0.068,0.015,-0.082,0.035,-0.087,-0.117,-0.122,-0.087,-0.117
-0.033,-0.098,-0.065,0.066,0.016,-0.081,0.035,-0.083,-0.111,-0.118,-0.083,-0.114
-0.030,-0.095,-0.065,0.063,0.018,-0.080,0.035,-0.080,-0.104,-0.114,-0.079,-0.115
-0.030,-0.095,-0.065,0.063,0.018,-0.080,0.035,-0.080,-0.100,-0.110,-0.075,-0.115
-0.025,-0.091,-0.065,0.059,0.020,-0.078,0.035,-0.076,-0.092,-0.110,-0.071,-0.111
-0.027,-0.090,-0.062,0.059,0.017,-0.076,0.032,-0.071,-0.087,-0.107,-0.066,-0.109
-0.031,-0.089,-0.057,0.060,0.013,-0.073,0.029,-0.070,-0.083,-0.103,-0.065,-0.111
-0.029,-0.084,-0.055,0.057,0.013,-0.069,0.030,-0.069,-0.079,-0.099,-0.064,-0.109
-0.025,-0.080,-0.055,0.053,0.015,-0.067,0.030,-0.065,-0.075,-0.095,-0.060,-0.105
-0.024,-0.076,-0.051,0.050,0.014,-0.063,0.030,-0.060,-0.075,-0.091,-0.060,-0.105
-0.028,-0.075,-0.047,0.052,0.010,-0.061,0.030,-0.061,-0.073,-0.086,-0.057,-0.105
-0.031,-0.074,-0.043,0.053,0.007,-0.058,0.030,-0.057,-0.067,-0.085,-0.055,-0.105
-0.021,-0.069,-0.048,0.045,0.014,-0.058,0.030,-0.048,-0.065,-0.084,-0.054,-0.104
0.005,-0.065,-0.070,0.030,0.038,-0.067,0.030,-0.045,-0.065,-0.080,-0.050,-0.100
0.027,-0.065,-0.093,0.019,0.061,-0.079,0.026,-0.041,-0.057,-0.076,-0.046,-0.100
0.029,-0.063,-0.091,0.018,0.060,-0.077,0.025,-0.037,-0.048,-0.072,-0.042,-0.097
0.023,-0.057,-0.080,0.018,0.052,-0.068,0.025,-0.033,-0.043,-0.068,-0.040,-0.095
0.018,-0.055,-0.073,0.019,0.046,-0.064,0.025,-0.029,-0.038,-0.064,-0.039,-0.094
0.010,-0.055,-0.065,0.023,0.038,-0.060,0.025,-0.025,-0.030,-0.060,-0.035,-0.090
0.010,-0.047,-0.057,0.019,0.034,-0.052,0.025,-0.017,-0.021,-0.056,-0.031,-0.090
0.007,-0.041,-0.049,0.018,0.028,-0.045,0.025,-0.009,-0.018,-0.049,-0.030,-0.087
0.004,-0.038,-0.042,0.018,0.023,-0.040,0.025,-0.001,-0.010,-0.040,-0.029,-0.085
-0.003,-0.034,-0.031,0.019,0.014,-0.032,0.025,0.007,0.003,-0.034,-0.024,-0.084
-0.005,-0.030,-0.025,0.018,0.010,-0.027,0.025,0.015,0.010,-0.030,-0.020,-0.080
0.033,-0.026,-0.058,-0.003,0.046,-0.042,0.021,0.023,0.018,-0.022,-0.021,-0.080
0.043,-0.023,-0.066,-0.010,0.055,-0.044,0.020,0.028,0.029,-0.013,-0.014,-0.078
0.042,-0.016,-0.058,-0.013,0.050,-0.037,0.018,0.032,0.040,-0.008,-0.007,-0.072
0.052,-0.009,-0.061,-0.022,0.056,-0.034,0.014,0.035,0.046,-0.003,-0.004,-0.070
0.055,-0.005,-0.060,-0.025,0.058,-0.032,0.015,0.035,0.055,0.005,0.000,-0.070
0.054,-0.001,-0.056,-0.026,0.055,-0.028,0.015,0.035,0.071,0.013,0.004,-0.066
0.060,0.006,-0.054,-0.033,0.057,-0.024,0.012,0.034,0.080,0.018,0.009,-0.061
0.068,0.012,-0.056,-0.040,0.062,-0.021,0.009,0.040,0.078,0.023,0.010,-0.060
0.069,0.016,-0.053,-0.042,0.061,-0.019,0.010,0.062,0.092,0.033,0.019,-0.059
0.065,0.020,-0.045,-0.042,0.055,-0.012,0.010,0.080,0.120,0.040,0.040,-0.050
0.061,0.020,-0.041,-0.041,0.051,-0.010,0.006,0.060,0.105,0.042,0.046,-0.042
0.054,0.020,-0.034,-0.037,0.044,-0.007,0.004,0.085,0.130,0.062,0.043,-0.034
0.047,0.020,-0.028,-0.033,0.038,-0.004,0.006,0.113,0.157,0.083,0.052,-0.026
0.044,0.020,-0.024,-0.032,0.034,-0.001,0.004,0.117,0.164,0.092,0.068,-0.018
0.035,0.020,-0.015,-0.027,0.025,0.002,0.000,0.130,0.190,0.100,0.075,-0.010
0.022,0.014,-0.008,-0.018,0.014,0.003,0.000,0.135,0.200,0.108,0.079,-0.007
0.058,0.029,-0.029,-0.044,0.043,-0.001,-0.003,0.135,0.200,0.114,0.084,0.004
0.102,0.062,-0.040,-0.082,0.071,0.011,-0.006,0.153,0.218,0.129,0.099,0.014
0.091,0.064,-0.027,-0.077,0.059,0.018,-0.005,0.172,0.244,0.149,0.111,0.023
0.060,0.040,-0.020,-0.050,0.040,0.010,-0.005,0.170,0.250,0.160,0.115,0.035
0.105,0.093,-0.012,-0.099,0.058,0.040,-0.009,0.190,0.269,0.176,0.140,0.043
0.118,0.114,-0.004,-0.116,0.061,0.055,-0.011,0.204,0.290,0.194,0.152,0.054
0.107,0.111,0.005,-0.109,0.051,0.058,-0.009,0.218,0.312,0.218,0.163,0.065
0.103,0.114,0.011,-0.109,0.046,0.062,-0.011,0.232,0.326,0.230,0.177,0.072
0.100,0.120,0.020,-0.110,0.040,0.070,-0.015,0.240,0.335,0.230,0.185,0.080
0.117,0.163,0.046,-0.140,0.036,0.104,-0.015,0.270,0.377,0.263,0.210,0.085
0.119,0.168,0.049,-0.144,0.035,0.109,-0.015,0.275,0.387,0.275,0.218,0.084
0.112,0.156,0.044,-0.135,0.034,0.099,-0.013,0.267,0.374,0.264,0.212,0.088
0.109,0.154,0.045,-0.132,0.031,0.100,-0.001,0.265,0.388,0.279,0.220,0.106
0.100,0.145,0.045,-0.123,0.027,0.095,0.005,0.260,0.415,0.310,0.235,0.120
0.094,0.135,0.041,-0.114,0.026,0.088,-0.033,0.251,0.391,0.286,0.219,0.101
0.142,0.180,0.038,-0.161,0.052,0.109,-0.041,0.288,0.420,0.318,0.249,0.122
0.184,0.228,0.044,-0.206,0.070,0.135,-0.034,0.318,0.454,0.355,0.278,0.149
0.201,0.235,0.033,-0.218,0.084,0.133,-0.035,0.314,0.448,0.349,0.275,0.150
0.215,0.230,0.015,-0.223,0.100,0.122,-0.030,0.315,0.450,0.350,0.280,0.155
0.165,0.230,0.065,-0.198,0.050,0.147,-0.030,0.312,0.471,0.354,0.289,0.164
0.153,0.230,0.077,-0.192,0.038,0.154,-0.027,0.304,0.474,0.356,0.292,0.167
0.162,0.230,0.068,-0.196,0.047,0.149,-0.024,0.313,0.469,0.369,0.301,0.176
0.160,0.230,0.070,-0.195,0.045,0.150,-0.025,0.326,0.471,0.388,0.312,0.186
0.165,0.230,0.065,-0.198,0.050,0.147,-0.025,0.320,0.470,0.390,0.310,0.185
0.165,0.231,0.065,-0.199,0.050,0.147,-0.021,0.316,0.468,0.388,0.308,0.184
0.167,0.229,0.062,-0.199,0.053,0.145,-0.020,0.312,0.487,0.400,0.326,0.192
0.205,0.265,0.060,-0.235,0.073,0.163,-0.018,0.308,0.493,0.404,0.336,0.210
0.244,0.303,0.059,-0.273,0.092,0.181,-0.015,0.304,0.476,0.392,0.328,0.220
0.230,0.285,0.055,-0.258,0.087,0.170,-0.015,0.300,0.465,0.385,0.325,0.210
0.221,0.276,0.055,-0.249,0.082,0.166,-0.011,0.297,0.453,0.381,0.321,0.206
0.218,0.269,0.052,-0.244,0.082,0.160,-0.009,0.283,0.445,0.375,0.317,0.199
0.211,0.261,0.050,-0.236,0.080,0.155,-0.010,0.269,0.433,0.365,0.312,0.193
0.204,0.253,0.049,-0.228,0.077,0.151,-0.009,0.256,0.416,0.359,0.310,0.188
0.200,0.245,0.045,-0.223,0.077,0.145,-0.005,0.240,0.400,0.355,0.310,0.180
0.192,0.238,0.045,-0.216,0.073,0.142,0.000,0.228,0.379,0.339,0.295,0.176
0.182,0.224,0.042,-0.203,0.070,0.132,0.000,0.213,0.365,0.324,0.278,0.167
0.166,0.207,0.041,-0.186,0.062,0.123,0.002,0.199,0.339,0.302,0.262,0.154
0.153,0.191,0.038,-0.172,0.057,0.114,0.005,0.186,0.301,0.273,0.246,0.142
0.150,0.175,0.025,-0.163,0.062,0.100,0.005,0.170,0.270,0.245,0.230,0.130
0.142,0.159,0.017,-0.151,0.062,0.088,0.009,0.159,0.242,0.213,0.214,0.123
0.134,0.143,0.009,-0.139,0.062,0.076,0.014,0.138,0.217,0.182,0.198,0.108
0.126,0.127,0.001,-0.127,0.062,0.064,0.015,0.114,0.193,0.161,0.181,0.094
0.118,0.111,-0.007,-0.114,0.062,0.052,0.016,0.096,0.170,0.146,0.167,0.081
0.110,0.095,-0.015,-0.102,0.062,0.040,0.020,0.080,0.150,0.130,0.155,0.065
0.108,0.084,-0.024,-0.095,0.066,0.029,0.020,0.068,0.126,0.113,0.135,0.053
0.087,0.064,-0.023,-0.075,0.055,0.020,0.025,0.056,0.103,0.102,0.117,0.041
0.054,0.036,-0.017,-0.045,0.036,0.009,0.034,0.044,0.075,0.083,0.102,0.029
0.031,0.016,-0.015,-0.023,0.023,0.000,0.034,0.032,0.041,0.053,0.086,0.018
0.020,0.010,-0.010,-0.015,0.015,0.000,0.035,0.020,0.010,0.030,0.070,0.010
0.012,0.006,-0.005,-0.009,0.008,0.001,0.052,0.008,-0.007,0.014,0.054,-0.002
0.043,-0.001,-0.044,-0.020,0.044,-0.022,0.053,-0.005,-0.022,-0.002,0.038,-0.015
0.063,-0.007,-0.070,-0.028,0.067,-0.039,0.049,-0.014,-0.038,-0.018,0.023,-0.023
0.044,-0.012,-0.056,-0.016,0.050,-0.034,0.049,-0.023,-0.054,-0.033,0.013,-0.034
0.035,-0.020,-0.055,-0.007,0.045,-0.037,0.045,-0.035,-0.070,-0.045,0.005,-0.050
0.067,-0.021,-0.088,-0.022,0.078,-0.054,0.045,-0.043,-0.092,-0.058,-0.003,-0.055
0.052,-0.049,-0.101,-0.002,0.077,-0.075,0.042,-0.054,-0.095,-0.063,-0.010,-0.057
0.043,-0.057,-0.099,0.007,0.071,-0.078,0.040,-0.064,-0.102,-0.070,-0.022,-0.066
0.045,-0.055,-0.100,0.005,0.073,-0.077,0.039,-0.074,-0.126,-0.092,-0.040,-0.077
0.010,-0.090,-0.100,0.040,0.055,-0.095,0.035,-0.090,-0.145,-0.110,-0.055,-0.080
0.008,-0.096,-0.104,0.044,0.057,-0.100,0.035,-0.095,-0.150,-0.091,-0.060,-0.084
0.011,-0.095,-0.106,0.042,0.059,-0.100,0.032,-0.094,-0.152,-0.113,-0.059,-0.089
0.010,-0.095,-0.104,0.043,0.058,-0.100,0.030,-0.097,-0.158,-0.133,-0.062,-0.090
0.010,-0.096,-0.106,0.043,0.058,-0.101,0.029,-0.100,-0.159,-0.123,-0.065,-0.091
0.010,-0.100,-0.110,0.045,0.060,-0.105,0.025,-0.100,-0.160,-0.125,-0.065,-0.100
0.010,-0.101,-0.110,0.046,0.060,-0.105,0.025,-0.101,-0.185,-0.126,-0.069,-0.104
0.012,-0.098,-0.110,0.043,0.061,-0.104,0.025,-0.097,-0.196,-0.122,-0.070,-0.108
0.003,-0.108,-0.110,0.052,0.057,-0.109,0.025,-0.110,-0.195,-0.134,-0.072,-0.110
-0.013,-0.122,-0.109,0.067,0.048,-0.115,0.025,-0.126,-0.195,-0.153,-0.075,-0.110
-0.015,-0.120,-0.105,0.068,0.045,-0.112,0.025,-0.120,-0.195,-0.155,-0.075,-0.110
-0.015,-0.120,-0.105,0.068,0.045,-0.112,0.021,-0.120,-0.195,-0.155,-0.079,-0.110
-0.015,-0.120,-0.105,0.068,0.045,-0.112,0.020,-0.120,-0.195,-0.155,-0.080,-0.110
-0.015,-0.120,-0.105,0.068,0.045,-0.112,0.020,-0.120,-0.195,-0.155,-0.080,-0.110
-0.015,-0.120,-0.105,0.068,0.045,-0.112,0.020,-0.120,-0.195,-0.155,-0.080,-0.110
-0.015,-0.120,-0.105,0.068,0.045,-0.112,0.020,-0.120,-0.195,-0.155,-0.080,-0.110
-0.015,-0.120,-0.105,0.068,0.045,-0.112,0.020,-0.120,-0.195,-0.155,-0.080,-0.110
-0.015,-0.120,-0.105,0.068,0.045,-0.112,0.020,-0.120,-0.195,-0.155,-0.080,-0.110
-0.015,-0.120,-0.105,0.068,0.045,-0.112,0.020,-0.120,-0.195,-0.155,-0.080,-0.110
-0.015,-0.120,-0.105,0.068,0.045,-0.112,0.020,-0.120,-0.195,-0.155,-0.080,-0.110
-0.015,-0.120,-0.105,0.068,0.045,-0.112,0.020,-0.120,-0.195,-0.155,-0.080,-0.110
-0.015,-0.120,-0.105,0.068,0.045,-0.112,0.020,-0.120,-0.195,-0.155,-0.080,-0.110
-0.015,-0.120,-0.105,0.068,0.045,-0.112,0.020,-0.120,-0.195,-0.155,-0.080,-0.110
-0.015,-0.120,-0.105,0.068,0.045,-0.112,0.020,-0.120,-0.195,-0.155,-0.080,-0.110
-0.015,-0.120,-0.105,0.068,0.045,-0.112,0.020,-0.120,-0.195,-0.155,-0.080,-0.110
-0.015,-0.120,-0.105,0.068,0.045,-0.112,0.020,-0.120,-0.195,-0.155,-0.080,-0.110
-0.015,-0.120,-0.105,0.068,0.045,-0.112,0.020,-0.120,-0.195,-0.155,-0.080,-0.110
-0.015,-0.120,-0.105,0.068,0.045,-0.112,0.020,-0.120,-0.195,-0.155,-0.080,-0.110
-0.015,-0.120,-0.105,0.068,0.045,-0.112,0.020,-0.120,-0.195,-0.155,-0.080,-0.110
-0.015,-0.120,-0.105,0.068,0.045,-0.112,0.020,-0.120,-0.195,-0.155,-0.080,-0.110
-0.015,-0.120,-0.105,0.068,0.045,-0.112,0.020,-0.120,-0.195,-0.155,-0.080,-0.110
-0.015,-0.120,-0.105,0.068,0.045,-0.112,0.020,-0.120,-0.195,-0.155,-0.080,-0.110
-0.015,-0.120,-0.105,0.068,0.045,-0.112,0.020,-0.120,-0.195,-0.155,-0.080,-0.110
-0.015,-0.120,-0.105,0.068,0.045,-0.112,0.020,-0.120,-0.195,-0.155,-0.080,-0.110
-0.015,-0.120,-0.105,0.068,0.045,-0.112,0.020,-0.120,-0.195,-0.155,-0.080,-0.110
-0.015,-0.120,-0.105,0.068,0.045,-0.112,0.020,-0.120,-0.195,-0.155,-0.080,-0.110
-0.015,-0.120,-0.105,0.068,0.045,-0.112,0.020,-0.120,-0.195,-0.155,-0.080,-0.110
-0.015,-0.120,-0.105,0.068,0.045,-0.112,0.020,-0.120,-0.195,-0.155,-0.080,-0.110
-0.015,-0.120,-0.105,0.068,0.045,-0.112,0.020,-0.120,-0.195,-0.155,-0.080,-0.110
-0.015,-0.120,-0.105,0.068,0.045,-0.112,0.020,-0.120,-0.195,-0.155,-0.080,-0.110
-0.015,-0.120,-0.105,0.068,0.045,-0.112,0.020,-0.120,-0.195,-0.155,-0.080,-0.110
-0.015,-0.120,-0.105,0.068,0.045,-0.112,0.020,-0.120,-0.195,-0.155,-0.080,-0.110
-0.015,-0.120,-0.105,0.068,0.045,-0.112,0.020,-0.120,-0.195,-0.155,-0.080,-0.110
-0.015,-0.120,-0.105,0.068,0.045,-0.112,0.020,-0.120,-0.195,-0.155,-0.080,-0.110
-0.015,-0.120,-0.105,0.068,0.045,-0.112,0.020,-0.120,-0.195,-0.155,-0.080,-0.110
-0.015,-0.120,-0.105,0.068,0.045,-0.112,0.020,-0.120,-0.195,-0.155,-0.080,-0.110
-0.015,-0.120,-0.105,0.068,0.045,-0.112,0.020,-0.120,-0.195,-0.155,-0.080,-0.110
-0.015,-0.120,-0.105,0.068,0.045,-0.112,0.020,-0.120,-0.195,-0.155,-0.080,-0.110
-0.015,-0.120,-0.105,0.068,0.045,-0.112,0.020,-0.120,-0.195,-0.155,-0.080,-0.110
-0.015,-0.120,-0.105,0.068,0.045,-0.112,0.020,-0.120,-0.195,-0.155,-0.080,-0.110
-0.015,-0.120,-0.105,0.068,0.045,-0.112,0.020,-0.120,-0.195,-0.155,-0.080,-0.110
-0.015,-0.120,-0.105,0.068,0.045,-0.112,0.020,-0.120,-0.195,-0.155,-0.080,-0.110
-0.015,-0.120,-0.105,0.068,0.045,-0.112,0.020,-0.120,-0.195,-0.155,-0.080,-0.110
-0.015,-0.120,-0.105,0.068,0.045,-0.112,0.020,-0.120,-0.195,-0.155,-0.080,-0.110
-0.015,-0.120,-0.105,0.068,0.045,-0.112,0.020,-0.120,-0.195,-0.155,-0.080,-0.110
-0.015,-0.120,-0.105,0.068,0.045,-0.112,0.020,-0.120,-0.195,-0.155,-0.080,-0.110
-0.015,-0.120,-0.105,0.068,0.045,-0.112,0.020,-0.120,-0.195,-0.155,-0.080,-0.110
-0.015,-0.120,-0.105,0.068,0.045,-0.112,0.020,-0.120,-0.195,-0.155,-0.080,-0.110
-0.015,-0.120,-0.105,0.068,0.045,-0.112,0.020,-0.120,-0.195,-0.155,-0.080,-0.110
-0.015,-0.120,-0.105,0.068,0.045,-0.112,0.020,-0.120,-0.195,-0.155,-0.080,-0.110
-0.015,-0.120,-0.105,0.068,0.045,-0.112,0.020,-0.120,-0.195,-0.155,-0.080,-0.110
-0.015,-0.120,-0.105,0.068,0.045,-0.112,0.020,-0.120,-0.195,-0.155,-0.080,-0.110
-0.015,-0.120,-0.105,0.068,0.045,-0.112,0.020,-0.120,-0.195,-0.155,-0.080,-0.110
-0.015,-0.120,-0.105,0.068,0.045,-0.112,0.020,-0.120,-0.195,-0.155,-0.080,-0.110
-0.015,-0.120,-0.105,0.068,0.045,-0.112,0.020,-0.120,-0.195,-0.155,-0.080,-0.110
