I,II,III,aVR,aVL,aVF,V1,V2,V3,V4,V5,V6
-0.085,0.040,0.125,0.022,-0.105,0.082,0.115,0.260,0.125,0.020,-0.040,-0.120
-0.085,0.040,0.125,0.022,-0.105,0.082,0.115,0.260,0.125,0.020,-0.040,-0.120
-0.085,0.040,0.125,0.022,-0.105,0.082,0.115,0.260,0.125,0.020,-0.040,-0.120
-0.085,0.041,0.126,0.021,-0.105,0.083,0.115,0.261,0.125,0.020,-0.040,-0.120
-0.085,0.038,0.123,0.023,-0.104,0.080,0.114,0.259,0.125,0.020,-0.040,-0.120
-0.085,0.040,0.125,0.022,-0.105,0.082,0.115,0.260,0.125,0.020,-0.040,-0.120
-0.081,0.077,0.158,0.001,-0.120,0.117,0.131,0.280,0.132,0.024,-0.036,-0.116
-0.080,0.092,0.172,-0.006,-0.126,0.132,0.143,0.293,0.142,0.029,-0.032,-0.115
-0.080,0.089,0.169,-0.004,-0.125,0.129,0.145,0.295,0.146,0.030,-0.028,-0.114
-0.080,0.090,0.170,-0.005,-0.125,0.130,0.146,0.304,0.154,0.039,-0.024,-0.109
-0.080,0.090,0.170,-0.005,-0.125,0.130,0.155,0.325,0.175,0.055,-0.020,-0.105
-0.080,0.090,0.170,-0.005,-0.125,0.130,0.160,0.327,0.181,0.052,-0.020,-0.101
-0.079,0.091,0.170,-0.006,-0.125,0.130,0.160,0.322,0.178,0.048,-0.017,-0.100
-0.066,0.103,0.170,-0.018,-0.118,0.136,0.160,0.334,0.187,0.053,-0.015,-0.099
-0.063,0.107,0.170,-0.022,-0.117,0.139,0.160,0.354,0.203,0.063,-0.015,-0.094
-0.080,0.095,0.175,-0.008,-0.128,0.135,0.160,0.360,0.210,0.075,-0.010,-0.090
-0.058,0.126,0.184,-0.035,-0.121,0.155,0.156,0.365,0.214,0.083,-0.005,-0.090
-0.036,0.146,0.183,-0.055,-0.110,0.164,0.154,0.364,0.218,0.089,-0.005,-0.088
-0.040,0.140,0.180,-0.050,-0.110,0.159,0.156,0.369,0.221,0.090,-0.003,-0.082
-0.052,0.128,0.179,-0.038,-0.116,0.153,0.154,0.375,0.220,0.090,0.000,-0.080
-0.055,0.120,0.175,-0.033,-0.115,0.147,0.150,0.370,0.220,0.090,0.000,-0.080
-0.059,0.116,0.175,-0.029,-0.117,0.145,0.150,0.365,0.224,0.090,0.008,-0.072
-0.028,0.147,0.176,-0.060,-0.102,0.161,0.151,0.365,0.228,0.090,0.013,-0.063
-0.001,0.172,0.173,-0.086,-0.087,0.172,0.148,0.363,0.231,0.090,0.019,-0.058
0.000,0.169,0.170,-0.084,-0.085,0.170,0.145,0.360,0.229,0.090,0.026,-0.053
0.000,0.170,0.170,-0.085,-0.085,0.170,0.145,0.360,0.230,0.090,0.030,-0.045
0.004,0.170,0.166,-0.088,-0.081,0.168,0.145,0.356,0.239,0.098,0.038,-0.037
0.005,0.170,0.164,-0.088,-0.079,0.167,0.146,0.351,0.238,0.104,0.042,-0.032
0.005,0.170,0.166,-0.088,-0.080,0.167,0.142,0.350,0.233,0.104,0.051,-0.028
0.006,0.170,0.164,-0.088,-0.079,0.166,0.133,0.349,0.229,0.099,0.061,-0.025
0.010,0.170,0.160,-0.090,-0.075,0.165,0.130,0.345,0.225,0.095,0.060,-0.025
0.018,0.178,0.160,-0.098,-0.071,0.169,0.126,0.346,0.221,0.095,0.073,-0.025
0.026,0.183,0.157,-0.104,-0.066,0.170,0.119,0.337,0.216,0.093,0.073,-0.025
0.036,0.190,0.154,-0.113,-0.060,0.172,0.112,0.325,0.215,0.087,0.069,-0.025
0.039,0.194,0.155,-0.117,-0.059,0.175,0.109,0.318,0.214,0.085,0.069,-0.025
0.030,0.185,0.155,-0.108,-0.063,0.170,0.105,0.310,0.205,0.085,0.065,-0.025
0.030,0.181,0.151,-0.106,-0.060,0.166,0.093,0.302,0.201,0.081,0.065,-0.025
0.025,0.174,0.149,-0.099,-0.062,0.162,0.083,0.291,0.194,0.077,0.062,-0.022
0.017,0.168,0.151,-0.092,-0.067,0.159,0.077,0.278,0.188,0.073,0.059,-0.019
0.015,0.163,0.149,-0.089,-0.068,0.155,0.067,0.268,0.183,0.069,0.061,-0.020
0.015,0.155,0.140,-0.085,-0.063,0.147,0.055,0.260,0.175,0.065,0.070,-0.020
0.020,0.151,0.131,-0.085,-0.056,0.141,0.047,0.248,0.171,0.061,0.084,-0.020
0.017,0.144,0.127,-0.081,-0.055,0.135,0.037,0.235,0.162,0.057,0.081,-0.020
0.016,0.137,0.122,-0.077,-0.053,0.129,0.039,0.226,0.149,0.052,0.070,-0.020
0.022,0.134,0.113,-0.078,-0.046,0.123,0.045,0.217,0.137,0.043,0.064,-0.019
0.025,0.130,0.105,-0.078,-0.040,0.117,0.035,0.200,0.125,0.035,0.060,-0.020
0.021,0.122,0.101,-0.071,-0.040,0.111,0.031,0.188,0.113,0.031,0.052,-0.032
0.019,0.117,0.097,-0.068,-0.039,0.107,0.024,0.176,0.100,0.025,0.044,-0.043
0.021,0.113,0.093,-0.067,-0.036,0.103,0.018,0.164,0.091,0.015,0.037,-0.044
0.019,0.109,0.090,-0.064,-0.035,0.099,0.013,0.153,0.082,0.009,0.036,-0.039
0.015,0.105,0.090,-0.060,-0.038,0.097,0.005,0.145,0.070,0.005,0.040,-0.040
0.015,0.101,0.086,-0.059,-0.035,0.093,0.001,0.137,0.062,-0.003,0.037,-0.040
0.012,0.097,0.085,-0.055,-0.037,0.091,-0.003,0.129,0.051,-0.008,0.031,-0.040
0.010,0.093,0.083,-0.052,-0.037,0.088,-0.005,0.121,0.040,-0.012,0.030,-0.040
0.009,0.089,0.080,-0.049,-0.035,0.084,-0.006,0.113,0.034,-0.016,0.029,-0.040
0.005,0.085,0.080,-0.045,-0.038,0.082,-0.010,0.105,0.030,-0.020,0.025,-0.040
0.005,0.081,0.076,-0.044,-0.036,0.078,-0.010,0.097,0.026,-0.024,0.025,-0.044
0.002,0.074,0.071,-0.038,-0.034,0.072,-0.013,0.089,0.022,-0.028,0.022,-0.046
-0.002,0.068,0.070,-0.033,-0.036,0.069,-0.015,0.082,0.018,-0.031,0.020,-0.044
-0.006,0.063,0.069,-0.029,-0.038,0.066,-0.016,0.079,0.014,-0.037,0.020,-0.047
-0.010,0.055,0.065,-0.023,-0.038,0.060,-0.020,0.075,0.010,-0.045,0.015,-0.055
-0.014,0.051,0.065,-0.019,-0.040,0.058,-0.019,0.067,0.011,-0.046,0.010,-0.050
-0.017,0.044,0.062,-0.014,-0.039,0.053,-0.029,0.062,0.004,-0.044,0.010,-0.061
-0.024,0.036,0.060,-0.006,-0.042,0.048,-0.037,0.058,-0.003,-0.048,0.008,-0.074
-0.022,0.036,0.058,-0.007,-0.041,0.047,-0.035,0.054,-0.006,-0.057,0.005,-0.075
-0.015,0.040,0.055,-0.013,-0.035,0.047,-0.035,0.050,-0.010,-0.060,0.005,-0.075
-0.040,0.032,0.072,0.003,-0.056,0.052,-0.035,0.050,-0.018,-0.059,0.001,-0.075
-0.047,0.026,0.074,0.010,-0.061,0.049,-0.035,0.047,-0.023,-0.066,0.000,-0.074
-0.046,0.023,0.069,0.011,-0.058,0.046,-0.035,0.045,-0.027,-0.073,-0.001,-0.079
-0.050,0.019,0.069,0.016,-0.060,0.044,-0.036,0.044,-0.030,-0.075,-0.006,-0.085
-0.050,0.015,0.065,0.017,-0.058,0.040,-0.035,0.040,-0.025,-0.075,-0.010,-0.080
-0.054,0.012,0.065,0.020,-0.059,0.038,-0.024,0.040,-0.023,-0.074,-0.014,-0.075
-0.058,0.004,0.062,0.027,-0.060,0.032,-0.040,0.037,-0.041,-0.084,-0.018,-0.075
-0.046,0.014,0.060,0.016,-0.053,0.036,-0.051,0.033,-0.053,-0.094,-0.022,-0.073
-0.036,0.024,0.059,0.006,-0.048,0.041,-0.044,0.029,-0.049,-0.095,-0.026,-0.070
-0.040,0.015,0.055,0.012,-0.048,0.035,-0.045,0.025,-0.050,-0.095,-0.025,-0.070
-0.011,0.044,0.055,-0.017,-0.033,0.049,-0.045,0.021,-0.050,-0.095,-0.021,-0.066
-0.004,0.048,0.052,-0.022,-0.028,0.050,-0.045,0.017,-0.050,-0.095,-0.020,-0.061
-0.016,0.034,0.050,-0.009,-0.033,0.042,-0.045,0.013,-0.050,-0.095,-0.020,-0.060
-0.020,0.029,0.049,-0.005,-0.035,0.039,-0.045,0.009,-0.050,-0.095,-0.020,-0.059
-0.020,0.025,0.045,-0.003,-0.033,0.035,-0.045,0.005,-0.050,-0.095,-0.020,-0.055
-0.028,0.017,0.045,0.005,-0.037,0.031,-0.045,0.005,-0.044,-0.089,-0.018,-0.054
-0.033,0.009,0.042,0.012,-0.038,0.025,-0.045,0.005,-0.054,-0.099,-0.033,-0.060
-0.037,0.001,0.039,0.018,-0.038,0.020,-0.045,0.005,-0.060,-0.105,-0.040,-0.071
-0.040,0.002,0.041,0.019,-0.041,0.022,-0.045,0.005,-0.053,-0.099,-0.034,-0.074
-0.035,0.015,0.050,0.010,-0.043,0.032,-0.045,0.005,-0.050,-0.100,-0.035,-0.065
-0.033,0.024,0.058,0.005,-0.046,0.040,-0.045,0.005,-0.050,-0.096,-0.031,-0.061
-0.044,0.023,0.067,0.011,-0.056,0.045,-0.045,0.005,-0.047,-0.095,-0.029,-0.057
-0.052,0.017,0.069,0.017,-0.060,0.043,-0.045,0.005,-0.043,-0.093,-0.031,-0.053
-0.049,0.015,0.064,0.017,-0.057,0.040,-0.045,0.005,-0.039,-0.089,-0.029,-0.049
-0.050,0.015,0.065,0.017,-0.058,0.040,-0.045,0.005,-0.040,-0.090,-0.025,-0.045
-0.054,0.011,0.066,0.021,-0.060,0.038,-0.045,0.005,-0.051,-0.100,-0.025,-0.041
-0.055,0.006,0.062,0.024,-0.059,0.034,-0.045,0.005,-0.069,-0.122,-0.022,-0.037
-0.055,0.005,0.060,0.025,-0.058,0.032,-0.045,0.005,-0.075,-0.130,-0.019,-0.033
-0.055,0.005,0.060,0.025,-0.058,0.032,-0.045,0.005,-0.069,-0.124,-0.021,-0.029
-0.055,0.005,0.060,0.025,-0.058,0.032,-0.045,0.005,-0.070,-0.125,-0.020,-0.025
-0.054,0.007,0.060,0.023,-0.058,0.033,-0.045,0.005,-0.070,-0.125,-0.017,-0.018
-0.065,-0.008,0.057,0.036,-0.061,0.024,-0.045,0.005,-0.070,-0.125,-0.042,-0.039
-0.069,-0.014,0.054,0.041,-0.061,0.020,-0.045,0.005,-0.070,-0.125,-0.057,-0.052
-0.057,-0.002,0.055,0.029,-0.056,0.027,-0.045,0.005,-0.069,-0.124,-0.049,-0.043
-0.050,0.005,0.055,0.022,-0.053,0.030,-0.045,0.005,-0.065,-0.120,-0.050,-0.040
-0.050,0.001,0.051,0.024,-0.050,0.026,-0.045,0.006,-0.065,-0.120,-0.050,-0.036
-0.052,-0.002,0.050,0.027,-0.050,0.023,-0.047,0.001,-0.065,-0.120,-0.050,-0.032
-0.060,-0.010,0.050,0.035,-0.054,0.019,-0.039,0.001,-0.065,-0.120,-0.050,-0.028
-0.064,-0.014,0.050,0.039,-0.057,0.018,-0.038,-0.003,-0.065,-0.120,-0.050,-0.025
-0.050,0.000,0.050,0.025,-0.050,0.025,-0.055,-0.020,-0.065,-0.120,-0.050,-0.025
-0.031,0.015,0.046,0.008,-0.039,0.030,-0.052,-0.017,-0.065,-0.120,-0.050,-0.021
-0.041,0.003,0.045,0.019,-0.043,0.024,-0.050,-0.011,-0.062,-0.117,-0.050,-0.020
-0.068,-0.023,0.045,0.045,-0.056,0.011,-0.048,-0.010,-0.059,-0.114,-0.050,-0.020
-0.081,-0.036,0.045,0.058,-0.063,0.004,-0.045,-0.009,-0.060,-0.115,-0.050,-0.020
-0.075,-0.030,0.045,0.052,-0.060,0.007,-0.045,-0.005,-0.060,-0.115,-0.050,-0.020
-0.070,-0.025,0.045,0.047,-0.057,0.010,-0.041,-0.001,-0.060,-0.115,-0.050,-0.016
-0.070,-0.025,0.045,0.047,-0.057,0.010,-0.040,0.000,-0.061,-0.116,-0.047,-0.015
-0.068,-0.023,0.045,0.045,-0.056,0.011,-0.038,0.001,-0.058,-0.113,-0.044,-0.015
-0.065,-0.020,0.045,0.042,-0.055,0.012,-0.035,0.006,-0.055,-0.110,-0.045,-0.015
-0.065,-0.020,0.045,0.042,-0.055,0.012,-0.035,0.010,-0.055,-0.110,-0.045,-0.015
-0.061,-0.016,0.045,0.038,-0.053,0.014,-0.035,0.014,-0.055,-0.110,-0.045,-0.011
-0.056,-0.011,0.045,0.033,-0.050,0.017,-0.035,0.018,-0.055,-0.110,-0.045,-0.010
-0.055,-0.010,0.045,0.032,-0.050,0.017,-0.035,0.022,-0.055,-0.110,-0.045,-0.010
-0.054,-0.009,0.045,0.031,-0.049,0.017,-0.035,0.025,-0.055,-0.110,-0.045,-0.010
-0.050,-0.005,0.045,0.027,-0.047,0.020,-0.035,0.025,-0.055,-0.110,-0.045,-0.010
-0.058,-0.004,0.054,0.031,-0.055,0.025,-0.035,0.025,-0.051,-0.114,-0.045,-0.010
-0.063,-0.010,0.053,0.036,-0.057,0.021,-0.032,0.025,-0.049,-0.116,-0.045,-0.007
-0.069,-0.020,0.049,0.045,-0.059,0.014,-0.029,0.025,-0.051,-0.113,-0.045,-0.004
-0.075,-0.025,0.050,0.050,-0.063,0.012,-0.030,0.025,-0.049,-0.110,-0.045,-0.005
-0.070,-0.020,0.050,0.045,-0.060,0.015,-0.030,0.025,-0.045,-0.110,-0.045,-0.005
-0.064,-0.015,0.048,0.039,-0.055,0.016,-0.030,0.025,-0.045,-0.110,-0.041,-0.005
-0.078,-0.015,0.063,0.047,-0.070,0.023,-0.030,0.025,-0.045,-0.107,-0.040,-0.002
-0.083,-0.013,0.070,0.048,-0.076,0.028,-0.030,0.025,-0.045,-0.104,-0.040,0.001
-0.074,-0.010,0.064,0.041,-0.069,0.027,-0.030,0.025,-0.044,-0.105,-0.040,0.000
-0.075,-0.010,0.065,0.042,-0.070,0.027,-0.030,0.025,-0.040,-0.105,-0.040,0.000
-0.067,-0.006,0.061,0.037,-0.064,0.027,-0.026,0.034,-0.040,-0.101,-0.036,0.000
-0.061,-0.001,0.059,0.031,-0.060,0.029,-0.025,0.033,-0.041,-0.100,-0.035,0.000
-0.061,0.000,0.061,0.030,-0.061,0.030,-0.025,0.029,-0.038,-0.100,-0.035,-0.002
-0.058,0.001,0.059,0.029,-0.059,0.030,-0.025,0.030,-0.035,-0.100,-0.035,-0.006
-0.050,0.005,0.055,0.022,-0.053,0.030,-0.025,0.030,-0.035,-0.100,-0.035,-0.005
-0.050,0.005,0.055,0.022,-0.053,0.030,-0.025,0.026,-0.035,-0.096,-0.031,-0.001
-0.048,0.007,0.056,0.020,-0.052,0.031,-0.025,0.025,-0.036,-0.095,-0.030,0.000
-0.040,0.013,0.053,0.013,-0.047,0.033,-0.025,0.025,-0.033,-0.093,-0.030,0.002
-0.044,0.006,0.050,0.019,-0.047,0.027,-0.025,0.025,-0.030,-0.090,-0.030,0.005
-0.065,-0.015,0.050,0.040,-0.057,0.017,-0.025,0.030,-0.030,-0.090,-0.030,0.005
-0.062,-0.012,0.051,0.037,-0.056,0.019,-0.025,0.043,-0.030,-0.086,-0.030,0.009
-0.056,-0.009,0.047,0.032,-0.051,0.019,-0.025,0.043,-0.031,-0.084,-0.027,0.010
-0.055,-0.011,0.045,0.033,-0.050,0.016,-0.025,0.039,-0.028,-0.086,-0.024,0.012
-0.054,-0.009,0.045,0.031,-0.049,0.017,-0.025,0.040,-0.025,-0.084,-0.025,0.015
-0.050,-0.005,0.045,0.027,-0.047,0.020,-0.025,0.040,-0.025,-0.080,-0.025,0.015
-0.058,-0.005,0.053,0.031,-0.055,0.024,-0.025,0.040,-0.025,-0.080,-0.025,0.019
-0.060,-0.006,0.055,0.033,-0.057,0.024,-0.025,0.040,-0.025,-0.077,-0.022,0.021
-0.047,-0.003,0.044,0.025,-0.045,0.020,-0.025,0.040,-0.025,-0.075,-0.019,0.018
-0.051,0.000,0.052,0.025,-0.051,0.026,-0.025,0.040,-0.025,-0.074,-0.020,0.014
-0.085,0.000,0.085,0.042,-0.085,0.042,-0.025,0.040,-0.025,-0.070,-0.020,0.015
-0.083,0.000,0.083,0.042,-0.083,0.041,-0.025,0.036,-0.025,-0.070,-0.020,0.027
-0.076,0.003,0.079,0.036,-0.077,0.041,-0.025,0.035,-0.022,-0.071,-0.019,0.034
-0.075,0.006,0.080,0.035,-0.078,0.042,-0.025,0.035,-0.019,-0.068,-0.022,0.035
-0.075,0.005,0.080,0.035,-0.078,0.042,-0.025,0.035,-0.020,-0.065,-0.025,0.035
-0.075,0.005,0.080,0.035,-0.078,0.042,-0.025,0.035,-0.020,-0.065,-0.025,0.035
-0.067,0.009,0.076,0.028,-0.071,0.042,-0.025,0.035,-0.020,-0.065,-0.025,0.035
-0.064,0.011,0.075,0.026,-0.069,0.042,-0.025,0.035,-0.020,-0.065,-0.025,0.035
-0.066,0.009,0.075,0.028,-0.070,0.042,-0.025,0.035,-0.020,-0.065,-0.025,0.035
-0.064,0.011,0.075,0.026,-0.070,0.043,-0.025,0.034,-0.020,-0.065,-0.025,0.035
-0.060,0.015,0.075,0.022,-0.068,0.045,-0.025,0.030,-0.020,-0.065,-0.025,0.035
-0.056,0.015,0.071,0.020,-0.064,0.043,-0.025,0.030,-0.016,-0.065,-0.025,0.035
-0.055,0.014,0.070,0.020,-0.063,0.041,-0.025,0.030,-0.015,-0.065,-0.025,0.035
-0.053,0.017,0.070,0.018,-0.062,0.043,-0.025,0.030,-0.015,-0.065,-0.025,0.035
-0.049,0.020,0.070,0.015,-0.060,0.045,-0.025,0.030,-0.015,-0.065,-0.025,0.035
-0.050,0.020,0.070,0.015,-0.060,0.045,-0.025,0.030,-0.015,-0.065,-0.025,0.035
-0.051,0.020,0.070,0.016,-0.061,0.045,-0.025,0.030,-0.015,-0.059,-0.024,0.035
-0.046,0.021,0.067,0.012,-0.056,0.044,-0.026,0.030,-0.015,-0.069,-0.031,0.035
-0.048,0.017,0.064,0.015,-0.056,0.040,-0.023,0.030,-0.015,-0.075,-0.036,0.035
-0.057,0.008,0.065,0.024,-0.061,0.036,-0.020,0.031,-0.015,-0.069,-0.035,0.035
-0.060,0.005,0.065,0.027,-0.063,0.035,-0.020,0.035,-0.015,-0.070,-0.035,0.035
-0.049,0.016,0.065,0.016,-0.057,0.040,-0.020,0.035,-0.011,-0.070,-0.035,0.035
-0.031,0.031,0.062,-0.001,-0.046,0.046,-0.020,0.035,-0.010,-0.070,-0.035,0.035
-0.026,0.033,0.059,-0.003,-0.043,0.046,-0.020,0.035,-0.010,-0.070,-0.035,0.035
-0.038,0.022,0.060,0.008,-0.049,0.041,-0.020,0.034,-0.010,-0.070,-0.035,0.035
-0.045,0.015,0.060,0.015,-0.053,0.037,-0.020,0.030,-0.010,-0.070,-0.035,0.035
-0.049,0.011,0.060,0.019,-0.054,0.036,-0.020,0.030,-0.010,-0.070,-0.035,0.035
-0.057,0.004,0.061,0.026,-0.058,0.032,-0.020,0.030,-0.010,-0.067,-0.035,0.035
-0.061,-0.003,0.058,0.032,-0.059,0.027,-0.020,0.030,-0.010,-0.064,-0.035,0.035
-0.060,-0.014,0.046,0.037,-0.053,0.016,-0.019,0.030,-0.010,-0.065,-0.035,0.035
-0.055,-0.015,0.040,0.035,-0.047,0.012,-0.020,0.030,-0.010,-0.065,-0.035,0.035
-0.034,0.035,0.069,-0.001,-0.052,0.052,-0.033,0.026,-0.010,-0.065,-0.035,0.035
-0.028,0.048,0.075,-0.010,-0.052,0.061,-0.036,0.025,-0.010,-0.065,-0.035,0.035
-0.032,0.036,0.068,-0.002,-0.050,0.052,-0.035,0.025,-0.010,-0.065,-0.035,0.035
-0.036,0.034,0.070,0.001,-0.054,0.052,-0.035,0.025,-0.010,-0.065,-0.035,0.035
-0.040,0.030,0.070,0.005,-0.055,0.050,-0.035,0.025,-0.010,-0.065,-0.035,0.035
-0.044,0.026,0.070,0.009,-0.057,0.048,-0.035,0.025,-0.010,-0.073,-0.035,0.035
-0.049,0.022,0.070,0.014,-0.059,0.046,-0.035,0.026,-0.009,-0.076,-0.035,0.038
-0.050,0.020,0.070,0.015,-0.060,0.045,-0.035,0.023,-0.013,-0.074,-0.035,0.041
-0.059,0.011,0.070,0.024,-0.065,0.040,-0.035,0.020,-0.023,-0.077,-0.035,0.039
-0.070,0.000,0.070,0.035,-0.070,0.035,-0.035,0.020,-0.030,-0.085,-0.035,0.035
-0.049,0.021,0.070,0.014,-0.060,0.045,-0.035,0.020,-0.026,-0.082,-0.035,0.035
-0.045,0.025,0.070,0.010,-0.058,0.047,-0.035,0.020,-0.024,-0.076,-0.035,0.035
-0.053,0.017,0.070,0.018,-0.062,0.043,-0.035,0.020,-0.025,-0.077,-0.035,0.035
-0.056,0.014,0.070,0.021,-0.063,0.042,-0.035,0.019,-0.025,-0.089,-0.035,0.035
-0.060,0.010,0.070,0.025,-0.065,0.040,-0.035,0.015,-0.025,-0.100,-0.035,0.035
-0.064,0.006,0.070,0.029,-0.067,0.038,-0.035,0.015,-0.025,-0.096,-0.035,0.035
-0.068,0.002,0.070,0.033,-0.069,0.036,-0.035,0.015,-0.023,-0.094,-0.033,0.036
-0.071,-0.001,0.070,0.036,-0.071,0.034,-0.035,0.015,-0.031,-0.095,-0.041,0.033
-0.068,0.002,0.070,0.033,-0.069,0.036,-0.035,0.015,-0.040,-0.095,-0.050,0.030
-0.060,0.010,0.070,0.025,-0.065,0.040,-0.035,0.015,-0.035,-0.095,-0.040,0.030
-0.056,0.014,0.070,0.021,-0.064,0.042,-0.035,0.015,-0.035,-0.095,-0.036,0.030
-0.049,0.021,0.070,0.014,-0.060,0.045,-0.035,0.015,-0.035,-0.092,-0.032,0.030
-0.042,0.028,0.070,0.007,-0.057,0.049,-0.035,0.015,-0.035,-0.089,-0.028,0.030
-0.040,0.029,0.069,0.005,-0.054,0.049,-0.035,0.015,-0.035,-0.090,-0.024,0.030
-0.040,0.025,0.065,0.007,-0.053,0.045,-0.035,0.015,-0.035,-0.090,-0.020,0.030
-0.040,0.025,0.065,0.007,-0.053,0.045,-0.035,0.015,-0.035,-0.090,-0.014,0.030
-0.037,0.025,0.062,0.006,-0.050,0.043,-0.035,0.015,-0.036,-0.090,-0.028,0.027
-0.034,0.025,0.059,0.005,-0.047,0.042,-0.035,0.016,-0.033,-0.090,-0.035,0.024
-0.035,0.025,0.060,0.005,-0.048,0.042,-0.035,0.013,-0.030,-0.089,-0.029,0.025
-0.035,0.025,0.060,0.005,-0.048,0.042,-0.035,0.010,-0.030,-0.085,-0.030,0.025
-0.035,0.021,0.056,0.007,-0.046,0.038,-0.035,0.023,-0.030,-0.085,-0.030,0.025
-0.035,0.020,0.054,0.007,-0.045,0.037,-0.035,0.023,-0.030,-0.085,-0.030,0.025
-0.035,0.020,0.056,0.007,-0.046,0.037,-0.035,0.019,-0.030,-0.085,-0.030,0.025
-0.034,0.020,0.054,0.007,-0.044,0.037,-0.035,0.020,-0.030,-0.085,-0.030,0.025
-0.030,0.020,0.050,0.005,-0.040,0.035,-0.035,0.020,-0.030,-0.085,-0.030,0.025
-0.030,0.020,0.050,0.005,-0.040,0.035,-0.034,0.016,-0.030,-0.081,-0.030,0.025
-0.030,0.021,0.051,0.005,-0.040,0.036,-0.041,0.015,-0.027,-0.080,-0.030,0.028
-0.030,0.018,0.048,0.006,-0.039,0.033,-0.046,0.015,-0.024,-0.080,-0.030,0.031
-0.030,0.015,0.045,0.007,-0.038,0.030,-0.045,0.015,-0.025,-0.080,-0.030,0.030
-0.030,0.015,0.045,0.007,-0.038,0.030,-0.045,0.015,-0.025,-0.080,-0.030,0.030
-0.030,0.015,0.045,0.007,-0.038,0.030,-0.045,0.011,-0.025,-0.080,-0.030,0.030
-0.027,0.015,0.042,0.006,-0.035,0.028,-0.045,0.010,-0.025,-0.078,-0.030,0.027
-0.024,0.015,0.039,0.004,-0.032,0.027,-0.045,0.010,-0.025,-0.086,-0.030,0.024
-0.026,0.014,0.040,0.006,-0.033,0.027,-0.045,0.010,-0.025,-0.096,-0.030,0.025
-0.030,0.010,0.040,0.010,-0.035,0.025,-0.045,0.010,-0.025,-0.095,-0.030,0.025
-0.030,0.010,0.040,0.010,-0.035,0.025,-0.045,0.006,-0.025,-0.096,-0.030,0.025
-0.030,0.010,0.040,0.010,-0.035,0.025,-0.045,0.004,-0.026,-0.091,-0.030,0.025
-0.030,0.010,0.040,0.010,-0.035,0.025,-0.045,0.006,-0.037,-0.095,-0.030,0.025
-0.030,0.010,0.040,0.010,-0.035,0.025,-0.045,0.004,-0.045,-0.107,-0.030,0.025
-0.030,0.010,0.040,0.010,-0.035,0.025,-0.045,0.000,-0.040,-0.110,-0.030,0.025
-0.029,0.011,0.040,0.009,-0.035,0.025,-0.045,0.000,-0.040,-0.110,-0.030,0.025
-0.034,0.006,0.040,0.014,-0.037,0.023,-0.045,0.000,-0.040,-0.110,-0.030,0.025
-0.034,0.006,0.040,0.014,-0.038,0.022,-0.045,0.000,-0.040,-0.110,-0.030,0.025
-0.038,0.002,0.040,0.018,-0.039,0.021,-0.045,-0.001,-0.040,-0.110,-0.030,0.025
-0.050,-0.010,0.040,0.030,-0.045,0.015,-0.045,-0.005,-0.040,-0.110,-0.030,0.025
-0.046,-0.006,0.040,0.026,-0.043,0.016,-0.045,-0.005,-0.040,-0.110,-0.030,0.025
-0.044,-0.004,0.040,0.024,-0.042,0.017,-0.045,-0.005,-0.041,-0.110,-0.028,0.025
-0.045,-0.005,0.040,0.025,-0.042,0.017,-0.045,-0.005,-0.038,-0.110,-0.036,0.025
-0.045,-0.005,0.040,0.025,-0.042,0.017,-0.045,-0.004,-0.035,-0.110,-0.045,0.025
-0.045,-0.005,0.040,0.025,-0.042,0.017,-0.045,0.000,-0.035,-0.110,-0.040,0.025
-0.041,-0.001,0.040,0.021,-0.040,0.020,-0.045,0.000,-0.035,-0.110,-0.040,0.025
-0.040,0.000,0.040,0.020,-0.040,0.020,-0.045,0.000,-0.035,-0.110,-0.040,0.025
-0.040,0.000,0.040,0.020,-0.040,0.020,-0.045,0.000,-0.035,-0.110,-0.040,0.025
-0.040,0.000,0.040,0.020,-0.040,0.020,-0.045,0.000,-0.035,-0.110,-0.039,0.025
-0.040,0.000,0.040,0.020,-0.040,0.020,-0.045,0.000,-0.035,-0.110,-0.035,0.025
-0.040,0.000,0.040,0.020,-0.040,0.020,-0.041,0.000,-0.035,-0.110,-0.035,0.025
-0.037,0.003,0.040,0.017,-0.039,0.021,-0.040,0.000,-0.032,-0.110,-0.035,0.025
-0.035,0.006,0.040,0.015,-0.038,0.022,-0.040,0.000,-0.029,-0.110,-0.035,0.025
-0.034,0.005,0.039,0.015,-0.037,0.022,-0.040,0.000,-0.030,-0.110,-0.034,0.024
-0.030,0.005,0.035,0.012,-0.033,0.020,-0.040,0.000,-0.030,-0.110,-0.030,0.020
-0.030,0.005,0.035,0.012,-0.033,0.020,-0.036,0.000,-0.030,-0.110,-0.030,0.020
-0.028,0.008,0.036,0.009,-0.032,0.021,-0.035,-0.001,-0.030,-0.110,-0.030,0.018
-0.023,0.011,0.033,0.006,-0.028,0.021,-0.035,0.002,-0.030,-0.110,-0.030,0.012
-0.020,0.010,0.030,0.005,-0.025,0.020,-0.035,0.005,-0.030,-0.110,-0.030,0.019
-0.020,0.010,0.030,0.005,-0.025,0.020,-0.035,0.005,-0.030,-0.110,-0.030,0.040
-0.020,0.010,0.030,0.005,-0.025,0.020,-0.031,0.005,-0.030,-0.110,-0.026,0.037
-0.020,0.010,0.030,0.005,-0.025,0.020,-0.030,0.005,-0.027,-0.107,-0.025,0.034
-0.020,0.009,0.028,0.005,-0.024,0.018,-0.030,0.005,-0.024,-0.104,-0.025,0.035
-0.021,0.004,0.025,0.008,-0.023,0.014,-0.030,0.005,-0.025,-0.105,-0.025,0.035
-0.025,0.000,0.025,0.012,-0.025,0.012,-0.030,0.005,-0.025,-0.105,-0.025,0.035
-0.025,0.000,0.025,0.012,-0.025,0.012,-0.030,0.005,-0.025,-0.105,-0.021,0.035
-0.024,-0.002,0.022,0.013,-0.023,0.009,-0.027,0.005,-0.025,-0.102,-0.020,0.035
-0.027,-0.007,0.020,0.017,-0.023,0.006,-0.024,0.005,-0.025,-0.099,-0.020,0.035
-0.030,-0.010,0.020,0.020,-0.025,0.005,-0.025,0.005,-0.025,-0.100,-0.020,0.035
-0.030,-0.010,0.020,0.020,-0.025,0.005,-0.025,0.005,-0.025,-0.100,-0.020,0.035
-0.031,-0.010,0.021,0.021,-0.026,0.005,-0.025,0.005,-0.021,-0.100,-0.021,0.035
-0.023,-0.009,0.014,0.016,-0.019,0.003,-0.022,0.008,-0.020,-0.097,-0.011,0.035
-0.021,-0.014,0.007,0.018,-0.014,-0.003,-0.019,0.010,-0.020,-0.094,-0.017,0.035
-0.024,-0.020,0.004,0.022,-0.014,-0.007,-0.020,0.011,-0.020,-0.095,-0.030,0.035
-0.015,-0.015,0.000,0.015,-0.007,-0.007,-0.020,0.015,-0.020,-0.095,-0.025,0.035
-0.009,-0.015,-0.006,0.012,-0.001,-0.010,-0.020,0.015,-0.020,-0.095,-0.039,0.035
-0.020,-0.015,0.005,0.017,-0.012,-0.005,-0.019,0.015,-0.020,-0.096,-0.029,0.035
-0.040,-0.015,0.025,0.027,-0.032,0.005,-0.025,0.015,-0.020,-0.093,-0.033,0.035
-0.050,-0.015,0.035,0.032,-0.042,0.010,-0.037,0.015,-0.019,-0.090,-0.052,0.035
-0.045,-0.015,0.030,0.030,-0.037,0.007,-0.040,0.015,-0.015,-0.090,-0.045,0.035
-0.045,-0.015,0.030,0.030,-0.037,0.007,-0.040,0.015,-0.015,-0.090,-0.044,0.035
-0.046,-0.016,0.030,0.031,-0.037,0.007,-0.037,0.015,-0.015,-0.091,-0.046,0.035
-0.043,-0.013,0.030,0.028,-0.036,0.008,-0.034,0.014,-0.015,-0.088,-0.043,0.035
-0.040,-0.010,0.030,0.025,-0.035,0.010,-0.035,0.017,-0.015,-0.085,-0.040,0.035
-0.040,-0.010,0.030,0.025,-0.035,0.010,-0.035,0.025,-0.015,-0.085,-0.040,0.035
-0.040,-0.010,0.030,0.025,-0.035,0.010,-0.031,0.025,-0.015,-0.085,-0.040,0.035
-0.040,-0.010,0.031,0.025,-0.036,0.010,-0.029,0.025,-0.015,-0.085,-0.037,0.036
-0.038,-0.010,0.028,0.024,-0.033,0.009,-0.031,0.025,-0.015,-0.085,-0.034,0.033
-0.035,-0.010,0.025,0.022,-0.030,0.007,-0.029,0.025,-0.016,-0.084,-0.035,0.030
-0.035,-0.010,0.025,0.022,-0.030,0.007,-0.025,0.025,-0.020,-0.080,-0.035,0.030
-0.035,-0.010,0.025,0.022,-0.030,0.007,-0.025,0.025,-0.020,-0.080,-0.031,0.030
-0.032,-0.007,0.025,0.019,-0.028,0.009,-0.026,0.025,-0.020,-0.081,-0.029,0.027
-0.030,-0.004,0.025,0.016,-0.027,0.010,-0.023,0.025,-0.020,-0.078,-0.031,0.025
-0.030,-0.005,0.025,0.017,-0.027,0.010,-0.020,0.025,-0.019,-0.075,-0.029,0.025
-0.030,-0.005,0.025,0.017,-0.027,0.010,-0.020,0.025,-0.015,-0.075,-0.025,0.025
-0.030,-0.005,0.025,0.017,-0.027,0.010,-0.020,0.025,-0.015,-0.075,-0.025,0.025
-0.027,-0.005,0.022,0.016,-0.024,0.008,-0.017,0.025,-0.012,-0.075,-0.026,0.022
-0.024,-0.005,0.019,0.015,-0.021,0.007,-0.014,0.025,-0.010,-0.073,-0.023,0.019
-0.025,-0.005,0.020,0.015,-0.022,0.007,-0.015,0.025,-0.009,-0.070,-0.020,0.020
-0.025,-0.005,0.020,0.015,-0.022,0.007,-0.015,0.025,-0.005,-0.070,-0.020,0.020
-0.025,-0.005,0.020,0.015,-0.022,0.007,-0.011,0.025,-0.005,-0.070,-0.020,0.016
-0.022,-0.002,0.020,0.012,-0.021,0.009,-0.009,0.025,-0.002,-0.067,-0.017,0.015
-0.018,0.002,0.020,0.008,-0.019,0.011,-0.011,0.025,0.000,-0.065,-0.014,0.015
-0.014,0.006,0.020,0.004,-0.018,0.013,-0.009,0.025,0.001,-0.065,-0.015,0.015
-0.010,0.010,0.020,0.000,-0.015,0.015,-0.005,0.025,0.005,-0.065,-0.015,0.015
-0.005,0.015,0.019,-0.005,-0.012,0.016,-0.005,0.025,0.005,-0.065,-0.014,0.023
-0.012,0.013,0.025,-0.001,-0.019,0.019,-0.005,0.025,0.008,-0.062,-0.022,0.027
-0.028,0.005,0.034,0.011,-0.031,0.020,-0.005,0.024,0.010,-0.059,-0.024,0.036
-0.025,0.009,0.034,0.008,-0.030,0.021,-0.004,0.026,0.011,-0.060,-0.019,0.047
0.000,0.035,0.035,-0.018,-0.018,0.035,0.000,0.035,0.015,-0.060,-0.020,0.050
-0.003,0.058,0.060,-0.028,-0.032,0.059,0.004,0.039,0.015,-0.060,-0.020,0.050
-0.009,0.056,0.065,-0.024,-0.037,0.060,0.005,0.041,0.015,-0.057,-0.020,0.050
-0.012,0.045,0.057,-0.017,-0.035,0.051,0.006,0.039,0.014,-0.054,-0.020,0.050
-0.016,0.039,0.054,-0.012,-0.035,0.046,0.011,0.043,0.017,-0.055,-0.020,0.050
-0.020,0.030,0.050,-0.005,-0.035,0.040,0.015,0.055,0.030,-0.055,-0.020,0.050
-0.025,0.021,0.046,0.002,-0.036,0.033,0.016,0.051,0.039,-0.055,-0.016,0.050
0.014,0.059,0.045,-0.037,-0.016,0.052,0.012,0.049,0.037,-0.055,-0.015,0.050
0.041,0.084,0.044,-0.063,-0.002,0.063,0.010,0.051,0.034,-0.055,-0.015,0.050
0.034,0.073,0.039,-0.054,-0.003,0.056,0.009,0.049,0.035,-0.056,-0.015,0.050
0.040,0.075,0.035,-0.058,0.002,0.055,0.005,0.045,0.035,-0.060,-0.015,0.050
0.044,0.075,0.031,-0.060,0.006,0.053,0.005,0.045,0.031,-0.065,-0.015,0.050
0.048,0.075,0.027,-0.062,0.010,0.051,0.002,0.045,0.029,-0.062,-0.016,0.050
0.052,0.075,0.023,-0.064,0.014,0.049,0.000,0.045,0.031,-0.059,-0.013,0.050
0.047,0.075,0.028,-0.061,0.009,0.051,-0.001,0.044,0.029,-0.060,-0.010,0.050
0.035,0.075,0.040,-0.055,-0.003,0.057,-0.010,0.040,0.025,-0.060,-0.010,0.050
0.039,0.075,0.036,-0.058,0.001,0.056,-0.019,0.040,0.025,-0.060,-0.010,0.050
0.038,0.072,0.034,-0.055,0.002,0.053,-0.023,0.041,0.026,-0.060,-0.010,0.050
0.034,0.069,0.035,-0.052,0.000,0.052,-0.028,0.038,0.023,-0.060,-0.010,0.050
0.035,0.070,0.035,-0.053,0.000,0.052,-0.037,0.035,0.020,-0.060,-0.011,0.050
0.035,0.070,0.035,-0.053,0.000,0.052,-0.045,0.035,0.020,-0.060,-0.010,0.050
0.035,0.070,0.035,-0.053,0.000,0.052,-0.050,0.035,0.020,-0.060,0.002,0.049
0.035,0.070,0.035,-0.053,0.000,0.052,-0.047,0.035,0.017,-0.060,0.012,0.061
0.034,0.070,0.035,-0.053,0.000,0.052,-0.044,0.033,0.014,-0.060,0.018,0.076
0.036,0.070,0.034,-0.054,0.001,0.052,-0.046,0.030,0.015,-0.060,0.028,0.080
0.040,0.070,0.030,-0.055,0.005,0.050,-0.055,0.030,0.015,-0.060,0.035,0.075
0.036,0.066,0.030,-0.051,0.003,0.047,-0.063,0.030,0.011,-0.056,0.031,0.075
0.034,0.065,0.030,-0.050,0.002,0.047,-0.072,0.027,0.009,-0.055,0.030,0.076
0.035,0.065,0.030,-0.050,0.002,0.047,-0.074,0.025,0.011,-0.055,0.028,0.073
0.035,0.065,0.030,-0.050,0.002,0.047,-0.069,0.025,0.009,-0.055,0.024,0.070
0.035,0.065,0.030,-0.050,0.002,0.047,-0.070,0.025,0.005,-0.055,0.025,0.070
0.035,0.065,0.030,-0.050,0.002,0.047,-0.070,0.025,0.005,-0.055,0.026,0.070
0.034,0.065,0.031,-0.050,0.001,0.047,-0.070,0.022,0.005,-0.055,0.022,0.067
0.037,0.065,0.028,-0.051,0.004,0.046,-0.068,0.019,0.005,-0.055,0.020,0.064
0.041,0.065,0.025,-0.053,0.007,0.045,-0.065,0.020,0.006,-0.055,0.019,0.065
0.040,0.065,0.025,-0.053,0.007,0.045,-0.065,0.020,0.010,-0.055,0.015,0.065
0.036,0.061,0.025,-0.049,0.006,0.043,-0.065,0.020,0.014,-0.055,0.015,0.061
0.031,0.056,0.025,-0.044,0.003,0.040,-0.066,0.017,0.018,-0.055,0.016,0.059
0.030,0.055,0.025,-0.043,0.002,0.040,-0.063,0.014,0.021,-0.054,0.013,0.061
0.029,0.054,0.025,-0.042,0.002,0.040,-0.060,0.015,0.019,-0.057,0.010,0.059
0.025,0.050,0.025,-0.038,0.000,0.037,-0.060,0.015,0.015,-0.065,0.010,0.055
0.025,0.050,0.025,-0.038,0.000,0.037,-0.060,0.011,0.015,-0.066,0.006,0.055
0.022,0.048,0.026,-0.035,-0.002,0.036,-0.060,0.010,0.012,-0.064,0.004,0.056
0.019,0.042,0.023,-0.031,-0.002,0.033,-0.060,0.010,0.009,-0.069,0.006,0.053
0.020,0.040,0.020,-0.030,0.001,0.030,-0.059,0.010,0.010,-0.075,0.004,0.050
0.020,0.040,0.020,-0.030,0.000,0.030,-0.055,0.010,0.010,-0.070,0.000,0.050
0.015,0.036,0.020,-0.025,-0.003,0.028,-0.055,0.006,0.006,-0.070,0.000,0.051
0.018,0.035,0.017,-0.027,0.000,0.026,-0.055,0.005,0.005,-0.067,0.000,0.047
0.019,0.034,0.014,-0.027,0.002,0.024,-0.055,0.005,0.003,-0.064,-0.001,0.045
0.014,0.029,0.015,-0.022,-0.001,0.022,-0.054,0.005,-0.001,-0.065,-0.006,0.044
0.010,0.025,0.015,-0.018,-0.003,0.020,-0.050,0.005,0.000,-0.070,-0.010,0.040
0.010,0.021,0.011,-0.016,0.000,0.016,-0.050,0.001,0.001,-0.083,-0.010,0.040
0.008,0.017,0.009,-0.012,-0.001,0.013,-0.050,0.000,-0.003,-0.086,-0.013,0.037
0.002,0.012,0.011,-0.007,-0.005,0.011,-0.050,-0.002,-0.005,-0.085,-0.015,0.035
0.001,0.010,0.009,-0.005,-0.004,0.010,-0.050,-0.006,-0.006,-0.085,-0.016,0.034
0.000,0.005,0.005,-0.003,-0.003,0.005,-0.050,-0.005,-0.010,-0.085,-0.020,0.030
-0.021,-0.016,0.005,0.018,-0.013,-0.005,-0.050,-0.001,-0.010,-0.085,-0.020,0.030
-0.025,-0.019,0.006,0.021,-0.015,-0.006,-0.050,0.000,-0.009,-0.085,-0.022,0.030
-0.017,-0.014,0.003,0.015,-0.009,-0.005,-0.050,0.002,-0.012,-0.085,-0.028,0.030
-0.015,-0.015,0.000,0.015,-0.007,-0.007,-0.050,0.006,-0.015,-0.085,-0.030,0.030
-0.015,-0.015,0.000,0.015,-0.007,-0.007,-0.050,0.005,-0.015,-0.085,-0.030,0.030
-0.015,-0.015,0.000,0.015,-0.007,-0.007,-0.050,0.001,-0.015,-0.086,-0.034,0.026
-0.014,-0.017,-0.003,0.016,-0.005,-0.009,-0.050,-0.003,-0.014,-0.081,-0.035,0.025
-0.019,-0.025,-0.006,0.023,-0.007,-0.015,-0.049,-0.007,-0.018,-0.084,-0.037,0.025
-0.025,-0.030,-0.005,0.028,-0.010,-0.017,-0.052,-0.011,-0.028,-0.098,-0.041,0.025
-0.020,-0.025,-0.005,0.023,-0.007,-0.015,-0.060,-0.015,-0.035,-0.105,-0.040,0.025
-0.015,-0.025,-0.009,0.020,-0.003,-0.017,-0.056,-0.019,-0.031,-0.101,-0.036,0.025
-0.015,-0.025,-0.010,0.020,-0.002,-0.017,-0.054,-0.021,-0.029,-0.099,-0.032,0.026
-0.015,-0.025,-0.010,0.020,-0.002,-0.017,-0.056,-0.018,-0.030,-0.100,-0.029,0.023
-0.016,-0.025,-0.010,0.020,-0.002,-0.017,-0.054,-0.015,-0.030,-0.100,-0.023,0.020
-0.015,-0.025,-0.010,0.020,-0.002,-0.017,-0.050,-0.015,-0.030,-0.100,-0.020,0.020
-0.005,-0.023,-0.018,0.014,0.007,-0.020,-0.050,-0.015,-0.030,-0.100,-0.036,0.020
-0.014,-0.035,-0.021,0.025,0.004,-0.028,-0.051,-0.016,-0.030,-0.100,-0.048,0.020
-0.019,-0.038,-0.019,0.029,0.000,-0.029,-0.048,-0.013,-0.030,-0.100,-0.051,0.020
-0.006,-0.028,-0.022,0.017,0.008,-0.025,-0.045,-0.010,-0.030,-0.100,-0.050,0.019
0.005,-0.025,-0.030,0.010,0.018,-0.027,-0.045,-0.010,-0.030,-0.100,-0.050,0.015
0.005,-0.021,-0.026,0.009,0.016,-0.023,-0.045,-0.010,-0.030,-0.100,-0.053,0.015
0.008,-0.017,-0.025,0.005,0.017,-0.021,-0.042,-0.010,-0.027,-0.100,-0.062,0.015
0.010,-0.014,-0.023,0.002,0.017,-0.019,-0.039,-0.010,-0.024,-0.100,-0.064,0.015
0.012,-0.008,-0.019,-0.002,0.016,-0.014,-0.040,-0.009,-0.025,-0.100,-0.059,0.015
0.015,-0.005,-0.020,-0.005,0.018,-0.012,-0.040,-0.005,-0.025,-0.100,-0.060,0.015
-0.007,-0.028,-0.021,0.017,0.007,-0.024,-0.036,-0.005,-0.025,-0.100,-0.060,0.016
-0.037,-0.054,-0.017,0.046,-0.010,-0.035,-0.034,-0.005,-0.025,-0.100,-0.057,0.009
-0.044,-0.059,-0.015,0.052,-0.014,-0.036,-0.036,-0.005,-0.025,-0.100,-0.054,0.002
-0.033,-0.047,-0.014,0.041,-0.009,-0.030,-0.034,-0.005,-0.025,-0.100,-0.056,-0.001
-0.030,-0.040,-0.010,0.035,-0.010,-0.025,-0.030,-0.005,-0.025,-0.100,-0.055,-0.005
-0.022,-0.032,-0.010,0.027,-0.006,-0.021,-0.029,0.003,-0.025,-0.100,-0.048,-0.013
-0.013,-0.024,-0.011,0.019,-0.001,-0.018,-0.031,0.011,-0.027,-0.102,-0.067,-0.018
-0.008,-0.015,-0.007,0.012,-0.001,-0.011,-0.025,0.020,-0.017,-0.092,-0.071,-0.024
-0.012,-0.010,0.002,0.011,-0.007,-0.004,-0.012,0.025,0.005,-0.070,-0.051,-0.023
-0.015,-0.005,0.010,0.010,-0.012,0.002,-0.005,0.030,0.025,-0.050,-0.040,-0.005
0.003,0.020,0.017,-0.011,-0.008,0.018,0.003,0.062,0.061,-0.010,-0.027,0.009
-0.001,0.028,0.029,-0.014,-0.015,0.028,0.013,0.089,0.096,0.026,-0.021,0.007
-0.002,0.022,0.025,-0.010,-0.014,0.023,0.013,0.115,0.140,0.070,0.016,0.023
0.023,0.028,0.005,-0.026,0.008,0.017,0.020,0.176,0.219,0.141,0.080,0.066
0.060,0.050,-0.010,-0.055,0.035,0.020,0.050,0.270,0.325,0.230,0.135,0.110
0.097,0.070,-0.026,-0.084,0.061,0.022,0.062,0.333,0.412,0.312,0.208,0.162
0.130,0.090,-0.041,-0.110,0.085,0.024,0.079,0.416,0.519,0.418,0.301,0.216
0.191,0.127,-0.064,-0.159,0.127,0.031,0.065,0.508,0.656,0.560,0.415,0.279
0.285,0.177,-0.108,-0.231,0.196,0.035,0.020,0.555,0.791,0.721,0.569,0.382
0.395,0.230,-0.165,-0.312,0.280,0.032,-0.020,0.555,0.905,0.885,0.770,0.530
0.519,0.302,-0.217,-0.411,0.368,0.043,-0.092,0.558,1.010,1.042,0.968,0.672
0.638,0.366,-0.272,-0.502,0.455,0.046,-0.194,0.530,1.069,1.147,1.153,0.801
0.753,0.427,-0.326,-0.590,0.539,0.050,-0.307,0.462,1.081,1.202,1.319,0.930
0.868,0.489,-0.379,-0.678,0.623,0.055,-0.444,0.335,1.008,1.167,1.384,1.035
0.930,0.510,-0.420,-0.720,0.675,0.045,-0.610,0.140,0.815,1.000,1.325,1.065
0.879,0.462,-0.417,-0.671,0.648,0.023,-0.732,-0.071,0.571,0.768,1.287,1.022
0.882,0.425,-0.457,-0.653,0.669,-0.016,-0.814,-0.290,0.259,0.439,1.133,0.985
0.870,0.338,-0.532,-0.603,0.700,-0.097,-0.872,-0.493,-0.057,0.091,0.895,0.899
0.781,0.225,-0.556,-0.503,0.668,-0.165,-0.924,-0.711,-0.376,-0.231,0.664,0.764
0.670,0.190,-0.480,-0.430,0.575,-0.145,-0.975,-0.975,-0.735,-0.540,0.465,0.670
0.518,0.153,-0.365,-0.335,0.442,-0.106,-1.008,-1.188,-1.024,-0.781,0.314,0.599
0.415,0.094,-0.321,-0.254,0.368,-0.114,-1.066,-1.329,-1.211,-0.956,0.179,0.513
0.342,0.027,-0.316,-0.185,0.329,-0.144,-1.079,-1.390,-1.310,-1.068,0.073,0.436
0.258,-0.035,-0.293,-0.112,0.275,-0.164,-1.044,-1.385,-1.317,-1.125,0.004,0.373
0.180,-0.080,-0.260,-0.050,0.220,-0.170,-1.020,-1.335,-1.255,-1.135,-0.060,0.310
0.137,-0.092,-0.229,-0.022,0.183,-0.161,-0.946,-1.230,-1.207,-1.091,-0.126,0.281
0.115,-0.074,-0.189,-0.020,0.152,-0.131,-0.836,-1.079,-1.078,-0.988,-0.137,0.254
0.093,-0.048,-0.141,-0.022,0.117,-0.094,-0.729,-0.928,-0.922,-0.865,-0.128,0.230
0.070,-0.033,-0.103,-0.019,0.087,-0.067,-0.638,-0.799,-0.802,-0.762,-0.131,0.217
0.055,-0.030,-0.085,-0.012,0.070,-0.057,-0.550,-0.680,-0.695,-0.680,-0.130,0.200
0.039,-0.026,-0.065,-0.006,0.052,-0.045,-0.459,-0.570,-0.593,-0.594,-0.126,0.165
0.024,-0.021,-0.045,-0.001,0.035,-0.033,-0.396,-0.480,-0.510,-0.527,-0.124,0.125
0.004,-0.020,-0.024,0.008,0.014,-0.022,-0.342,-0.415,-0.442,-0.472,-0.126,0.100
-0.013,-0.019,-0.007,0.016,-0.003,-0.013,-0.287,-0.361,-0.380,-0.416,-0.123,0.086
-0.015,-0.015,0.000,0.015,-0.007,-0.007,-0.240,-0.305,-0.320,-0.360,-0.115,0.070
-0.014,-0.011,0.004,0.012,-0.009,-0.003,-0.195,-0.249,-0.264,-0.307,-0.111,0.054
-0.021,-0.010,0.011,0.015,-0.016,0.000,-0.157,-0.191,-0.206,-0.264,-0.104,0.037
-0.026,-0.009,0.017,0.017,-0.021,0.004,-0.123,-0.145,-0.161,-0.225,-0.098,0.025
-0.025,-0.004,0.022,0.015,-0.023,0.009,-0.093,-0.112,-0.133,-0.195,-0.093,0.019
-0.030,0.000,0.030,0.015,-0.030,0.015,-0.070,-0.080,-0.105,-0.185,-0.085,0.015
-0.034,0.001,0.035,0.016,-0.035,0.017,-0.049,-0.063,-0.092,-0.173,-0.080,0.007
-0.037,-0.005,0.032,0.021,-0.035,0.013,-0.038,-0.052,-0.085,-0.161,-0.080,0.002
-0.045,-0.016,0.029,0.031,-0.037,0.007,-0.033,-0.037,-0.074,-0.149,-0.080,-0.004
-0.049,-0.019,0.030,0.034,-0.039,0.006,-0.029,-0.021,-0.063,-0.137,-0.080,-0.012
-0.035,-0.005,0.030,0.020,-0.032,0.012,-0.025,-0.010,-0.055,-0.130,-0.080,-0.015
-0.025,0.005,0.030,0.010,-0.028,0.017,-0.017,-0.001,-0.043,-0.126,-0.079,-0.011
-0.033,-0.003,0.031,0.018,-0.032,0.014,-0.012,0.003,-0.034,-0.119,-0.087,-0.010
-0.043,-0.015,0.028,0.029,-0.036,0.006,-0.008,0.009,-0.026,-0.113,-0.089,-0.010
-0.046,-0.022,0.025,0.033,-0.035,0.001,-0.004,0.016,-0.019,-0.108,-0.084,-0.010
-0.055,-0.030,0.025,0.042,-0.040,-0.002,0.000,0.020,-0.015,-0.100,-0.085,-0.010
-0.064,-0.039,0.025,0.051,-0.045,-0.006,0.000,0.028,-0.011,-0.096,-0.085,-0.010
-0.063,-0.038,0.025,0.050,-0.043,-0.006,-0.001,0.034,-0.007,-0.092,-0.085,-0.009
-0.059,-0.034,0.025,0.046,-0.041,-0.005,0.002,0.034,-0.003,-0.090,-0.085,-0.012
-0.060,-0.035,0.025,0.047,-0.042,-0.005,0.005,0.029,0.001,-0.090,-0.085,-0.024
-0.060,-0.035,0.025,0.047,-0.042,-0.005,0.005,0.030,0.005,-0.090,-0.085,-0.035
-0.056,-0.035,0.021,0.045,-0.038,-0.007,0.005,0.042,0.018,-0.090,-0.085,-0.031
-0.055,-0.036,0.020,0.045,-0.037,-0.007,0.004,0.049,0.021,-0.091,-0.085,-0.029
-0.053,-0.033,0.020,0.043,-0.036,-0.006,0.007,0.050,0.020,-0.088,-0.085,-0.030
-0.049,-0.030,0.020,0.040,-0.035,-0.005,0.010,0.050,0.020,-0.085,-0.085,-0.030
-0.050,-0.030,0.020,0.040,-0.035,-0.005,0.010,0.050,0.020,-0.085,-0.085,-0.030
-0.050,-0.030,0.020,0.040,-0.035,-0.005,0.010,0.050,0.020,-0.085,-0.085,-0.030
-0.047,-0.030,0.017,0.038,-0.032,-0.006,0.010,0.050,0.020,-0.085,-0.082,-0.030
-0.044,-0.030,0.014,0.037,-0.029,-0.007,0.012,0.050,0.020,-0.085,-0.079,-0.030
-0.045,-0.030,0.015,0.037,-0.030,-0.007,0.015,0.050,0.020,-0.085,-0.080,-0.029
-0.045,-0.030,0.015,0.037,-0.030,-0.007,0.015,0.050,0.020,-0.085,-0.080,-0.025
-0.041,-0.026,0.015,0.033,-0.028,-0.005,0.015,0.050,0.020,-0.081,-0.080,-0.025
-0.039,-0.025,0.015,0.032,-0.027,-0.005,0.018,0.050,0.020,-0.080,-0.080,-0.025
-0.041,-0.025,0.015,0.032,-0.028,-0.005,0.020,0.050,0.019,-0.080,-0.080,-0.025
-0.039,-0.025,0.014,0.032,-0.026,-0.005,0.020,0.050,0.022,-0.080,-0.080,-0.025
-0.035,-0.025,0.010,0.030,-0.022,-0.007,0.020,0.050,0.030,-0.080,-0.080,-0.025
-0.035,-0.025,0.010,0.030,-0.022,-0.007,0.020,0.050,0.026,-0.080,-0.080,-0.025
-0.033,-0.022,0.011,0.027,-0.021,-0.005,0.023,0.050,0.025,-0.077,-0.080,-0.026
-0.028,-0.019,0.009,0.024,-0.018,-0.005,0.026,0.050,0.023,-0.074,-0.080,-0.023
-0.033,-0.020,0.013,0.026,-0.023,-0.004,0.025,0.050,0.019,-0.075,-0.080,-0.020
-0.045,-0.020,0.025,0.032,-0.035,0.002,0.025,0.050,0.020,-0.075,-0.080,-0.020
-0.038,-0.020,0.018,0.029,-0.028,-0.001,0.025,0.049,0.023,-0.075,-0.076,-0.020
-0.026,-0.020,0.006,0.023,-0.016,-0.006,0.025,0.056,0.035,-0.075,-0.075,-0.020
-0.029,-0.020,0.009,0.025,-0.019,-0.006,0.025,0.061,0.040,-0.075,-0.075,-0.020
-0.043,-0.019,0.024,0.031,-0.034,0.002,0.025,0.060,0.034,-0.075,-0.075,-0.020
-0.050,-0.015,0.035,0.032,-0.042,0.010,0.025,0.060,0.035,-0.075,-0.075,-0.020
-0.046,-0.015,0.031,0.030,-0.038,0.008,0.025,0.060,0.035,-0.084,-0.075,-0.020
-0.044,-0.015,0.029,0.030,-0.036,0.007,0.025,0.060,0.035,-0.083,-0.075,-0.019
-0.045,-0.015,0.030,0.030,-0.037,0.007,0.025,0.060,0.035,-0.079,-0.075,-0.022
-0.045,-0.015,0.030,0.030,-0.037,0.007,0.025,0.060,0.035,-0.080,-0.075,-0.025
-0.045,-0.015,0.030,0.030,-0.037,0.007,0.025,0.060,0.035,-0.080,-0.075,-0.025
-0.046,-0.016,0.030,0.031,-0.037,0.007,0.025,0.064,0.035,-0.080,-0.075,-0.025
-0.040,-0.010,0.030,0.025,-0.035,0.010,0.025,0.066,0.035,-0.080,-0.075,-0.025
-0.048,-0.018,0.030,0.033,-0.039,0.006,0.025,0.063,0.035,-0.080,-0.075,-0.025
-0.061,-0.031,0.030,0.046,-0.045,-0.001,0.025,0.060,0.035,-0.080,-0.075,-0.025
-0.055,-0.025,0.030,0.040,-0.042,0.002,0.025,0.060,0.035,-0.080,-0.075,-0.025
-0.055,-0.025,0.030,0.040,-0.042,0.002,0.024,0.060,0.035,-0.080,-0.075,-0.025
-0.052,-0.025,0.027,0.038,-0.039,0.001,0.031,0.060,0.035,-0.080,-0.075,-0.025
-0.049,-0.025,0.024,0.037,-0.036,0.000,0.038,0.059,0.034,-0.080,-0.075,-0.025
-0.050,-0.025,0.025,0.037,-0.037,0.000,0.040,0.063,0.037,-0.080,-0.075,-0.025
-0.050,-0.025,0.025,0.037,-0.037,0.000,0.040,0.075,0.050,-0.080,-0.075,-0.025
-0.050,-0.025,0.025,0.037,-0.037,0.000,0.040,0.071,0.051,-0.080,-0.075,-0.025
-0.051,-0.026,0.025,0.038,-0.037,0.000,0.040,0.069,0.050,-0.080,-0.075,-0.025
-0.048,-0.023,0.025,0.035,-0.036,0.001,0.040,0.070,0.050,-0.080,-0.075,-0.025
-0.045,-0.020,0.025,0.032,-0.035,0.002,0.040,0.070,0.050,-0.080,-0.075,-0.025
-0.045,-0.020,0.025,0.032,-0.035,0.002,0.040,0.070,0.050,-0.080,-0.075,-0.025
-0.045,-0.020,0.025,0.032,-0.035,0.002,0.040,0.070,0.050,-0.080,-0.075,-0.025
-0.046,-0.020,0.026,0.032,-0.036,0.003,0.040,0.070,0.050,-0.080,-0.074,-0.025
-0.041,-0.020,0.021,0.030,-0.031,0.000,0.040,0.070,0.050,-0.080,-0.077,-0.025
-0.025,-0.020,0.005,0.023,-0.015,-0.007,0.039,0.069,0.050,-0.080,-0.080,-0.025
-0.015,-0.020,-0.005,0.018,-0.005,-0.012,0.040,0.070,0.050,-0.080,-0.080,-0.025
-0.034,-0.021,0.014,0.028,-0.024,-0.003,0.052,0.082,0.050,-0.080,-0.080,-0.021
-0.050,-0.015,0.035,0.032,-0.043,0.010,0.059,0.089,0.050,-0.080,-0.081,-0.018
-0.046,-0.006,0.039,0.026,-0.042,0.017,0.060,0.090,0.050,-0.080,-0.078,-0.026
-0.040,-0.006,0.034,0.023,-0.037,0.014,0.060,0.090,0.050,-0.079,-0.075,-0.035
-0.050,-0.015,0.035,0.032,-0.042,0.010,0.060,0.090,0.050,-0.075,-0.075,-0.030
-0.059,-0.024,0.035,0.041,-0.047,0.005,0.060,0.090,0.050,-0.075,-0.075,-0.030
-0.057,-0.023,0.035,0.039,-0.046,0.006,0.060,0.090,0.051,-0.076,-0.075,-0.030
-0.054,-0.019,0.035,0.036,-0.045,0.007,0.060,0.090,0.048,-0.073,-0.075,-0.030
-0.055,-0.020,0.035,0.037,-0.045,0.007,0.060,0.090,0.044,-0.070,-0.075,-0.030
-0.055,-0.020,0.035,0.037,-0.045,0.007,0.060,0.090,0.045,-0.070,-0.075,-0.030
-0.055,-0.020,0.035,0.037,-0.045,0.007,0.060,0.090,0.048,-0.070,-0.075,-0.030
-0.052,-0.017,0.035,0.034,-0.043,0.009,0.060,0.090,0.057,-0.070,-0.072,-0.030
-0.049,-0.014,0.035,0.031,-0.042,0.010,0.060,0.089,0.061,-0.068,-0.069,-0.030
-0.050,-0.015,0.035,0.032,-0.042,0.010,0.060,0.092,0.060,-0.065,-0.070,-0.030
-0.050,-0.015,0.035,0.032,-0.042,0.010,0.060,0.100,0.060,-0.065,-0.070,-0.030
-0.050,-0.015,0.035,0.032,-0.042,0.010,0.060,0.101,0.060,-0.065,-0.070,-0.030
-0.050,-0.016,0.035,0.032,-0.042,0.010,0.060,0.098,0.059,-0.062,-0.070,-0.031
-0.048,-0.013,0.035,0.030,-0.042,0.011,0.060,0.105,0.063,-0.060,-0.070,-0.028
-0.044,-0.010,0.034,0.026,-0.039,0.012,0.060,0.117,0.072,-0.060,-0.070,-0.025
-0.045,-0.010,0.035,0.027,-0.040,0.012,0.060,0.120,0.075,-0.060,-0.070,-0.025
-0.058,-0.010,0.048,0.034,-0.053,0.019,0.060,0.121,0.075,-0.060,-0.066,-0.025
-0.059,-0.011,0.048,0.034,-0.053,0.018,0.060,0.115,0.075,-0.057,-0.065,-0.025
-0.053,-0.008,0.044,0.030,-0.048,0.018,0.060,0.120,0.075,-0.055,-0.065,-0.025
-0.049,-0.005,0.044,0.026,-0.046,0.020,0.060,0.131,0.075,-0.055,-0.065,-0.025
-0.045,-0.005,0.040,0.025,-0.042,0.017,0.060,0.130,0.075,-0.055,-0.065,-0.025
-0.045,-0.005,0.040,0.025,-0.042,0.017,0.060,0.129,0.074,-0.056,-0.065,-0.025
-0.046,-0.005,0.041,0.025,-0.043,0.017,0.062,0.135,0.086,-0.049,-0.065,-0.025
-0.043,-0.005,0.038,0.024,-0.040,0.016,0.068,0.145,0.103,-0.042,-0.065,-0.025
-0.039,-0.004,0.035,0.021,-0.036,0.015,0.070,0.150,0.111,-0.039,-0.065,-0.025
-0.035,0.000,0.035,0.017,-0.035,0.017,0.070,0.150,0.110,-0.035,-0.065,-0.025
-0.032,0.004,0.035,0.013,-0.034,0.020,0.078,0.163,0.110,-0.031,-0.061,-0.025
-0.023,0.008,0.032,0.007,-0.028,0.020,0.081,0.162,0.109,-0.027,-0.060,-0.022
-0.019,0.011,0.029,0.004,-0.024,0.020,0.079,0.164,0.112,-0.023,-0.058,-0.019
-0.012,0.019,0.030,-0.003,-0.022,0.024,0.080,0.178,0.124,-0.019,-0.054,-0.020
0.005,0.035,0.030,-0.020,-0.013,0.032,0.085,0.185,0.135,-0.015,-0.055,-0.020
0.010,0.036,0.026,-0.023,-0.008,0.031,0.093,0.188,0.130,-0.011,-0.055,-0.016
0.010,0.035,0.025,-0.023,-0.008,0.030,0.098,0.198,0.137,-0.007,-0.052,-0.015
0.011,0.035,0.024,-0.024,-0.007,0.030,0.104,0.211,0.153,-0.003,-0.049,-0.015
0.008,0.035,0.027,-0.022,-0.010,0.031,0.111,0.215,0.160,0.001,-0.050,-0.015
-0.005,0.035,0.040,-0.015,-0.023,0.037,0.110,0.215,0.160,0.005,-0.050,-0.015
-0.018,0.035,0.053,-0.009,-0.036,0.044,0.110,0.228,0.173,0.004,-0.046,-0.011
-0.019,0.035,0.054,-0.008,-0.037,0.044,0.110,0.230,0.175,0.010,-0.044,-0.009
-0.010,0.035,0.045,-0.013,-0.028,0.040,0.110,0.233,0.180,0.019,-0.046,-0.011
-0.014,0.034,0.048,-0.010,-0.032,0.041,0.110,0.242,0.193,0.027,-0.044,-0.009
-0.030,0.035,0.065,-0.003,-0.048,0.050,0.115,0.255,0.200,0.035,-0.040,-0.005
-0.006,0.052,0.058,-0.024,-0.033,0.055,0.136,0.276,0.208,0.044,-0.040,-0.005
0.004,0.054,0.050,-0.029,-0.023,0.052,0.139,0.283,0.215,0.043,-0.039,-0.005
-0.005,0.047,0.052,-0.021,-0.029,0.049,0.133,0.277,0.213,0.038,-0.045,-0.006
-0.019,0.054,0.073,-0.018,-0.046,0.063,0.138,0.285,0.219,0.043,-0.049,-0.004
-0.030,0.075,0.105,-0.023,-0.068,0.090,0.150,0.310,0.240,0.060,-0.040,0.005
-0.018,0.088,0.107,-0.035,-0.063,0.097,0.154,0.309,0.244,0.063,-0.036,0.009
-0.010,0.094,0.104,-0.042,-0.058,0.099,0.161,0.325,0.257,0.077,-0.029,0.012
-0.010,0.095,0.105,-0.043,-0.058,0.100,0.168,0.337,0.268,0.089,-0.023,0.019
-0.010,0.095,0.105,-0.043,-0.058,0.100,0.170,0.336,0.272,0.091,-0.018,0.026
-0.010,0.095,0.105,-0.043,-0.058,0.100,0.170,0.345,0.280,0.095,-0.010,0.030
-0.003,0.102,0.105,-0.050,-0.054,0.104,0.170,0.344,0.279,0.094,-0.006,0.034
0.010,0.115,0.105,-0.063,-0.048,0.110,0.171,0.354,0.288,0.103,0.001,0.037
0.017,0.121,0.104,-0.069,-0.044,0.112,0.168,0.362,0.301,0.115,0.009,0.046
0.014,0.112,0.098,-0.063,-0.042,0.104,0.165,0.359,0.304,0.122,0.017,0.056
0.015,0.110,0.095,-0.063,-0.040,0.102,0.165,0.360,0.300,0.125,0.025,0.060
0.029,0.144,0.115,-0.087,-0.043,0.130,0.161,0.367,0.310,0.123,0.033,0.072
0.023,0.148,0.125,-0.086,-0.051,0.137,0.159,0.384,0.329,0.138,0.042,0.080
0.026,0.151,0.125,-0.089,-0.050,0.138,0.161,0.390,0.335,0.145,0.046,0.080
0.043,0.167,0.124,-0.105,-0.041,0.146,0.159,0.383,0.329,0.139,0.045,0.081
0.045,0.165,0.120,-0.105,-0.038,0.142,0.155,0.380,0.330,0.140,0.045,0.085
0.048,0.164,0.116,-0.106,-0.035,0.140,0.155,0.380,0.326,0.140,0.045,0.084
0.060,0.171,0.111,-0.116,-0.026,0.141,0.152,0.378,0.325,0.140,0.045,0.095
0.066,0.176,0.110,-0.121,-0.022,0.142,0.149,0.372,0.323,0.139,0.046,0.100
0.065,0.175,0.109,-0.120,-0.023,0.142,0.151,0.370,0.320,0.143,0.053,0.102
0.070,0.175,0.105,-0.123,-0.018,0.140,0.150,0.370,0.320,0.155,0.065,0.115
0.075,0.175,0.101,-0.125,-0.013,0.138,0.142,0.362,0.316,0.152,0.070,0.120
0.074,0.174,0.100,-0.124,-0.014,0.136,0.136,0.354,0.315,0.147,0.071,0.120
0.081,0.179,0.099,-0.130,-0.010,0.139,0.133,0.346,0.313,0.143,0.069,0.121
0.092,0.185,0.094,-0.139,-0.001,0.139,0.129,0.338,0.310,0.139,0.073,0.128
0.090,0.180,0.090,-0.135,0.000,0.135,0.125,0.330,0.310,0.135,0.085,0.140
0.086,0.176,0.090,-0.131,-0.003,0.133,0.121,0.321,0.303,0.130,0.081,0.137
0.085,0.172,0.087,-0.129,-0.001,0.129,0.118,0.318,0.293,0.131,0.080,0.132
0.083,0.168,0.085,-0.126,-0.001,0.126,0.110,0.309,0.288,0.127,0.078,0.128
0.080,0.164,0.084,-0.122,-0.003,0.124,0.097,0.298,0.284,0.119,0.075,0.125
0.080,0.160,0.080,-0.120,0.000,0.120,0.090,0.290,0.275,0.115,0.075,0.125
0.076,0.156,0.080,-0.116,-0.003,0.118,0.083,0.278,0.266,0.107,0.071,0.121
0.075,0.152,0.077,-0.114,-0.001,0.114,0.071,0.269,0.263,0.102,0.069,0.116
0.073,0.148,0.075,-0.111,-0.001,0.111,0.061,0.258,0.253,0.096,0.071,0.115
0.069,0.144,0.075,-0.107,-0.003,0.109,0.053,0.241,0.237,0.089,0.069,0.114
0.070,0.140,0.070,-0.105,0.000,0.105,0.045,0.225,0.225,0.085,0.065,0.110
0.071,0.136,0.066,-0.104,0.002,0.101,0.041,0.209,0.209,0.081,0.065,0.106
0.067,0.132,0.065,-0.100,0.001,0.098,0.037,0.192,0.195,0.077,0.062,0.105
0.065,0.128,0.064,-0.097,0.000,0.095,0.033,0.180,0.186,0.073,0.060,0.103
0.065,0.123,0.059,-0.094,0.002,0.091,0.029,0.173,0.178,0.069,0.059,0.099
0.060,0.115,0.055,-0.088,0.002,0.085,0.025,0.165,0.170,0.065,0.055,0.095
0.055,0.111,0.055,-0.084,0.000,0.083,0.025,0.157,0.166,0.061,0.055,0.091
0.056,0.108,0.052,-0.082,0.002,0.079,0.022,0.149,0.160,0.058,0.056,0.090
0.051,0.101,0.050,-0.076,0.000,0.075,0.018,0.141,0.150,0.051,0.053,0.089
0.044,0.094,0.049,-0.069,-0.003,0.071,0.014,0.134,0.144,0.044,0.049,0.084
0.045,0.090,0.045,-0.068,0.000,0.067,0.010,0.130,0.140,0.040,0.045,0.080
0.041,0.086,0.045,-0.064,-0.002,0.065,0.006,0.122,0.132,0.036,0.041,0.080
0.036,0.082,0.046,-0.060,-0.005,0.064,0.005,0.113,0.124,0.029,0.037,0.078
0.035,0.078,0.043,-0.057,-0.004,0.060,0.005,0.108,0.116,0.022,0.033,0.072
0.034,0.074,0.040,-0.054,-0.003,0.056,0.005,0.103,0.108,0.019,0.030,0.070
0.030,0.070,0.040,-0.050,-0.005,0.055,0.005,0.095,0.100,0.015,0.030,0.070
0.030,0.066,0.036,-0.049,-0.003,0.051,0.014,0.087,0.092,0.011,0.026,0.066
0.027,0.061,0.034,-0.045,-0.004,0.048,0.013,0.082,0.084,0.007,0.025,0.064
0.024,0.060,0.036,-0.043,-0.005,0.047,0.009,0.078,0.078,0.003,0.023,0.066
0.025,0.059,0.034,-0.043,-0.005,0.046,0.010,0.074,0.074,-0.001,0.020,0.064
0.025,0.055,0.030,-0.040,-0.003,0.042,0.010,0.070,0.070,-0.005,0.020,0.060
0.025,0.055,0.030,-0.040,-0.003,0.042,0.006,0.066,0.066,-0.005,0.016,0.060
0.025,0.052,0.027,-0.039,-0.001,0.039,0.004,0.061,0.065,-0.008,0.015,0.061
0.026,0.050,0.024,-0.038,0.001,0.037,0.006,0.060,0.064,-0.012,0.013,0.058
0.024,0.049,0.025,-0.037,-0.001,0.037,0.004,0.059,0.059,-0.016,0.010,0.055
0.020,0.045,0.025,-0.033,-0.003,0.035,0.000,0.055,0.055,-0.020,0.010,0.055
0.024,0.045,0.021,-0.035,0.001,0.033,0.000,0.051,0.055,-0.025,0.006,0.055
0.022,0.042,0.019,-0.032,0.001,0.030,0.001,0.047,0.053,-0.024,0.005,0.052
0.019,0.040,0.021,-0.030,-0.001,0.030,-0.002,0.043,0.047,-0.029,0.003,0.049
0.020,0.039,0.019,-0.030,0.000,0.029,-0.005,0.040,0.045,-0.036,0.000,0.050
0.020,0.035,0.015,-0.028,0.002,0.025,-0.005,0.040,0.045,-0.035,0.000,0.050
0.020,0.035,0.015,-0.028,0.002,0.025,-0.005,0.036,0.041,-0.035,-0.004,0.046
0.017,0.032,0.015,-0.025,0.001,0.023,-0.008,0.035,0.040,-0.037,-0.006,0.044
0.015,0.030,0.015,-0.023,0.000,0.022,-0.011,0.033,0.038,-0.045,-0.004,0.046
0.014,0.029,0.015,-0.022,0.000,0.022,-0.010,0.029,0.035,-0.050,-0.006,0.044
0.010,0.025,0.015,-0.018,-0.003,0.020,-0.010,0.030,0.035,-0.045,-0.010,0.040
0.010,0.025,0.015,-0.018,-0.003,0.020,-0.014,0.030,0.031,-0.045,-0.010,0.040
0.006,0.022,0.016,-0.015,-0.005,0.018,-0.016,0.027,0.029,-0.045,-0.009,0.041
0.006,0.019,0.013,-0.013,-0.003,0.016,-0.014,0.024,0.031,-0.045,-0.012,0.038
0.011,0.020,0.010,-0.015,0.000,0.015,-0.016,0.025,0.029,-0.045,-0.015,0.035
0.010,0.020,0.010,-0.015,0.000,0.015,-0.020,0.025,0.025,-0.045,-0.015,0.035
0.010,0.020,0.010,-0.015,0.000,0.015,-0.020,0.021,0.025,-0.045,-0.015,0.035
0.010,0.020,0.010,-0.015,0.000,0.015,-0.020,0.019,0.022,-0.044,-0.018,0.036
0.010,0.020,0.010,-0.015,0.000,0.015,-0.020,0.021,0.020,-0.048,-0.021,0.033
0.010,0.020,0.010,-0.015,0.000,0.015,-0.019,0.019,0.019,-0.057,-0.020,0.030
0.010,0.020,0.010,-0.015,0.000,0.015,-0.015,0.015,0.015,-0.060,-0.020,0.030
0.010,0.020,0.010,-0.015,0.000,0.015,-0.015,0.015,0.015,-0.060,-0.028,0.030
0.013,0.020,0.007,-0.017,0.003,0.013,-0.015,0.012,0.016,-0.060,-0.034,0.030
0.015,0.020,0.004,-0.018,0.005,0.012,-0.015,0.009,0.013,-0.060,-0.035,0.030
0.015,0.020,0.005,-0.018,0.005,0.012,-0.015,0.010,0.010,-0.060,-0.036,0.029
0.015,0.020,0.005,-0.018,0.005,0.012,-0.015,0.010,0.010,-0.060,-0.045,0.025
0.011,0.016,0.005,-0.014,0.003,0.010,-0.015,0.006,0.010,-0.060,-0.050,0.025
0.010,0.015,0.005,-0.013,0.002,0.010,-0.015,0.004,0.010,-0.060,-0.050,0.025
0.010,0.015,0.005,-0.013,0.002,0.010,-0.015,0.006,0.010,-0.060,-0.050,0.025
0.010,0.015,0.005,-0.013,0.002,0.010,-0.015,0.004,0.010,-0.060,-0.050,0.025
0.010,0.015,0.005,-0.013,0.002,0.010,-0.015,0.000,0.010,-0.060,-0.050,0.025
0.011,0.015,0.004,-0.014,0.003,0.009,-0.015,0.000,0.010,-0.060,-0.050,0.025
0.000,0.015,0.015,-0.008,-0.008,0.015,-0.016,0.000,0.007,-0.060,-0.050,0.022
-0.005,0.015,0.020,-0.005,-0.013,0.017,-0.013,0.002,0.004,-0.060,-0.050,0.019
0.001,0.015,0.014,-0.008,-0.007,0.015,-0.010,0.005,0.005,-0.060,-0.050,0.020
0.000,0.015,0.015,-0.008,-0.008,0.015,-0.010,0.005,0.005,-0.060,-0.050,0.020
0.000,0.015,0.015,-0.008,-0.008,0.015,-0.010,0.005,0.005,-0.060,-0.050,0.020
0.000,0.015,0.015,-0.008,-0.008,0.015,-0.010,0.005,0.005,-0.058,-0.050,0.021
0.001,0.016,0.015,-0.009,-0.008,0.015,-0.010,0.005,0.005,-0.066,-0.050,0.018
-0.002,0.013,0.015,-0.006,-0.009,0.014,-0.010,0.006,0.005,-0.075,-0.050,0.015
-0.005,0.010,0.015,-0.003,-0.010,0.012,-0.010,0.010,0.005,-0.070,-0.050,0.015
0.008,0.023,0.015,-0.016,-0.004,0.019,-0.010,0.010,0.001,-0.070,-0.050,0.015
0.008,0.023,0.015,-0.016,-0.004,0.019,-0.010,0.010,0.000,-0.071,-0.051,0.015
0.004,0.019,0.015,-0.012,-0.005,0.017,-0.010,0.010,0.000,-0.068,-0.048,0.015
0.004,0.019,0.015,-0.012,-0.005,0.017,-0.010,0.010,0.000,-0.065,-0.045,0.015
0.000,0.015,0.015,-0.008,-0.008,0.015,-0.010,0.010,0.000,-0.065,-0.045,0.015
0.000,0.015,0.015,-0.008,-0.008,0.015,-0.009,0.010,0.000,-0.065,-0.045,0.015
-0.003,0.012,0.015,-0.005,-0.009,0.013,-0.020,0.013,0.000,-0.062,-0.045,0.015
-0.006,0.009,0.015,-0.002,-0.010,0.011,-0.025,0.016,0.000,-0.059,-0.045,0.015
-0.003,0.012,0.015,-0.005,-0.009,0.013,-0.019,0.015,0.000,-0.060,-0.045,0.015
0.010,0.025,0.015,-0.018,-0.003,0.020,-0.020,0.015,0.000,-0.060,-0.045,0.015
0.028,0.039,0.010,-0.034,0.009,0.024,-0.021,0.015,0.004,-0.056,-0.045,0.015
0.026,0.038,0.012,-0.032,0.007,0.025,-0.017,0.014,0.005,-0.054,-0.042,0.015
0.032,0.034,0.002,-0.033,0.014,0.018,-0.014,0.017,0.007,-0.056,-0.039,0.015
0.028,0.035,0.007,-0.032,0.010,0.021,-0.015,0.020,0.011,-0.054,-0.040,0.015
-0.010,0.035,0.045,-0.013,-0.028,0.040,-0.015,0.020,0.010,-0.050,-0.040,0.015
-0.008,0.035,0.043,-0.014,-0.026,0.039,-0.011,0.020,0.009,-0.050,-0.040,0.015
-0.003,0.035,0.038,-0.016,-0.021,0.036,-0.009,0.020,0.013,-0.051,-0.040,0.015
-0.006,0.035,0.041,-0.015,-0.024,0.037,-0.011,0.020,0.015,-0.048,-0.040,0.015
-0.005,0.035,0.040,-0.015,-0.023,0.037,-0.009,0.020,0.016,-0.045,-0.040,0.015
-0.005,0.035,0.040,-0.015,-0.023,0.037,-0.005,0.020,0.020,-0.045,-0.040,0.015
-0.005,0.035,0.040,-0.015,-0.023,0.037,-0.005,0.020,0.020,-0.045,-0.036,0.015
-0.004,0.036,0.040,-0.016,-0.023,0.037,-0.006,0.021,0.019,-0.042,-0.035,0.015
-0.007,0.033,0.040,-0.013,-0.024,0.036,-0.003,0.017,0.022,-0.040,-0.035,0.015
-0.010,0.030,0.040,-0.010,-0.025,0.035,0.000,0.017,0.025,-0.040,-0.035,0.015
-0.010,0.030,0.040,-0.010,-0.025,0.035,0.000,0.030,0.025,-0.040,-0.035,0.015
-0.010,0.030,0.040,-0.010,-0.025,0.035,0.000,0.035,0.029,-0.040,-0.035,0.015
-0.010,0.030,0.040,-0.010,-0.025,0.035,0.003,0.035,0.031,-0.037,-0.035,0.015
-0.010,0.030,0.040,-0.010,-0.025,0.035,0.006,0.035,0.029,-0.034,-0.035,0.015
-0.009,0.030,0.039,-0.010,-0.024,0.035,0.005,0.035,0.031,-0.035,-0.035,0.015
-0.005,0.030,0.035,-0.013,-0.020,0.032,0.005,0.035,0.035,-0.035,-0.035,0.015
-0.005,0.030,0.035,-0.013,-0.020,0.032,0.009,0.035,0.035,-0.031,-0.039,0.015
-0.005,0.030,0.035,-0.013,-0.020,0.032,0.010,0.034,0.034,-0.030,-0.040,0.016
-0.005,0.030,0.035,-0.013,-0.020,0.032,0.010,0.037,0.037,-0.030,-0.040,0.013
-0.005,0.030,0.035,-0.013,-0.020,0.032,0.010,0.040,0.040,-0.030,-0.040,0.010
-0.005,0.030,0.035,-0.013,-0.020,0.032,0.010,0.040,0.040,-0.030,-0.040,0.010
-0.005,0.030,0.035,-0.013,-0.020,0.032,0.006,0.040,0.040,-0.026,-0.036,0.010
-0.005,0.030,0.035,-0.013,-0.020,0.032,0.005,0.040,0.040,-0.025,-0.034,0.010
-0.005,0.030,0.035,-0.013,-0.020,0.032,0.005,0.040,0.040,-0.025,-0.036,0.010
-0.005,0.030,0.035,-0.013,-0.020,0.032,0.005,0.040,0.040,-0.025,-0.034,0.009
-0.005,0.030,0.035,-0.013,-0.020,0.032,0.005,0.040,0.040,-0.025,-0.030,0.005
-0.005,0.030,0.035,-0.013,-0.020,0.032,0.005,0.040,0.040,-0.021,-0.030,0.005
-0.005,0.030,0.035,-0.013,-0.020,0.032,0.005,0.040,0.040,-0.019,-0.030,0.005
-0.005,0.030,0.035,-0.013,-0.020,0.032,0.005,0.040,0.040,-0.021,-0.030,0.005
-0.004,0.030,0.034,-0.013,-0.019,0.032,0.005,0.040,0.040,-0.019,-0.029,0.005
-0.005,0.030,0.035,-0.013,-0.020,0.032,0.005,0.040,0.040,-0.015,-0.025,0.005
-0.018,0.030,0.048,-0.006,-0.033,0.039,0.005,0.049,0.040,-0.015,-0.025,0.013
-0.020,0.028,0.048,-0.004,-0.034,0.038,0.005,0.048,0.040,-0.015,-0.025,0.016
-0.008,0.036,0.044,-0.015,-0.026,0.040,0.005,0.044,0.040,-0.015,-0.025,0.014
0.000,0.045,0.045,-0.023,-0.023,0.045,0.005,0.045,0.040,-0.014,-0.024,0.017
-0.010,0.035,0.045,-0.013,-0.028,0.040,0.005,0.045,0.040,-0.010,-0.020,0.025
-0.022,0.023,0.045,-0.001,-0.034,0.034,0.005,0.045,0.040,-0.010,-0.020,0.021
0.002,0.044,0.042,-0.023,-0.021,0.042,0.005,0.042,0.039,-0.010,-0.021,0.019
0.017,0.057,0.039,-0.037,-0.012,0.048,0.005,0.039,0.042,-0.010,-0.018,0.020
0.009,0.049,0.040,-0.029,-0.016,0.044,0.005,0.040,0.045,-0.010,-0.015,0.020
0.010,0.050,0.040,-0.030,-0.015,0.045,0.005,0.040,0.040,-0.010,-0.015,0.020
0.010,0.051,0.040,-0.030,-0.015,0.045,0.005,0.040,0.040,-0.018,-0.015,0.020
0.010,0.047,0.037,-0.029,-0.014,0.042,0.006,0.037,0.041,-0.024,-0.015,0.020
0.010,0.044,0.034,-0.028,-0.013,0.039,0.003,0.034,0.038,-0.025,-0.013,0.020
0.010,0.045,0.035,-0.028,-0.013,0.040,0.000,0.035,0.035,-0.025,-0.010,0.019
0.010,0.045,0.035,-0.028,-0.013,0.040,0.000,0.035,0.035,-0.025,-0.010,0.015
0.006,0.041,0.035,-0.024,-0.015,0.037,0.000,0.035,0.035,-0.025,-0.010,0.015
0.004,0.039,0.036,-0.022,-0.016,0.037,-0.003,0.036,0.036,-0.025,-0.008,0.015
0.007,0.041,0.033,-0.024,-0.013,0.037,-0.006,0.033,0.033,-0.025,-0.016,0.015
0.010,0.039,0.030,-0.024,-0.010,0.034,-0.005,0.030,0.030,-0.025,-0.026,0.015
0.005,0.035,0.030,-0.020,-0.013,0.032,-0.005,0.030,0.030,-0.025,-0.025,0.015
0.005,0.035,0.030,-0.020,-0.013,0.032,-0.009,0.030,0.030,-0.025,-0.025,0.015
0.005,0.036,0.031,-0.020,-0.013,0.033,-0.010,0.031,0.030,-0.025,-0.025,0.016
0.005,0.033,0.028,-0.019,-0.012,0.030,-0.010,0.028,0.028,-0.025,-0.025,0.013
0.005,0.030,0.025,-0.018,-0.010,0.027,-0.010,0.025,0.025,-0.025,-0.025,0.010
0.005,0.030,0.025,-0.018,-0.010,0.027,-0.010,0.025,0.025,-0.025,-0.025,0.010
0.005,0.030,0.025,-0.018,-0.010,0.027,-0.010,0.025,0.025,-0.025,-0.025,0.010
0.002,0.027,0.025,-0.015,-0.012,0.026,-0.010,0.025,0.022,-0.025,-0.025,0.010
0.000,0.024,0.024,-0.013,-0.012,0.024,-0.010,0.025,0.020,-0.025,-0.025,0.010
-0.001,0.025,0.027,-0.012,-0.015,0.026,-0.010,0.024,0.020,-0.026,-0.025,0.010
-0.010,0.025,0.035,-0.008,-0.023,0.030,-0.010,0.020,0.020,-0.030,-0.025,0.010
-0.011,0.021,0.032,-0.005,-0.021,0.026,-0.010,0.020,0.020,-0.030,-0.025,0.010
-0.007,0.020,0.026,-0.007,-0.016,0.023,-0.010,0.020,0.017,-0.030,-0.025,0.011
-0.005,0.020,0.025,-0.008,-0.015,0.022,-0.010,0.020,0.014,-0.030,-0.025,0.007
-0.004,0.020,0.024,-0.008,-0.014,0.022,-0.010,0.019,0.015,-0.030,-0.025,0.007
0.000,0.020,0.020,-0.010,-0.010,0.020,-0.010,0.015,0.015,-0.030,-0.025,0.020
-0.003,0.012,0.016,-0.005,-0.009,0.014,-0.010,0.015,0.015,-0.030,-0.025,0.017
-0.010,0.005,0.015,0.002,-0.013,0.009,-0.010,0.015,0.012,-0.033,-0.028,0.014
-0.006,0.010,0.016,-0.002,-0.011,0.013,-0.010,0.015,0.009,-0.035,-0.030,0.015
-0.001,0.022,0.023,-0.011,-0.012,0.023,-0.010,0.014,0.010,-0.035,-0.030,0.015
0.000,0.030,0.030,-0.015,-0.015,0.030,-0.010,0.010,0.010,-0.035,-0.030,0.015
0.028,0.042,0.014,-0.035,0.007,0.028,-0.009,0.010,0.010,-0.034,-0.029,0.015
0.011,0.053,0.042,-0.032,-0.016,0.047,-0.020,0.010,0.010,-0.045,-0.037,0.015
-0.010,0.054,0.064,-0.022,-0.037,0.058,-0.025,0.010,0.010,-0.050,-0.039,0.015
-0.003,0.050,0.053,-0.024,-0.028,0.051,-0.019,0.010,0.010,-0.044,-0.034,0.014
0.000,0.050,0.050,-0.025,-0.025,0.050,-0.020,0.010,0.010,-0.045,-0.035,0.010
-0.005,0.046,0.050,-0.021,-0.028,0.048,-0.020,0.006,0.006,-0.045,-0.035,0.010
-0.002,0.044,0.047,-0.021,-0.025,0.045,-0.020,0.005,0.005,-0.045,-0.035,0.010
0.001,0.046,0.045,-0.024,-0.023,0.045,-0.020,0.005,0.005,-0.043,-0.035,0.010
0.000,0.044,0.045,-0.022,-0.023,0.044,-0.020,0.005,0.005,-0.040,-0.034,0.010
0.000,0.040,0.040,-0.020,-0.020,0.040,-0.020,0.005,0.005,-0.040,-0.030,0.010
0.004,0.040,0.036,-0.022,-0.016,0.037,-0.020,0.001,0.005,-0.040,-0.030,0.010
0.005,0.041,0.035,-0.024,-0.015,0.037,-0.017,0.000,0.005,-0.041,-0.030,0.011
0.005,0.038,0.033,-0.022,-0.015,0.035,-0.014,0.000,0.005,-0.038,-0.030,0.008
0.005,0.035,0.029,-0.020,-0.012,0.031,-0.015,0.000,0.004,-0.035,-0.030,0.005
0.005,0.035,0.030,-0.020,-0.013,0.032,-0.015,0.000,0.000,-0.035,-0.030,0.005
-0.003,0.036,0.039,-0.016,-0.022,0.037,-0.015,0.000,0.000,-0.035,-0.030,0.005
-0.006,0.032,0.038,-0.013,-0.022,0.034,-0.015,0.003,0.000,-0.035,-0.027,0.005
-0.005,0.030,0.035,-0.013,-0.020,0.032,-0.015,0.006,0.000,-0.035,-0.024,0.005
-0.005,0.030,0.034,-0.013,-0.020,0.032,-0.015,0.005,0.000,-0.034,-0.025,0.005
0.000,0.030,0.030,-0.015,-0.015,0.030,-0.015,0.005,0.000,-0.030,-0.025,0.005
0.009,0.039,0.030,-0.024,-0.010,0.034,-0.011,0.005,0.000,-0.030,-0.025,0.005
0.007,0.038,0.031,-0.022,-0.012,0.034,-0.010,0.005,0.000,-0.030,-0.026,0.005
0.006,0.034,0.028,-0.020,-0.012,0.031,-0.010,0.005,0.000,-0.030,-0.023,0.004
0.011,0.035,0.025,-0.023,-0.007,0.030,-0.010,0.005,0.001,-0.029,-0.020,-0.001
0.010,0.035,0.025,-0.023,-0.008,0.030,-0.010,0.005,0.005,-0.025,-0.020,-0.005
0.010,0.035,0.025,-0.023,-0.008,0.030,-0.010,0.005,0.005,-0.025,-0.020,-0.001
0.010,0.032,0.022,-0.021,-0.006,0.027,-0.010,0.005,0.005,-0.025,-0.020,0.003
0.010,0.029,0.019,-0.020,-0.005,0.024,-0.010,0.005,0.004,-0.025,-0.020,0.007
0.010,0.030,0.020,-0.020,-0.005,0.025,-0.010,0.005,0.008,-0.025,-0.020,0.011
0.010,0.030,0.020,-0.020,-0.005,0.025,-0.010,0.005,0.020,-0.025,-0.020,0.010
0.015,0.030,0.016,-0.023,0.000,0.023,-0.014,0.005,0.016,-0.029,-0.029,0.006
0.012,0.027,0.015,-0.020,-0.002,0.021,-0.016,0.005,0.014,-0.034,-0.028,0.005
0.011,0.024,0.013,-0.018,-0.002,0.019,-0.013,0.005,0.015,-0.035,-0.024,0.005
0.016,0.025,0.009,-0.020,0.003,0.017,-0.010,0.004,0.015,-0.035,-0.025,0.005
0.015,0.025,0.010,-0.020,0.002,0.017,-0.010,0.000,0.015,-0.035,-0.025,0.005
0.014,0.025,0.010,-0.020,0.001,0.017,-0.010,0.000,0.015,-0.035,-0.025,0.005
0.019,0.026,0.007,-0.022,0.005,0.016,-0.010,0.000,0.012,-0.038,-0.025,0.002
0.019,0.023,0.004,-0.021,0.007,0.014,-0.010,0.000,0.009,-0.041,-0.024,-0.001
0.014,0.020,0.005,-0.017,0.005,0.012,-0.010,0.000,0.010,-0.040,-0.028,0.000
0.015,0.020,0.005,-0.018,0.005,0.012,-0.010,0.000,0.010,-0.040,-0.040,0.000
0.019,0.020,0.001,-0.020,0.009,0.010,-0.010,0.000,0.010,-0.040,-0.036,0.000
0.021,0.021,0.000,-0.021,0.011,0.010,-0.010,0.000,0.010,-0.040,-0.034,0.000
0.018,0.018,0.000,-0.018,0.009,0.009,-0.010,0.000,0.010,-0.040,-0.035,0.000
0.014,0.015,0.001,-0.014,0.006,0.007,-0.010,0.000,0.009,-0.040,-0.035,-0.001
0.010,0.015,0.005,-0.013,0.002,0.010,-0.010,0.000,0.005,-0.040,-0.035,-0.005
0.010,0.015,0.005,-0.013,0.002,0.010,-0.010,0.000,0.005,-0.040,-0.035,-0.005
0.010,0.015,0.004,-0.013,0.002,0.010,-0.007,0.001,0.005,-0.040,-0.035,-0.005
0.009,0.016,0.007,-0.013,0.001,0.011,-0.004,-0.002,0.005,-0.040,-0.035,-0.005
0.003,0.013,0.010,-0.008,-0.004,0.011,-0.005,-0.005,0.005,-0.040,-0.035,-0.005
0.000,0.010,0.010,-0.005,-0.005,0.010,-0.005,-0.005,0.005,-0.040,-0.035,-0.005
0.022,0.031,0.010,-0.026,0.006,0.020,-0.005,-0.005,0.001,-0.040,-0.035,-0.009
0.021,0.034,0.013,-0.028,0.004,0.023,-0.005,-0.005,0.000,-0.040,-0.035,-0.010
0.013,0.029,0.016,-0.022,-0.001,0.022,-0.005,-0.005,0.000,-0.040,-0.035,-0.010
0.015,0.030,0.015,-0.023,0.000,0.022,-0.005,-0.005,0.000,-0.040,-0.034,-0.010
0.015,0.030,0.015,-0.023,0.000,0.022,-0.005,-0.005,0.000,-0.040,-0.030,-0.010
0.015,0.030,0.015,-0.023,0.000,0.022,-0.005,-0.005,0.000,-0.040,-0.030,-0.010
0.015,0.027,0.012,-0.021,0.001,0.019,-0.005,-0.005,0.001,-0.040,-0.030,-0.011
0.015,0.024,0.009,-0.020,0.002,0.016,-0.005,-0.005,-0.002,-0.040,-0.030,-0.008
0.015,0.025,0.010,-0.020,0.002,0.017,-0.005,-0.005,-0.005,-0.040,-0.030,-0.005
0.015,0.025,0.010,-0.020,0.002,0.017,-0.005,-0.005,-0.005,-0.040,-0.030,-0.005
0.020,0.025,0.006,-0.023,0.006,0.016,-0.013,-0.005,-0.005,-0.040,-0.030,-0.005
0.017,0.022,0.005,-0.020,0.006,0.013,-0.019,-0.005,-0.008,-0.040,-0.030,-0.005
0.015,0.019,0.005,-0.018,0.005,0.012,-0.018,-0.005,-0.011,-0.040,-0.030,-0.005
0.015,0.020,0.006,-0.018,0.005,0.012,-0.015,-0.005,-0.010,-0.040,-0.030,-0.005
0.010,0.020,0.010,-0.015,0.000,0.015,-0.015,-0.005,-0.010,-0.040,-0.030,-0.005
0.005,0.020,0.015,-0.013,-0.005,0.017,-0.015,-0.004,-0.010,-0.040,-0.030,-0.005
0.008,0.021,0.012,-0.015,-0.002,0.016,-0.015,-0.012,-0.010,-0.039,-0.029,-0.005
0.009,0.018,0.009,-0.013,-0.001,0.014,-0.015,-0.014,-0.010,-0.044,-0.032,-0.005
0.004,0.015,0.010,-0.010,-0.003,0.012,-0.015,-0.009,-0.010,-0.050,-0.035,-0.005
0.005,0.015,0.010,-0.010,-0.003,0.012,-0.015,-0.010,-0.010,-0.045,-0.035,-0.005
0.005,0.015,0.010,-0.010,-0.003,0.012,-0.015,-0.010,-0.010,-0.045,-0.035,-0.005
0.005,0.016,0.010,-0.011,-0.003,0.012,-0.015,-0.010,-0.010,-0.045,-0.035,-0.005
0.003,0.013,0.010,-0.008,-0.004,0.011,-0.015,-0.010,-0.010,-0.045,-0.035,-0.005
0.000,0.010,0.010,-0.005,-0.005,0.010,-0.015,-0.010,-0.010,-0.045,-0.035,-0.005
0.000,0.010,0.010,-0.005,-0.005,0.010,-0.015,-0.010,-0.010,-0.045,-0.035,-0.005
0.000,0.010,0.010,-0.005,-0.005,0.010,-0.015,-0.010,-0.010,-0.045,-0.031,-0.013
0.000,0.010,0.010,-0.005,-0.005,0.010,-0.012,-0.010,-0.010,-0.046,-0.030,-0.019
0.001,0.011,0.010,-0.006,-0.004,0.010,-0.009,-0.010,-0.010,-0.043,-0.030,-0.018
-0.002,0.008,0.010,-0.003,-0.006,0.009,-0.010,-0.010,-0.010,-0.040,-0.030,-0.015
-0.005,0.005,0.010,0.000,-0.008,0.007,-0.010,-0.010,-0.010,-0.040,-0.030,-0.015
0.012,0.018,0.006,-0.015,0.003,0.011,-0.010,-0.010,-0.010,-0.040,-0.030,-0.015
0.014,0.018,0.005,-0.017,0.004,0.011,-0.010,-0.010,-0.010,-0.040,-0.030,-0.015
0.009,0.014,0.005,-0.012,0.001,0.010,-0.010,-0.010,-0.010,-0.040,-0.030,-0.015
0.010,0.015,0.005,-0.013,0.002,0.010,-0.010,-0.010,-0.010,-0.040,-0.030,-0.015
0.010,0.015,0.005,-0.013,0.002,0.010,-0.010,-0.010,-0.010,-0.040,-0.030,-0.015
0.010,0.015,0.005,-0.013,0.002,0.010,-0.010,-0.010,-0.010,-0.040,-0.030,-0.015
0.011,0.016,0.005,-0.014,0.002,0.010,-0.010,-0.010,-0.010,-0.037,-0.030,-0.012
0.008,0.013,0.005,-0.011,0.001,0.009,-0.010,-0.010,-0.010,-0.034,-0.030,-0.009
0.005,0.010,0.005,-0.008,0.000,0.007,-0.010,-0.010,-0.010,-0.035,-0.030,-0.010
0.005,0.010,0.005,-0.008,0.000,0.007,-0.010,-0.010,-0.010,-0.035,-0.030,-0.010
0.005,0.010,0.005,-0.008,0.000,0.007,-0.009,-0.010,-0.010,-0.035,-0.030,-0.010
0.005,0.010,0.005,-0.008,0.000,0.007,-0.017,-0.010,-0.011,-0.035,-0.030,-0.010
0.004,0.010,0.005,-0.008,-0.001,0.007,-0.019,-0.010,-0.008,-0.035,-0.030,-0.010
0.006,0.010,0.004,-0.009,0.001,0.007,-0.014,-0.010,-0.005,-0.035,-0.030,-0.010
0.010,0.010,0.000,-0.010,0.005,0.005,-0.015,-0.010,-0.005,-0.035,-0.030,-0.010
0.006,0.006,0.000,-0.006,0.002,0.003,-0.016,-0.014,-0.005,-0.035,-0.030,-0.006
0.008,0.005,-0.003,-0.006,0.005,0.000,-0.012,-0.015,-0.006,-0.032,-0.030,-0.005
0.010,0.005,-0.005,-0.007,0.007,0.000,-0.010,-0.015,-0.003,-0.029,-0.030,-0.005
0.011,0.005,-0.006,-0.007,0.008,0.000,-0.010,-0.015,0.000,-0.030,-0.030,-0.005
0.015,0.005,-0.010,-0.010,0.012,-0.002,-0.010,-0.015,0.000,-0.030,-0.030,-0.005
0.016,0.005,-0.011,-0.011,0.013,-0.002,-0.010,-0.015,0.000,-0.026,-0.030,-0.005
0.009,0.002,-0.007,-0.005,0.008,-0.002,-0.007,-0.015,-0.001,-0.025,-0.031,-0.005
0.002,-0.001,-0.002,0.000,0.002,-0.001,-0.004,-0.015,0.002,-0.025,-0.028,-0.005
0.000,0.000,0.000,0.000,0.000,0.000,-0.005,-0.015,0.005,-0.025,-0.025,-0.005
0.000,0.000,0.000,0.000,0.000,0.000,-0.005,-0.015,0.005,-0.025,-0.025,-0.005
-0.004,0.000,0.004,0.002,-0.004,0.002,-0.005,-0.015,0.005,-0.021,-0.025,-0.005
-0.005,0.000,0.005,0.001,-0.005,0.002,-0.002,-0.016,0.005,-0.020,-0.026,-0.004
-0.008,-0.001,0.006,0.004,-0.007,0.002,0.001,-0.013,0.005,-0.020,-0.023,-0.009
-0.009,0.003,0.011,0.003,-0.010,0.007,0.000,-0.010,0.006,-0.020,-0.020,-0.015
0.005,0.020,0.015,-0.013,-0.005,0.017,0.000,-0.010,0.010,-0.020,-0.020,-0.010
0.019,0.034,0.015,-0.027,0.002,0.024,0.004,-0.010,0.010,-0.016,-0.020,-0.010
0.015,0.033,0.018,-0.025,-0.001,0.026,0.005,-0.007,0.010,-0.014,-0.021,-0.011
0.006,0.027,0.021,-0.017,-0.007,0.024,0.005,-0.004,0.010,-0.016,-0.018,-0.008
0.006,0.025,0.019,-0.015,-0.007,0.022,0.005,-0.005,0.011,-0.014,-0.015,-0.005
0.010,0.025,0.015,-0.018,-0.003,0.020,0.005,-0.005,0.015,-0.010,-0.015,-0.005
0.010,0.021,0.011,-0.016,0.000,0.016,0.009,-0.001,0.015,-0.010,-0.015,-0.005
0.010,0.017,0.007,-0.014,0.001,0.012,0.010,0.001,0.015,-0.010,-0.015,-0.006
0.011,0.013,0.002,-0.012,0.004,0.008,0.010,-0.001,0.015,-0.010,-0.015,-0.003
0.009,0.018,0.009,-0.014,-0.001,0.014,0.010,0.001,0.015,-0.009,-0.014,0.000
0.005,0.035,0.030,-0.020,-0.013,0.032,0.010,0.005,0.015,-0.005,-0.010,0.000
0.013,0.044,0.031,-0.028,-0.010,0.037,0.018,0.005,0.019,-0.005,-0.010,0.000
0.020,0.048,0.029,-0.034,-0.005,0.039,0.024,0.004,0.020,-0.005,-0.010,0.000
0.018,0.050,0.032,-0.035,-0.007,0.041,0.026,0.007,0.022,-0.005,-0.010,0.002
0.014,0.050,0.036,-0.033,-0.011,0.042,0.024,0.010,0.025,-0.006,-0.009,0.005
0.010,0.050,0.040,-0.030,-0.015,0.045,0.020,0.010,0.020,-0.010,-0.005,0.005
0.001,0.050,0.049,-0.025,-0.024,0.049,0.020,0.010,0.020,-0.011,-0.005,0.005
0.003,0.050,0.048,-0.027,-0.023,0.049,0.017,0.013,0.020,-0.007,-0.005,0.008
0.005,0.049,0.044,-0.027,-0.020,0.046,0.015,0.016,0.020,-0.005,-0.005,0.010
0.007,0.052,0.045,-0.030,-0.019,0.048,0.014,0.015,0.020,-0.004,-0.005,0.010
0.020,0.065,0.045,-0.043,-0.013,0.055,0.010,0.015,0.020,0.000,-0.005,0.010
0.029,0.070,0.041,-0.049,-0.006,0.055,0.010,0.019,0.020,0.000,-0.001,0.010
0.030,0.070,0.040,-0.050,-0.005,0.055,0.011,0.020,0.020,-0.001,0.001,0.013
0.030,0.070,0.040,-0.050,-0.005,0.055,0.008,0.020,0.020,0.002,-0.001,0.016
0.030,0.070,0.040,-0.050,-0.005,0.055,0.005,0.020,0.020,0.005,0.001,0.015
0.030,0.070,0.040,-0.050,-0.005,0.055,0.005,0.020,0.020,0.005,0.005,0.015
0.034,0.070,0.036,-0.052,-0.001,0.053,0.001,0.016,0.019,0.009,0.005,0.015
0.036,0.070,0.034,-0.053,0.001,0.052,0.000,0.014,0.026,0.010,0.004,0.015
0.034,0.070,0.036,-0.053,-0.001,0.052,-0.002,0.016,0.032,0.010,0.007,0.015
0.036,0.070,0.034,-0.053,0.001,0.052,-0.006,0.014,0.037,0.009,0.010,0.015
0.040,0.070,0.030,-0.055,0.005,0.050,-0.005,0.010,0.045,0.005,0.010,0.015
0.040,0.070,0.030,-0.055,0.005,0.050,-0.004,0.010,0.041,0.005,0.010,0.015
0.040,0.070,0.030,-0.055,0.005,0.050,-0.011,0.011,0.040,0.005,0.013,0.015
0.040,0.070,0.030,-0.055,0.005,0.050,-0.018,0.008,0.038,0.005,0.016,0.014
0.041,0.070,0.029,-0.055,0.006,0.049,-0.021,0.005,0.035,0.005,0.015,0.017
0.045,0.070,0.025,-0.058,0.010,0.047,-0.025,0.005,0.035,0.005,0.015,0.025
0.046,0.070,0.025,-0.058,0.010,0.047,-0.033,0.005,0.031,0.004,0.019,0.026
0.043,0.068,0.025,-0.056,0.009,0.046,-0.038,0.002,0.029,0.012,0.021,0.023
0.051,0.076,0.025,-0.064,0.012,0.050,-0.043,-0.001,0.031,0.014,0.019,0.030
0.062,0.086,0.024,-0.074,0.018,0.055,-0.045,0.000,0.029,0.010,0.021,0.034
0.060,0.080,0.020,-0.070,0.020,0.050,-0.040,0.000,0.025,0.010,0.025,0.030
0.055,0.075,0.020,-0.065,0.017,0.047,-0.040,-0.004,0.025,0.006,0.025,0.043
0.058,0.075,0.017,-0.067,0.020,0.046,-0.040,-0.006,0.022,0.005,0.025,0.043
0.058,0.073,0.015,-0.066,0.021,0.044,-0.040,-0.004,0.020,0.003,0.023,0.039
0.056,0.070,0.014,-0.063,0.021,0.042,-0.040,-0.006,0.019,0.000,0.020,0.040
0.060,0.070,0.010,-0.065,0.025,0.040,-0.040,-0.010,0.015,0.000,0.020,0.040
0.056,0.066,0.010,-0.061,0.022,0.038,-0.036,-0.010,0.015,-0.004,0.016,0.036
0.058,0.065,0.007,-0.062,0.025,0.036,-0.035,-0.010,0.016,-0.006,0.014,0.034
0.059,0.064,0.004,-0.062,0.027,0.034,-0.035,-0.010,0.013,-0.004,0.016,0.036
0.053,0.059,0.005,-0.056,0.024,0.032,-0.035,-0.010,0.010,-0.006,0.014,0.034
0.050,0.055,0.005,-0.053,0.022,0.030,-0.035,-0.010,0.010,-0.010,0.010,0.030
0.055,0.055,0.001,-0.055,0.026,0.028,-0.035,-0.009,0.006,-0.010,0.010,0.030
0.052,0.052,0.000,-0.052,0.026,0.026,-0.036,-0.019,0.004,-0.013,0.007,0.031
0.052,0.050,-0.002,-0.051,0.027,0.024,-0.033,-0.027,0.006,-0.015,0.004,0.028
0.054,0.049,-0.005,-0.051,0.030,0.022,-0.030,-0.025,0.004,-0.016,0.005,0.025
0.050,0.045,-0.005,-0.047,0.027,0.020,-0.030,-0.025,0.000,-0.020,0.005,0.025
0.055,0.045,-0.009,-0.050,0.031,0.018,-0.030,-0.025,0.000,-0.020,0.001,0.025
0.050,0.040,-0.010,-0.045,0.029,0.014,-0.030,-0.025,0.001,-0.023,0.000,0.022
0.042,0.031,-0.012,-0.036,0.027,0.009,-0.030,-0.025,-0.002,-0.025,-0.002,0.019
0.039,0.023,-0.015,-0.030,0.027,0.004,-0.029,-0.025,-0.005,-0.025,-0.006,0.020
0.030,0.015,-0.015,-0.022,0.022,0.000,-0.025,-0.025,-0.005,-0.025,-0.005,0.020
0.022,0.007,-0.015,-0.014,0.018,-0.004,-0.025,-0.025,-0.004,-0.021,-0.005,0.016
0.013,-0.003,-0.016,-0.005,0.015,-0.009,-0.025,-0.025,-0.008,-0.018,-0.008,0.014
0.008,-0.004,-0.012,-0.001,0.011,-0.008,-0.025,-0.025,-0.010,-0.025,-0.011,0.015
0.003,-0.017,-0.020,0.008,0.012,-0.018,-0.025,-0.025,-0.011,-0.037,-0.010,0.014
-0.005,-0.050,-0.045,0.028,0.020,-0.047,-0.025,-0.025,-0.015,-0.040,-0.010,0.010
-0.005,-0.047,-0.042,0.026,0.019,-0.044,-0.025,-0.025,-0.015,-0.040,-0.014,0.005
-0.005,-0.044,-0.039,0.025,0.017,-0.041,-0.022,-0.025,-0.014,-0.037,-0.018,0.005
-0.003,-0.044,-0.040,0.023,0.019,-0.042,-0.019,-0.025,-0.017,-0.034,-0.020,0.003
0.000,-0.039,-0.040,0.019,0.020,-0.040,-0.020,-0.025,-0.020,-0.035,-0.020,0.000
0.000,-0.040,-0.040,0.020,0.020,-0.040,-0.020,-0.025,-0.020,-0.035,-0.020,0.000
0.000,-0.040,-0.040,0.020,0.020,-0.040,-0.020,-0.025,-0.020,-0.035,-0.021,-0.004
0.003,-0.037,-0.040,0.017,0.022,-0.038,-0.020,-0.025,-0.023,-0.037,-0.015,-0.005
0.006,-0.034,-0.040,0.014,0.024,-0.037,-0.020,-0.025,-0.026,-0.045,-0.020,-0.006
0.004,-0.035,-0.039,0.016,0.022,-0.037,-0.020,-0.025,-0.025,-0.050,-0.031,-0.011
0.000,-0.035,-0.035,0.018,0.018,-0.035,-0.020,-0.025,-0.025,-0.045,-0.030,-0.015
0.004,-0.031,-0.035,0.014,0.019,-0.032,-0.016,-0.025,-0.029,-0.045,-0.030,-0.015
0.006,-0.029,-0.035,0.012,0.020,-0.032,-0.015,-0.024,-0.030,-0.045,-0.030,-0.018
0.004,-0.031,-0.035,0.014,0.020,-0.032,-0.015,-0.029,-0.030,-0.045,-0.030,-0.020
0.006,-0.029,-0.035,0.012,0.021,-0.032,-0.015,-0.036,-0.030,-0.045,-0.030,-0.021
0.010,-0.025,-0.035,0.008,0.023,-0.030,-0.015,-0.035,-0.030,-0.045,-0.030,-0.025
0.010,-0.025,-0.035,0.008,0.023,-0.030,-0.015,-0.035,-0.030,-0.044,-0.030,-0.025
0.010,-0.025,-0.036,0.008,0.024,-0.030,-0.015,-0.035,-0.031,-0.051,-0.033,-0.028
0.008,-0.025,-0.033,0.009,0.021,-0.029,-0.015,-0.036,-0.028,-0.058,-0.037,-0.031
-0.004,-0.033,-0.030,0.018,0.013,-0.031,-0.014,-0.033,-0.025,-0.060,-0.040,-0.029
-0.020,-0.050,-0.030,0.035,0.005,-0.040,-0.010,-0.025,-0.025,-0.060,-0.040,-0.030
-0.030,-0.060,-0.030,0.045,0.000,-0.045,-0.010,-0.041,-0.025,-0.060,-0.040,-0.039
-0.027,-0.057,-0.030,0.042,0.002,-0.043,-0.010,-0.047,-0.025,-0.060,-0.040,-0.038
-0.025,-0.055,-0.030,0.040,0.003,-0.042,-0.010,-0.044,-0.025,-0.060,-0.040,-0.034
-0.024,-0.054,-0.030,0.039,0.003,-0.042,-0.010,-0.045,-0.025,-0.060,-0.040,-0.035
-0.020,-0.050,-0.030,0.035,0.005,-0.040,-0.010,-0.045,-0.025,-0.060,-0.040,-0.035
-0.020,-0.050,-0.030,0.035,0.005,-0.040,-0.010,-0.045,-0.025,-0.060,-0.040,-0.031
-0.021,-0.051,-0.030,0.036,0.005,-0.040,-0.010,-0.045,-0.025,-0.060,-0.040,-0.030
-0.018,-0.048,-0.030,0.033,0.006,-0.039,-0.009,-0.045,-0.025,-0.060,-0.040,-0.029
-0.015,-0.045,-0.030,0.030,0.008,-0.037,-0.011,-0.045,-0.025,-0.060,-0.040,-0.032
-0.015,-0.045,-0.030,0.030,0.008,-0.037,-0.015,-0.045,-0.025,-0.060,-0.040,-0.040
-0.015,-0.045,-0.030,0.030,0.008,-0.037,-0.011,-0.045,-0.025,-0.060,-0.040,-0.037
-0.013,-0.042,-0.029,0.028,0.008,-0.035,-0.006,-0.045,-0.025,-0.060,-0.039,-0.029
-0.005,-0.039,-0.034,0.022,0.015,-0.037,-0.005,-0.046,-0.025,-0.060,-0.044,-0.038
-0.001,-0.040,-0.040,0.021,0.019,-0.040,-0.005,-0.043,-0.025,-0.060,-0.050,-0.051
-0.010,-0.040,-0.030,0.025,0.010,-0.035,0.000,-0.030,-0.025,-0.060,-0.040,-0.045
-0.015,-0.036,-0.021,0.025,0.004,-0.028,0.005,-0.018,-0.020,-0.052,-0.032,-0.041
-0.017,-0.034,-0.017,0.026,0.001,-0.025,0.003,-0.005,-0.020,-0.047,-0.024,-0.037
-0.025,-0.037,-0.012,0.031,-0.006,-0.024,0.012,0.002,0.000,-0.025,-0.016,-0.033
-0.029,-0.032,-0.003,0.031,-0.013,-0.017,0.029,0.016,0.040,0.015,-0.007,-0.029
-0.020,-0.015,0.005,0.017,-0.012,-0.005,0.040,0.045,0.070,0.050,0.000,-0.025
-0.012,-0.003,0.008,0.007,-0.010,0.002,0.056,0.060,0.096,0.078,0.000,-0.024
-0.004,0.015,0.018,-0.006,-0.011,0.016,0.070,0.129,0.176,0.145,0.043,0.005
0.020,0.033,0.014,-0.026,0.003,0.023,0.080,0.213,0.265,0.219,0.103,0.043
0.061,0.059,-0.003,-0.060,0.032,0.028,0.094,0.276,0.342,0.292,0.162,0.080
0.105,0.085,-0.020,-0.095,0.062,0.032,0.105,0.350,0.445,0.395,0.240,0.125
0.144,0.075,-0.069,-0.109,0.107,0.003,0.089,0.435,0.562,0.508,0.323,0.174
0.232,0.135,-0.098,-0.183,0.165,0.019,0.078,0.507,0.704,0.652,0.453,0.253
0.347,0.214,-0.133,-0.280,0.240,0.040,0.036,0.542,0.837,0.821,0.622,0.364
0.458,0.271,-0.187,-0.364,0.322,0.042,-0.045,0.535,0.948,0.982,0.799,0.484
0.580,0.340,-0.240,-0.460,0.410,0.050,-0.130,0.515,1.050,1.110,0.970,0.605
0.720,0.396,-0.324,-0.558,0.522,0.036,-0.242,0.506,1.110,1.206,1.139,0.746
0.852,0.454,-0.398,-0.653,0.625,0.028,-0.381,0.426,1.101,1.229,1.282,0.865
0.962,0.498,-0.463,-0.730,0.712,0.017,-0.530,0.286,1.005,1.154,1.291,0.930
1.023,0.509,-0.514,-0.766,0.769,-0.003,-0.675,0.104,0.804,0.958,1.217,0.945
1.015,0.470,-0.545,-0.742,0.780,-0.037,-0.790,-0.125,0.500,0.645,1.150,0.910
0.968,0.356,-0.612,-0.661,0.790,-0.128,-0.850,-0.349,0.157,0.292,0.939,0.808
0.915,0.215,-0.700,-0.565,0.808,-0.242,-0.888,-0.549,-0.154,-0.049,0.689,0.669
0.815,0.126,-0.689,-0.470,0.752,-0.281,-0.954,-0.810,-0.513,-0.381,0.472,0.554
0.686,0.084,-0.602,-0.385,0.644,-0.259,-1.040,-1.109,-0.898,-0.685,0.303,0.477
0.590,0.030,-0.560,-0.310,0.575,-0.265,-1.105,-1.325,-1.170,-0.910,0.175,0.410
0.484,-0.033,-0.517,-0.225,0.500,-0.274,-1.137,-1.437,-1.312,-1.047,0.058,0.346
0.371,-0.101,-0.471,-0.135,0.421,-0.285,-1.105,-1.423,-1.354,-1.116,-0.013,0.283
0.294,-0.136,-0.429,-0.079,0.362,-0.282,-1.062,-1.389,-1.335,-1.099,-0.071,0.232
0.230,-0.151,-0.382,-0.039,0.306,-0.266,-1.004,-1.336,-1.268,-1.045,-0.125,0.188
0.155,-0.170,-0.325,0.008,0.240,-0.247,-0.885,-1.180,-1.145,-0.995,-0.140,0.150
0.144,-0.129,-0.274,-0.007,0.209,-0.201,-0.762,-1.012,-0.983,-0.859,-0.132,0.162
0.135,-0.079,-0.214,-0.028,0.175,-0.146,-0.664,-0.882,-0.852,-0.748,-0.126,0.158
0.085,-0.060,-0.145,-0.013,0.116,-0.102,-0.575,-0.764,-0.735,-0.658,-0.124,0.147
0.038,-0.060,-0.098,0.011,0.068,-0.078,-0.482,-0.648,-0.627,-0.571,-0.118,0.134
0.035,-0.055,-0.090,0.010,0.063,-0.072,-0.400,-0.560,-0.555,-0.510,-0.110,0.100
0.029,-0.050,-0.079,0.011,0.054,-0.064,-0.343,-0.495,-0.482,-0.450,-0.106,0.071
0.008,-0.050,-0.058,0.022,0.033,-0.054,-0.290,-0.435,-0.421,-0.391,-0.102,0.052
-0.017,-0.049,-0.031,0.034,0.007,-0.040,-0.242,-0.376,-0.369,-0.342,-0.098,0.037
-0.032,-0.044,-0.012,0.038,-0.009,-0.028,-0.200,-0.321,-0.317,-0.299,-0.095,0.021
-0.030,-0.040,-0.010,0.035,-0.010,-0.025,-0.160,-0.270,-0.265,-0.255,-0.095,0.005
-0.030,-0.040,-0.010,0.035,-0.010,-0.025,-0.124,-0.226,-0.211,-0.219,-0.095,-0.011
-0.030,-0.037,-0.007,0.034,-0.011,-0.022,-0.090,-0.184,-0.175,-0.184,-0.092,-0.025
-0.029,-0.033,-0.004,0.031,-0.012,-0.018,-0.062,-0.150,-0.143,-0.160,-0.089,-0.033
-0.024,-0.029,-0.005,0.027,-0.009,-0.017,-0.039,-0.123,-0.114,-0.146,-0.090,-0.036
-0.025,-0.030,-0.005,0.028,-0.010,-0.017,-0.020,-0.100,-0.100,-0.130,-0.090,-0.040
-0.042,-0.043,-0.001,0.043,-0.020,-0.021,-0.011,-0.091,-0.088,-0.114,-0.086,-0.047
-0.044,-0.043,0.001,0.043,-0.022,-0.021,-0.007,-0.084,-0.073,-0.100,-0.084,-0.061
-0.039,-0.039,-0.001,0.039,-0.019,-0.020,-0.003,-0.076,-0.058,-0.090,-0.086,-0.064
-0.040,-0.039,0.001,0.040,-0.020,-0.019,0.002,-0.068,-0.048,-0.084,-0.084,-0.059
-0.040,-0.035,0.005,0.037,-0.022,-0.015,0.010,-0.060,-0.045,-0.080,-0.080,-0.060
-0.041,-0.035,0.005,0.037,-0.022,-0.015,0.014,-0.052,-0.041,-0.076,-0.080,-0.061
-0.036,-0.032,0.004,0.033,-0.020,-0.013,0.017,-0.044,-0.040,-0.072,-0.081,-0.057
-0.037,-0.030,0.007,0.033,-0.022,-0.011,0.026,-0.036,-0.039,-0.068,-0.078,-0.055
-0.039,-0.029,0.010,0.034,-0.025,-0.009,0.037,-0.029,-0.034,-0.064,-0.075,-0.055
-0.035,-0.025,0.010,0.030,-0.022,-0.007,0.040,-0.025,-0.030,-0.060,-0.075,-0.055
-0.046,-0.036,0.010,0.041,-0.028,-0.013,0.040,-0.021,-0.030,-0.056,-0.075,-0.063
-0.061,-0.051,0.010,0.056,-0.035,-0.020,0.041,-0.017,-0.027,-0.055,-0.072,-0.069
-0.065,-0.056,0.009,0.061,-0.036,-0.023,0.037,-0.013,-0.024,-0.056,-0.069,-0.068
-0.067,-0.055,0.012,0.061,-0.039,-0.021,0.037,-0.009,-0.025,-0.054,-0.070,-0.065
-0.075,-0.055,0.020,0.065,-0.047,-0.017,0.050,-0.005,-0.025,-0.050,-0.070,-0.065
-0.068,-0.055,0.013,0.062,-0.040,-0.020,0.055,0.004,-0.021,-0.050,-0.066,-0.065
-0.056,-0.055,0.001,0.055,-0.028,-0.027,0.055,0.000,-0.019,-0.051,-0.065,-0.065
-0.061,-0.055,0.006,0.058,-0.033,-0.024,0.055,-0.009,-0.021,-0.048,-0.065,-0.065
-0.079,-0.055,0.024,0.067,-0.051,-0.015,0.055,-0.008,-0.019,-0.045,-0.065,-0.065
-0.090,-0.055,0.035,0.072,-0.062,-0.010,0.055,0.005,-0.015,-0.045,-0.065,-0.065
-0.099,-0.055,0.044,0.077,-0.071,-0.005,0.059,0.014,-0.015,-0.045,-0.065,-0.065
-0.098,-0.055,0.043,0.076,-0.070,-0.006,0.060,0.012,-0.016,-0.042,-0.065,-0.065
-0.094,-0.055,0.039,0.075,-0.066,-0.007,0.060,0.009,-0.013,-0.039,-0.065,-0.065
-0.095,-0.055,0.040,0.075,-0.067,-0.007,0.060,0.010,-0.010,-0.040,-0.065,-0.065
-0.095,-0.055,0.040,0.075,-0.067,-0.007,0.060,0.010,-0.010,-0.040,-0.065,-0.065
-0.091,-0.055,0.036,0.072,-0.063,-0.010,0.060,0.006,-0.010,-0.036,-0.065,-0.065
-0.089,-0.055,0.034,0.072,-0.061,-0.010,0.060,0.005,-0.007,-0.034,-0.065,-0.062
-0.091,-0.055,0.036,0.072,-0.063,-0.010,0.060,0.004,-0.004,-0.036,-0.065,-0.059
-0.089,-0.055,0.034,0.072,-0.061,-0.010,0.060,0.007,-0.005,-0.034,-0.064,-0.060
-0.085,-0.055,0.030,0.070,-0.057,-0.012,0.060,0.020,-0.005,-0.030,-0.060,-0.060
-0.085,-0.055,0.030,0.070,-0.057,-0.012,0.060,0.025,-0.001,-0.030,-0.060,-0.060
-0.086,-0.055,0.031,0.070,-0.058,-0.012,0.060,0.025,0.001,-0.031,-0.060,-0.060
-0.083,-0.055,0.028,0.069,-0.055,-0.013,0.060,0.025,-0.001,-0.028,-0.060,-0.060
-0.080,-0.055,0.025,0.067,-0.052,-0.015,0.060,0.025,0.001,-0.025,-0.060,-0.060
-0.080,-0.055,0.025,0.067,-0.052,-0.015,0.060,0.025,0.010,-0.025,-0.060,-0.060
-0.080,-0.055,0.025,0.067,-0.052,-0.015,0.060,0.025,0.019,-0.025,-0.060,-0.060
-0.081,-0.055,0.026,0.067,-0.053,-0.015,0.060,0.025,0.018,-0.025,-0.060,-0.060
-0.078,-0.055,0.023,0.066,-0.050,-0.016,0.060,0.025,0.014,-0.025,-0.060,-0.060
-0.075,-0.055,0.020,0.065,-0.047,-0.017,0.060,0.025,0.015,-0.025,-0.060,-0.060
-0.075,-0.055,0.020,0.065,-0.047,-0.017,0.060,0.025,0.015,-0.025,-0.060,-0.060
-0.071,-0.051,0.020,0.061,-0.045,-0.015,0.060,0.025,0.015,-0.025,-0.060,-0.056
-0.070,-0.050,0.020,0.060,-0.045,-0.015,0.060,0.024,0.015,-0.025,-0.061,-0.055
-0.068,-0.050,0.018,0.059,-0.043,-0.016,0.060,0.027,0.015,-0.025,-0.058,-0.055
-0.065,-0.050,0.015,0.057,-0.040,-0.017,0.060,0.030,0.015,-0.025,-0.055,-0.055
-0.065,-0.050,0.015,0.057,-0.040,-0.017,0.060,0.030,0.015,-0.025,-0.055,-0.055
-0.061,-0.046,0.015,0.053,-0.038,-0.015,0.064,0.030,0.015,-0.025,-0.055,-0.055
-0.056,-0.045,0.012,0.050,-0.034,-0.016,0.065,0.030,0.015,-0.025,-0.055,-0.055
-0.055,-0.045,0.010,0.050,-0.032,-0.017,0.067,0.030,0.014,-0.025,-0.055,-0.055
-0.055,-0.045,0.010,0.050,-0.032,-0.017,0.070,0.030,0.017,-0.025,-0.055,-0.055
-0.055,-0.045,0.010,0.050,-0.032,-0.017,0.070,0.030,0.025,-0.025,-0.055,-0.055
-0.051,-0.041,0.010,0.046,-0.031,-0.015,0.070,0.030,0.025,-0.025,-0.055,-0.055
-0.046,-0.040,0.007,0.043,-0.027,-0.016,0.070,0.030,0.025,-0.025,-0.055,-0.055
-0.045,-0.040,0.004,0.042,-0.025,-0.017,0.070,0.030,0.025,-0.025,-0.055,-0.055
-0.045,-0.040,0.005,0.042,-0.025,-0.017,0.070,0.030,0.025,-0.025,-0.055,-0.055
-0.045,-0.040,0.005,0.042,-0.025,-0.017,0.070,0.030,0.025,-0.025,-0.055,-0.055
-0.046,-0.040,0.005,0.043,-0.026,-0.017,0.070,0.030,0.025,-0.025,-0.051,-0.055
-0.039,-0.037,0.002,0.038,-0.020,-0.017,0.070,0.030,0.025,-0.025,-0.050,-0.054
-0.034,-0.034,-0.001,0.034,-0.016,-0.017,0.070,0.030,0.025,-0.025,-0.051,-0.059
-0.035,-0.035,0.000,0.035,-0.017,-0.017,0.070,0.030,0.025,-0.025,-0.058,-0.065
-0.035,-0.035,0.000,0.035,-0.017,-0.017,0.070,0.030,0.025,-0.025,-0.070,-0.060
-0.031,-0.035,-0.004,0.034,-0.013,-0.020,0.070,0.034,0.025,-0.021,-0.066,-0.060
-0.027,-0.032,-0.005,0.030,-0.011,-0.018,0.070,0.035,0.025,-0.020,-0.064,-0.060
-0.024,-0.029,-0.006,0.027,-0.009,-0.017,0.070,0.036,0.025,-0.020,-0.065,-0.060
-0.027,-0.030,-0.003,0.029,-0.012,-0.016,0.070,0.041,0.025,-0.020,-0.065,-0.060
-0.035,-0.030,0.005,0.032,-0.020,-0.012,0.070,0.045,0.025,-0.020,-0.065,-0.060
-0.039,-0.030,0.009,0.034,-0.024,-0.011,0.070,0.049,0.025,-0.020,-0.065,-0.060
-0.045,-0.029,0.016,0.037,-0.030,-0.007,0.070,0.050,0.024,-0.020,-0.065,-0.060
-0.055,-0.032,0.023,0.043,-0.039,-0.004,0.070,0.050,0.027,-0.020,-0.065,-0.060
-0.060,-0.035,0.024,0.047,-0.042,-0.005,0.070,0.050,0.030,-0.019,-0.064,-0.060
-0.055,-0.035,0.020,0.045,-0.037,-0.007,0.070,0.050,0.030,-0.015,-0.060,-0.060
-0.055,-0.035,0.020,0.045,-0.037,-0.007,0.078,0.050,0.034,-0.015,-0.060,-0.059
-0.055,-0.035,0.020,0.045,-0.037,-0.007,0.081,0.050,0.035,-0.015,-0.060,-0.064
-0.054,-0.034,0.020,0.044,-0.037,-0.007,0.080,0.050,0.035,-0.015,-0.060,-0.064
-0.056,-0.036,0.020,0.046,-0.038,-0.008,0.080,0.050,0.035,-0.015,-0.060,-0.068
-0.065,-0.045,0.020,0.055,-0.042,-0.012,0.080,0.050,0.035,-0.015,-0.060,-0.080
-0.074,-0.054,0.020,0.064,-0.046,-0.016,0.079,0.058,0.035,-0.015,-0.060,-0.076
-0.073,-0.053,0.020,0.063,-0.046,-0.016,0.087,0.065,0.035,-0.016,-0.061,-0.074
-0.067,-0.047,0.020,0.057,-0.043,-0.013,0.089,0.062,0.033,-0.013,-0.058,-0.075
-0.065,-0.045,0.020,0.055,-0.042,-0.012,0.084,0.053,0.029,-0.010,-0.055,-0.075
-0.065,-0.045,0.020,0.055,-0.042,-0.012,0.085,0.050,0.030,-0.010,-0.055,-0.075
-0.061,-0.041,0.020,0.051,-0.040,-0.010,0.085,0.061,0.042,-0.010,-0.055,-0.075
-0.060,-0.040,0.020,0.050,-0.040,-0.010,0.085,0.076,0.049,-0.010,-0.055,-0.072
-0.059,-0.039,0.020,0.049,-0.039,-0.009,0.085,0.081,0.050,-0.010,-0.055,-0.069
-0.054,-0.034,0.020,0.044,-0.036,-0.006,0.085,0.079,0.050,-0.010,-0.055,-0.070
-0.050,-0.030,0.020,0.040,-0.035,-0.005,0.085,0.080,0.050,-0.010,-0.055,-0.070
-0.050,-0.030,0.019,0.040,-0.034,-0.006,0.094,0.088,0.058,-0.010,-0.055,-0.070
-0.052,-0.027,0.026,0.040,-0.039,-0.001,0.095,0.094,0.064,-0.010,-0.054,-0.070
-0.058,-0.025,0.033,0.041,-0.045,0.004,0.099,0.096,0.064,-0.009,-0.059,-0.070
-0.060,-0.024,0.035,0.041,-0.047,0.005,0.106,0.103,0.068,-0.004,-0.065,-0.069
-0.055,-0.020,0.035,0.037,-0.045,0.007,0.105,0.110,0.080,0.000,-0.060,-0.065
-0.055,-0.020,0.035,0.037,-0.045,0.007,0.105,0.100,0.071,0.000,-0.060,-0.065
-0.056,-0.020,0.036,0.037,-0.046,0.007,0.108,0.112,0.081,0.002,-0.057,-0.065
-0.053,-0.020,0.033,0.036,-0.043,0.006,0.112,0.120,0.095,0.008,-0.054,-0.065
-0.050,-0.020,0.030,0.035,-0.040,0.005,0.116,0.116,0.095,0.010,-0.055,-0.065
-0.050,-0.020,0.030,0.035,-0.040,0.005,0.120,0.130,0.095,0.010,-0.055,-0.065
-0.042,-0.016,0.026,0.029,-0.034,0.005,0.128,0.139,0.099,0.018,-0.051,-0.061
-0.037,-0.015,0.023,0.025,-0.030,0.004,0.134,0.143,0.103,0.021,-0.050,-0.060
-0.046,-0.015,0.031,0.031,-0.038,0.008,0.135,0.149,0.106,0.019,-0.048,-0.060
-0.056,-0.015,0.041,0.035,-0.048,0.012,0.135,0.157,0.112,0.022,-0.044,-0.060
-0.050,-0.015,0.035,0.032,-0.042,0.010,0.135,0.160,0.120,0.030,-0.045,-0.060
-0.049,-0.016,0.033,0.032,-0.041,0.009,0.134,0.163,0.115,0.035,-0.046,-0.060
-0.055,-0.009,0.045,0.032,-0.049,0.018,0.141,0.175,0.124,0.036,-0.042,-0.061
-0.051,-0.002,0.048,0.026,-0.049,0.023,0.147,0.181,0.132,0.034,-0.040,-0.058
-0.046,0.001,0.046,0.022,-0.046,0.023,0.153,0.189,0.138,0.037,-0.039,-0.055
-0.055,0.005,0.060,0.025,-0.058,0.032,0.165,0.210,0.155,0.050,-0.035,-0.055
-0.056,0.009,0.065,0.023,-0.061,0.036,0.169,0.214,0.164,0.063,-0.035,-0.051
-0.051,0.013,0.065,0.018,-0.058,0.039,0.174,0.220,0.169,0.067,-0.036,-0.050
-0.051,0.016,0.066,0.017,-0.059,0.041,0.174,0.229,0.170,0.063,-0.033,-0.048
-0.048,0.023,0.071,0.012,-0.060,0.047,0.177,0.238,0.180,0.069,-0.030,-0.045
-0.035,0.035,0.070,0.000,-0.053,0.052,0.190,0.250,0.200,0.085,-0.030,-0.045
-0.029,0.030,0.059,0.000,-0.044,0.044,0.190,0.253,0.199,0.080,-0.030,-0.041
-0.036,0.042,0.078,-0.003,-0.057,0.060,0.195,0.266,0.215,0.091,-0.027,-0.040
-0.026,0.066,0.092,-0.020,-0.060,0.078,0.204,0.283,0.228,0.103,-0.023,-0.038
-0.026,0.058,0.083,-0.016,-0.055,0.070,0.212,0.290,0.224,0.099,-0.019,-0.035
-0.055,0.030,0.085,0.012,-0.070,0.057,0.215,0.290,0.225,0.100,-0.015,-0.035
-0.031,0.066,0.097,-0.018,-0.064,0.081,0.214,0.301,0.240,0.115,-0.011,-0.031
-0.028,0.080,0.107,-0.026,-0.068,0.093,0.225,0.316,0.258,0.131,-0.006,-0.027
-0.037,0.073,0.111,-0.018,-0.075,0.091,0.230,0.320,0.269,0.136,-0.005,-0.023
-0.034,0.076,0.110,-0.021,-0.073,0.092,0.224,0.322,0.270,0.135,-0.004,-0.019
-0.035,0.075,0.110,-0.020,-0.073,0.092,0.225,0.335,0.270,0.135,0.005,-0.015
-0.038,0.073,0.110,-0.017,-0.074,0.091,0.221,0.340,0.273,0.138,0.009,-0.011
-0.016,0.092,0.109,-0.038,-0.063,0.100,0.219,0.339,0.281,0.146,0.012,-0.007
-0.002,0.112,0.114,-0.055,-0.058,0.112,0.221,0.346,0.287,0.153,0.019,-0.003
-0.006,0.115,0.121,-0.055,-0.064,0.118,0.219,0.357,0.291,0.155,0.026,0.001
-0.005,0.115,0.120,-0.055,-0.063,0.117,0.215,0.360,0.300,0.155,0.030,0.005
-0.005,0.115,0.120,-0.055,-0.063,0.117,0.215,0.369,0.313,0.167,0.034,0.009
-0.005,0.116,0.121,-0.056,-0.063,0.118,0.216,0.368,0.313,0.174,0.038,0.013
-0.006,0.112,0.118,-0.053,-0.063,0.114,0.213,0.363,0.308,0.175,0.041,0.017
-0.003,0.121,0.124,-0.059,-0.064,0.122,0.210,0.359,0.304,0.175,0.039,0.021
0.010,0.150,0.140,-0.080,-0.065,0.145,0.210,0.355,0.300,0.175,0.040,0.025
0.015,0.148,0.133,-0.082,-0.060,0.140,0.210,0.351,0.300,0.175,0.049,0.038
0.015,0.138,0.123,-0.077,-0.054,0.131,0.207,0.346,0.298,0.175,0.050,0.041
0.032,0.148,0.116,-0.090,-0.042,0.132,0.204,0.346,0.292,0.175,0.053,0.042
0.053,0.161,0.108,-0.107,-0.027,0.134,0.206,0.343,0.290,0.174,0.061,0.053
0.055,0.155,0.100,-0.105,-0.023,0.127,0.205,0.330,0.290,0.170,0.065,0.065
0.058,0.151,0.092,-0.105,-0.017,0.121,0.193,0.322,0.286,0.166,0.073,0.070
0.063,0.147,0.083,-0.105,-0.010,0.115,0.183,0.314,0.281,0.162,0.079,0.070
0.050,0.145,0.095,-0.098,-0.023,0.120,0.177,0.306,0.280,0.158,0.080,0.070
0.034,0.144,0.111,-0.089,-0.039,0.127,0.167,0.298,0.279,0.154,0.081,0.070
0.040,0.140,0.100,-0.090,-0.030,0.120,0.155,0.290,0.270,0.150,0.085,0.070
0.044,0.136,0.091,-0.090,-0.024,0.113,0.147,0.282,0.262,0.146,0.086,0.070
0.048,0.135,0.087,-0.092,-0.020,0.111,0.139,0.271,0.254,0.139,0.082,0.069
0.052,0.134,0.082,-0.093,-0.015,0.107,0.131,0.259,0.246,0.132,0.080,0.072
0.056,0.129,0.073,-0.093,-0.008,0.100,0.124,0.247,0.238,0.129,0.079,0.075
0.060,0.125,0.065,-0.093,-0.003,0.095,0.120,0.235,0.230,0.125,0.075,0.070
0.064,0.126,0.061,-0.095,0.001,0.093,0.112,0.227,0.227,0.121,0.075,0.065
0.066,0.120,0.054,-0.093,0.006,0.086,0.107,0.216,0.216,0.117,0.076,0.065
0.062,0.110,0.048,-0.087,0.007,0.079,0.101,0.204,0.206,0.113,0.073,0.063
0.061,0.104,0.043,-0.083,0.008,0.073,0.094,0.192,0.197,0.108,0.070,0.060
0.065,0.100,0.035,-0.083,0.015,0.067,0.090,0.180,0.185,0.100,0.070,0.060
0.061,0.092,0.031,-0.077,0.015,0.062,0.082,0.168,0.177,0.096,0.066,0.056
0.059,0.083,0.025,-0.071,0.017,0.054,0.076,0.156,0.166,0.092,0.064,0.051
0.063,0.078,0.015,-0.071,0.024,0.047,0.074,0.146,0.155,0.088,0.066,0.050
0.055,0.073,0.018,-0.065,0.018,0.046,0.068,0.138,0.148,0.084,0.064,0.049
0.030,0.065,0.035,-0.048,-0.003,0.050,0.060,0.130,0.140,0.080,0.060,0.045
0.033,0.061,0.028,-0.048,0.003,0.044,0.056,0.122,0.132,0.076,0.060,0.045
0.033,0.054,0.021,-0.044,0.006,0.037,0.053,0.111,0.124,0.069,0.057,0.042
0.029,0.048,0.019,-0.039,0.005,0.033,0.044,0.100,0.116,0.062,0.055,0.038
0.030,0.043,0.013,-0.037,0.008,0.028,0.043,0.093,0.108,0.059,0.054,0.034
0.030,0.035,0.005,-0.033,0.012,0.020,0.060,0.085,0.100,0.055,0.050,0.030
0.030,0.031,0.001,-0.030,0.014,0.016,0.057,0.073,0.092,0.047,0.050,0.026
0.031,0.027,-0.004,-0.029,0.017,0.012,0.051,0.064,0.084,0.042,0.047,0.021
0.027,0.023,-0.004,-0.025,0.015,0.009,0.048,0.056,0.076,0.038,0.045,0.020
0.026,0.028,0.002,-0.027,0.012,0.014,0.044,0.048,0.068,0.034,0.044,0.019
0.035,0.040,0.005,-0.038,0.015,0.022,0.040,0.040,0.060,0.030,0.040,0.015
0.031,0.033,0.001,-0.032,0.015,0.017,0.040,0.036,0.052,0.026,0.040,0.015
0.029,0.026,-0.003,-0.027,0.016,0.011,0.037,0.029,0.044,0.022,0.037,0.016
0.031,0.024,-0.007,-0.027,0.018,0.008,0.033,0.023,0.036,0.018,0.033,0.013
0.029,0.018,-0.011,-0.024,0.020,0.004,0.029,0.018,0.028,0.015,0.029,0.010
0.025,0.010,-0.015,-0.017,0.020,-0.002,0.025,0.010,0.025,0.015,0.025,0.010
0.025,0.006,-0.019,-0.015,0.022,-0.006,0.021,0.006,0.025,0.011,0.021,0.010
0.022,0.002,-0.020,-0.012,0.021,-0.009,0.020,0.002,0.022,0.007,0.020,0.011
0.018,-0.002,-0.020,-0.008,0.019,-0.011,0.018,-0.002,0.020,0.003,0.019,0.008
0.023,-0.005,-0.028,-0.008,0.026,-0.017,0.015,-0.005,0.019,-0.001,0.014,0.005
0.035,-0.005,-0.040,-0.015,0.038,-0.022,0.015,-0.005,0.015,-0.005,0.010,0.005
0.032,-0.005,-0.036,-0.013,0.035,-0.020,0.015,-0.009,0.015,-0.004,0.006,0.005
0.026,-0.008,-0.034,-0.008,0.030,-0.021,0.015,-0.010,0.016,-0.014,0.002,0.005
0.025,-0.011,-0.036,-0.007,0.030,-0.023,0.015,-0.011,0.013,-0.024,-0.001,0.003
0.024,-0.010,-0.034,-0.007,0.029,-0.022,0.014,-0.016,0.010,-0.025,0.001,0.000
0.020,-0.010,-0.030,-0.005,0.025,-0.020,0.010,-0.020,0.010,-0.025,0.005,0.000
0.016,-0.013,-0.030,-0.002,0.023,-0.021,0.010,-0.020,0.006,-0.025,0.006,0.000
0.009,-0.022,-0.031,0.006,0.020,-0.026,0.010,-0.023,0.005,-0.025,0.002,-0.003
0.002,-0.026,-0.028,0.012,0.016,-0.027,0.010,-0.026,0.003,-0.025,0.000,-0.005
0.000,-0.025,-0.025,0.013,0.013,-0.025,0.010,-0.024,-0.001,-0.025,0.000,-0.005
0.000,-0.025,-0.025,0.013,0.013,-0.025,0.010,-0.020,0.000,-0.025,0.000,-0.005
0.000,-0.025,-0.025,0.013,0.013,-0.025,0.010,-0.020,0.000,-0.029,0.000,-0.005
0.000,-0.025,-0.025,0.013,0.013,-0.025,0.007,-0.018,-0.003,-0.030,-0.003,-0.008
-0.001,-0.026,-0.026,0.014,0.013,-0.026,0.004,-0.027,-0.007,-0.030,-0.006,-0.011
-0.007,-0.031,-0.024,0.020,0.008,-0.027,0.005,-0.043,-0.011,-0.030,-0.005,-0.010
-0.010,-0.035,-0.025,0.023,0.008,-0.030,0.005,-0.045,-0.015,-0.030,-0.005,-0.010
0.011,-0.035,-0.046,0.012,0.029,-0.040,0.005,-0.045,-0.014,-0.030,-0.005,-0.010
0.014,-0.035,-0.049,0.011,0.032,-0.042,0.006,-0.045,-0.021,-0.030,-0.008,-0.013
0.009,-0.035,-0.044,0.014,0.027,-0.040,0.003,-0.045,-0.026,-0.030,-0.011,-0.016
0.009,-0.035,-0.044,0.013,0.027,-0.040,0.000,-0.045,-0.025,-0.030,-0.010,-0.015
0.005,-0.035,-0.040,0.015,0.023,-0.037,0.000,-0.045,-0.025,-0.030,-0.010,-0.015
0.005,-0.035,-0.040,0.015,0.023,-0.037,0.000,-0.045,-0.025,-0.034,-0.010,-0.015
0.006,-0.035,-0.041,0.015,0.024,-0.037,0.000,-0.045,-0.025,-0.035,-0.009,-0.015
0.003,-0.035,-0.038,0.016,0.021,-0.036,0.000,-0.045,-0.025,-0.037,-0.012,-0.014
0.000,-0.035,-0.035,0.018,0.018,-0.035,0.000,-0.045,-0.025,-0.040,-0.015,-0.016
0.000,-0.035,-0.035,0.018,0.018,-0.035,0.000,-0.045,-0.025,-0.040,-0.015,-0.025
-0.004,-0.035,-0.031,0.020,0.014,-0.033,0.000,-0.045,-0.034,-0.040,-0.015,-0.030
-0.006,-0.035,-0.029,0.020,0.012,-0.032,0.000,-0.042,-0.033,-0.039,-0.014,-0.030
-0.004,-0.035,-0.031,0.020,0.014,-0.032,0.000,-0.039,-0.029,-0.042,-0.017,-0.030
-0.006,-0.035,-0.029,0.021,0.012,-0.032,-0.001,-0.040,-0.030,-0.045,-0.020,-0.030
-0.010,-0.035,-0.025,0.023,0.008,-0.030,0.000,-0.040,-0.030,-0.040,-0.020,-0.030
-0.010,-0.035,-0.025,0.023,0.008,-0.030,0.012,-0.040,-0.030,-0.040,-0.020,-0.030
-0.013,-0.035,-0.022,0.024,0.005,-0.028,0.019,-0.040,-0.030,-0.042,-0.020,-0.030
-0.016,-0.035,-0.019,0.025,0.002,-0.027,0.020,-0.040,-0.030,-0.050,-0.020,-0.030
-0.015,-0.035,-0.020,0.025,0.003,-0.027,0.020,-0.040,-0.030,-0.055,-0.019,-0.030
-0.015,-0.035,-0.020,0.025,0.003,-0.027,0.020,-0.040,-0.030,-0.050,-0.015,-0.030
-0.019,-0.035,-0.016,0.028,-0.001,-0.025,0.020,-0.040,-0.026,-0.050,-0.015,-0.030
-0.020,-0.035,-0.015,0.028,-0.002,-0.025,0.020,-0.040,-0.025,-0.051,-0.015,-0.030
-0.022,-0.035,-0.013,0.029,-0.004,-0.024,0.020,-0.040,-0.025,-0.048,-0.015,-0.030
-0.016,-0.035,-0.019,0.026,0.002,-0.027,0.020,-0.040,-0.025,-0.045,-0.015,-0.030
0.005,-0.035,-0.040,0.015,0.023,-0.037,0.020,-0.040,-0.025,-0.045,-0.015,-0.030
0.002,-0.035,-0.037,0.017,0.020,-0.036,0.020,-0.036,-0.025,-0.045,-0.015,-0.030
-0.001,-0.035,-0.035,0.019,0.017,-0.035,0.020,-0.035,-0.025,-0.046,-0.015,-0.030
0.000,-0.034,-0.033,0.017,0.017,-0.033,0.020,-0.035,-0.025,-0.043,-0.015,-0.030
-0.008,-0.038,-0.029,0.023,0.011,-0.033,0.020,-0.035,-0.024,-0.040,-0.015,-0.030
-0.020,-0.050,-0.030,0.035,0.005,-0.040,0.020,-0.035,-0.020,-0.040,-0.015,-0.030
-0.016,-0.046,-0.031,0.031,0.008,-0.038,0.020,-0.035,-0.020,-0.040,-0.015,-0.030
-0.017,-0.044,-0.027,0.031,0.005,-0.035,0.020,-0.035,-0.020,-0.040,-0.015,-0.030
-0.020,-0.045,-0.025,0.033,0.003,-0.035,0.020,-0.035,-0.020,-0.038,-0.015,-0.030
-0.021,-0.045,-0.024,0.033,0.002,-0.035,0.020,-0.035,-0.020,-0.035,-0.015,-0.030
-0.025,-0.045,-0.020,0.035,-0.002,-0.032,0.020,-0.035,-0.020,-0.035,-0.015,-0.030
-0.026,-0.045,-0.020,0.036,-0.003,-0.032,0.020,-0.035,-0.020,-0.035,-0.015,-0.030
-0.021,-0.042,-0.021,0.032,0.000,-0.031,0.020,-0.035,-0.020,-0.032,-0.015,-0.030
-0.022,-0.039,-0.018,0.031,-0.002,-0.029,0.020,-0.035,-0.020,-0.030,-0.015,-0.030
-0.025,-0.040,-0.015,0.033,-0.005,-0.027,0.021,-0.034,-0.019,-0.030,-0.015,-0.030
-0.025,-0.040,-0.015,0.033,-0.005,-0.027,0.025,-0.030,-0.015,-0.030,-0.015,-0.030
-0.029,-0.040,-0.011,0.035,-0.009,-0.025,0.025,-0.030,-0.015,-0.030,-0.015,-0.039
-0.030,-0.040,-0.009,0.035,-0.011,-0.025,0.025,-0.030,-0.016,-0.027,-0.015,-0.038
-0.030,-0.040,-0.011,0.035,-0.010,-0.025,0.025,-0.030,-0.013,-0.024,-0.015,-0.034
-0.030,-0.039,-0.009,0.035,-0.010,-0.024,0.025,-0.029,-0.010,-0.025,-0.015,-0.035
-0.030,-0.035,-0.005,0.033,-0.012,-0.020,0.025,-0.025,-0.010,-0.025,-0.015,-0.035
-0.030,-0.035,-0.005,0.033,-0.012,-0.020,0.025,-0.025,-0.010,-0.024,-0.015,-0.035
-0.030,-0.035,-0.005,0.033,-0.012,-0.020,0.024,-0.025,-0.011,-0.032,-0.012,-0.035
-0.029,-0.035,-0.006,0.032,-0.011,-0.020,0.028,-0.025,-0.008,-0.034,-0.009,-0.035
-0.024,-0.035,-0.011,0.030,-0.006,-0.023,0.037,-0.024,-0.005,-0.029,-0.010,-0.035
-0.020,-0.035,-0.015,0.028,-0.002,-0.025,0.040,-0.020,-0.005,-0.030,-0.010,-0.035
-0.020,-0.031,-0.011,0.026,-0.005,-0.021,0.040,-0.020,-0.005,-0.030,-0.010,-0.031
-0.019,-0.030,-0.010,0.024,-0.005,-0.020,0.040,-0.020,-0.005,-0.030,-0.011,-0.030
-0.022,-0.030,-0.008,0.026,-0.007,-0.019,0.040,-0.020,-0.003,-0.028,-0.008,-0.030
-0.025,-0.030,-0.005,0.028,-0.010,-0.017,0.040,-0.020,0.000,-0.025,-0.005,-0.030
-0.025,-0.030,-0.005,0.028,-0.010,-0.017,0.040,-0.020,0.000,-0.025,-0.005,-0.030
-0.039,-0.030,0.009,0.035,-0.024,-0.011,0.040,-0.016,0.000,-0.025,-0.005,-0.030
-0.029,-0.029,0.001,0.029,-0.015,-0.014,0.040,-0.015,0.003,-0.026,-0.005,-0.030
-0.015,-0.034,-0.019,0.025,0.002,-0.026,0.040,-0.015,0.005,-0.023,-0.005,-0.030
-0.015,-0.040,-0.025,0.028,0.005,-0.032,0.040,-0.015,0.005,-0.020,-0.005,-0.029
-0.015,-0.035,-0.020,0.025,0.003,-0.027,0.040,-0.015,0.005,-0.020,-0.005,-0.025
-0.015,-0.035,-0.020,0.025,0.003,-0.027,0.040,-0.011,0.005,-0.020,-0.001,-0.025
-0.015,-0.035,-0.020,0.025,0.003,-0.027,0.037,-0.010,0.008,-0.020,0.000,-0.025
-0.015,-0.035,-0.020,0.025,0.003,-0.027,0.034,-0.010,0.010,-0.020,0.000,-0.025
-0.015,-0.035,-0.020,0.025,0.003,-0.027,0.035,-0.010,0.010,-0.019,0.000,-0.025
-0.015,-0.035,-0.020,0.025,0.003,-0.027,0.035,-0.010,0.010,-0.015,0.000,-0.025
-0.019,-0.035,-0.016,0.027,-0.001,-0.025,0.035,-0.010,0.009,-0.015,0.000,-0.025
-0.021,-0.036,-0.015,0.029,-0.003,-0.025,0.035,-0.007,0.017,-0.015,0.003,-0.025
-0.018,-0.033,-0.015,0.026,-0.001,-0.024,0.035,-0.004,0.019,-0.015,0.006,-0.025
-0.015,-0.030,-0.015,0.023,0.000,-0.022,0.036,-0.005,0.014,-0.014,0.005,-0.024
-0.015,-0.030,-0.015,0.023,0.000,-0.022,0.040,-0.005,0.015,-0.010,0.005,-0.020
-0.015,-0.030,-0.015,0.023,0.000,-0.022,0.040,-0.001,0.015,-0.010,0.005,-0.020
-0.014,-0.030,-0.016,0.023,0.001,-0.022,0.039,0.000,0.015,-0.010,0.005,-0.021
-0.017,-0.030,-0.013,0.024,-0.002,-0.021,0.044,0.000,0.015,-0.010,0.006,-0.019
-0.020,-0.030,-0.010,0.025,-0.005,-0.020,0.050,-0.001,0.015,-0.010,0.004,-0.022
-0.020,-0.030,-0.010,0.025,-0.005,-0.020,0.045,-0.005,0.015,-0.010,-0.005,-0.035
-0.020,-0.030,-0.010,0.025,-0.005,-0.020,0.045,-0.005,0.015,-0.006,-0.010,-0.036
-0.018,-0.027,-0.010,0.022,-0.003,-0.018,0.045,-0.005,0.012,-0.005,-0.007,-0.035
-0.012,-0.023,-0.010,0.018,-0.001,-0.016,0.045,-0.005,0.009,-0.005,-0.004,-0.035
-0.010,-0.019,-0.009,0.015,0.000,-0.014,0.045,-0.005,0.010,-0.005,-0.005,-0.035
-0.010,-0.015,-0.005,0.013,-0.002,-0.010,0.045,-0.005,0.010,-0.005,-0.005,-0.035
-0.006,-0.011,-0.005,0.009,-0.001,-0.007,0.041,-0.005,0.010,-0.005,-0.005,-0.035
-0.002,-0.007,-0.005,0.005,0.002,-0.006,0.040,-0.005,0.010,-0.005,-0.005,-0.035
0.002,-0.003,-0.005,0.001,0.004,-0.004,0.040,-0.005,0.010,-0.005,-0.005,-0.035
-0.003,-0.008,-0.005,0.006,0.002,-0.006,0.040,-0.005,0.010,-0.005,-0.005,-0.035
-0.020,-0.025,-0.005,0.023,-0.007,-0.015,0.040,-0.005,0.010,-0.005,-0.005,-0.035
-0.034,-0.039,-0.005,0.037,-0.014,-0.022,0.040,-0.005,0.006,-0.005,-0.001,-0.035
-0.035,-0.038,-0.003,0.036,-0.015,-0.020,0.041,-0.004,0.005,-0.002,0.000,-0.035
-0.039,-0.035,0.004,0.036,-0.021,-0.015,0.038,-0.007,0.005,0.001,0.000,-0.035
-0.036,-0.034,0.002,0.035,-0.019,-0.016,0.035,-0.010,0.005,0.000,0.000,-0.035
-0.015,-0.030,-0.015,0.023,0.000,-0.022,0.035,-0.010,0.005,0.000,0.000,-0.035
-0.018,-0.030,-0.012,0.024,-0.003,-0.021,0.035,-0.010,0.005,0.000,0.000,-0.035
-0.018,-0.027,-0.009,0.022,-0.004,-0.018,0.035,-0.010,0.005,0.000,0.000,-0.035
-0.014,-0.025,-0.011,0.019,-0.001,-0.017,0.035,-0.010,0.005,0.000,0.000,-0.035
-0.015,-0.024,-0.009,0.020,-0.003,-0.016,0.034,-0.010,0.005,0.000,0.001,-0.035
-0.015,-0.020,-0.005,0.018,-0.005,-0.012,0.030,-0.010,0.005,0.000,0.005,-0.035
-0.016,-0.020,-0.005,0.018,-0.005,-0.012,0.030,-0.010,0.009,0.000,0.005,-0.035
-0.011,-0.017,-0.006,0.015,-0.002,-0.011,0.030,-0.010,0.014,0.001,0.005,-0.035
-0.012,-0.015,-0.003,0.014,-0.004,-0.009,0.030,-0.010,0.013,-0.002,0.005,-0.035
-0.015,-0.014,0.000,0.014,-0.007,-0.006,0.030,-0.010,0.009,-0.005,0.005,-0.035
-0.010,-0.010,0.000,0.010,-0.005,-0.005,0.030,-0.010,0.010,-0.005,0.005,-0.035
-0.010,-0.010,0.000,0.010,-0.005,-0.005,0.031,-0.010,0.010,-0.005,0.005,-0.035
-0.009,-0.007,0.001,0.008,-0.005,-0.003,0.025,-0.013,0.011,-0.008,0.005,-0.035
0.002,-0.003,-0.005,0.001,0.004,-0.004,0.031,-0.018,0.008,-0.011,0.005,-0.033
0.010,-0.007,-0.018,-0.001,0.014,-0.012,0.041,-0.020,0.005,-0.010,0.004,-0.029
0.005,-0.020,-0.025,0.008,0.015,-0.022,0.035,-0.020,0.005,-0.010,0.000,-0.030
0.002,-0.031,-0.033,0.015,0.018,-0.032,0.035,-0.024,0.005,-0.014,0.000,-0.043
-0.009,-0.052,-0.042,0.031,0.017,-0.047,0.035,-0.029,0.006,-0.015,0.000,-0.043
-0.017,-0.060,-0.044,0.039,0.014,-0.052,0.035,-0.030,0.003,-0.015,0.000,-0.039
-0.014,-0.054,-0.040,0.034,0.013,-0.046,0.035,-0.030,0.000,-0.015,0.000,-0.040
-0.015,-0.055,-0.040,0.035,0.013,-0.047,0.035,-0.030,0.000,-0.015,0.000,-0.040
-0.020,-0.056,-0.036,0.038,0.009,-0.046,0.031,-0.030,0.000,-0.019,-0.004,-0.036
-0.017,-0.052,-0.034,0.035,0.009,-0.043,0.030,-0.030,0.000,-0.020,-0.005,-0.035
-0.014,-0.050,-0.036,0.032,0.011,-0.042,0.030,-0.030,0.000,-0.020,-0.005,-0.035
-0.016,-0.050,-0.034,0.033,0.009,-0.042,0.030,-0.030,-0.001,-0.020,-0.005,-0.036
-0.020,-0.050,-0.030,0.035,0.005,-0.040,0.030,-0.030,-0.005,-0.020,-0.005,-0.040
-0.021,-0.050,-0.030,0.036,0.004,-0.040,0.030,-0.029,-0.005,-0.020,-0.005,-0.039
-0.016,-0.047,-0.031,0.032,0.007,-0.038,0.031,-0.037,-0.005,-0.020,-0.005,-0.050
-0.016,-0.044,-0.028,0.031,0.006,-0.036,0.028,-0.039,-0.005,-0.020,-0.005,-0.055
-0.021,-0.045,-0.025,0.033,0.002,-0.035,0.025,-0.034,-0.006,-0.020,-0.005,-0.049
-0.020,-0.045,-0.025,0.033,0.003,-0.035,0.025,-0.035,-0.010,-0.020,-0.005,-0.050
-0.020,-0.045,-0.025,0.033,0.003,-0.035,0.025,-0.035,-0.010,-0.020,-0.005,-0.050
-0.020,-0.042,-0.022,0.031,0.001,-0.032,0.025,-0.035,-0.010,-0.019,-0.005,-0.050
-0.020,-0.039,-0.019,0.030,-0.001,-0.029,0.025,-0.035,-0.010,-0.022,-0.005,-0.050
-0.020,-0.040,-0.021,0.030,0.001,-0.031,0.024,-0.035,-0.010,-0.025,-0.006,-0.050
-0.020,-0.040,-0.020,0.030,0.000,-0.030,0.020,-0.035,-0.010,-0.025,-0.010,-0.050
-0.026,-0.036,-0.010,0.031,-0.008,-0.022,0.020,-0.035,-0.014,-0.025,-0.010,-0.050
-0.013,-0.035,-0.022,0.024,0.005,-0.028,0.020,-0.035,-0.016,-0.025,-0.009,-0.050
-0.004,-0.035,-0.031,0.020,0.014,-0.032,0.020,-0.035,-0.013,-0.024,-0.012,-0.050
-0.002,-0.035,-0.033,0.019,0.016,-0.034,0.020,-0.035,-0.010,-0.018,-0.007,-0.050
0.015,-0.035,-0.050,0.010,0.033,-0.042,0.020,-0.035,-0.010,-0.015,0.005,-0.050
0.016,-0.031,-0.047,0.008,0.032,-0.038,0.020,-0.035,-0.010,-0.032,-0.012,-0.050
0.011,-0.029,-0.041,0.009,0.026,-0.035,0.017,-0.035,-0.009,-0.034,-0.014,-0.047
0.010,-0.030,-0.040,0.010,0.025,-0.035,0.014,-0.035,-0.014,-0.029,-0.009,-0.044
0.010,-0.029,-0.039,0.010,0.025,-0.034,0.015,-0.035,-0.021,-0.030,-0.010,-0.045
0.005,-0.030,-0.035,0.013,0.020,-0.032,0.015,-0.035,-0.020,-0.030,-0.010,-0.045
-0.009,-0.039,-0.030,0.024,0.011,-0.035,0.011,-0.035,-0.020,-0.030,-0.010,-0.045
-0.005,-0.035,-0.030,0.020,0.013,-0.033,0.010,-0.035,-0.020,-0.031,-0.010,-0.045
0.001,-0.027,-0.028,0.013,0.015,-0.027,0.008,-0.035,-0.020,-0.028,-0.010,-0.045
0.000,-0.025,-0.025,0.013,0.013,-0.025,0.013,-0.035,-0.020,-0.025,-0.010,-0.045
-0.005,-0.030,-0.025,0.018,0.010,-0.027,0.030,-0.035,-0.020,-0.025,-0.010,-0.045
-0.022,-0.047,-0.025,0.035,0.002,-0.035,0.027,-0.035,-0.020,-0.025,-0.010,-0.045
-0.027,-0.052,-0.025,0.040,-0.001,-0.038,0.024,-0.035,-0.020,-0.025,-0.010,-0.045
-0.024,-0.049,-0.025,0.037,0.000,-0.037,0.025,-0.035,-0.020,-0.025,-0.010,-0.045
-0.025,-0.050,-0.025,0.038,0.000,-0.037,0.025,-0.035,-0.020,-0.025,-0.010,-0.045
-0.025,-0.050,-0.025,0.038,0.000,-0.037,0.025,-0.035,-0.020,-0.025,-0.010,-0.045
-0.025,-0.050,-0.025,0.038,0.000,-0.037,0.025,-0.035,-0.020,-0.021,-0.006,-0.042
-0.025,-0.050,-0.025,0.038,0.000,-0.037,0.022,-0.034,-0.020,-0.020,-0.005,-0.034
-0.025,-0.050,-0.025,0.038,0.000,-0.037,0.019,-0.039,-0.020,-0.020,-0.005,-0.043
-0.026,-0.050,-0.024,0.038,-0.001,-0.037,0.020,-0.045,-0.020,-0.020,-0.005,-0.056
-0.025,-0.050,-0.025,0.038,0.000,-0.037,0.020,-0.040,-0.020,-0.020,-0.005,-0.050
-0.012,-0.050,-0.038,0.031,0.013,-0.044,0.020,-0.040,-0.020,-0.020,-0.005,-0.050
-0.009,-0.050,-0.041,0.029,0.016,-0.046,0.020,-0.040,-0.020,-0.017,-0.005,-0.050
-0.010,-0.050,-0.040,0.030,0.015,-0.045,0.020,-0.040,-0.020,-0.014,-0.005,-0.050
-0.010,-0.050,-0.040,0.030,0.015,-0.045,0.019,-0.040,-0.020,-0.015,-0.005,-0.050
-0.010,-0.050,-0.040,0.030,0.015,-0.045,0.015,-0.040,-0.020,-0.015,-0.005,-0.050
-0.010,-0.050,-0.040,0.030,0.015,-0.045,0.015,-0.040,-0.029,-0.015,-0.005,-0.050
-0.010,-0.050,-0.040,0.030,0.015,-0.045,0.015,-0.040,-0.028,-0.015,-0.005,-0.051
-0.010,-0.050,-0.040,0.030,0.015,-0.045,0.015,-0.040,-0.024,-0.015,-0.005,-0.048
-0.010,-0.050,-0.040,0.030,0.015,-0.045,0.015,-0.040,-0.025,-0.016,-0.006,-0.045
-0.010,-0.050,-0.040,0.030,0.015,-0.045,0.015,-0.040,-0.025,-0.020,-0.010,-0.045
-0.010,-0.050,-0.040,0.030,0.015,-0.045,0.011,-0.040,-0.025,-0.020,-0.010,-0.045
-0.010,-0.050,-0.040,0.030,0.015,-0.045,0.010,-0.041,-0.025,-0.024,-0.013,-0.045
-0.010,-0.050,-0.040,0.030,0.015,-0.045,0.010,-0.038,-0.025,-0.023,-0.016,-0.045
-0.010,-0.050,-0.040,0.030,0.015,-0.045,0.010,-0.035,-0.025,-0.020,-0.015,-0.045
-0.010,-0.050,-0.040,0.030,0.015,-0.045,0.010,-0.035,-0.025,-0.020,-0.015,-0.045
-0.010,-0.050,-0.040,0.030,0.015,-0.045,0.010,-0.035,-0.025,-0.014,-0.015,-0.045
-0.010,-0.050,-0.040,0.030,0.015,-0.045,0.010,-0.035,-0.025,-0.027,-0.015,-0.042
-0.011,-0.051,-0.040,0.031,0.014,-0.046,0.012,-0.035,-0.025,-0.035,-0.015,-0.039
-0.008,-0.048,-0.040,0.028,0.016,-0.044,0.016,-0.035,-0.025,-0.029,-0.015,-0.040
0.010,-0.030,-0.040,0.010,0.025,-0.035,0.015,-0.035,-0.025,-0.030,-0.015,-0.040
0.025,-0.015,-0.040,-0.005,0.033,-0.027,0.009,-0.035,-0.025,-0.030,-0.015,-0.040
0.013,-0.027,-0.040,0.007,0.026,-0.033,0.019,-0.035,-0.025,-0.030,-0.015,-0.040
-0.012,-0.053,-0.041,0.032,0.015,-0.047,0.025,-0.035,-0.025,-0.030,-0.015,-0.040
-0.027,-0.066,-0.038,0.047,0.006,-0.051,0.019,-0.035,-0.025,-0.029,-0.015,-0.040
-0.035,-0.060,-0.025,0.048,-0.005,-0.042,0.020,-0.035,-0.025,-0.025,-0.015,-0.040
-0.047,-0.059,-0.013,0.054,-0.017,-0.036,0.020,-0.035,-0.025,-0.025,-0.015,-0.040
-0.024,-0.061,-0.037,0.043,0.006,-0.049,0.020,-0.034,-0.025,-0.025,-0.015,-0.043
-0.006,-0.058,-0.052,0.032,0.023,-0.055,0.020,-0.038,-0.025,-0.025,-0.015,-0.046
-0.011,-0.055,-0.044,0.033,0.017,-0.049,0.020,-0.047,-0.025,-0.025,-0.015,-0.052
-0.010,-0.055,-0.045,0.033,0.018,-0.050,0.020,-0.050,-0.025,-0.025,-0.015,-0.060
-0.009,-0.055,-0.046,0.033,0.019,-0.050,0.020,-0.050,-0.025,-0.025,-0.015,-0.056
-0.014,-0.056,-0.042,0.035,0.015,-0.048,0.020,-0.050,-0.025,-0.022,-0.015,-0.054
-0.014,-0.053,-0.040,0.033,0.013,-0.046,0.020,-0.050,-0.025,-0.019,-0.015,-0.055
-0.010,-0.050,-0.040,0.030,0.015,-0.045,0.020,-0.050,-0.026,-0.020,-0.015,-0.055
-0.010,-0.050,-0.040,0.030,0.015,-0.045,0.020,-0.050,-0.030,-0.020,-0.015,-0.055
-0.010,-0.050,-0.040,0.030,0.015,-0.045,0.020,-0.050,-0.030,-0.020,-0.015,-0.055
-0.014,-0.050,-0.037,0.032,0.012,-0.043,0.020,-0.050,-0.030,-0.021,-0.015,-0.055
-0.014,-0.048,-0.034,0.031,0.011,-0.041,0.020,-0.050,-0.030,-0.018,-0.015,-0.055
-0.009,-0.045,-0.035,0.027,0.013,-0.040,0.020,-0.050,-0.030,-0.015,-0.015,-0.055
-0.010,-0.045,-0.035,0.028,0.013,-0.040,0.020,-0.050,-0.030,-0.015,-0.015,-0.055
-0.010,-0.045,-0.035,0.028,0.013,-0.040,0.020,-0.050,-0.030,-0.015,-0.015,-0.055
-0.010,-0.042,-0.032,0.026,0.011,-0.037,0.020,-0.050,-0.027,-0.015,-0.015,-0.055
-0.010,-0.040,-0.029,0.025,0.010,-0.034,0.020,-0.050,-0.024,-0.015,-0.015,-0.055
-0.010,-0.040,-0.030,0.025,0.010,-0.035,0.020,-0.050,-0.025,-0.015,-0.015,-0.054
-0.010,-0.040,-0.030,0.025,0.010,-0.035,0.020,-0.050,-0.025,-0.015,-0.015,-0.050
-0.015,-0.040,-0.026,0.028,0.006,-0.033,0.020,-0.050,-0.025,-0.019,-0.015,-0.050
-0.012,-0.037,-0.025,0.025,0.006,-0.031,0.020,-0.050,-0.025,-0.020,-0.015,-0.050
-0.009,-0.034,-0.025,0.022,0.008,-0.030,0.020,-0.050,-0.025,-0.020,-0.015,-0.050
-0.010,-0.035,-0.025,0.023,0.008,-0.030,0.020,-0.050,-0.025,-0.020,-0.015,-0.050
-0.010,-0.035,-0.025,0.023,0.008,-0.030,0.020,-0.050,-0.025,-0.020,-0.015,-0.050
-0.015,-0.035,-0.021,0.025,0.004,-0.028,0.016,-0.050,-0.025,-0.020,-0.015,-0.050
-0.013,-0.032,-0.019,0.022,0.004,-0.026,0.015,-0.050,-0.026,-0.021,-0.015,-0.050
-0.008,-0.028,-0.020,0.018,0.006,-0.025,0.015,-0.050,-0.023,-0.018,-0.015,-0.050
-0.012,-0.032,-0.019,0.022,0.003,-0.026,0.015,-0.050,-0.020,-0.015,-0.015,-0.050
-0.020,-0.040,-0.020,0.030,0.000,-0.030,0.015,-0.050,-0.020,-0.015,-0.015,-0.050
-0.007,-0.036,-0.029,0.022,0.011,-0.032,0.015,-0.050,-0.020,-0.015,-0.015,-0.050
-0.007,-0.034,-0.028,0.021,0.011,-0.031,0.015,-0.047,-0.020,-0.013,-0.015,-0.050
-0.011,-0.035,-0.024,0.024,0.007,-0.030,0.015,-0.044,-0.020,-0.021,-0.015,-0.049
-0.010,-0.035,-0.025,0.023,0.008,-0.030,0.015,-0.045,-0.020,-0.030,-0.015,-0.044
-0.010,-0.035,-0.025,0.023,0.008,-0.030,0.015,-0.045,-0.020,-0.025,-0.015,-0.045
-0.010,-0.035,-0.025,0.023,0.008,-0.030,0.015,-0.041,-0.020,-0.025,-0.015,-0.062
-0.007,-0.032,-0.025,0.020,0.009,-0.028,0.015,-0.040,-0.021,-0.025,-0.015,-0.067
-0.005,-0.029,-0.025,0.018,0.010,-0.027,0.015,-0.038,-0.018,-0.025,-0.015,-0.064
-0.005,-0.030,-0.025,0.018,0.010,-0.027,0.015,-0.043,-0.024,-0.025,-0.015,-0.065
-0.005,-0.030,-0.025,0.018,0.010,-0.027,0.015,-0.060,-0.040,-0.025,-0.015,-0.065
-0.009,-0.030,-0.021,0.020,0.006,-0.025,0.015,-0.057,-0.037,-0.025,-0.015,-0.065
-0.010,-0.029,-0.020,0.019,0.005,-0.024,0.015,-0.054,-0.034,-0.025,-0.015,-0.065
-0.013,-0.033,-0.020,0.023,0.004,-0.026,0.015,-0.055,-0.035,-0.025,-0.015,-0.065
-0.023,-0.043,-0.020,0.033,-0.001,-0.031,0.015,-0.055,-0.035,-0.025,-0.014,-0.065
-0.030,-0.050,-0.020,0.040,-0.005,-0.035,0.015,-0.055,-0.035,-0.025,-0.010,-0.065
-0.026,-0.046,-0.020,0.036,-0.003,-0.033,0.015,-0.055,-0.035,-0.025,-0.010,-0.065
-0.024,-0.044,-0.021,0.034,-0.001,-0.032,0.015,-0.055,-0.035,-0.026,-0.010,-0.065
-0.027,-0.045,-0.018,0.036,-0.004,-0.031,0.015,-0.055,-0.035,-0.023,-0.010,-0.065
-0.022,-0.045,-0.023,0.034,0.001,-0.034,0.015,-0.055,-0.035,-0.020,-0.010,-0.065
-0.015,-0.045,-0.030,0.030,0.008,-0.037,0.015,-0.055,-0.035,-0.020,-0.010,-0.065
-0.034,-0.041,-0.006,0.038,-0.014,-0.023,0.015,-0.055,-0.035,-0.020,-0.010,-0.065
-0.015,-0.040,-0.025,0.027,0.005,-0.032,0.014,-0.055,-0.035,-0.020,-0.010,-0.065
0.002,-0.040,-0.043,0.019,0.022,-0.041,0.017,-0.055,-0.035,-0.020,-0.010,-0.065
-0.006,-0.040,-0.034,0.024,0.014,-0.036,0.020,-0.054,-0.035,-0.020,-0.010,-0.065
-0.005,-0.040,-0.035,0.023,0.015,-0.037,0.020,-0.050,-0.035,-0.020,-0.010,-0.065
-0.010,-0.040,-0.031,0.025,0.011,-0.036,0.020,-0.050,-0.035,-0.020,-0.006,-0.065
-0.007,-0.037,-0.030,0.022,0.012,-0.033,0.020,-0.050,-0.035,-0.020,-0.005,-0.065
-0.006,-0.034,-0.028,0.021,0.011,-0.031,0.020,-0.050,-0.035,-0.020,-0.005,-0.065
-0.010,-0.035,-0.025,0.023,0.008,-0.030,0.020,-0.050,-0.035,-0.020,-0.005,-0.065
-0.010,-0.035,-0.025,0.023,0.008,-0.030,0.020,-0.050,-0.035,-0.020,-0.005,-0.065
-0.015,-0.035,-0.021,0.025,0.004,-0.028,0.020,-0.050,-0.035,-0.020,-0.005,-0.065
-0.012,-0.032,-0.020,0.022,0.004,-0.026,0.020,-0.050,-0.035,-0.019,-0.005,-0.065
-0.010,-0.029,-0.019,0.020,0.004,-0.024,0.020,-0.050,-0.035,-0.024,-0.005,-0.065
-0.017,-0.030,-0.013,0.024,-0.002,-0.021,0.020,-0.050,-0.035,-0.030,-0.005,-0.064
-0.015,-0.030,-0.015,0.023,0.000,-0.022,0.020,-0.050,-0.035,-0.025,-0.005,-0.060
0.015,-0.030,-0.045,0.008,0.030,-0.037,0.020,-0.050,-0.035,-0.025,-0.004,-0.060
0.018,-0.030,-0.047,0.006,0.032,-0.039,0.020,-0.050,-0.036,-0.022,-0.012,-0.061
0.005,-0.031,-0.036,0.013,0.021,-0.033,0.021,-0.048,-0.033,-0.020,-0.012,-0.058
0.007,-0.028,-0.035,0.011,0.021,-0.031,0.019,-0.044,-0.030,-0.019,-0.004,-0.055
0.000,-0.030,-0.030,0.015,0.015,-0.030,0.020,-0.040,-0.030,-0.015,0.000,-0.055
-0.051,-0.073,-0.022,0.062,-0.015,-0.047,0.042,-0.036,-0.026,-0.015,0.021,-0.055
-0.060,-0.076,-0.016,0.068,-0.021,-0.046,0.039,-0.032,-0.025,-0.016,0.024,-0.052
-0.045,-0.059,-0.015,0.052,-0.014,-0.037,0.023,-0.027,-0.023,-0.013,0.019,-0.049
-0.047,-0.053,-0.006,0.049,-0.020,-0.029,0.022,-0.025,-0.020,-0.010,0.020,-0.050
-0.045,-0.040,0.005,0.042,-0.025,-0.017,0.040,-0.025,-0.020,-0.010,0.020,-0.050
-0.016,-0.032,-0.016,0.024,0.000,-0.024,0.054,-0.015,-0.016,-0.006,0.020,-0.046
-0.001,-0.021,-0.020,0.012,0.010,-0.021,0.053,-0.027,-0.015,-0.005,0.017,-0.044
0.002,-0.010,-0.012,0.004,0.008,-0.011,0.050,-0.036,-0.015,-0.003,0.014,-0.046
0.005,-0.004,-0.009,-0.001,0.008,-0.006,0.049,-0.029,-0.015,0.001,0.015,-0.044
0.005,0.000,-0.005,-0.002,0.005,-0.002,0.045,-0.030,-0.015,0.000,0.015,-0.040
0.005,0.004,-0.001,-0.004,0.003,0.001,0.045,-0.031,-0.011,0.000,0.015,-0.040
0.005,0.009,0.004,-0.008,0.000,0.006,0.042,-0.027,-0.010,0.003,0.015,-0.041
0.005,0.008,0.003,-0.007,0.001,0.005,0.040,-0.024,-0.010,0.006,0.015,-0.038
0.006,0.015,0.009,-0.011,-0.002,0.012,0.039,-0.025,-0.010,0.005,0.014,-0.035
0.010,0.040,0.030,-0.025,-0.010,0.035,0.035,-0.025,-0.010,0.005,0.015,-0.035
0.014,0.035,0.020,-0.025,-0.003,0.027,0.035,-0.021,-0.006,0.005,0.028,-0.034
0.015,0.018,0.003,-0.017,0.006,0.010,0.032,-0.019,-0.005,0.005,0.026,-0.042
0.015,0.034,0.019,-0.025,-0.002,0.026,0.030,-0.021,-0.005,0.004,0.017,-0.044
0.005,0.047,0.042,-0.026,-0.018,0.044,0.029,-0.019,-0.005,0.006,0.015,-0.039
-0.025,0.005,0.030,0.010,-0.028,0.017,0.025,-0.015,-0.005,0.015,0.020,-0.040
-0.052,-0.031,0.021,0.042,-0.036,-0.005,0.025,-0.015,-0.005,0.024,0.037,-0.041
-0.049,-0.032,0.017,0.040,-0.033,-0.007,0.022,-0.016,-0.002,0.022,0.038,-0.038
-0.031,-0.020,0.012,0.025,-0.021,-0.004,0.020,-0.013,0.001,0.020,0.034,-0.048
-0.017,-0.014,0.003,0.015,-0.009,-0.006,0.019,-0.010,0.000,0.019,0.034,-0.060
-0.005,-0.010,-0.005,0.008,0.000,-0.007,0.015,-0.010,0.000,0.015,0.030,-0.050
0.007,-0.002,-0.009,-0.002,0.008,-0.005,0.015,-0.011,0.000,0.015,0.030,-0.042
0.020,0.005,-0.015,-0.012,0.017,-0.005,0.012,-0.007,0.003,0.013,0.028,-0.034
0.028,0.017,-0.011,-0.022,0.019,0.003,0.009,-0.005,0.006,0.007,0.022,-0.026
0.030,0.007,-0.023,-0.018,0.026,-0.008,0.010,-0.005,0.005,0.014,0.030,-0.018
0.030,-0.035,-0.065,0.003,0.048,-0.050,0.010,-0.005,0.005,0.035,0.055,-0.010
0.034,-0.029,-0.063,-0.002,0.049,-0.046,0.006,-0.013,0.005,0.032,0.053,-0.005
0.039,-0.020,-0.059,-0.009,0.049,-0.039,0.005,-0.021,0.006,0.026,0.046,-0.012
0.040,-0.019,-0.058,-0.010,0.049,-0.039,0.003,-0.029,0.001,0.023,0.045,-0.028
0.041,-0.014,-0.055,-0.013,0.048,-0.034,-0.001,-0.036,-0.006,0.019,0.044,-0.034
0.045,-0.010,-0.055,-0.017,0.050,-0.032,0.000,-0.040,-0.010,0.015,0.040,-0.025
0.045,-0.006,-0.051,-0.019,0.048,-0.028,0.000,-0.044,-0.014,0.011,0.040,-0.021
0.049,-0.002,-0.051,-0.023,0.050,-0.026,-0.003,-0.045,-0.016,0.007,0.037,-0.017
0.048,0.003,-0.045,-0.026,0.046,-0.021,-0.006,-0.045,-0.014,0.003,0.035,-0.013
0.045,0.022,-0.023,-0.033,0.034,0.000,-0.004,-0.045,-0.016,-0.001,0.035,-0.009
0.045,0.030,-0.015,-0.037,0.030,0.007,0.005,-0.045,-0.015,0.000,0.030,-0.005
0.033,-0.029,-0.061,-0.002,0.047,-0.045,0.015,-0.050,0.007,0.022,0.025,0.001
0.028,-0.041,-0.069,0.006,0.049,-0.055,0.010,-0.049,-0.001,0.021,0.025,-0.012
0.032,-0.024,-0.056,-0.004,0.044,-0.039,0.002,-0.056,-0.028,0.012,0.023,-0.037
0.036,-0.019,-0.055,-0.008,0.045,-0.036,-0.001,-0.065,-0.041,0.009,0.020,-0.052
0.040,-0.010,-0.050,-0.015,0.045,-0.030,-0.005,-0.060,-0.040,0.005,0.020,-0.050
0.040,-0.002,-0.041,-0.019,0.041,-0.022,-0.013,-0.060,-0.040,0.001,0.016,-0.050
0.043,0.004,-0.039,-0.023,0.041,-0.017,-0.018,-0.057,-0.040,-0.002,0.014,-0.050
0.046,0.019,-0.027,-0.032,0.036,-0.003,-0.022,-0.055,-0.040,-0.009,0.017,-0.050
0.044,0.003,-0.041,-0.024,0.042,-0.018,-0.026,-0.054,-0.040,-0.006,0.030,-0.050
0.045,-0.050,-0.095,0.003,0.070,-0.072,-0.025,-0.050,-0.040,0.010,0.050,-0.050
0.070,-0.020,-0.090,-0.025,0.081,-0.055,-0.024,-0.050,-0.039,-0.008,0.047,-0.049
0.109,0.032,-0.077,-0.070,0.093,-0.023,-0.035,-0.047,-0.047,-0.030,0.042,-0.056
0.101,0.030,-0.071,-0.065,0.086,-0.020,-0.040,-0.045,-0.049,-0.036,0.038,-0.063
0.046,-0.017,-0.064,-0.014,0.055,-0.040,-0.034,-0.045,-0.044,-0.035,0.035,-0.065
0.010,-0.050,-0.060,0.020,0.035,-0.055,-0.030,-0.040,-0.045,-0.035,0.035,-0.065
0.008,-0.048,-0.056,0.020,0.033,-0.052,-0.026,-0.037,-0.046,-0.035,0.031,-0.065
0.011,-0.041,-0.052,0.015,0.032,-0.046,-0.025,-0.062,-0.042,-0.035,0.026,-0.066
0.008,-0.040,-0.048,0.016,0.028,-0.044,-0.024,-0.077,-0.040,-0.035,0.025,-0.063
0.005,-0.039,-0.044,0.018,0.024,-0.041,-0.019,-0.069,-0.040,-0.035,0.024,-0.060
0.005,-0.035,-0.040,0.015,0.023,-0.037,-0.015,-0.070,-0.040,-0.035,0.020,-0.060
0.005,-0.032,-0.036,0.014,0.020,-0.033,-0.015,-0.070,-0.040,-0.031,0.016,-0.060
0.007,-0.025,-0.032,0.010,0.020,-0.028,-0.013,-0.070,-0.037,-0.028,0.015,-0.059
-0.002,-0.045,-0.043,0.024,0.020,-0.044,-0.008,-0.070,-0.034,-0.036,0.014,-0.065
-0.008,-0.056,-0.048,0.032,0.020,-0.052,-0.005,-0.070,-0.035,-0.046,0.009,-0.077
0.005,-0.035,-0.040,0.015,0.023,-0.037,-0.005,-0.070,-0.035,-0.045,0.005,-0.080
-0.003,-0.076,-0.073,0.039,0.036,-0.074,-0.005,-0.070,-0.031,-0.045,0.001,-0.078
-0.006,-0.087,-0.080,0.047,0.037,-0.083,-0.003,-0.070,-0.029,-0.045,-0.004,-0.093
-0.004,-0.078,-0.074,0.041,0.035,-0.075,-0.011,-0.070,-0.030,-0.045,-0.005,-0.100
-0.006,-0.081,-0.075,0.044,0.034,-0.077,-0.020,-0.070,-0.030,-0.045,-0.006,-0.094
-0.010,-0.080,-0.070,0.045,0.030,-0.075,-0.015,-0.070,-0.030,-0.045,-0.010,-0.095
-0.006,-0.076,-0.070,0.041,0.033,-0.073,-0.015,-0.070,-0.041,-0.045,-0.014,-0.095
-0.008,-0.075,-0.067,0.042,0.030,-0.071,-0.016,-0.070,-0.056,-0.045,-0.018,-0.095
-0.010,-0.075,-0.065,0.043,0.028,-0.070,-0.013,-0.070,-0.059,-0.045,-0.022,-0.095
-0.011,-0.075,-0.064,0.043,0.027,-0.070,-0.010,-0.070,-0.054,-0.045,-0.026,-0.095
-0.015,-0.075,-0.060,0.045,0.023,-0.067,-0.010,-0.070,-0.055,-0.045,-0.025,-0.095
-0.011,-0.071,-0.060,0.041,0.025,-0.065,-0.010,-0.070,-0.055,-0.045,-0.020,-0.095
-0.013,-0.069,-0.057,0.041,0.022,-0.063,-0.011,-0.070,-0.055,-0.048,-0.028,-0.092
-0.016,-0.071,-0.055,0.044,0.020,-0.062,-0.008,-0.070,-0.055,-0.051,-0.039,-0.089
-0.015,-0.069,-0.054,0.042,0.020,-0.061,-0.005,-0.070,-0.055,-0.050,-0.040,-0.090
-0.015,-0.065,-0.050,0.040,0.018,-0.057,-0.005,-0.070,-0.055,-0.050,-0.040,-0.090
-0.015,-0.065,-0.050,0.040,0.018,-0.057,-0.005,-0.070,-0.055,-0.050,-0.040,-0.090
-0.018,-0.065,-0.047,0.042,0.015,-0.056,-0.005,-0.070,-0.055,-0.050,-0.040,-0.090
-0.020,-0.064,-0.045,0.043,0.013,-0.055,-0.003,-0.070,-0.055,-0.050,-0.040,-0.090
-0.021,-0.066,-0.045,0.044,0.012,-0.055,0.000,-0.070,-0.055,-0.050,-0.040,-0.090
-0.025,-0.070,-0.045,0.048,0.010,-0.057,0.000,-0.070,-0.055,-0.050,-0.040,-0.090
-0.016,-0.068,-0.052,0.042,0.018,-0.059,0.000,-0.066,-0.055,-0.050,-0.040,-0.089
-0.023,-0.089,-0.066,0.056,0.021,-0.077,0.003,-0.065,-0.055,-0.050,-0.040,-0.096
-0.032,-0.102,-0.070,0.067,0.019,-0.086,0.005,-0.063,-0.055,-0.050,-0.040,-0.103
-0.030,-0.093,-0.064,0.062,0.017,-0.078,0.005,-0.060,-0.055,-0.050,-0.040,-0.105
-0.030,-0.090,-0.060,0.060,0.015,-0.075,0.005,-0.060,-0.055,-0.050,-0.040,-0.105
-0.030,-0.086,-0.056,0.058,0.013,-0.071,0.005,-0.056,-0.055,-0.050,-0.040,-0.105
-0.030,-0.082,-0.052,0.056,0.011,-0.067,0.008,-0.055,-0.055,-0.050,-0.040,-0.105
-0.030,-0.078,-0.048,0.054,0.009,-0.063,0.011,-0.053,-0.055,-0.050,-0.040,-0.105
-0.031,-0.075,-0.044,0.053,0.007,-0.060,0.010,-0.050,-0.056,-0.051,-0.041,-0.105
-0.035,-0.075,-0.040,0.055,0.003,-0.057,0.010,-0.050,-0.055,-0.050,-0.040,-0.110
-0.035,-0.067,-0.032,0.051,-0.001,-0.049,0.009,-0.045,-0.043,-0.038,-0.028,-0.120
-0.032,-0.059,-0.026,0.046,-0.003,-0.043,0.015,-0.048,-0.036,-0.031,-0.019,-0.113
-0.027,-0.051,-0.024,0.039,-0.001,-0.037,0.026,-0.033,-0.015,-0.010,-0.010,-0.099
-0.026,-0.044,-0.018,0.034,-0.003,-0.030,0.037,0.004,0.025,0.030,-0.005,-0.087
-0.025,-0.035,-0.010,0.030,-0.007,-0.022,0.045,0.035,0.060,0.065,0.005,-0.075
-0.006,-0.012,-0.007,0.010,0.001,-0.009,0.055,0.066,0.098,0.106,0.056,-0.065
0.015,0.017,0.002,-0.015,0.006,0.009,0.082,0.145,0.186,0.176,0.107,-0.032
0.037,0.026,-0.012,-0.031,0.024,0.007,0.102,0.224,0.273,0.249,0.157,0.009
0.068,0.028,-0.040,-0.048,0.054,-0.006,0.114,0.288,0.355,0.328,0.223,0.044
0.120,0.055,-0.065,-0.087,0.092,-0.005,0.120,0.375,0.480,0.440,0.305,0.090
0.214,0.090,-0.124,-0.152,0.169,-0.017,0.085,0.456,0.615,0.559,0.403,0.152
0.313,0.134,-0.179,-0.223,0.246,-0.022,0.051,0.491,0.725,0.686,0.522,0.228
0.426,0.205,-0.220,-0.315,0.323,-0.007,-0.004,0.511,0.841,0.829,0.680,0.332
0.558,0.271,-0.287,-0.414,0.423,-0.008,-0.094,0.508,0.945,0.956,0.849,0.454
0.695,0.305,-0.390,-0.500,0.542,-0.042,-0.195,0.460,0.995,1.030,0.995,0.565
0.852,0.382,-0.470,-0.617,0.661,-0.044,-0.320,0.426,1.024,1.083,1.141,0.678
0.989,0.427,-0.562,-0.708,0.775,-0.067,-0.470,0.321,0.962,1.048,1.223,0.772
1.061,0.412,-0.649,-0.736,0.854,-0.118,-0.628,0.151,0.793,0.905,1.214,0.777
1.068,0.396,-0.672,-0.731,0.869,-0.138,-0.766,-0.074,0.513,0.640,1.100,0.725
1.045,0.365,-0.680,-0.705,0.862,-0.157,-0.855,-0.335,0.165,0.290,0.895,0.680
1.004,0.194,-0.810,-0.599,0.906,-0.308,-0.885,-0.525,-0.125,-0.014,0.677,0.560
0.901,0.098,-0.803,-0.499,0.852,-0.352,-0.946,-0.763,-0.458,-0.334,0.446,0.430
0.772,0.053,-0.718,-0.412,0.745,-0.332,-1.016,-1.046,-0.813,-0.626,0.268,0.344
0.658,-0.009,-0.668,-0.325,0.663,-0.338,-1.078,-1.288,-1.104,-0.845,0.144,0.284
0.555,-0.060,-0.615,-0.247,0.585,-0.337,-1.135,-1.440,-1.300,-1.010,0.030,0.220
0.448,-0.115,-0.563,-0.167,0.506,-0.338,-1.109,-1.494,-1.388,-1.099,-0.032,0.168
0.368,-0.143,-0.511,-0.112,0.440,-0.326,-1.086,-1.473,-1.353,-1.088,-0.088,0.115
0.286,-0.175,-0.461,-0.055,0.374,-0.318,-1.035,-1.394,-1.299,-1.061,-0.134,0.087
0.221,-0.192,-0.413,-0.014,0.317,-0.302,-0.925,-1.262,-1.226,-1.014,-0.144,0.084
0.205,-0.150,-0.355,-0.027,0.280,-0.252,-0.805,-1.095,-1.065,-0.885,-0.130,0.075
0.162,-0.116,-0.277,-0.023,0.219,-0.196,-0.699,-0.947,-0.913,-0.762,-0.122,0.066
0.125,-0.097,-0.221,-0.014,0.173,-0.159,-0.606,-0.827,-0.790,-0.664,-0.111,0.064
0.093,-0.084,-0.177,-0.004,0.135,-0.131,-0.514,-0.710,-0.681,-0.577,-0.101,0.050
0.065,-0.071,-0.137,0.003,0.102,-0.104,-0.432,-0.602,-0.590,-0.504,-0.092,0.023
0.055,-0.055,-0.110,0.000,0.083,-0.082,-0.370,-0.525,-0.525,-0.450,-0.080,0.000
0.039,-0.042,-0.081,0.002,0.060,-0.061,-0.311,-0.452,-0.460,-0.394,-0.072,-0.017
0.025,-0.039,-0.064,0.007,0.045,-0.051,-0.248,-0.392,-0.403,-0.341,-0.066,-0.029
0.016,-0.040,-0.056,0.012,0.036,-0.048,-0.198,-0.338,-0.346,-0.289,-0.065,-0.043
0.008,-0.040,-0.048,0.016,0.028,-0.044,-0.161,-0.289,-0.293,-0.246,-0.065,-0.058
0.000,-0.040,-0.040,0.020,0.020,-0.040,-0.125,-0.250,-0.250,-0.215,-0.065,-0.070
-0.010,-0.038,-0.028,0.025,0.009,-0.032,-0.096,-0.209,-0.209,-0.182,-0.065,-0.091
-0.035,-0.055,-0.020,0.046,-0.007,-0.037,-0.071,-0.176,-0.175,-0.162,-0.066,-0.102
-0.062,-0.070,-0.007,0.066,-0.027,-0.038,-0.051,-0.143,-0.145,-0.148,-0.063,-0.109
-0.060,-0.070,-0.010,0.065,-0.025,-0.040,-0.037,-0.115,-0.121,-0.131,-0.060,-0.116
-0.030,-0.070,-0.040,0.050,0.005,-0.055,-0.025,-0.105,-0.110,-0.115,-0.060,-0.120
-0.032,-0.066,-0.034,0.049,0.001,-0.050,-0.009,-0.098,-0.102,-0.103,-0.060,-0.128
-0.039,-0.062,-0.022,0.051,-0.008,-0.042,0.005,-0.086,-0.094,-0.093,-0.060,-0.134
-0.040,-0.058,-0.018,0.049,-0.011,-0.038,0.014,-0.076,-0.086,-0.088,-0.060,-0.135
-0.041,-0.054,-0.013,0.048,-0.013,-0.034,0.022,-0.067,-0.078,-0.083,-0.060,-0.135
-0.045,-0.050,-0.005,0.048,-0.020,-0.027,0.030,-0.055,-0.070,-0.075,-0.060,-0.135
-0.048,-0.045,0.003,0.046,-0.025,-0.021,0.027,-0.046,-0.062,-0.071,-0.056,-0.135
-0.057,-0.046,0.010,0.051,-0.033,-0.018,0.021,-0.042,-0.057,-0.064,-0.055,-0.132
-0.044,-0.039,0.005,0.042,-0.024,-0.017,0.022,-0.038,-0.053,-0.058,-0.055,-0.129
-0.031,-0.038,-0.008,0.035,-0.011,-0.023,0.034,-0.035,-0.050,-0.054,-0.055,-0.130
-0.045,-0.060,-0.015,0.053,-0.015,-0.037,0.045,-0.035,-0.050,-0.050,-0.055,-0.135
-0.040,-0.067,-0.027,0.053,-0.007,-0.047,0.041,-0.031,-0.046,-0.050,-0.055,-0.148
-0.052,-0.090,-0.038,0.071,-0.007,-0.064,0.039,-0.030,-0.045,-0.050,-0.052,-0.148
-0.061,-0.100,-0.039,0.080,-0.011,-0.069,0.040,-0.029,-0.044,-0.050,-0.049,-0.144
-0.054,-0.088,-0.034,0.071,-0.010,-0.061,0.040,-0.024,-0.039,-0.049,-0.050,-0.145
-0.050,-0.085,-0.035,0.068,-0.007,-0.060,0.040,-0.020,-0.035,-0.045,-0.050,-0.145
-0.041,-0.077,-0.036,0.060,-0.002,-0.056,0.040,-0.020,-0.035,-0.045,-0.050,-0.145
-0.040,-0.072,-0.032,0.056,-0.004,-0.052,0.041,-0.017,-0.032,-0.045,-0.050,-0.145
-0.037,-0.067,-0.029,0.052,-0.004,-0.048,0.038,-0.015,-0.030,-0.045,-0.050,-0.145
-0.027,-0.057,-0.030,0.042,0.002,-0.044,0.043,-0.014,-0.029,-0.044,-0.049,-0.145
-0.025,-0.055,-0.030,0.040,0.003,-0.042,0.060,-0.010,-0.025,-0.040,-0.045,-0.145
-0.046,-0.072,-0.026,0.060,-0.010,-0.049,0.061,-0.010,-0.025,-0.040,-0.045,-0.145
-0.049,-0.074,-0.024,0.062,-0.012,-0.049,0.060,-0.011,-0.025,-0.040,-0.045,-0.145
-0.043,-0.069,-0.026,0.057,-0.009,-0.047,0.060,-0.008,-0.025,-0.040,-0.045,-0.145
-0.046,-0.070,-0.024,0.059,-0.011,-0.047,0.060,-0.005,-0.025,-0.040,-0.045,-0.145
-0.050,-0.070,-0.020,0.060,-0.015,-0.045,0.060,-0.005,-0.025,-0.040,-0.045,-0.145
-0.051,-0.070,-0.020,0.061,-0.016,-0.045,0.060,-0.005,-0.021,-0.036,-0.045,-0.145
-0.046,-0.067,-0.021,0.057,-0.013,-0.043,0.060,-0.006,-0.020,-0.035,-0.045,-0.145
-0.046,-0.064,-0.018,0.056,-0.014,-0.041,0.060,-0.003,-0.020,-0.035,-0.045,-0.145
-0.051,-0.065,-0.015,0.058,-0.018,-0.040,0.060,0.000,-0.020,-0.035,-0.045,-0.145
-0.050,-0.065,-0.015,0.058,-0.017,-0.040,0.060,0.000,-0.020,-0.035,-0.045,-0.145
-0.050,-0.065,-0.015,0.058,-0.017,-0.040,0.060,0.000,-0.020,-0.031,-0.045,-0.145
-0.050,-0.062,-0.012,0.056,-0.019,-0.037,0.060,0.000,-0.021,-0.030,-0.045,-0.145
-0.050,-0.059,-0.009,0.055,-0.020,-0.034,0.060,0.002,-0.018,-0.030,-0.045,-0.145
-0.050,-0.060,-0.010,0.055,-0.020,-0.035,0.060,0.005,-0.015,-0.030,-0.045,-0.145
-0.050,-0.060,-0.010,0.055,-0.020,-0.035,0.060,0.005,-0.015,-0.030,-0.045,-0.145
-0.054,-0.060,-0.006,0.057,-0.024,-0.032,0.060,0.005,-0.015,-0.030,-0.045,-0.145
-0.056,-0.061,-0.005,0.059,-0.026,-0.032,0.060,0.008,-0.015,-0.027,-0.045,-0.145
-0.053,-0.058,-0.005,0.056,-0.024,-0.031,0.060,0.010,-0.015,-0.024,-0.045,-0.145
-0.049,-0.055,-0.005,0.053,-0.022,-0.030,0.060,0.010,-0.014,-0.025,-0.045,-0.145
-0.050,-0.055,-0.005,0.053,-0.022,-0.030,0.060,0.010,-0.010,-0.025,-0.045,-0.145
-0.057,-0.055,0.002,0.055,-0.029,-0.027,0.069,0.010,-0.010,-0.025,-0.045,-0.145
-0.072,-0.056,0.016,0.063,-0.043,-0.020,0.068,0.013,-0.010,-0.026,-0.045,-0.145
-0.055,-0.053,0.002,0.054,-0.028,-0.026,0.064,0.016,-0.010,-0.023,-0.045,-0.145
-0.037,-0.050,-0.012,0.044,-0.012,-0.030,0.065,0.015,-0.010,-0.020,-0.045,-0.145
-0.065,-0.050,0.015,0.057,-0.040,-0.017,0.065,0.015,-0.010,-0.020,-0.045,-0.145
-0.059,-0.050,0.009,0.054,-0.033,-0.020,0.065,0.015,-0.009,-0.020,-0.045,-0.145
-0.051,-0.050,0.001,0.051,-0.026,-0.024,0.065,0.012,-0.017,-0.020,-0.042,-0.145
-0.046,-0.049,-0.003,0.047,-0.021,-0.026,0.065,0.009,-0.019,-0.020,-0.039,-0.145
-0.040,-0.052,-0.012,0.046,-0.014,-0.032,0.065,0.010,-0.014,-0.020,-0.040,-0.145
-0.045,-0.060,-0.015,0.053,-0.015,-0.037,0.065,0.010,-0.015,-0.020,-0.040,-0.145
-0.046,-0.057,-0.011,0.052,-0.017,-0.034,0.065,0.010,-0.016,-0.016,-0.040,-0.144
-0.039,-0.048,-0.009,0.044,-0.015,-0.029,0.065,0.010,-0.012,-0.015,-0.040,-0.152
-0.049,-0.060,-0.011,0.054,-0.019,-0.035,0.065,0.010,-0.010,-0.015,-0.040,-0.154
-0.067,-0.076,-0.009,0.072,-0.028,-0.042,0.065,0.010,-0.010,-0.015,-0.040,-0.149
-0.060,-0.070,-0.010,0.065,-0.025,-0.040,0.065,0.015,-0.010,-0.015,-0.040,-0.150
-0.047,-0.070,-0.023,0.059,-0.012,-0.046,0.065,0.024,-0.010,-0.015,-0.036,-0.150
-0.043,-0.067,-0.024,0.055,-0.010,-0.045,0.065,0.021,-0.007,-0.012,-0.035,-0.150
-0.047,-0.065,-0.017,0.056,-0.014,-0.041,0.065,0.009,-0.004,-0.009,-0.035,-0.150
-0.050,-0.064,-0.014,0.058,-0.017,-0.039,0.065,0.006,-0.005,-0.010,-0.035,-0.150
-0.050,-0.060,-0.010,0.055,-0.020,-0.035,0.065,0.020,-0.005,-0.010,-0.035,-0.150
-0.055,-0.060,-0.005,0.058,-0.025,-0.032,0.065,0.034,-0.005,-0.010,-0.035,-0.150
-0.047,-0.057,-0.010,0.053,-0.019,-0.033,0.065,0.033,-0.002,-0.010,-0.035,-0.150
-0.034,-0.055,-0.021,0.045,-0.006,-0.038,0.065,0.029,0.001,-0.009,-0.035,-0.150
-0.030,-0.054,-0.024,0.043,-0.003,-0.039,0.065,0.030,0.000,-0.011,-0.034,-0.150
-0.035,-0.050,-0.015,0.043,-0.010,-0.032,0.065,0.030,0.000,-0.015,-0.030,-0.150
-0.041,-0.052,-0.011,0.046,-0.015,-0.031,0.065,0.026,0.004,-0.014,-0.030,-0.150
-0.034,-0.040,-0.005,0.037,-0.014,-0.023,0.065,0.025,0.005,-0.024,-0.030,-0.150
-0.061,-0.055,0.006,0.058,-0.034,-0.024,0.064,0.024,0.005,-0.031,-0.030,-0.150
-0.081,-0.083,-0.002,0.082,-0.040,-0.042,0.068,0.027,0.005,-0.022,-0.030,-0.149
-0.040,-0.075,-0.035,0.058,-0.002,-0.055,0.075,0.035,0.005,-0.020,-0.030,-0.150
-0.042,-0.074,-0.032,0.058,-0.004,-0.053,0.060,0.025,0.009,-0.037,-0.030,-0.163
-0.047,-0.076,-0.029,0.061,-0.008,-0.052,0.077,0.040,0.010,-0.039,-0.030,-0.163
-0.045,-0.073,-0.028,0.059,-0.008,-0.050,0.092,0.051,0.010,-0.034,-0.029,-0.159
-0.045,-0.070,-0.025,0.058,-0.010,-0.047,0.083,0.044,0.010,-0.034,-0.032,-0.160
-0.045,-0.070,-0.025,0.058,-0.010,-0.047,0.080,0.045,0.010,-0.030,-0.040,-0.160
-0.049,-0.070,-0.021,0.060,-0.014,-0.045,0.080,0.046,0.018,-0.030,-0.036,-0.160
-0.051,-0.070,-0.019,0.061,-0.016,-0.045,0.077,0.042,0.021,-0.031,-0.034,-0.160
-0.048,-0.068,-0.021,0.058,-0.013,-0.044,0.073,0.040,0.020,-0.028,-0.038,-0.160
-0.045,-0.065,-0.019,0.055,-0.013,-0.041,0.069,0.040,0.020,-0.025,-0.048,-0.160
-0.050,-0.065,-0.015,0.058,-0.017,-0.040,0.070,0.040,0.020,-0.025,-0.060,-0.160
-0.050,-0.065,-0.015,0.058,-0.017,-0.040,0.085,0.046,0.019,-0.025,-0.056,-0.156
-0.050,-0.062,-0.012,0.056,-0.019,-0.037,0.101,0.067,0.030,-0.022,-0.054,-0.155
-0.050,-0.059,-0.010,0.054,-0.020,-0.035,0.104,0.075,0.035,-0.019,-0.056,-0.155
-0.051,-0.060,-0.009,0.056,-0.021,-0.035,0.099,0.069,0.029,-0.020,-0.054,-0.155
-0.055,-0.060,-0.005,0.058,-0.025,-0.032,0.095,0.070,0.030,-0.020,-0.050,-0.155
-0.055,-0.060,-0.005,0.058,-0.025,-0.032,0.090,0.070,0.026,-0.016,-0.050,-0.155
-0.058,-0.061,-0.003,0.060,-0.027,-0.031,0.091,0.072,0.025,-0.014,-0.050,-0.155
-0.045,-0.057,-0.013,0.051,-0.016,-0.035,0.085,0.065,0.025,-0.016,-0.050,-0.155
-0.030,-0.065,-0.036,0.047,0.003,-0.051,0.091,0.070,0.034,-0.014,-0.049,-0.154
-0.040,-0.090,-0.050,0.065,0.005,-0.070,0.115,0.095,0.055,-0.005,-0.045,-0.150
-0.040,-0.083,-0.043,0.062,0.001,-0.063,0.097,0.081,0.060,0.004,-0.045,-0.150
-0.042,-0.076,-0.034,0.059,-0.004,-0.054,0.112,0.096,0.059,0.008,-0.046,-0.150
-0.047,-0.073,-0.026,0.060,-0.010,-0.049,0.127,0.116,0.062,0.013,-0.043,-0.150
-0.051,-0.069,-0.018,0.060,-0.016,-0.043,0.119,0.114,0.066,0.022,-0.040,-0.150
-0.055,-0.065,-0.010,0.060,-0.022,-0.037,0.120,0.115,0.070,0.030,-0.040,-0.150
-0.060,-0.061,-0.001,0.060,-0.029,-0.031,0.120,0.128,0.083,0.035,-0.040,-0.150
-0.059,-0.058,0.002,0.058,-0.030,-0.028,0.120,0.129,0.083,0.030,-0.041,-0.150
-0.063,-0.051,0.012,0.057,-0.037,-0.019,0.119,0.121,0.079,0.021,-0.038,-0.150
-0.063,-0.044,0.020,0.053,-0.041,-0.011,0.122,0.122,0.081,0.021,-0.035,-0.150
-0.045,-0.040,0.005,0.042,-0.025,-0.017,0.135,0.140,0.090,0.030,-0.035,-0.145
-0.027,-0.036,-0.009,0.032,-0.008,-0.023,0.148,0.158,0.107,0.043,-0.035,-0.139
-0.064,-0.032,0.032,0.048,-0.048,0.000,0.154,0.160,0.115,0.043,-0.035,-0.153
-0.088,-0.028,0.060,0.057,-0.073,0.015,0.155,0.164,0.115,0.038,-0.033,-0.159
-0.072,-0.024,0.048,0.048,-0.060,0.012,0.155,0.178,0.115,0.042,-0.029,-0.148
-0.070,-0.020,0.050,0.045,-0.060,0.015,0.155,0.185,0.115,0.050,-0.025,-0.145
-0.062,-0.012,0.050,0.037,-0.056,0.019,0.155,0.184,0.122,0.058,-0.021,-0.142
-0.056,-0.006,0.050,0.031,-0.053,0.021,0.157,0.196,0.133,0.069,-0.020,-0.134
-0.053,-0.004,0.050,0.028,-0.051,0.023,0.163,0.213,0.148,0.078,-0.019,-0.127
-0.049,0.002,0.050,0.023,-0.050,0.026,0.173,0.221,0.163,0.080,-0.014,-0.124
-0.040,0.010,0.050,0.015,-0.045,0.030,0.185,0.225,0.170,0.080,-0.010,-0.120
-0.030,0.014,0.044,0.008,-0.038,0.029,0.185,0.233,0.173,0.087,-0.010,-0.116
-0.037,0.019,0.056,0.009,-0.046,0.037,0.190,0.243,0.184,0.101,-0.008,-0.111
-0.037,0.018,0.056,0.010,-0.046,0.037,0.200,0.257,0.194,0.103,-0.002,-0.110
-0.029,0.024,0.053,0.002,-0.041,0.039,0.206,0.265,0.194,0.101,0.000,-0.109
-0.030,0.045,0.075,-0.008,-0.053,0.060,0.210,0.265,0.195,0.115,0.000,-0.105
-0.030,0.043,0.073,-0.007,-0.052,0.058,0.210,0.277,0.211,0.123,0.004,-0.105
-0.031,0.032,0.063,-0.001,-0.047,0.048,0.210,0.287,0.223,0.133,0.008,-0.103
-0.028,0.047,0.075,-0.010,-0.052,0.061,0.209,0.293,0.226,0.133,0.012,-0.097
-0.033,0.057,0.091,-0.012,-0.062,0.074,0.213,0.303,0.233,0.132,0.016,-0.095
-0.040,0.040,0.080,0.000,-0.060,0.060,0.225,0.315,0.245,0.145,0.020,-0.095
-0.007,0.069,0.076,-0.031,-0.042,0.072,0.222,0.312,0.246,0.146,0.024,-0.091
0.003,0.074,0.071,-0.039,-0.034,0.072,0.218,0.308,0.244,0.145,0.027,-0.090
0.000,0.058,0.059,-0.029,-0.030,0.058,0.225,0.316,0.248,0.145,0.036,-0.087
-0.002,0.065,0.067,-0.031,-0.034,0.066,0.230,0.334,0.258,0.153,0.047,-0.078
-0.015,0.085,0.100,-0.035,-0.058,0.092,0.225,0.345,0.270,0.170,0.050,-0.070
-0.021,0.076,0.098,-0.028,-0.060,0.087,0.225,0.341,0.275,0.175,0.050,-0.062
-0.009,0.084,0.094,-0.038,-0.052,0.089,0.226,0.340,0.275,0.175,0.050,-0.054
0.008,0.104,0.096,-0.056,-0.044,0.100,0.223,0.338,0.275,0.175,0.051,-0.046
0.016,0.110,0.094,-0.064,-0.039,0.102,0.219,0.335,0.275,0.175,0.058,-0.039
0.015,0.105,0.090,-0.060,-0.038,0.097,0.220,0.335,0.275,0.175,0.070,-0.035
0.009,0.099,0.090,-0.054,-0.040,0.094,0.221,0.331,0.284,0.171,0.078,-0.031
0.022,0.113,0.091,-0.068,-0.035,0.102,0.215,0.331,0.281,0.170,0.084,-0.030
0.047,0.134,0.087,-0.091,-0.020,0.110,0.206,0.325,0.270,0.168,0.085,-0.030
0.062,0.140,0.078,-0.101,-0.008,0.109,0.198,0.312,0.264,0.165,0.085,-0.030
0.060,0.135,0.075,-0.098,-0.008,0.105,0.190,0.305,0.260,0.165,0.085,-0.030
0.059,0.131,0.071,-0.095,-0.006,0.101,0.182,0.297,0.252,0.161,0.085,-0.030
0.063,0.127,0.064,-0.095,-0.001,0.095,0.174,0.289,0.243,0.160,0.088,-0.030
0.066,0.123,0.057,-0.094,0.004,0.089,0.166,0.281,0.238,0.158,0.090,-0.030
0.065,0.119,0.055,-0.093,0.005,0.087,0.158,0.273,0.233,0.155,0.092,-0.030
0.065,0.115,0.050,-0.090,0.007,0.082,0.150,0.265,0.225,0.155,0.100,-0.030
0.068,0.107,0.040,-0.088,0.014,0.074,0.142,0.253,0.217,0.151,0.096,-0.030
0.080,0.132,0.052,-0.106,0.014,0.092,0.134,0.244,0.209,0.150,0.095,-0.027
0.085,0.146,0.061,-0.116,0.011,0.103,0.126,0.236,0.201,0.147,0.093,-0.024
0.079,0.132,0.053,-0.106,0.012,0.093,0.118,0.228,0.193,0.138,0.090,-0.025
0.075,0.125,0.050,-0.100,0.012,0.087,0.110,0.220,0.185,0.130,0.090,-0.025
0.071,0.117,0.046,-0.095,0.012,0.082,0.106,0.208,0.181,0.126,0.086,-0.025
0.067,0.109,0.042,-0.088,0.012,0.075,0.100,0.195,0.174,0.120,0.085,-0.025
0.063,0.101,0.038,-0.082,0.012,0.069,0.090,0.186,0.166,0.111,0.083,-0.025
0.060,0.094,0.034,-0.077,0.012,0.064,0.084,0.177,0.158,0.104,0.079,-0.025
0.060,0.090,0.030,-0.075,0.015,0.060,0.080,0.165,0.150,0.100,0.080,-0.025
0.060,0.082,0.022,-0.071,0.019,0.052,0.072,0.153,0.142,0.096,0.081,-0.026
0.061,0.074,0.013,-0.067,0.024,0.044,0.064,0.144,0.134,0.092,0.077,-0.022
0.058,0.066,0.008,-0.062,0.025,0.037,0.056,0.135,0.126,0.088,0.075,-0.036
0.055,0.058,0.003,-0.057,0.026,0.030,0.058,0.122,0.118,0.084,0.074,-0.058
0.055,0.050,-0.005,-0.052,0.030,0.022,0.070,0.110,0.110,0.080,0.070,-0.055
0.055,0.042,-0.013,-0.048,0.034,0.014,0.063,0.102,0.102,0.075,0.070,-0.055
0.056,0.037,-0.019,-0.047,0.037,0.009,0.057,0.092,0.094,0.076,0.067,-0.055
0.051,0.031,-0.020,-0.041,0.035,0.005,0.051,0.079,0.086,0.072,0.065,-0.055
0.053,0.024,-0.029,-0.038,0.041,-0.003,0.044,0.068,0.078,0.063,0.064,-0.056
0.065,0.020,-0.045,-0.042,0.055,-0.012,0.040,0.060,0.070,0.060,0.060,-0.060
0.049,0.016,-0.033,-0.033,0.041,-0.008,0.032,0.052,0.066,0.056,0.060,-0.064
0.039,0.012,-0.027,-0.025,0.033,-0.007,0.027,0.047,0.059,0.052,0.061,-0.068
0.011,0.008,-0.003,-0.009,0.007,0.002,0.023,0.044,0.053,0.048,0.058,-0.070
-0.017,0.004,0.021,0.006,-0.019,0.012,0.020,0.038,0.048,0.044,0.054,-0.070
0.000,0.000,0.000,0.000,0.000,0.000,0.020,0.030,0.040,0.040,0.050,-0.070
0.009,-0.008,-0.016,0.000,0.013,-0.012,0.020,0.026,0.036,0.036,0.046,-0.070
0.016,-0.017,-0.033,0.000,0.024,-0.025,0.021,0.023,0.029,0.035,0.045,-0.070
0.022,-0.022,-0.044,0.000,0.034,-0.033,0.018,0.016,0.022,0.033,0.044,-0.070
0.035,-0.027,-0.062,-0.004,0.049,-0.044,0.015,0.009,0.019,0.030,0.039,-0.070
0.055,-0.035,-0.090,-0.010,0.073,-0.062,0.015,0.005,0.015,0.030,0.035,-0.070
0.044,-0.043,-0.088,0.000,0.067,-0.065,0.015,0.001,0.011,0.026,0.035,-0.078
0.031,-0.049,-0.081,0.009,0.056,-0.065,0.016,-0.003,0.010,0.025,0.033,-0.081
0.032,-0.048,-0.080,0.008,0.056,-0.064,0.013,-0.007,0.008,0.023,0.027,-0.079
0.035,-0.044,-0.079,0.005,0.058,-0.062,0.010,-0.011,0.005,0.020,0.025,-0.081
0.030,-0.045,-0.075,0.008,0.053,-0.060,0.010,-0.015,0.005,0.020,0.025,-0.085
0.025,-0.046,-0.070,0.010,0.048,-0.058,0.010,-0.012,0.001,0.016,0.021,-0.085
0.028,-0.042,-0.070,0.007,0.049,-0.056,0.010,-0.005,0.000,0.015,0.020,-0.084
0.029,-0.040,-0.068,0.006,0.048,-0.054,0.010,-0.008,-0.001,0.013,0.020,-0.088
0.024,-0.040,-0.065,0.008,0.045,-0.052,0.009,-0.016,-0.006,0.009,0.020,-0.098
0.025,-0.040,-0.065,0.008,0.045,-0.052,0.005,-0.020,-0.010,0.010,0.020,-0.105
0.025,-0.040,-0.065,0.008,0.045,-0.052,0.005,-0.028,-0.010,0.010,0.016,-0.105
0.028,-0.037,-0.065,0.005,0.047,-0.051,0.005,-0.033,-0.013,0.007,0.015,-0.105
0.031,-0.034,-0.065,0.002,0.049,-0.050,0.005,-0.037,-0.015,0.004,0.015,-0.105
0.029,-0.035,-0.064,0.004,0.047,-0.050,0.004,-0.040,-0.016,0.005,0.015,-0.105
0.025,-0.035,-0.060,0.005,0.043,-0.047,0.000,-0.040,-0.020,0.005,0.015,-0.105
0.029,-0.031,-0.060,0.001,0.044,-0.045,0.000,-0.040,-0.019,0.001,0.011,-0.105
0.030,-0.030,-0.060,0.000,0.045,-0.045,0.000,-0.040,-0.027,-0.001,0.010,-0.105
0.030,-0.030,-0.060,0.000,0.045,-0.045,0.000,-0.040,-0.029,0.001,0.010,-0.105
0.030,-0.030,-0.060,0.000,0.045,-0.045,0.000,-0.040,-0.024,-0.001,0.010,-0.105
0.030,-0.030,-0.060,0.000,0.045,-0.045,0.000,-0.040,-0.025,-0.005,0.010,-0.105
0.035,-0.026,-0.060,-0.004,0.048,-0.043,0.004,-0.040,-0.025,-0.005,0.010,-0.105
0.033,-0.024,-0.057,-0.004,0.045,-0.040,0.009,-0.040,-0.025,-0.004,0.007,-0.105
0.029,-0.026,-0.054,-0.001,0.042,-0.040,0.008,-0.040,-0.026,-0.007,0.004,-0.105
0.031,-0.024,-0.055,-0.003,0.044,-0.040,0.004,-0.040,-0.032,-0.010,0.005,-0.105
0.030,-0.025,-0.055,-0.002,0.043,-0.040,0.005,-0.040,-0.040,-0.010,0.005,-0.105
0.010,-0.044,-0.055,0.018,0.033,-0.049,0.005,-0.040,-0.036,-0.010,0.005,-0.105
-0.006,-0.062,-0.056,0.035,0.025,-0.059,0.006,-0.040,-0.035,-0.013,0.002,-0.105
-0.011,-0.064,-0.053,0.038,0.021,-0.059,0.003,-0.040,-0.034,-0.016,-0.001,-0.105
-0.010,-0.059,-0.050,0.035,0.020,-0.054,0.000,-0.040,-0.029,-0.015,0.000,-0.105
-0.010,-0.060,-0.050,0.035,0.020,-0.055,0.000,-0.040,-0.030,-0.015,0.000,-0.105
-0.010,-0.060,-0.050,0.035,0.020,-0.055,0.000,-0.040,-0.043,-0.019,0.000,-0.105
-0.010,-0.060,-0.050,0.035,0.020,-0.055,0.001,-0.040,-0.046,-0.020,0.000,-0.106
-0.010,-0.060,-0.050,0.035,0.020,-0.055,-0.002,-0.040,-0.045,-0.020,0.001,-0.103
-0.010,-0.060,-0.050,0.035,0.020,-0.055,-0.005,-0.040,-0.045,-0.020,0.006,-0.099
-0.010,-0.060,-0.050,0.035,0.020,-0.055,-0.005,-0.040,-0.045,-0.020,0.010,-0.100
-0.014,-0.060,-0.046,0.038,0.016,-0.052,-0.005,-0.040,-0.045,-0.024,0.006,-0.104
-0.015,-0.060,-0.045,0.038,0.015,-0.052,-0.005,-0.038,-0.047,-0.024,0.005,-0.111
-0.015,-0.060,-0.045,0.038,0.015,-0.052,-0.005,-0.046,-0.055,-0.029,0.003,-0.118
-0.015,-0.060,-0.045,0.038,0.015,-0.052,-0.006,-0.055,-0.060,-0.035,0.000,-0.119
-0.015,-0.060,-0.045,0.038,0.015,-0.052,-0.010,-0.050,-0.055,-0.030,0.000,-0.115
-0.015,-0.060,-0.045,0.038,0.015,-0.052,-0.010,-0.050,-0.055,-0.030,-0.004,-0.115
-0.016,-0.060,-0.044,0.038,0.014,-0.052,-0.010,-0.051,-0.056,-0.031,-0.006,-0.115
-0.013,-0.060,-0.047,0.037,0.017,-0.053,-0.010,-0.048,-0.053,-0.028,-0.003,-0.115
-0.009,-0.060,-0.051,0.035,0.021,-0.055,-0.011,-0.045,-0.050,-0.025,0.001,-0.115
-0.010,-0.060,-0.050,0.035,0.020,-0.055,-0.015,-0.045,-0.050,-0.025,0.005,-0.115
-0.011,-0.060,-0.049,0.036,0.019,-0.054,-0.015,-0.045,-0.050,-0.025,0.014,-0.111
-0.003,-0.060,-0.057,0.031,0.027,-0.059,-0.015,-0.046,-0.047,-0.022,0.013,-0.110
-0.003,-0.060,-0.057,0.032,0.027,-0.058,-0.015,-0.043,-0.044,-0.019,0.009,-0.110
-0.002,-0.060,-0.058,0.032,0.028,-0.058,-0.015,-0.040,-0.045,-0.020,0.010,-0.110
0.015,-0.060,-0.075,0.023,0.045,-0.067,-0.015,-0.040,-0.045,-0.020,0.010,-0.110
0.012,-0.060,-0.072,0.024,0.042,-0.066,-0.011,-0.040,-0.041,-0.016,0.006,-0.110
0.010,-0.060,-0.070,0.025,0.040,-0.065,-0.010,-0.040,-0.039,-0.014,0.004,-0.111
0.009,-0.060,-0.068,0.026,0.039,-0.064,-0.008,-0.038,-0.041,-0.016,0.006,-0.108
0.004,-0.060,-0.064,0.029,0.034,-0.062,-0.004,-0.035,-0.039,-0.014,0.004,-0.105
0.005,-0.060,-0.065,0.028,0.035,-0.062,-0.005,-0.035,-0.035,-0.010,0.000,-0.105
0.010,-0.056,-0.066,0.024,0.038,-0.061,-0.005,-0.035,-0.035,-0.010,0.000,-0.105
0.007,-0.054,-0.062,0.024,0.035,-0.058,-0.002,-0.032,-0.036,-0.011,0.000,-0.105
0.004,-0.056,-0.060,0.026,0.033,-0.057,0.001,-0.030,-0.033,-0.008,-0.001,-0.105
0.005,-0.054,-0.059,0.025,0.033,-0.056,0.000,-0.030,-0.030,-0.005,0.002,-0.104
0.005,-0.050,-0.055,0.023,0.030,-0.052,0.000,-0.030,-0.030,-0.005,0.010,-0.100
0.005,-0.050,-0.055,0.023,0.030,-0.052,0.004,-0.030,-0.030,-0.006,0.007,-0.100
0.005,-0.051,-0.056,0.023,0.030,-0.053,0.006,-0.027,-0.027,-0.002,0.001,-0.100
0.005,-0.048,-0.053,0.022,0.029,-0.050,0.004,-0.024,-0.024,0.000,0.000,-0.100
0.005,-0.045,-0.050,0.020,0.028,-0.047,0.006,-0.025,-0.025,0.001,-0.001,-0.100
0.005,-0.045,-0.050,0.020,0.028,-0.047,0.010,-0.025,-0.025,0.005,-0.005,-0.100
0.000,-0.045,-0.046,0.023,0.024,-0.046,0.011,-0.025,-0.024,0.005,-0.009,-0.100
0.002,-0.042,-0.044,0.020,0.024,-0.043,0.008,-0.022,-0.032,0.008,-0.011,-0.097
0.006,-0.039,-0.046,0.017,0.026,-0.042,0.018,-0.019,-0.034,0.010,-0.008,-0.094
0.004,-0.040,-0.044,0.019,0.024,-0.042,0.031,-0.020,-0.030,0.011,-0.005,-0.095
0.000,-0.040,-0.040,0.020,0.020,-0.040,0.025,-0.020,-0.030,0.015,-0.005,-0.095
0.004,-0.036,-0.040,0.016,0.023,-0.038,0.025,-0.016,-0.026,0.015,-0.005,-0.095
0.004,-0.034,-0.038,0.015,0.021,-0.036,0.025,-0.014,-0.025,0.018,-0.002,-0.095
0.012,-0.036,-0.047,0.012,0.030,-0.041,0.025,-0.016,-0.023,0.021,0.000,-0.095
0.019,-0.034,-0.053,0.008,0.037,-0.044,0.025,-0.014,-0.019,0.020,0.000,-0.095
0.005,-0.030,-0.035,0.013,0.020,-0.032,0.025,-0.010,-0.020,0.020,0.000,-0.095
-0.007,-0.030,-0.023,0.018,0.008,-0.026,0.025,-0.010,-0.021,0.019,0.000,-0.095
-0.021,-0.031,-0.009,0.026,-0.006,-0.020,0.025,-0.011,-0.017,0.027,0.003,-0.095
-0.038,-0.028,0.010,0.033,-0.024,-0.009,0.025,-0.008,-0.015,0.029,0.006,-0.095
-0.035,-0.025,0.011,0.030,-0.023,-0.007,0.025,-0.005,-0.014,0.024,0.005,-0.095
0.000,-0.025,-0.025,0.013,0.013,-0.025,0.025,-0.005,-0.010,0.025,0.005,-0.095
0.032,-0.025,-0.056,-0.003,0.045,-0.040,0.025,-0.005,-0.010,0.025,0.005,-0.095
0.033,-0.026,-0.059,-0.003,0.046,-0.042,0.026,-0.002,-0.007,0.025,0.008,-0.095
0.032,-0.021,-0.054,-0.005,0.043,-0.037,0.023,0.001,-0.005,0.025,0.011,-0.095
0.032,-0.023,-0.055,-0.004,0.044,-0.039,0.020,0.000,-0.005,0.025,0.010,-0.094
0.015,-0.040,-0.055,0.013,0.035,-0.047,0.020,0.000,-0.005,0.025,0.010,-0.095
0.014,-0.037,-0.051,0.012,0.033,-0.043,0.020,0.004,-0.014,0.024,0.014,-0.108
0.018,-0.032,-0.050,0.007,0.034,-0.040,0.020,0.006,-0.013,0.032,0.015,-0.108
0.007,-0.043,-0.050,0.018,0.029,-0.046,0.020,0.004,-0.009,0.035,0.015,-0.104
-0.007,-0.057,-0.050,0.032,0.022,-0.053,0.020,0.006,-0.010,0.037,0.015,-0.105
-0.010,-0.060,-0.050,0.035,0.020,-0.055,0.020,0.010,-0.010,0.045,0.015,-0.105
-0.014,-0.060,-0.046,0.038,0.016,-0.053,0.020,0.010,-0.010,0.041,0.019,-0.105
-0.015,-0.060,-0.045,0.038,0.015,-0.052,0.020,0.010,-0.010,0.039,0.020,-0.105
-0.015,-0.060,-0.045,0.038,0.015,-0.052,0.020,0.010,-0.010,0.040,0.020,-0.105
-0.015,-0.060,-0.045,0.038,0.015,-0.052,0.020,0.009,-0.009,0.040,0.020,-0.105
-0.015,-0.060,-0.045,0.038,0.015,-0.052,0.020,0.005,-0.005,0.040,0.020,-0.105
-0.019,-0.060,-0.041,0.040,0.011,-0.050,0.020,0.005,-0.005,0.040,0.020,-0.101
-0.021,-0.060,-0.039,0.040,0.009,-0.050,0.020,0.005,-0.005,0.040,0.020,-0.100
-0.019,-0.060,-0.041,0.040,0.011,-0.050,0.020,0.005,-0.005,0.040,0.020,-0.100
-0.021,-0.060,-0.039,0.041,0.009,-0.049,0.020,0.005,-0.005,0.040,0.020,-0.100
-0.025,-0.060,-0.035,0.043,0.005,-0.047,0.020,0.005,-0.005,0.040,0.020,-0.100
-0.025,-0.060,-0.035,0.043,0.005,-0.047,0.020,0.005,-0.005,0.040,0.020,-0.100
-0.025,-0.060,-0.035,0.043,0.005,-0.047,0.020,0.006,-0.002,0.040,0.020,-0.100
-0.025,-0.060,-0.035,0.043,0.005,-0.047,0.019,0.003,0.001,0.040,0.021,-0.100
-0.026,-0.060,-0.034,0.043,0.004,-0.047,0.023,0.000,0.000,0.039,0.028,-0.099
-0.030,-0.060,-0.030,0.045,0.000,-0.045,0.035,0.000,0.000,0.035,0.040,-0.095
-0.030,-0.060,-0.030,0.045,0.000,-0.045,0.031,0.000,0.000,0.035,0.036,-0.095
-0.029,-0.060,-0.031,0.045,0.001,-0.045,0.030,0.000,0.000,0.035,0.034,-0.095
-0.032,-0.060,-0.028,0.046,-0.002,-0.044,0.028,0.000,0.000,0.035,0.035,-0.095
-0.026,-0.060,-0.034,0.043,0.004,-0.047,0.024,0.000,0.001,0.035,0.035,-0.095
-0.005,-0.060,-0.055,0.033,0.025,-0.057,0.025,0.000,0.005,0.035,0.035,-0.095
-0.008,-0.060,-0.052,0.034,0.022,-0.056,0.025,0.001,0.005,0.035,0.031,-0.095
-0.014,-0.060,-0.046,0.037,0.016,-0.053,0.022,-0.005,0.004,0.035,0.030,-0.095
-0.017,-0.060,-0.043,0.039,0.013,-0.051,0.019,-0.013,0.007,0.035,0.030,-0.095
-0.021,-0.060,-0.039,0.040,0.009,-0.049,0.020,-0.014,0.010,0.035,0.030,-0.094
-0.025,-0.060,-0.035,0.043,0.005,-0.047,0.020,-0.010,0.010,0.035,0.030,-0.090
-0.030,-0.060,-0.031,0.045,0.000,-0.045,0.016,-0.010,0.010,0.035,0.026,-0.090
-0.027,-0.057,-0.030,0.042,0.001,-0.043,0.014,-0.007,0.010,0.035,0.025,-0.090
-0.024,-0.054,-0.030,0.039,0.004,-0.042,0.016,-0.004,0.012,0.035,0.025,-0.090
-0.017,-0.055,-0.038,0.037,0.011,-0.047,0.014,-0.005,0.015,0.035,0.025,-0.090
-0.005,-0.055,-0.050,0.030,0.023,-0.052,0.010,-0.005,0.015,0.035,0.025,-0.090
-0.006,-0.051,-0.044,0.029,0.019,-0.047,0.010,-0.001,0.015,0.035,0.025,-0.090
0.008,-0.049,-0.058,0.021,0.033,-0.053,0.007,0.000,0.018,0.035,0.022,-0.091
0.013,-0.051,-0.064,0.019,0.038,-0.057,0.004,0.002,0.021,0.035,0.019,-0.088
0.004,-0.049,-0.053,0.023,0.029,-0.051,0.005,0.005,0.020,0.035,0.020,-0.085
0.005,-0.045,-0.050,0.020,0.028,-0.047,0.005,0.005,0.020,0.035,0.020,-0.085
-0.003,-0.045,-0.042,0.024,0.020,-0.043,0.001,0.006,0.020,0.044,0.020,-0.085
-0.008,-0.046,-0.038,0.027,0.016,-0.042,-0.001,-0.001,0.017,0.043,0.017,-0.085
-0.014,-0.043,-0.029,0.029,0.008,-0.036,0.001,-0.007,0.014,0.039,0.014,-0.085
-0.002,-0.040,-0.037,0.021,0.017,-0.038,-0.001,-0.012,0.015,0.040,0.015,-0.085
0.035,-0.040,-0.075,0.003,0.055,-0.057,-0.005,-0.020,0.015,0.040,0.015,-0.085
0.033,-0.040,-0.073,0.004,0.053,-0.057,-0.005,-0.024,0.011,0.040,0.015,-0.085
0.029,-0.037,-0.066,0.004,0.048,-0.052,-0.006,-0.028,0.009,0.041,0.014,-0.082
0.029,-0.034,-0.063,0.003,0.047,-0.049,-0.002,-0.030,0.011,0.038,0.019,-0.079
0.024,-0.035,-0.059,0.006,0.042,-0.047,0.007,-0.030,0.009,0.035,0.025,-0.080
0.020,-0.035,-0.055,0.008,0.038,-0.045,0.010,-0.030,0.005,0.035,0.020,-0.080
0.020,-0.031,-0.051,0.006,0.035,-0.041,0.006,-0.030,0.005,0.035,0.020,-0.080
0.020,-0.029,-0.050,0.005,0.035,-0.040,0.005,-0.030,0.006,0.035,0.020,-0.080
0.020,-0.031,-0.050,0.006,0.035,-0.040,0.005,-0.030,0.003,0.035,0.020,-0.080
0.021,-0.029,-0.050,0.004,0.035,-0.039,0.005,-0.030,0.000,0.035,0.020,-0.080
0.025,-0.025,-0.050,0.000,0.038,-0.037,0.005,-0.030,0.000,0.035,0.020,-0.080
0.025,-0.025,-0.050,0.000,0.038,-0.037,0.005,-0.030,0.000,0.031,0.020,-0.080
0.024,-0.026,-0.050,0.001,0.038,-0.037,0.005,-0.030,-0.003,0.030,0.020,-0.079
0.027,-0.023,-0.050,-0.002,0.039,-0.036,0.005,-0.030,-0.006,0.030,0.020,-0.084
0.022,-0.028,-0.050,0.003,0.036,-0.039,0.005,-0.030,-0.005,0.030,0.020,-0.090
0.005,-0.045,-0.050,0.020,0.028,-0.047,0.005,-0.030,-0.005,0.030,0.020,-0.085
0.004,-0.046,-0.050,0.021,0.028,-0.047,0.005,-0.030,-0.009,0.030,0.020,-0.085
0.005,-0.044,-0.050,0.020,0.028,-0.046,0.002,-0.030,-0.011,0.027,0.020,-0.085
0.006,-0.046,-0.052,0.020,0.029,-0.048,-0.001,-0.030,-0.009,0.024,0.020,-0.085
0.012,-0.044,-0.056,0.017,0.035,-0.050,0.000,-0.030,-0.011,0.025,0.020,-0.084
0.020,-0.045,-0.065,0.013,0.043,-0.055,0.000,-0.030,-0.015,0.025,0.020,-0.080
0.025,-0.058,-0.082,0.017,0.054,-0.070,0.000,-0.030,-0.015,0.025,0.020,-0.080
0.025,-0.058,-0.083,0.017,0.055,-0.070,0.000,-0.030,-0.015,0.026,0.020,-0.080
0.025,-0.054,-0.079,0.014,0.052,-0.066,0.000,-0.030,-0.015,0.023,0.019,-0.080
0.025,-0.055,-0.080,0.015,0.053,-0.067,0.000,-0.030,-0.015,0.029,0.023,-0.079
0.025,-0.055,-0.080,0.015,0.053,-0.067,0.000,-0.030,-0.015,0.045,0.035,-0.075
0.025,-0.051,-0.076,0.013,0.051,-0.063,0.000,-0.030,-0.015,0.042,0.031,-0.075
0.025,-0.050,-0.074,0.013,0.050,-0.062,-0.001,-0.030,-0.015,0.039,0.029,-0.075
0.026,-0.050,-0.076,0.013,0.051,-0.062,0.002,-0.030,-0.015,0.040,0.030,-0.075
0.024,-0.050,-0.074,0.014,0.049,-0.062,0.005,-0.030,-0.015,0.040,0.030,-0.075
0.020,-0.050,-0.070,0.015,0.045,-0.060,0.005,-0.030,-0.015,0.040,0.030,-0.075
0.024,-0.046,-0.070,0.011,0.047,-0.057,0.009,-0.030,-0.015,0.040,0.030,-0.071
0.026,-0.045,-0.071,0.009,0.049,-0.057,0.011,-0.030,-0.018,0.040,0.030,-0.070
0.023,-0.045,-0.068,0.011,0.046,-0.056,0.008,-0.030,-0.021,0.040,0.030,-0.070
0.019,-0.045,-0.065,0.013,0.042,-0.055,0.005,-0.030,-0.019,0.039,0.030,-0.070
0.020,-0.045,-0.065,0.013,0.043,-0.055,0.005,-0.030,-0.015,0.035,0.030,-0.070
0.025,-0.041,-0.065,0.009,0.045,-0.053,0.005,-0.030,-0.015,0.035,0.030,-0.066
0.022,-0.039,-0.062,0.009,0.042,-0.050,0.005,-0.030,-0.015,0.035,0.030,-0.065
0.019,-0.041,-0.059,0.011,0.039,-0.050,0.005,-0.030,-0.015,0.035,0.030,-0.065
0.021,-0.039,-0.060,0.009,0.041,-0.050,0.005,-0.030,-0.015,0.035,0.029,-0.065
0.025,-0.035,-0.060,0.005,0.043,-0.047,0.005,-0.030,-0.015,0.035,0.025,-0.065
0.021,-0.035,-0.056,0.007,0.039,-0.045,0.005,-0.030,-0.015,0.035,0.025,-0.065
0.019,-0.035,-0.054,0.008,0.037,-0.045,0.005,-0.030,-0.016,0.036,0.025,-0.066
0.020,-0.035,-0.056,0.008,0.038,-0.045,0.005,-0.029,-0.013,0.033,0.025,-0.077
0.020,-0.034,-0.054,0.008,0.037,-0.044,0.005,-0.032,-0.019,0.030,0.025,-0.085
0.020,-0.030,-0.050,0.005,0.035,-0.040,0.005,-0.040,-0.035,0.030,0.025,-0.080
0.020,-0.030,-0.050,0.005,0.035,-0.040,0.005,-0.036,-0.032,0.030,0.025,-0.080
0.019,-0.031,-0.051,0.006,0.035,-0.041,0.002,-0.034,-0.029,0.030,0.025,-0.080
0.022,-0.027,-0.048,0.003,0.035,-0.038,-0.001,-0.035,-0.030,0.030,0.025,-0.080
0.017,-0.036,-0.053,0.009,0.035,-0.044,0.000,-0.035,-0.030,0.030,0.025,-0.079
0.005,-0.065,-0.070,0.030,0.038,-0.067,0.000,-0.035,-0.030,0.030,0.025,-0.075
0.013,-0.062,-0.075,0.025,0.044,-0.068,0.000,-0.035,-0.026,0.030,0.025,-0.075
0.016,-0.059,-0.075,0.022,0.046,-0.066,0.000,-0.032,-0.025,0.029,0.025,-0.075
0.015,-0.060,-0.075,0.023,0.045,-0.067,0.000,-0.029,-0.025,0.032,0.025,-0.075
0.015,-0.060,-0.075,0.023,0.045,-0.067,0.000,-0.030,-0.025,0.035,0.025,-0.074
0.015,-0.060,-0.075,0.023,0.045,-0.067,0.000,-0.030,-0.025,0.035,0.025,-0.070
0.014,-0.060,-0.075,0.023,0.045,-0.067,0.000,-0.030,-0.021,0.035,0.025,-0.070
0.019,-0.057,-0.076,0.020,0.047,-0.066,0.000,-0.030,-0.020,0.035,0.025,-0.070
0.019,-0.054,-0.073,0.018,0.046,-0.064,0.000,-0.030,-0.020,0.035,0.025,-0.070
0.014,-0.055,-0.070,0.020,0.042,-0.062,0.000,-0.029,-0.020,0.035,0.025,-0.070
0.015,-0.055,-0.070,0.020,0.043,-0.062,0.000,-0.025,-0.020,0.035,0.025,-0.070
0.015,-0.055,-0.070,0.020,0.043,-0.062,0.000,-0.025,-0.020,0.035,0.025,-0.066
0.015,-0.055,-0.070,0.020,0.043,-0.062,0.000,-0.025,-0.017,0.035,0.025,-0.065
0.015,-0.055,-0.070,0.020,0.043,-0.062,0.000,-0.025,-0.014,0.035,0.025,-0.065
0.016,-0.054,-0.070,0.019,0.043,-0.062,0.000,-0.025,-0.015,0.035,0.025,-0.065
0.020,-0.050,-0.070,0.015,0.045,-0.060,0.000,-0.025,-0.015,0.035,0.025,-0.065
0.020,-0.050,-0.070,0.015,0.045,-0.060,0.000,-0.021,-0.015,0.031,0.025,-0.061
0.020,-0.050,-0.070,0.015,0.045,-0.060,0.000,-0.020,-0.012,0.030,0.025,-0.060
0.020,-0.050,-0.070,0.015,0.045,-0.060,-0.001,-0.020,-0.009,0.030,0.025,-0.060
0.020,-0.050,-0.070,0.015,0.045,-0.060,-0.007,-0.020,-0.010,0.030,0.025,-0.060
0.020,-0.050,-0.070,0.015,0.045,-0.060,-0.010,-0.020,-0.010,0.030,0.025,-0.060
0.024,-0.046,-0.070,0.011,0.048,-0.057,-0.003,-0.020,-0.010,0.030,0.025,-0.060
0.025,-0.045,-0.070,0.010,0.048,-0.057,0.008,-0.019,-0.009,0.031,0.025,-0.062
0.025,-0.045,-0.070,0.010,0.048,-0.057,0.009,-0.025,-0.014,0.028,0.025,-0.070
0.025,-0.045,-0.070,0.010,0.048,-0.057,0.005,-0.037,-0.021,0.025,0.025,-0.075
0.025,-0.045,-0.070,0.010,0.048,-0.057,0.005,-0.040,-0.020,0.025,0.025,-0.070
0.025,-0.045,-0.070,0.010,0.048,-0.057,0.001,-0.040,-0.020,0.025,0.025,-0.070
0.026,-0.044,-0.070,0.009,0.049,-0.056,-0.001,-0.040,-0.020,0.025,0.025,-0.070
0.021,-0.049,-0.070,0.014,0.046,-0.059,0.001,-0.040,-0.020,0.025,0.025,-0.070
0.015,-0.055,-0.070,0.020,0.043,-0.062,-0.001,-0.040,-0.020,0.025,0.025,-0.069
0.020,-0.050,-0.070,0.015,0.045,-0.060,-0.005,-0.040,-0.020,0.025,0.025,-0.065
0.020,-0.046,-0.066,0.013,0.043,-0.056,-0.005,-0.040,-0.020,0.021,0.021,-0.065
0.020,-0.043,-0.064,0.012,0.042,-0.054,-0.008,-0.040,-0.020,0.020,0.020,-0.065
0.019,-0.034,-0.053,0.008,0.036,-0.043,-0.011,-0.040,-0.020,0.020,0.020,-0.065
0.014,-0.041,-0.055,0.014,0.035,-0.048,-0.010,-0.040,-0.020,0.020,0.020,-0.064
0.010,-0.075,-0.085,0.033,0.048,-0.080,-0.010,-0.040,-0.020,0.020,0.020,-0.060
0.010,-0.073,-0.082,0.031,0.046,-0.078,-0.010,-0.040,-0.019,0.020,0.020,-0.060
0.010,-0.068,-0.079,0.029,0.044,-0.074,-0.009,-0.037,-0.024,0.021,0.017,-0.060
0.010,-0.071,-0.081,0.030,0.045,-0.076,-0.014,-0.034,-0.024,0.018,0.014,-0.060
0.010,-0.069,-0.079,0.030,0.045,-0.074,-0.020,-0.035,-0.019,0.024,0.015,-0.060
0.010,-0.065,-0.075,0.028,0.043,-0.070,-0.015,-0.035,-0.020,0.045,0.015,-0.060
0.010,-0.065,-0.075,0.028,0.043,-0.070,-0.015,-0.031,-0.020,0.042,0.015,-0.056
0.010,-0.065,-0.075,0.028,0.043,-0.070,-0.015,-0.030,-0.020,0.040,0.015,-0.055
0.010,-0.065,-0.075,0.028,0.043,-0.070,-0.015,-0.030,-0.020,0.038,0.015,-0.055
0.010,-0.064,-0.074,0.028,0.043,-0.069,-0.015,-0.030,-0.019,0.035,0.014,-0.055
0.010,-0.060,-0.070,0.025,0.040,-0.065,-0.015,-0.030,-0.015,0.035,0.010,-0.055
0.010,-0.060,-0.070,0.025,0.040,-0.065,-0.011,-0.026,-0.015,0.031,0.010,-0.051
0.010,-0.060,-0.070,0.025,0.040,-0.065,-0.010,-0.024,-0.015,0.028,0.010,-0.050
0.010,-0.060,-0.070,0.025,0.040,-0.065,-0.010,-0.026,-0.015,0.035,0.010,-0.050
0.010,-0.059,-0.069,0.025,0.040,-0.064,-0.010,-0.024,-0.015,0.048,0.010,-0.050
0.010,-0.055,-0.065,0.023,0.038,-0.060,-0.010,-0.020,-0.015,0.055,0.010,-0.050
0.010,-0.055,-0.065,0.023,0.038,-0.060,-0.010,-0.020,-0.015,0.051,0.006,-0.050
0.010,-0.056,-0.066,0.023,0.038,-0.061,-0.011,-0.020,-0.012,0.049,0.005,-0.053
0.010,-0.053,-0.063,0.022,0.037,-0.058,-0.008,-0.020,-0.009,0.050,0.005,-0.056
0.010,-0.050,-0.060,0.020,0.035,-0.055,-0.005,-0.020,-0.010,0.050,0.005,-0.055
0.010,-0.050,-0.060,0.020,0.035,-0.055,-0.005,-0.020,-0.010,0.050,0.005,-0.055
0.010,-0.050,-0.060,0.020,0.035,-0.055,-0.005,-0.027,-0.010,0.050,0.005,-0.062
0.010,-0.051,-0.061,0.020,0.035,-0.056,-0.005,-0.044,-0.011,0.050,0.004,-0.073
0.010,-0.048,-0.058,0.019,0.034,-0.053,-0.005,-0.050,-0.008,0.050,0.010,-0.074
0.010,-0.045,-0.055,0.018,0.033,-0.050,-0.004,-0.043,-0.005,0.050,0.023,-0.070
0.010,-0.045,-0.055,0.018,0.033,-0.050,0.000,-0.040,-0.005,0.050,0.030,-0.070
0.010,-0.045,-0.055,0.018,0.033,-0.050,0.000,-0.040,-0.005,0.050,0.026,-0.066
0.010,-0.045,-0.055,0.018,0.033,-0.050,0.000,-0.037,-0.005,0.050,0.024,-0.065
0.011,-0.044,-0.055,0.017,0.033,-0.049,0.000,-0.035,-0.005,0.050,0.025,-0.063
0.016,-0.039,-0.055,0.012,0.036,-0.046,0.000,-0.035,-0.005,0.050,0.025,-0.060
0.020,-0.035,-0.055,0.008,0.038,-0.045,0.000,-0.030,-0.005,0.050,0.025,-0.060
0.018,-0.035,-0.054,0.009,0.037,-0.044,0.000,-0.025,-0.005,0.050,0.025,-0.056
0.032,-0.033,-0.065,0.000,0.049,-0.049,0.003,-0.025,-0.004,0.049,0.022,-0.055
0.042,-0.027,-0.070,-0.007,0.056,-0.049,0.007,-0.023,-0.009,0.052,0.019,-0.053
0.039,-0.025,-0.064,-0.007,0.052,-0.045,0.011,-0.020,-0.015,0.055,0.020,-0.050
0.040,-0.025,-0.065,-0.007,0.053,-0.045,0.015,-0.020,-0.005,0.055,0.020,-0.050
0.044,-0.021,-0.065,-0.011,0.055,-0.043,0.019,-0.016,0.004,0.064,0.020,-0.046
0.048,-0.017,-0.065,-0.015,0.057,-0.041,0.023,-0.015,0.008,0.065,0.018,-0.045
0.052,-0.014,-0.065,-0.018,0.059,-0.040,0.028,-0.015,0.013,0.069,0.026,-0.043
0.057,-0.008,-0.064,-0.024,0.060,-0.035,0.030,-0.015,0.022,0.075,0.036,-0.040
0.055,-0.005,-0.060,-0.025,0.058,-0.032,0.030,-0.015,0.030,0.070,0.035,-0.040
0.029,-0.030,-0.060,0.000,0.045,-0.045,0.043,-0.015,0.035,0.070,0.035,-0.036
0.026,-0.034,-0.060,0.004,0.043,-0.047,0.043,-0.012,0.032,0.068,0.035,-0.034
0.031,-0.029,-0.060,-0.001,0.045,-0.045,0.039,-0.009,0.029,0.063,0.034,-0.036
0.031,-0.029,-0.060,-0.001,0.045,-0.045,0.039,-0.010,0.030,0.069,0.037,-0.034
0.035,-0.025,-0.060,-0.005,0.048,-0.042,0.035,-0.010,0.030,0.085,0.045,-0.030
0.035,-0.025,-0.060,-0.005,0.048,-0.042,0.035,-0.010,0.030,0.082,0.041,-0.030
0.035,-0.022,-0.057,-0.006,0.046,-0.039,0.036,-0.010,0.030,0.079,0.040,-0.031
0.035,-0.020,-0.054,-0.007,0.044,-0.037,0.033,-0.010,0.030,0.080,0.038,-0.028
0.036,-0.019,-0.055,-0.008,0.046,-0.037,0.030,-0.009,0.030,0.080,0.034,-0.025
0.040,-0.015,-0.055,-0.012,0.048,-0.035,0.030,-0.005,0.030,0.080,0.035,-0.025
0.040,-0.015,-0.055,-0.012,0.048,-0.035,0.026,-0.005,0.030,0.080,0.036,-0.025
0.044,-0.012,-0.056,-0.015,0.050,-0.033,0.024,-0.005,0.030,0.077,0.032,-0.022
0.043,-0.010,-0.053,-0.016,0.048,-0.031,0.026,-0.005,0.030,0.074,0.030,-0.019
0.040,-0.009,-0.050,-0.016,0.045,-0.029,0.023,-0.005,0.030,0.075,0.029,-0.020
0.045,-0.005,-0.050,-0.020,0.048,-0.027,0.015,-0.005,0.030,0.075,0.025,-0.020
0.045,-0.005,-0.050,-0.020,0.048,-0.027,0.011,-0.001,0.026,0.075,0.025,-0.016
0.048,-0.002,-0.050,-0.023,0.049,-0.026,0.007,0.000,0.025,0.075,0.025,-0.014
0.052,0.002,-0.050,-0.027,0.051,-0.024,0.003,0.000,0.025,0.075,0.027,-0.016
0.048,-0.002,-0.050,-0.023,0.049,-0.026,-0.001,0.000,0.025,0.074,0.030,-0.014
0.040,-0.010,-0.050,-0.015,0.045,-0.030,-0.005,0.000,0.025,0.070,0.035,-0.010
0.051,0.005,-0.046,-0.028,0.048,-0.020,-0.009,0.000,0.025,0.070,0.052,-0.010
0.065,0.020,-0.045,-0.042,0.055,-0.012,-0.013,0.001,0.025,0.070,0.059,-0.011
0.074,0.030,-0.044,-0.052,0.059,-0.007,-0.017,-0.002,0.025,0.070,0.063,-0.008
0.082,0.044,-0.039,-0.063,0.061,0.002,-0.021,-0.005,0.025,0.070,0.073,-0.005
0.095,0.055,-0.040,-0.075,0.067,0.007,-0.025,-0.005,0.025,0.070,0.080,-0.005
0.108,0.051,-0.057,-0.080,0.082,-0.003,-0.029,-0.005,0.025,0.066,0.076,-0.001
0.110,0.050,-0.060,-0.080,0.085,-0.005,-0.033,-0.004,0.025,0.065,0.074,0.001
0.098,0.048,-0.049,-0.072,0.073,0.000,-0.037,-0.007,0.025,0.065,0.076,-0.002
0.100,0.045,-0.055,-0.072,0.077,-0.005,-0.040,-0.010,0.024,0.065,0.074,-0.005
0.125,0.045,-0.080,-0.085,0.102,-0.017,-0.040,-0.010,0.020,0.065,0.070,-0.005
0.118,0.041,-0.077,-0.079,0.097,-0.018,-0.040,-0.010,0.020,0.065,0.070,-0.009
0.114,0.040,-0.074,-0.076,0.094,-0.016,-0.040,-0.009,0.021,0.066,0.071,-0.009
0.114,0.038,-0.076,-0.075,0.095,-0.019,-0.040,-0.012,0.018,0.063,0.068,-0.014
0.109,0.035,-0.074,-0.071,0.091,-0.020,-0.040,-0.015,0.015,0.060,0.065,-0.020
0.105,0.035,-0.070,-0.070,0.087,-0.017,-0.040,-0.015,0.015,0.060,0.065,-0.015
0.100,0.031,-0.070,-0.066,0.085,-0.019,-0.039,-0.015,0.015,0.060,0.065,-0.015
0.101,0.030,-0.071,-0.066,0.086,-0.020,-0.044,-0.015,0.016,0.060,0.062,-0.015
0.095,0.027,-0.068,-0.061,0.082,-0.020,-0.044,-0.015,0.013,0.060,0.059,-0.015
0.082,0.018,-0.065,-0.050,0.073,-0.023,-0.039,-0.016,0.010,0.059,0.060,-0.015
0.075,0.010,-0.065,-0.042,0.070,-0.027,-0.040,-0.020,0.010,0.055,0.060,-0.015
0.068,0.002,-0.065,-0.034,0.067,-0.031,-0.040,-0.020,0.010,0.055,0.056,-0.011
0.056,-0.006,-0.062,-0.025,0.059,-0.034,-0.040,-0.020,0.010,0.055,0.054,-0.010
0.046,-0.014,-0.059,-0.016,0.053,-0.037,-0.040,-0.020,0.008,0.055,0.056,-0.010
0.038,-0.023,-0.060,-0.008,0.049,-0.041,-0.039,-0.021,0.005,0.055,0.054,-0.010
0.030,-0.030,-0.060,0.000,0.045,-0.045,-0.035,-0.025,0.005,0.055,0.050,-0.010
0.030,-0.026,-0.056,-0.001,0.043,-0.041,-0.035,-0.025,0.005,0.055,0.050,-0.010
0.030,-0.024,-0.054,-0.002,0.043,-0.039,-0.035,-0.025,0.002,0.052,0.050,-0.013
0.030,-0.025,-0.056,-0.002,0.043,-0.041,-0.035,-0.025,0.000,0.049,0.049,-0.017
0.029,-0.025,-0.054,-0.002,0.042,-0.039,-0.035,-0.025,0.000,0.050,0.044,-0.021
0.025,-0.025,-0.050,0.000,0.038,-0.037,-0.035,-0.025,0.000,0.050,0.040,-0.025
0.025,-0.026,-0.051,0.001,0.038,-0.038,-0.035,-0.029,0.000,0.050,0.040,-0.029
0.026,-0.019,-0.046,-0.003,0.037,-0.032,-0.032,-0.030,-0.003,0.051,0.037,-0.034
0.021,-0.045,-0.065,0.012,0.044,-0.054,-0.029,-0.030,-0.006,0.048,0.035,-0.035
0.015,-0.078,-0.093,0.032,0.055,-0.086,-0.030,-0.030,-0.005,0.045,0.035,-0.036
0.020,-0.070,-0.090,0.025,0.055,-0.080,-0.030,-0.030,-0.005,0.045,0.030,-0.040
0.020,-0.070,-0.090,0.025,0.055,-0.080,-0.030,-0.030,-0.005,0.045,0.025,-0.040
0.023,-0.067,-0.090,0.022,0.057,-0.078,-0.031,-0.030,-0.008,0.045,0.025,-0.040
0.025,-0.065,-0.090,0.020,0.058,-0.077,-0.028,-0.030,-0.010,0.045,0.023,-0.040
0.026,-0.065,-0.090,0.019,0.058,-0.077,-0.025,-0.030,-0.010,0.045,0.020,-0.040
0.030,-0.060,-0.090,0.015,0.060,-0.075,-0.025,-0.030,-0.010,0.045,0.020,-0.040
0.030,-0.057,-0.088,0.014,0.059,-0.073,-0.025,-0.030,-0.009,0.041,0.016,-0.043
0.030,-0.076,-0.106,0.024,0.068,-0.091,-0.025,-0.030,-0.017,0.040,0.014,-0.052
0.031,-0.084,-0.116,0.027,0.074,-0.100,-0.025,-0.030,-0.019,0.040,0.016,-0.056
0.036,-0.072,-0.109,0.018,0.073,-0.090,-0.025,-0.029,-0.014,0.040,0.014,-0.054
0.040,-0.070,-0.110,0.015,0.075,-0.090,-0.025,-0.030,-0.015,0.040,0.010,-0.055
0.034,-0.077,-0.111,0.022,0.072,-0.094,-0.034,-0.043,-0.015,0.040,0.010,-0.063
0.017,-0.090,-0.107,0.037,0.062,-0.098,-0.033,-0.043,-0.015,0.040,0.011,-0.069
0.008,-0.096,-0.104,0.045,0.057,-0.100,-0.029,-0.039,-0.015,0.040,0.008,-0.070
0.011,-0.095,-0.105,0.043,0.058,-0.100,-0.030,-0.040,-0.015,0.039,0.005,-0.070
0.010,-0.095,-0.105,0.043,0.058,-0.100,-0.030,-0.040,-0.015,0.035,0.005,-0.070
0.006,-0.095,-0.101,0.045,0.054,-0.098,-0.030,-0.040,-0.015,0.035,0.005,-0.070
0.004,-0.095,-0.099,0.045,0.052,-0.097,-0.030,-0.037,-0.015,0.035,0.002,-0.067
0.006,-0.095,-0.101,0.045,0.054,-0.097,-0.030,-0.034,-0.015,0.035,-0.001,-0.064
0.004,-0.095,-0.099,0.045,0.052,-0.097,-0.030,-0.035,-0.015,0.035,0.000,-0.065
0.000,-0.095,-0.095,0.048,0.048,-0.095,-0.030,-0.035,-0.015,0.035,0.000,-0.065
0.000,-0.095,-0.095,0.048,0.048,-0.095,-0.026,-0.035,-0.015,0.035,-0.004,-0.065
0.001,-0.095,-0.096,0.048,0.049,-0.095,-0.025,-0.036,-0.015,0.036,-0.006,-0.065
-0.002,-0.095,-0.093,0.049,0.046,-0.094,-0.025,-0.033,-0.015,0.033,-0.004,-0.065
-0.005,-0.095,-0.090,0.050,0.043,-0.092,-0.025,-0.030,-0.015,0.030,-0.006,-0.065
-0.005,-0.095,-0.090,0.050,0.043,-0.092,-0.025,-0.030,-0.015,0.030,-0.010,-0.065
-0.005,-0.095,-0.090,0.050,0.043,-0.092,-0.025,-0.030,-0.015,0.030,-0.010,-0.061
-0.008,-0.095,-0.087,0.052,0.040,-0.091,-0.025,-0.030,-0.015,0.030,-0.009,-0.060
-0.010,-0.095,-0.084,0.053,0.037,-0.090,-0.026,-0.031,-0.015,0.030,-0.012,-0.060
-0.010,-0.095,-0.085,0.053,0.038,-0.090,-0.024,-0.028,-0.016,0.030,-0.015,-0.060
-0.010,-0.095,-0.085,0.053,0.038,-0.090,-0.015,-0.020,-0.015,0.030,-0.015,-0.060
-0.009,-0.087,-0.077,0.049,0.035,-0.082,-0.007,-0.016,-0.003,0.030,-0.015,-0.060
-0.014,-0.082,-0.068,0.048,0.027,-0.075,0.001,-0.012,0.006,0.029,-0.016,-0.060
-0.013,-0.076,-0.063,0.045,0.025,-0.069,0.009,-0.010,0.015,0.032,-0.012,-0.061
-0.010,-0.069,-0.058,0.040,0.024,-0.064,0.017,-0.001,0.021,0.044,-0.003,-0.058
-0.015,-0.065,-0.050,0.040,0.018,-0.057,0.025,0.025,0.030,0.070,0.005,-0.045
-0.015,-0.056,-0.042,0.036,0.014,-0.049,0.030,0.047,0.066,0.112,0.014,-0.037
-0.017,-0.053,-0.036,0.036,0.010,-0.044,0.026,0.058,0.094,0.136,0.016,-0.025
-0.006,-0.041,-0.036,0.024,0.015,-0.038,0.029,0.092,0.136,0.175,0.048,-0.019
0.022,-0.021,-0.043,0.000,0.033,-0.031,0.052,0.166,0.219,0.251,0.111,-0.002
0.050,-0.005,-0.055,-0.022,0.053,-0.030,0.075,0.250,0.320,0.340,0.170,0.045
0.092,0.023,-0.069,-0.057,0.080,-0.022,0.081,0.308,0.411,0.423,0.236,0.084
0.153,0.047,-0.106,-0.100,0.129,-0.029,0.106,0.396,0.519,0.522,0.318,0.134
0.231,0.077,-0.153,-0.154,0.192,-0.038,0.093,0.499,0.659,0.657,0.432,0.199
0.326,0.131,-0.195,-0.228,0.260,-0.032,0.037,0.549,0.795,0.815,0.588,0.294
0.435,0.200,-0.235,-0.317,0.335,-0.017,-0.010,0.540,0.900,0.975,0.775,0.435
0.547,0.260,-0.288,-0.403,0.417,-0.014,-0.082,0.544,1.005,1.130,0.969,0.580
0.692,0.327,-0.365,-0.509,0.528,-0.019,-0.186,0.505,1.055,1.219,1.144,0.714
0.811,0.388,-0.423,-0.600,0.617,-0.017,-0.306,0.433,1.060,1.253,1.299,0.832
0.898,0.428,-0.470,-0.662,0.684,-0.021,-0.441,0.318,0.997,1.213,1.358,0.925
0.990,0.455,-0.535,-0.722,0.762,-0.040,-0.595,0.125,0.815,1.055,1.295,0.960
1.030,0.472,-0.558,-0.751,0.793,-0.043,-0.730,-0.102,0.561,0.818,1.258,0.913
0.975,0.403,-0.572,-0.689,0.773,-0.084,-0.807,-0.330,0.232,0.494,1.096,0.874
0.906,0.273,-0.633,-0.589,0.770,-0.179,-0.852,-0.531,-0.087,0.155,0.856,0.789
0.845,0.172,-0.673,-0.508,0.759,-0.250,-0.904,-0.746,-0.400,-0.158,0.638,0.663
0.720,0.130,-0.590,-0.425,0.655,-0.230,-0.960,-1.010,-0.755,-0.455,0.450,0.580
0.550,0.088,-0.462,-0.319,0.506,-0.187,-0.998,-1.228,-1.036,-0.684,0.303,0.501
0.445,0.031,-0.413,-0.238,0.429,-0.191,-1.054,-1.363,-1.215,-0.844,0.175,0.418
0.370,-0.032,-0.402,-0.169,0.386,-0.217,-1.062,-1.420,-1.305,-0.955,0.074,0.347
0.284,-0.087,-0.371,-0.098,0.328,-0.229,-1.022,-1.412,-1.306,-0.996,0.005,0.283
0.210,-0.125,-0.335,-0.042,0.273,-0.230,-0.995,-1.350,-1.245,-0.970,-0.050,0.220
0.159,-0.146,-0.304,-0.006,0.232,-0.225,-0.921,-1.256,-1.197,-0.958,-0.111,0.195
0.131,-0.127,-0.258,-0.002,0.195,-0.193,-0.810,-1.110,-1.069,-0.865,-0.122,0.172
0.108,-0.095,-0.203,-0.006,0.155,-0.149,-0.707,-0.959,-0.923,-0.745,-0.111,0.151
0.086,-0.077,-0.163,-0.004,0.124,-0.120,-0.617,-0.834,-0.813,-0.653,-0.109,0.144
0.075,-0.070,-0.145,-0.002,0.110,-0.107,-0.525,-0.715,-0.705,-0.565,-0.105,0.135
0.064,-0.062,-0.126,-0.001,0.095,-0.094,-0.447,-0.610,-0.604,-0.487,-0.101,0.101
0.046,-0.054,-0.100,0.004,0.073,-0.077,-0.385,-0.515,-0.510,-0.424,-0.097,0.060
0.023,-0.046,-0.069,0.012,0.046,-0.057,-0.324,-0.443,-0.439,-0.365,-0.093,0.036
0.009,-0.038,-0.047,0.015,0.028,-0.042,-0.268,-0.385,-0.386,-0.306,-0.089,0.028
0.015,-0.030,-0.045,0.008,0.030,-0.037,-0.225,-0.325,-0.325,-0.255,-0.085,0.020
0.023,-0.022,-0.045,0.000,0.034,-0.033,-0.180,-0.276,-0.268,-0.202,-0.081,0.012
0.030,-0.015,-0.045,-0.007,0.038,-0.030,-0.143,-0.232,-0.221,-0.162,-0.080,0.001
0.024,-0.021,-0.045,-0.001,0.035,-0.033,-0.106,-0.190,-0.179,-0.128,-0.078,-0.010
0.005,-0.040,-0.045,0.018,0.026,-0.042,-0.074,-0.150,-0.142,-0.099,-0.075,-0.017
0.000,-0.045,-0.045,0.023,0.023,-0.045,-0.055,-0.115,-0.115,-0.085,-0.075,-0.025
0.013,-0.028,-0.041,0.007,0.027,-0.034,-0.034,-0.095,-0.090,-0.073,-0.071,-0.039
-0.024,-0.063,-0.040,0.043,0.008,-0.051,-0.022,-0.074,-0.075,-0.061,-0.066,-0.066
-0.049,-0.089,-0.040,0.069,-0.004,-0.064,-0.018,-0.060,-0.066,-0.049,-0.065,-0.076
-0.038,-0.078,-0.040,0.058,0.001,-0.059,-0.013,-0.053,-0.058,-0.038,-0.064,-0.069
-0.040,-0.080,-0.040,0.060,0.000,-0.060,-0.005,-0.045,-0.050,-0.030,-0.060,-0.070
-0.040,-0.080,-0.040,0.060,0.000,-0.060,-0.001,-0.041,-0.042,-0.026,-0.060,-0.070
-0.039,-0.080,-0.041,0.060,0.001,-0.060,0.006,-0.035,-0.034,-0.023,-0.057,-0.070
-0.042,-0.080,-0.038,0.061,-0.002,-0.059,0.013,-0.025,-0.026,-0.016,-0.054,-0.070
-0.046,-0.080,-0.035,0.063,-0.006,-0.057,0.015,-0.019,-0.018,-0.009,-0.055,-0.070
-0.045,-0.080,-0.035,0.063,-0.005,-0.057,0.020,-0.015,-0.015,-0.005,-0.055,-0.070
-0.041,-0.076,-0.035,0.059,-0.002,-0.055,0.033,-0.011,-0.015,-0.001,-0.055,-0.070
-0.040,-0.075,-0.035,0.058,-0.002,-0.055,0.033,-0.010,-0.012,0.004,-0.055,-0.070
-0.040,-0.075,-0.035,0.058,-0.002,-0.055,0.029,-0.011,-0.010,0.005,-0.055,-0.070
-0.041,-0.075,-0.034,0.058,-0.003,-0.054,0.030,-0.009,-0.009,0.006,-0.055,-0.070
-0.045,-0.075,-0.030,0.060,-0.007,-0.052,0.030,-0.005,-0.005,0.010,-0.055,-0.070
-0.045,-0.075,-0.030,0.060,-0.007,-0.052,0.030,-0.005,-0.005,0.010,-0.051,-0.070
-0.045,-0.076,-0.030,0.060,-0.007,-0.052,0.028,-0.006,-0.002,0.013,-0.050,-0.070
-0.043,-0.073,-0.030,0.058,-0.006,-0.051,0.036,-0.003,0.000,0.016,-0.050,-0.070
-0.039,-0.070,-0.030,0.054,-0.005,-0.050,0.045,0.000,0.001,0.015,-0.050,-0.070
-0.040,-0.070,-0.030,0.055,-0.005,-0.050,0.040,0.000,0.005,0.015,-0.050,-0.070
-0.041,-0.070,-0.029,0.056,-0.006,-0.050,0.040,0.000,0.005,0.019,-0.050,-0.070
-0.033,-0.070,-0.037,0.051,0.002,-0.053,0.040,-0.001,0.008,0.020,-0.050,-0.070
-0.031,-0.071,-0.039,0.051,0.004,-0.055,0.040,0.005,0.010,0.022,-0.050,-0.071
-0.035,-0.069,-0.034,0.052,0.000,-0.051,0.040,0.018,0.011,0.025,-0.049,-0.069
-0.035,-0.070,-0.035,0.053,0.000,-0.052,0.040,0.025,0.015,0.025,-0.045,-0.070
-0.056,-0.091,-0.036,0.074,-0.010,-0.063,0.040,0.025,0.016,0.029,-0.045,-0.091
-0.063,-0.095,-0.032,0.079,-0.015,-0.063,0.040,0.025,0.012,0.030,-0.045,-0.094
-0.057,-0.087,-0.029,0.072,-0.014,-0.058,0.039,0.025,0.010,0.031,-0.045,-0.089
-0.055,-0.085,-0.030,0.070,-0.012,-0.057,0.041,0.025,0.010,0.027,-0.045,-0.090
-0.055,-0.085,-0.030,0.070,-0.012,-0.057,0.050,0.025,0.010,0.020,-0.045,-0.090
-0.055,-0.081,-0.026,0.068,-0.014,-0.053,0.059,0.025,0.010,0.037,-0.045,-0.086
-0.056,-0.080,-0.024,0.068,-0.016,-0.052,0.058,0.025,0.010,0.039,-0.045,-0.084
-0.053,-0.079,-0.026,0.066,-0.014,-0.052,0.054,0.025,0.010,0.034,-0.045,-0.086
-0.050,-0.074,-0.024,0.062,-0.012,-0.049,0.055,0.025,0.010,0.035,-0.046,-0.084
-0.050,-0.070,-0.020,0.060,-0.015,-0.045,0.055,0.025,0.010,0.035,-0.050,-0.080
-0.051,-0.070,-0.020,0.060,-0.015,-0.045,0.055,0.025,0.006,0.035,-0.050,-0.080
-0.047,-0.067,-0.021,0.057,-0.013,-0.044,0.056,0.025,0.005,0.036,-0.050,-0.081
-0.045,-0.063,-0.018,0.054,-0.013,-0.040,0.053,0.025,0.005,0.033,-0.050,-0.078
-0.053,-0.068,-0.015,0.061,-0.019,-0.041,0.050,0.025,0.005,0.030,-0.050,-0.075
-0.065,-0.080,-0.015,0.073,-0.025,-0.047,0.050,0.025,0.005,0.030,-0.050,-0.075
-0.061,-0.076,-0.015,0.069,-0.022,-0.046,0.050,0.025,0.005,0.030,-0.050,-0.075
-0.062,-0.074,-0.012,0.068,-0.025,-0.043,0.050,0.025,0.005,0.030,-0.047,-0.072
-0.066,-0.075,-0.009,0.071,-0.028,-0.042,0.050,0.025,0.004,0.030,-0.044,-0.069
-0.065,-0.075,-0.010,0.070,-0.027,-0.042,0.050,0.025,0.006,0.030,-0.045,-0.070
-0.065,-0.075,-0.010,0.070,-0.027,-0.042,0.050,0.025,0.015,0.030,-0.045,-0.070
-0.069,-0.075,-0.006,0.073,-0.031,-0.040,0.046,0.025,0.019,0.026,-0.045,-0.066
-0.070,-0.075,-0.005,0.073,-0.032,-0.040,0.045,0.025,0.023,0.025,-0.046,-0.064
-0.070,-0.075,-0.005,0.073,-0.032,-0.040,0.045,0.025,0.027,0.025,-0.043,-0.066
-0.069,-0.074,-0.005,0.072,-0.032,-0.039,0.045,0.025,0.030,0.025,-0.040,-0.064
-0.065,-0.070,-0.005,0.068,-0.030,-0.037,0.045,0.025,0.030,0.025,-0.040,-0.060
-0.058,-0.070,-0.012,0.064,-0.023,-0.041,0.045,0.025,0.030,0.025,-0.040,-0.060
-0.047,-0.070,-0.023,0.059,-0.012,-0.046,0.042,0.026,0.030,0.022,-0.040,-0.060
-0.048,-0.070,-0.022,0.059,-0.013,-0.046,0.039,0.023,0.030,0.019,-0.039,-0.059
-0.065,-0.070,-0.005,0.067,-0.030,-0.038,0.040,0.020,0.030,0.020,-0.042,-0.062
-0.070,-0.070,0.000,0.070,-0.035,-0.035,0.040,0.020,0.030,0.020,-0.050,-0.070
-0.036,-0.070,-0.034,0.053,-0.001,-0.052,0.040,0.020,0.030,0.020,-0.050,-0.066
-0.030,-0.071,-0.040,0.051,0.005,-0.055,0.040,0.020,0.030,0.021,-0.055,-0.064
-0.034,-0.068,-0.034,0.052,0.000,-0.051,0.039,0.019,0.030,0.018,-0.063,-0.065
-0.030,-0.065,-0.034,0.048,0.003,-0.050,0.042,0.022,0.030,0.024,-0.065,-0.065
-0.035,-0.065,-0.030,0.050,-0.002,-0.047,0.050,0.035,0.030,0.045,-0.065,-0.065
-0.035,-0.065,-0.030,0.050,-0.002,-0.047,0.050,0.036,0.030,0.042,-0.065,-0.065
-0.038,-0.065,-0.027,0.052,-0.005,-0.046,0.051,0.035,0.030,0.039,-0.065,-0.065
-0.040,-0.065,-0.025,0.053,-0.007,-0.045,0.044,0.035,0.030,0.040,-0.065,-0.065
-0.041,-0.065,-0.024,0.053,-0.008,-0.045,0.043,0.035,0.030,0.040,-0.065,-0.064
-0.045,-0.065,-0.020,0.055,-0.012,-0.042,0.060,0.035,0.030,0.040,-0.065,-0.060
-0.045,-0.065,-0.020,0.055,-0.012,-0.042,0.057,0.040,0.030,0.036,-0.065,-0.060
-0.049,-0.066,-0.017,0.057,-0.015,-0.041,0.054,0.037,0.030,0.035,-0.065,-0.060
-0.048,-0.063,-0.015,0.056,-0.016,-0.039,0.055,0.034,0.030,0.035,-0.065,-0.060
-0.045,-0.060,-0.014,0.053,-0.016,-0.036,0.055,0.035,0.030,0.035,-0.065,-0.060
-0.050,-0.060,-0.010,0.055,-0.020,-0.035,0.055,0.035,0.030,0.035,-0.065,-0.060
-0.050,-0.060,-0.010,0.055,-0.020,-0.035,0.055,0.035,0.030,0.031,-0.065,-0.060
-0.053,-0.060,-0.007,0.057,-0.023,-0.033,0.056,0.035,0.027,0.030,-0.065,-0.058
-0.056,-0.060,-0.004,0.059,-0.026,-0.031,0.053,0.035,0.024,0.030,-0.065,-0.066
-0.053,-0.060,-0.007,0.057,-0.023,-0.033,0.050,0.036,0.025,0.030,-0.065,-0.075
-0.045,-0.060,-0.015,0.053,-0.015,-0.037,0.050,0.040,0.030,0.030,-0.065,-0.070
-0.040,-0.060,-0.020,0.050,-0.010,-0.040,0.053,0.044,0.039,0.030,-0.065,-0.070
-0.043,-0.060,-0.017,0.052,-0.013,-0.038,0.064,0.051,0.038,0.027,-0.065,-0.070
-0.046,-0.060,-0.014,0.053,-0.016,-0.037,0.073,0.058,0.033,0.024,-0.065,-0.070
-0.045,-0.060,-0.015,0.053,-0.015,-0.037,0.075,0.060,0.037,0.025,-0.065,-0.070
-0.045,-0.060,-0.015,0.053,-0.015,-0.037,0.075,0.060,0.045,0.025,-0.065,-0.070
-0.050,-0.060,-0.011,0.055,-0.019,-0.036,0.075,0.060,0.045,0.025,-0.065,-0.070
-0.047,-0.057,-0.010,0.052,-0.019,-0.033,0.075,0.060,0.045,0.022,-0.065,-0.071
-0.044,-0.054,-0.010,0.049,-0.017,-0.032,0.075,0.059,0.045,0.019,-0.065,-0.068
-0.045,-0.055,-0.010,0.050,-0.017,-0.032,0.075,0.061,0.045,0.020,-0.065,-0.065
-0.045,-0.055,-0.010,0.050,-0.017,-0.032,0.075,0.070,0.045,0.020,-0.065,-0.065
-0.049,-0.055,-0.006,0.052,-0.021,-0.030,0.075,0.075,0.045,0.020,-0.061,-0.065
-0.051,-0.055,-0.004,0.053,-0.023,-0.030,0.075,0.075,0.044,0.020,-0.060,-0.065
-0.049,-0.055,-0.006,0.053,-0.021,-0.030,0.075,0.075,0.050,0.020,-0.060,-0.065
-0.051,-0.055,-0.004,0.053,-0.023,-0.029,0.075,0.075,0.062,0.019,-0.060,-0.065
-0.055,-0.055,0.000,0.055,-0.027,-0.027,0.075,0.075,0.065,0.020,-0.060,-0.065
-0.055,-0.055,0.000,0.055,-0.027,-0.027,0.083,0.083,0.064,0.037,-0.056,-0.065
-0.055,-0.055,0.000,0.055,-0.027,-0.027,0.089,0.090,0.069,0.042,-0.055,-0.062
-0.054,-0.055,0.000,0.055,-0.027,-0.027,0.090,0.088,0.068,0.038,-0.055,-0.059
-0.056,-0.055,0.001,0.056,-0.028,-0.027,0.090,0.093,0.074,0.043,-0.055,-0.060
-0.060,-0.055,0.005,0.057,-0.032,-0.025,0.090,0.110,0.095,0.055,-0.055,-0.060
-0.052,-0.047,0.005,0.049,-0.028,-0.021,0.090,0.107,0.092,0.051,-0.055,-0.060
-0.046,-0.041,0.005,0.043,-0.026,-0.018,0.089,0.104,0.089,0.050,-0.052,-0.060
-0.043,-0.039,0.005,0.040,-0.024,-0.017,0.095,0.106,0.091,0.049,-0.049,-0.060
-0.039,-0.033,0.006,0.036,-0.022,-0.014,0.099,0.104,0.089,0.044,-0.050,-0.060
-0.035,-0.025,0.010,0.030,-0.022,-0.007,0.095,0.105,0.090,0.045,-0.050,-0.060
-0.034,-0.022,0.012,0.027,-0.023,-0.004,0.107,0.121,0.107,0.061,-0.050,-0.060
-0.045,-0.014,0.031,0.029,-0.038,0.008,0.114,0.131,0.110,0.070,-0.047,-0.057
-0.065,-0.025,0.041,0.045,-0.053,0.008,0.117,0.142,0.114,0.069,-0.044,-0.055
-0.075,-0.041,0.034,0.057,-0.054,-0.003,0.120,0.158,0.129,0.072,-0.045,-0.054
-0.065,-0.030,0.035,0.047,-0.050,0.002,0.120,0.165,0.140,0.080,-0.045,-0.050
-0.057,-0.022,0.036,0.039,-0.046,0.006,0.129,0.170,0.144,0.076,-0.045,-0.050
-0.046,-0.014,0.032,0.030,-0.039,0.009,0.128,0.170,0.146,0.074,-0.045,-0.047
-0.036,-0.006,0.030,0.021,-0.033,0.012,0.123,0.173,0.141,0.078,-0.044,-0.044
-0.027,0.002,0.029,0.013,-0.028,0.016,0.127,0.183,0.143,0.088,-0.039,-0.045
-0.020,0.010,0.030,0.005,-0.025,0.020,0.140,0.195,0.165,0.105,-0.035,-0.045
-0.028,0.015,0.043,0.006,-0.036,0.029,0.144,0.204,0.174,0.118,-0.035,-0.041
-0.028,0.013,0.041,0.007,-0.035,0.027,0.148,0.208,0.182,0.119,-0.032,-0.040
-0.023,0.007,0.030,0.008,-0.027,0.018,0.152,0.213,0.185,0.111,-0.030,-0.038
-0.027,0.006,0.033,0.010,-0.030,0.019,0.156,0.223,0.187,0.112,-0.030,-0.035
-0.035,0.015,0.050,0.010,-0.043,0.032,0.160,0.235,0.200,0.130,-0.025,-0.035
-0.039,0.024,0.062,0.007,-0.051,0.043,0.163,0.248,0.212,0.143,-0.020,-0.031
-0.045,0.028,0.073,0.008,-0.059,0.050,0.172,0.254,0.222,0.146,-0.020,-0.029
-0.040,0.033,0.074,0.003,-0.057,0.053,0.174,0.257,0.228,0.144,-0.018,-0.031
-0.027,0.042,0.070,-0.007,-0.048,0.056,0.169,0.261,0.230,0.147,-0.015,-0.028
-0.020,0.050,0.070,-0.015,-0.045,0.060,0.165,0.265,0.230,0.155,-0.015,-0.020
-0.012,0.054,0.066,-0.021,-0.040,0.060,0.168,0.268,0.233,0.159,-0.007,-0.016
-0.004,0.060,0.064,-0.029,-0.034,0.062,0.180,0.278,0.247,0.167,-0.001,-0.012
0.003,0.071,0.068,-0.037,-0.033,0.069,0.184,0.291,0.259,0.169,0.001,-0.008
0.005,0.083,0.078,-0.045,-0.036,0.080,0.179,0.304,0.268,0.173,0.007,-0.004
0.005,0.095,0.090,-0.050,-0.043,0.092,0.180,0.315,0.280,0.190,0.015,0.000
0.005,0.100,0.095,-0.053,-0.045,0.097,0.176,0.311,0.277,0.187,0.019,0.004
0.005,0.100,0.095,-0.053,-0.045,0.097,0.174,0.310,0.271,0.181,0.023,0.011
0.005,0.100,0.095,-0.053,-0.045,0.097,0.176,0.308,0.272,0.181,0.028,0.017
0.005,0.100,0.095,-0.053,-0.045,0.097,0.174,0.304,0.284,0.187,0.038,0.022
0.005,0.100,0.095,-0.053,-0.045,0.097,0.170,0.305,0.295,0.200,0.050,0.030
0.008,0.106,0.098,-0.057,-0.045,0.102,0.170,0.306,0.291,0.209,0.046,0.034
0.019,0.127,0.108,-0.073,-0.045,0.117,0.167,0.302,0.289,0.207,0.044,0.038
0.029,0.136,0.107,-0.082,-0.040,0.121,0.164,0.300,0.291,0.205,0.045,0.040
0.030,0.128,0.098,-0.079,-0.034,0.113,0.166,0.299,0.289,0.204,0.045,0.040
0.035,0.130,0.095,-0.083,-0.030,0.112,0.165,0.295,0.285,0.200,0.045,0.040
0.056,0.147,0.091,-0.102,-0.017,0.119,0.157,0.294,0.285,0.200,0.053,0.039
0.062,0.149,0.087,-0.106,-0.013,0.118,0.152,0.296,0.286,0.197,0.062,0.047
0.059,0.142,0.083,-0.101,-0.012,0.113,0.146,0.290,0.281,0.195,0.067,0.050
0.060,0.139,0.079,-0.100,-0.010,0.109,0.139,0.277,0.274,0.194,0.071,0.052
0.060,0.135,0.075,-0.098,-0.008,0.105,0.135,0.270,0.270,0.190,0.075,0.065
0.060,0.131,0.071,-0.095,-0.005,0.101,0.127,0.263,0.262,0.186,0.075,0.062
0.060,0.130,0.070,-0.095,-0.005,0.100,0.122,0.251,0.257,0.182,0.074,0.057
0.060,0.129,0.068,-0.095,-0.004,0.098,0.116,0.240,0.251,0.178,0.079,0.067
0.059,0.124,0.065,-0.092,-0.003,0.094,0.109,0.233,0.244,0.174,0.085,0.075
0.055,0.120,0.065,-0.088,-0.005,0.092,0.105,0.225,0.240,0.170,0.085,0.065
0.055,0.116,0.061,-0.086,-0.003,0.088,0.097,0.213,0.228,0.171,0.094,0.061
0.051,0.111,0.060,-0.081,-0.005,0.086,0.092,0.204,0.218,0.164,0.093,0.057
0.053,0.110,0.057,-0.081,-0.002,0.084,0.086,0.194,0.211,0.157,0.088,0.053
0.062,0.109,0.048,-0.085,0.007,0.078,0.079,0.183,0.203,0.154,0.084,0.049
0.065,0.105,0.040,-0.085,0.012,0.072,0.075,0.175,0.195,0.150,0.080,0.045
0.068,0.105,0.036,-0.087,0.016,0.070,0.067,0.163,0.187,0.142,0.080,0.041
0.077,0.106,0.029,-0.092,0.023,0.068,0.061,0.154,0.179,0.137,0.078,0.040
0.081,0.103,0.022,-0.093,0.030,0.062,0.059,0.146,0.171,0.133,0.072,0.039
0.088,0.099,0.012,-0.094,0.038,0.055,0.053,0.138,0.163,0.129,0.070,0.043
0.090,0.100,0.010,-0.095,0.040,0.055,0.045,0.130,0.155,0.125,0.070,0.055
0.053,0.101,0.048,-0.077,0.002,0.074,0.041,0.118,0.147,0.121,0.066,0.048
0.038,0.092,0.054,-0.065,-0.008,0.072,0.037,0.105,0.139,0.117,0.061,0.041
0.041,0.080,0.039,-0.061,0.000,0.060,0.033,0.096,0.131,0.113,0.060,0.038
0.040,0.073,0.033,-0.057,0.003,0.053,0.030,0.087,0.123,0.109,0.059,0.034
0.040,0.065,0.025,-0.053,0.007,0.045,0.030,0.075,0.115,0.105,0.055,0.030
0.040,0.057,0.017,-0.049,0.011,0.037,0.030,0.063,0.107,0.101,0.051,0.026
0.040,0.049,0.009,-0.045,0.015,0.029,0.027,0.054,0.102,0.097,0.047,0.022
0.041,0.041,0.000,-0.041,0.020,0.020,0.024,0.046,0.096,0.093,0.043,0.018
0.038,0.034,-0.005,-0.035,0.021,0.015,0.025,0.038,0.089,0.089,0.039,0.015
0.030,0.030,0.000,-0.030,0.015,0.015,0.025,0.030,0.085,0.085,0.035,0.015
0.028,0.026,-0.002,-0.027,0.014,0.012,0.021,0.026,0.077,0.081,0.035,0.011
0.008,0.021,0.014,-0.015,-0.003,0.017,0.019,0.020,0.072,0.077,0.032,0.010
0.004,0.020,0.016,-0.012,-0.006,0.018,0.021,0.011,0.066,0.073,0.028,0.008
0.025,0.019,-0.006,-0.022,0.015,0.007,0.019,0.004,0.058,0.069,0.024,0.005
0.035,0.015,-0.020,-0.025,0.027,-0.002,0.015,0.000,0.055,0.065,0.020,0.005
0.027,0.011,-0.016,-0.018,0.021,-0.002,0.015,-0.004,0.051,0.061,0.016,0.001
0.025,0.010,-0.015,-0.017,0.020,-0.002,0.016,-0.008,0.044,0.057,0.015,0.000
0.022,0.009,-0.013,-0.015,0.017,-0.002,0.013,-0.012,0.037,0.053,0.014,-0.002
0.013,0.004,-0.009,-0.009,0.011,-0.002,0.010,-0.015,0.034,0.050,0.009,-0.005
0.010,0.000,-0.010,-0.005,0.010,-0.005,0.010,-0.015,0.030,0.050,0.005,-0.005
0.010,0.000,-0.011,-0.005,0.010,-0.006,0.010,-0.019,0.026,0.046,0.001,-0.009
0.009,0.003,-0.007,-0.006,0.008,-0.002,0.007,-0.024,0.025,0.042,-0.004,-0.011
0.013,0.008,-0.005,-0.010,0.008,0.001,0.004,-0.025,0.023,0.038,-0.005,-0.009
0.014,0.010,-0.004,-0.011,0.009,0.002,0.005,-0.026,0.020,0.034,-0.006,-0.011
0.005,0.005,0.000,-0.005,0.002,0.002,0.005,-0.030,0.020,0.030,-0.010,-0.015
0.001,0.001,0.000,-0.001,0.000,0.001,0.001,-0.034,0.016,0.030,-0.010,-0.015
-0.003,-0.003,-0.001,0.003,-0.001,-0.002,0.000,-0.035,0.015,0.027,-0.013,-0.014
-0.007,-0.005,0.002,0.006,-0.004,-0.001,0.000,-0.035,0.013,0.024,-0.015,-0.017
-0.011,-0.006,0.005,0.008,-0.008,0.000,0.000,-0.035,0.009,0.025,-0.016,-0.020
-0.015,-0.010,0.005,0.012,-0.010,-0.002,0.000,-0.035,0.010,0.025,-0.020,-0.020
-0.024,-0.014,0.009,0.019,-0.016,-0.002,-0.004,-0.039,0.011,0.021,-0.020,-0.020
-0.026,-0.015,0.011,0.020,-0.017,-0.002,-0.005,-0.040,0.007,0.019,-0.020,-0.023
-0.026,-0.016,0.009,0.021,-0.017,-0.003,-0.005,-0.040,0.005,0.021,-0.020,-0.026
-0.032,-0.021,0.011,0.027,-0.021,-0.005,-0.005,-0.040,0.004,0.019,-0.020,-0.025
-0.040,-0.025,0.015,0.032,-0.027,-0.005,-0.005,-0.040,0.000,0.015,-0.020,-0.025
-0.040,-0.025,0.015,0.032,-0.027,-0.005,-0.005,-0.039,0.000,0.015,-0.020,-0.029
-0.041,-0.025,0.016,0.033,-0.028,-0.004,-0.005,-0.046,-0.003,0.016,-0.020,-0.031
-0.035,-0.025,0.010,0.030,-0.022,-0.007,-0.005,-0.053,-0.005,0.013,-0.020,-0.029
-0.023,-0.025,-0.002,0.024,-0.010,-0.013,-0.005,-0.055,-0.006,0.010,-0.020,-0.031
-0.015,-0.025,-0.010,0.020,-0.002,-0.017,-0.005,-0.055,-0.010,0.010,-0.020,-0.035
-0.002,-0.025,-0.023,0.014,0.011,-0.024,-0.005,-0.055,-0.011,0.010,-0.021,-0.035
-0.002,-0.025,-0.023,0.014,0.011,-0.024,-0.005,-0.055,-0.008,0.007,-0.015,-0.034
-0.006,-0.025,-0.019,0.015,0.007,-0.022,-0.005,-0.055,-0.016,0.004,-0.021,-0.039
-0.006,-0.025,-0.019,0.015,0.007,-0.022,-0.005,-0.055,-0.026,0.005,-0.031,-0.046
-0.010,-0.025,-0.015,0.018,0.003,-0.020,-0.005,-0.055,-0.025,0.005,-0.025,-0.045
-0.010,-0.025,-0.015,0.018,0.003,-0.020,-0.014,-0.064,-0.033,0.001,-0.025,-0.045
-0.009,-0.025,-0.016,0.018,0.004,-0.020,-0.013,-0.063,-0.039,-0.001,-0.025,-0.045
-0.012,-0.025,-0.013,0.019,0.001,-0.019,-0.009,-0.059,-0.040,0.001,-0.025,-0.045
-0.015,-0.025,-0.010,0.020,-0.002,-0.017,-0.010,-0.060,-0.040,-0.001,-0.025,-0.045
-0.015,-0.025,-0.010,0.020,-0.002,-0.017,-0.010,-0.060,-0.040,-0.005,-0.025,-0.045
-0.015,-0.025,-0.010,0.020,-0.002,-0.017,-0.010,-0.056,-0.040,-0.005,-0.025,-0.045
-0.018,-0.025,-0.007,0.022,-0.005,-0.016,-0.011,-0.055,-0.040,-0.005,-0.025,-0.045
-0.021,-0.025,-0.004,0.023,-0.008,-0.015,-0.008,-0.055,-0.040,-0.005,-0.025,-0.045
-0.020,-0.025,-0.005,0.023,-0.007,-0.015,-0.005,-0.055,-0.040,-0.006,-0.025,-0.045
-0.020,-0.025,-0.005,0.023,-0.007,-0.015,-0.005,-0.055,-0.040,-0.010,-0.025,-0.045
-0.024,-0.025,-0.001,0.025,-0.011,-0.012,-0.005,-0.056,-0.040,-0.014,-0.025,-0.045
-0.025,-0.025,0.000,0.025,-0.012,-0.012,-0.005,-0.053,-0.040,-0.018,-0.023,-0.045
-0.026,-0.025,0.001,0.025,-0.013,-0.011,-0.005,-0.063,-0.040,-0.023,-0.033,-0.045
-0.023,-0.026,-0.002,0.025,-0.010,-0.014,-0.005,-0.076,-0.039,-0.024,-0.046,-0.045
-0.010,-0.030,-0.020,0.020,0.005,-0.025,-0.005,-0.070,-0.035,-0.020,-0.040,-0.045
0.008,-0.030,-0.038,0.011,0.023,-0.034,-0.001,-0.070,-0.035,-0.020,-0.040,-0.045
0.006,-0.030,-0.036,0.012,0.021,-0.033,0.000,-0.067,-0.032,-0.017,-0.040,-0.045
-0.003,-0.030,-0.027,0.017,0.012,-0.028,0.000,-0.065,-0.030,-0.014,-0.040,-0.045
-0.006,-0.030,-0.024,0.018,0.009,-0.027,0.000,-0.064,-0.029,-0.015,-0.040,-0.045
-0.010,-0.030,-0.020,0.020,0.005,-0.025,0.000,-0.060,-0.025,-0.015,-0.040,-0.045
-0.018,-0.030,-0.012,0.024,-0.003,-0.021,0.000,-0.060,-0.025,-0.011,-0.040,-0.045
-0.024,-0.031,-0.007,0.028,-0.009,-0.018,0.003,-0.057,-0.026,-0.009,-0.040,-0.048
-0.024,-0.027,-0.003,0.026,-0.010,-0.015,0.006,-0.055,-0.023,-0.011,-0.040,-0.051
-0.027,-0.026,0.001,0.027,-0.014,-0.012,0.005,-0.054,-0.020,-0.009,-0.040,-0.049
-0.030,-0.025,0.005,0.027,-0.017,-0.010,0.005,-0.050,-0.020,-0.005,-0.040,-0.045
-0.005,0.000,0.005,0.002,-0.005,0.002,0.005,-0.050,-0.016,-0.005,-0.040,-0.045
-0.034,-0.026,0.008,0.030,-0.021,-0.009,0.005,-0.047,-0.015,-0.006,-0.041,-0.046
-0.059,-0.049,0.010,0.054,-0.034,-0.019,0.005,-0.045,-0.013,-0.003,-0.038,-0.043
-0.049,-0.038,0.011,0.044,-0.030,-0.014,0.006,-0.044,-0.009,0.000,-0.035,-0.040
-0.055,-0.040,0.015,0.047,-0.035,-0.012,0.010,-0.040,-0.010,0.000,-0.035,-0.040
-0.056,-0.040,0.016,0.048,-0.036,-0.011,0.010,-0.040,-0.010,0.000,-0.035,-0.040
-0.047,-0.040,0.007,0.043,-0.027,-0.016,0.013,-0.039,-0.007,-0.002,-0.035,-0.037
-0.033,-0.040,-0.008,0.037,-0.013,-0.024,0.015,-0.044,-0.005,-0.008,-0.035,-0.034
-0.024,-0.039,-0.015,0.032,-0.004,-0.027,0.016,-0.050,-0.005,-0.009,-0.035,-0.035
-0.025,-0.035,-0.010,0.030,-0.007,-0.022,0.020,-0.045,-0.005,0.000,-0.035,-0.035
-0.029,-0.035,-0.005,0.032,-0.012,-0.020,0.021,-0.045,-0.005,0.004,-0.035,-0.033
-0.030,-0.035,-0.005,0.033,-0.012,-0.020,0.017,-0.042,-0.002,0.008,-0.035,-0.048
-0.032,-0.035,-0.003,0.034,-0.014,-0.019,0.015,-0.040,0.001,0.011,-0.035,-0.055
-0.036,-0.035,0.000,0.035,-0.017,-0.017,0.015,-0.039,0.000,0.017,-0.035,-0.049
-0.035,-0.035,0.000,0.035,-0.017,-0.017,0.015,-0.035,0.000,0.025,-0.035,-0.050
-0.035,-0.031,0.004,0.032,-0.019,-0.013,0.015,-0.035,0.000,0.021,-0.035,-0.050
-0.038,-0.029,0.009,0.034,-0.023,-0.010,0.015,-0.032,-0.001,0.019,-0.032,-0.050
-0.041,-0.031,0.010,0.036,-0.025,-0.010,0.015,-0.030,0.002,0.020,-0.029,-0.050
-0.040,-0.029,0.011,0.034,-0.025,-0.009,0.015,-0.029,0.005,0.020,-0.030,-0.050
-0.040,-0.025,0.015,0.032,-0.027,-0.005,0.015,-0.025,0.005,0.020,-0.030,-0.050
-0.040,-0.025,0.015,0.032,-0.027,-0.005,0.015,-0.025,0.005,0.020,-0.030,-0.050
-0.038,-0.026,0.013,0.032,-0.025,-0.006,0.016,-0.022,0.006,0.021,-0.030,-0.047
-0.030,-0.023,0.007,0.026,-0.018,-0.008,0.013,-0.020,0.002,0.017,-0.030,-0.044
-0.035,-0.020,0.015,0.027,-0.025,-0.002,0.019,-0.019,0.010,0.025,-0.030,-0.045
-0.060,-0.020,0.040,0.040,-0.050,0.010,0.035,-0.015,0.035,0.050,-0.030,-0.045
-0.057,-0.020,0.037,0.038,-0.047,0.008,0.032,-0.015,0.032,0.047,-0.026,-0.045
-0.054,-0.021,0.034,0.037,-0.044,0.006,0.029,-0.015,0.029,0.044,-0.025,-0.045
-0.053,-0.018,0.035,0.035,-0.044,0.008,0.030,-0.015,0.030,0.045,-0.025,-0.045
-0.049,-0.015,0.035,0.032,-0.042,0.010,0.030,-0.015,0.030,0.045,-0.025,-0.045
-0.050,-0.015,0.035,0.032,-0.042,0.010,0.030,-0.015,0.030,0.045,-0.025,-0.045
-0.050,-0.015,0.035,0.032,-0.042,0.010,0.030,-0.015,0.030,0.045,-0.025,-0.041
-0.050,-0.016,0.035,0.032,-0.042,0.010,0.027,-0.015,0.030,0.045,-0.025,-0.040
-0.049,-0.013,0.035,0.030,-0.042,0.011,0.024,-0.015,0.030,0.045,-0.025,-0.040
-0.044,-0.010,0.034,0.026,-0.039,0.012,0.025,-0.015,0.030,0.045,-0.024,-0.040
-0.040,-0.010,0.030,0.025,-0.035,0.010,0.025,-0.015,0.030,0.045,-0.020,-0.040
-0.040,-0.010,0.030,0.025,-0.035,0.010,0.025,-0.015,0.030,0.045,-0.020,-0.040
-0.040,-0.010,0.030,0.025,-0.035,0.010,0.025,-0.015,0.030,0.045,-0.020,-0.040
-0.040,-0.010,0.030,0.025,-0.035,0.010,0.025,-0.015,0.030,0.045,-0.020,-0.040
-0.039,-0.009,0.030,0.024,-0.035,0.010,0.024,-0.015,0.030,0.044,-0.020,-0.040
-0.035,-0.005,0.030,0.020,-0.032,0.012,0.020,-0.015,0.030,0.040,-0.020,-0.040
-0.035,-0.005,0.030,0.020,-0.032,0.012,0.020,-0.015,0.030,0.040,-0.020,-0.040
-0.036,-0.005,0.031,0.020,-0.033,0.012,0.020,-0.015,0.030,0.040,-0.020,-0.040
-0.033,-0.005,0.028,0.019,-0.030,0.011,0.020,-0.015,0.030,0.040,-0.020,-0.040
-0.029,-0.004,0.025,0.016,-0.026,0.010,0.020,-0.015,0.030,0.040,-0.021,-0.040
-0.025,0.000,0.025,0.012,-0.025,0.012,0.020,-0.015,0.030,0.040,-0.025,-0.040
-0.025,0.000,0.025,0.012,-0.025,0.012,0.016,-0.015,0.030,0.040,-0.025,-0.040
-0.025,0.000,0.025,0.012,-0.025,0.012,0.015,-0.015,0.030,0.040,-0.025,-0.040
-0.025,0.000,0.025,0.012,-0.025,0.012,0.015,-0.015,0.030,0.040,-0.025,-0.040
-0.025,0.000,0.025,0.012,-0.025,0.012,0.015,-0.016,0.030,0.040,-0.025,-0.040
-0.025,0.000,0.025,0.012,-0.025,0.012,0.015,-0.020,0.030,0.040,-0.025,-0.040
-0.029,-0.004,0.025,0.016,-0.027,0.010,0.015,-0.020,0.030,0.040,-0.025,-0.040
-0.031,-0.006,0.026,0.018,-0.028,0.010,0.016,-0.020,0.031,0.041,-0.025,-0.040
-0.028,-0.004,0.023,0.016,-0.025,0.009,0.013,-0.020,0.028,0.038,-0.025,-0.038
-0.025,-0.006,0.020,0.016,-0.022,0.006,0.010,-0.021,0.025,0.035,-0.025,-0.034
-0.030,-0.010,0.020,0.020,-0.025,0.005,0.010,-0.025,0.025,0.035,-0.025,-0.035
-0.030,-0.010,0.020,0.020,-0.025,0.005,0.010,-0.025,0.021,0.035,-0.025,-0.048
-0.030,-0.010,0.020,0.020,-0.025,0.005,0.010,-0.028,0.019,0.032,-0.025,-0.048
-0.028,-0.008,0.020,0.018,-0.024,0.006,0.010,-0.031,0.021,0.029,-0.025,-0.044
-0.024,-0.005,0.019,0.014,-0.021,0.007,0.009,-0.030,0.019,0.030,-0.025,-0.045
-0.020,-0.005,0.015,0.012,-0.017,0.005,0.005,-0.030,0.015,0.030,-0.025,-0.045
-0.016,-0.001,0.015,0.008,-0.015,0.006,0.005,-0.030,0.015,0.026,-0.025,-0.045
-0.014,0.001,0.015,0.006,-0.014,0.008,0.005,-0.030,0.016,0.024,-0.025,-0.045
-0.019,-0.003,0.015,0.010,-0.017,0.006,0.005,-0.030,0.013,0.026,-0.025,-0.045
-0.027,-0.013,0.014,0.019,-0.020,0.000,0.005,-0.030,0.010,0.024,-0.025,-0.045
-0.035,-0.020,0.015,0.027,-0.025,-0.002,0.005,-0.030,0.010,0.020,-0.025,-0.045
-0.049,-0.016,0.033,0.032,-0.040,0.009,0.005,-0.030,0.011,0.020,-0.025,-0.045
-0.042,-0.015,0.027,0.028,-0.034,0.006,0.002,-0.033,0.007,0.021,-0.028,-0.045
-0.016,-0.013,0.003,0.015,-0.009,-0.005,-0.001,-0.037,0.005,0.018,-0.031,-0.045
-0.007,-0.010,-0.003,0.009,-0.002,-0.006,0.000,-0.040,0.004,0.015,-0.030,-0.045
-0.030,-0.010,0.020,0.020,-0.025,0.005,0.000,-0.040,0.000,0.015,-0.030,-0.045
-0.048,-0.010,0.038,0.029,-0.043,0.014,0.000,-0.040,0.000,0.015,-0.030,-0.045
-0.048,-0.010,0.038,0.028,-0.043,0.014,0.001,-0.040,0.001,0.012,-0.030,-0.045
-0.045,-0.010,0.035,0.027,-0.040,0.011,-0.002,-0.040,-0.002,0.009,-0.030,-0.045
-0.043,-0.009,0.034,0.026,-0.039,0.012,-0.005,-0.040,-0.005,0.010,-0.030,-0.045
-0.040,-0.010,0.030,0.025,-0.035,0.010,-0.005,-0.040,-0.005,0.010,-0.030,-0.045
-0.057,-0.027,0.030,0.042,-0.043,0.001,-0.005,-0.040,-0.005,0.006,-0.030,-0.045
-0.059,-0.029,0.031,0.044,-0.045,0.001,-0.005,-0.040,-0.008,0.005,-0.030,-0.045
-0.052,-0.024,0.028,0.038,-0.039,0.002,-0.005,-0.040,-0.011,0.005,-0.030,-0.045
-0.050,-0.025,0.025,0.037,-0.037,0.000,-0.005,-0.040,-0.010,0.005,-0.030,-0.045
-0.050,-0.025,0.025,0.037,-0.037,0.000,-0.005,-0.040,-0.010,0.005,-0.030,-0.045
-0.046,-0.025,0.021,0.035,-0.033,-0.002,-0.009,-0.044,-0.014,0.005,-0.030,-0.045
-0.044,-0.025,0.019,0.035,-0.031,-0.002,-0.011,-0.045,-0.015,0.004,-0.030,-0.045
-0.046,-0.025,0.021,0.035,-0.033,-0.002,-0.009,-0.045,-0.015,0.009,-0.030,-0.045
-0.044,-0.025,0.019,0.034,-0.031,-0.003,-0.011,-0.045,-0.015,0.015,-0.030,-0.044
-0.040,-0.025,0.015,0.032,-0.027,-0.005,-0.015,-0.045,-0.015,0.010,-0.030,-0.040
-0.040,-0.025,0.015,0.032,-0.027,-0.005,-0.015,-0.044,-0.015,0.010,-0.024,-0.038
-0.037,-0.025,0.012,0.031,-0.024,-0.006,-0.015,-0.052,-0.015,0.010,-0.037,-0.052
-0.034,-0.025,0.009,0.030,-0.021,-0.007,-0.013,-0.054,-0.015,0.010,-0.047,-0.062
-0.035,-0.025,0.010,0.030,-0.022,-0.007,-0.010,-0.049,-0.015,0.010,-0.045,-0.060
-0.035,-0.025,0.010,0.030,-0.022,-0.007,-0.010,-0.050,-0.015,0.010,-0.045,-0.060
-0.031,-0.025,0.006,0.028,-0.018,-0.010,-0.010,-0.050,-0.015,0.010,-0.045,-0.060
-0.030,-0.024,0.006,0.026,-0.017,-0.009,-0.010,-0.050,-0.016,0.010,-0.045,-0.060
-0.030,-0.029,0.001,0.029,-0.015,-0.014,-0.010,-0.050,-0.012,0.010,-0.045,-0.060
-0.031,-0.018,0.013,0.024,-0.021,-0.003,-0.010,-0.050,-0.012,0.010,-0.045,-0.060
-0.035,0.015,0.050,0.010,-0.043,0.032,-0.010,-0.050,-0.025,0.010,-0.045,-0.060
-0.035,0.013,0.048,0.011,-0.042,0.030,-0.010,-0.050,-0.026,0.010,-0.045,-0.060
-0.035,0.006,0.041,0.014,-0.038,0.023,-0.010,-0.050,-0.025,0.011,-0.045,-0.060
-0.035,0.003,0.038,0.016,-0.037,0.020,-0.010,-0.050,-0.025,0.008,-0.045,-0.060
-0.035,-0.001,0.034,0.018,-0.034,0.016,-0.010,-0.050,-0.025,0.005,-0.045,-0.060
-0.035,-0.005,0.030,0.020,-0.032,0.012,-0.010,-0.050,-0.025,0.005,-0.045,-0.060
-0.031,-0.005,0.026,0.017,-0.028,0.010,-0.010,-0.050,-0.025,0.005,-0.045,-0.060
-0.030,-0.008,0.022,0.018,-0.026,0.007,-0.010,-0.050,-0.025,0.005,-0.045,-0.060
-0.030,-0.012,0.018,0.021,-0.024,0.003,-0.010,-0.050,-0.025,0.005,-0.045,-0.060
-0.031,-0.016,0.015,0.023,-0.022,-0.001,-0.010,-0.050,-0.025,0.005,-0.045,-0.060
-0.035,-0.020,0.015,0.027,-0.025,-0.002,-0.010,-0.050,-0.025,0.005,-0.045,-0.060
-0.039,-0.024,0.015,0.031,-0.027,-0.004,-0.010,-0.050,-0.025,0.005,-0.045,-0.060
-0.042,-0.026,0.015,0.034,-0.028,-0.006,-0.010,-0.050,-0.025,0.005,-0.045,-0.060
-0.036,-0.021,0.015,0.028,-0.025,-0.003,-0.010,-0.050,-0.025,0.005,-0.045,-0.060
-0.039,-0.023,0.016,0.030,-0.028,-0.003,-0.010,-0.050,-0.025,0.005,-0.045,-0.060
-0.055,-0.040,0.015,0.047,-0.035,-0.012,-0.010,-0.050,-0.025,0.005,-0.045,-0.060
-0.035,-0.037,-0.002,0.036,-0.016,-0.019,-0.014,-0.049,-0.025,0.006,-0.045,-0.060
-0.032,-0.034,-0.002,0.033,-0.014,-0.018,-0.014,-0.055,-0.024,0.000,-0.045,-0.060
-0.047,-0.035,0.012,0.041,-0.029,-0.011,-0.019,-0.063,-0.027,-0.008,-0.045,-0.060
-0.038,-0.035,0.003,0.037,-0.020,-0.016,-0.025,-0.064,-0.030,-0.009,-0.045,-0.060
-0.010,-0.035,-0.025,0.023,0.008,-0.030,-0.020,-0.060,-0.025,-0.005,-0.045,-0.060
-0.034,-0.031,0.003,0.032,-0.019,-0.013,-0.020,-0.060,-0.025,-0.002,-0.045,-0.056
-0.074,-0.030,0.045,0.051,-0.060,0.008,-0.020,-0.060,-0.025,0.013,-0.045,-0.055
-0.085,-0.030,0.055,0.057,-0.070,0.012,-0.020,-0.060,-0.025,0.020,-0.045,-0.055
-0.072,-0.030,0.042,0.051,-0.057,0.006,-0.020,-0.060,-0.025,0.014,-0.045,-0.055
-0.065,-0.030,0.035,0.047,-0.050,0.002,-0.020,-0.060,-0.025,0.015,-0.045,-0.055
-0.058,-0.030,0.027,0.044,-0.042,-0.001,-0.020,-0.060,-0.025,0.015,-0.045,-0.055
-0.046,-0.027,0.019,0.036,-0.032,-0.004,-0.021,-0.057,-0.026,0.015,-0.045,-0.055
-0.036,-0.024,0.011,0.030,-0.023,-0.007,-0.018,-0.054,-0.023,0.015,-0.045,-0.055
-0.028,-0.025,0.002,0.026,-0.015,-0.011,-0.015,-0.055,-0.020,0.014,-0.045,-0.055
-0.025,-0.025,0.000,0.025,-0.012,-0.012,-0.015,-0.055,-0.020,0.010,-0.045,-0.055
-0.043,-0.025,0.018,0.034,-0.030,-0.003,-0.015,-0.055,-0.020,0.010,-0.045,-0.055
-0.033,-0.022,0.011,0.027,-0.022,-0.005,-0.015,-0.055,-0.020,0.010,-0.045,-0.055
-0.011,-0.019,-0.009,0.015,-0.001,-0.014,-0.015,-0.055,-0.020,0.010,-0.045,-0.055
-0.005,-0.020,-0.015,0.013,0.005,-0.017,-0.015,-0.054,-0.020,0.010,-0.045,-0.055
-0.010,-0.020,-0.010,0.015,0.000,-0.015,-0.015,-0.050,-0.020,0.010,-0.045,-0.055
-0.010,-0.020,-0.010,0.015,0.000,-0.015,-0.015,-0.050,-0.020,0.010,-0.045,-0.055
-0.011,-0.018,-0.007,0.015,-0.002,-0.012,-0.012,-0.050,-0.017,0.007,-0.045,-0.055
-0.021,-0.026,-0.005,0.024,-0.008,-0.015,-0.009,-0.050,-0.014,0.004,-0.045,-0.055
-0.031,-0.035,-0.004,0.034,-0.013,-0.020,-0.010,-0.050,-0.015,0.005,-0.045,-0.055
-0.030,-0.030,0.000,0.030,-0.015,-0.015,-0.010,-0.050,-0.015,0.005,-0.045,-0.055
-0.027,-0.030,-0.003,0.029,-0.012,-0.016,-0.010,-0.048,-0.015,0.005,-0.045,-0.055
-0.047,-0.027,0.020,0.037,-0.033,-0.004,-0.010,-0.066,-0.015,0.006,-0.045,-0.055
-0.052,-0.025,0.027,0.038,-0.039,0.001,-0.010,-0.076,-0.015,0.003,-0.045,-0.055
-0.029,-0.024,0.005,0.027,-0.017,-0.009,-0.010,-0.069,-0.015,0.000,-0.045,-0.055
-0.015,-0.020,-0.005,0.018,-0.005,-0.012,-0.010,-0.070,-0.015,0.000,-0.045,-0.055
-0.018,-0.019,-0.001,0.019,-0.009,-0.010,-0.010,-0.070,-0.015,0.000,-0.045,-0.055
-0.024,-0.024,0.000,0.024,-0.012,-0.012,-0.013,-0.070,-0.018,0.000,-0.044,-0.055
-0.041,-0.039,0.002,0.040,-0.021,-0.019,-0.016,-0.070,-0.022,0.000,-0.047,-0.055
-0.057,-0.051,0.006,0.053,-0.031,-0.022,-0.015,-0.069,-0.025,0.000,-0.050,-0.055
-0.050,-0.045,0.005,0.047,-0.027,-0.020,-0.015,-0.065,-0.025,0.000,-0.050,-0.055
-0.041,-0.044,-0.003,0.043,-0.019,-0.024,-0.015,-0.065,-0.025,-0.004,-0.050,-0.055
-0.037,-0.046,-0.009,0.042,-0.014,-0.027,-0.014,-0.065,-0.025,-0.006,-0.050,-0.055
-0.031,-0.043,-0.012,0.037,-0.010,-0.027,-0.019,-0.065,-0.025,-0.004,-0.050,-0.055
-0.023,-0.040,-0.017,0.032,-0.003,-0.028,-0.026,-0.065,-0.025,-0.006,-0.050,-0.055
-0.020,-0.040,-0.020,0.030,0.000,-0.030,-0.025,-0.065,-0.025,-0.005,-0.050,-0.055
-0.028,-0.040,-0.012,0.034,-0.008,-0.026,-0.025,-0.065,-0.025,0.008,-0.050,-0.055
-0.034,-0.040,-0.007,0.038,-0.014,-0.023,-0.025,-0.062,-0.025,0.008,-0.050,-0.055
-0.035,-0.038,-0.003,0.037,-0.016,-0.020,-0.025,-0.059,-0.025,0.004,-0.050,-0.055
-0.035,-0.035,0.000,0.034,-0.017,-0.017,-0.025,-0.060,-0.025,0.005,-0.050,-0.055
-0.040,-0.035,0.005,0.037,-0.022,-0.015,-0.025,-0.060,-0.025,0.005,-0.050,-0.055
-0.062,-0.035,0.026,0.049,-0.044,-0.004,-0.025,-0.060,-0.025,0.001,-0.050,-0.055
-0.061,-0.032,0.029,0.046,-0.045,-0.001,-0.025,-0.061,-0.025,0.000,-0.050,-0.055
-0.053,-0.029,0.024,0.041,-0.038,-0.002,-0.025,-0.058,-0.025,0.000,-0.050,-0.055
-0.056,-0.031,0.025,0.043,-0.040,-0.002,-0.025,-0.055,-0.025,0.000,-0.050,-0.055
-0.055,-0.030,0.025,0.042,-0.040,-0.002,-0.025,-0.055,-0.025,0.000,-0.050,-0.055
-0.052,-0.027,0.025,0.039,-0.039,0.000,-0.025,-0.055,-0.021,-0.004,-0.046,-0.051
-0.074,-0.052,0.022,0.063,-0.048,-0.014,-0.025,-0.055,-0.018,-0.006,-0.045,-0.048
-0.087,-0.067,0.019,0.077,-0.053,-0.024,-0.025,-0.055,-0.026,-0.004,-0.045,-0.056
-0.078,-0.058,0.020,0.068,-0.049,-0.019,-0.025,-0.055,-0.035,-0.006,-0.045,-0.065
-0.075,-0.055,0.020,0.065,-0.047,-0.017,-0.025,-0.055,-0.030,-0.010,-0.045,-0.060
-0.072,-0.051,0.020,0.061,-0.046,-0.015,-0.025,-0.059,-0.030,-0.010,-0.045,-0.060
-0.064,-0.047,0.017,0.055,-0.040,-0.015,-0.025,-0.060,-0.030,-0.010,-0.042,-0.060
-0.057,-0.043,0.014,0.050,-0.036,-0.014,-0.025,-0.060,-0.030,-0.010,-0.039,-0.060
-0.054,-0.039,0.015,0.046,-0.035,-0.012,-0.025,-0.060,-0.030,-0.009,-0.040,-0.060
-0.050,-0.035,0.015,0.042,-0.032,-0.010,-0.025,-0.060,-0.030,-0.005,-0.040,-0.060
-0.046,-0.031,0.015,0.038,-0.030,-0.008,-0.025,-0.056,-0.030,-0.005,-0.040,-0.060
-0.045,-0.030,0.016,0.037,-0.030,-0.006,-0.025,-0.055,-0.031,-0.005,-0.040,-0.060
-0.043,-0.030,0.013,0.036,-0.028,-0.008,-0.025,-0.055,-0.028,-0.005,-0.040,-0.060
-0.040,-0.030,0.010,0.035,-0.025,-0.010,-0.025,-0.055,-0.025,-0.005,-0.039,-0.060
-0.040,-0.030,0.010,0.035,-0.025,-0.010,-0.025,-0.055,-0.025,-0.005,-0.035,-0.060
-0.036,-0.026,0.010,0.031,-0.022,-0.008,-0.025,-0.055,-0.025,-0.004,-0.035,-0.060
-0.035,-0.025,0.011,0.030,-0.022,-0.006,-0.028,-0.055,-0.025,-0.010,-0.035,-0.061
-0.033,-0.025,0.008,0.029,-0.020,-0.008,-0.031,-0.055,-0.025,-0.018,-0.035,-0.058
-0.029,-0.025,0.005,0.027,-0.017,-0.010,-0.030,-0.055,-0.025,-0.019,-0.035,-0.055
-0.030,-0.025,0.005,0.027,-0.017,-0.010,-0.030,-0.055,-0.025,-0.015,-0.035,-0.055
-0.031,-0.025,0.005,0.028,-0.017,-0.010,-0.030,-0.055,-0.025,-0.015,-0.031,-0.055
-0.026,-0.022,0.004,0.024,-0.015,-0.008,-0.030,-0.055,-0.022,-0.016,-0.030,-0.055
-0.026,-0.020,0.007,0.022,-0.017,-0.006,-0.030,-0.055,-0.019,-0.013,-0.030,-0.055
-0.022,-0.020,0.002,0.020,-0.012,-0.009,-0.030,-0.055,-0.020,-0.010,-0.030,-0.055
-0.005,-0.020,-0.015,0.013,0.005,-0.017,-0.030,-0.055,-0.020,-0.010,-0.030,-0.055
-0.009,-0.021,-0.012,0.015,0.002,-0.016,-0.030,-0.055,-0.020,-0.010,-0.031,-0.055
-0.011,-0.017,-0.006,0.014,-0.002,-0.012,-0.030,-0.053,-0.020,-0.010,-0.027,-0.055
-0.026,-0.030,-0.003,0.029,-0.011,-0.016,-0.030,-0.061,-0.020,-0.008,-0.042,-0.055
-0.048,-0.046,0.002,0.047,-0.024,-0.022,-0.029,-0.070,-0.020,-0.005,-0.062,-0.055
-0.045,-0.040,0.005,0.042,-0.025,-0.017,-0.025,-0.065,-0.020,-0.005,-0.055,-0.055
-0.034,-0.036,-0.002,0.035,-0.015,-0.019,-0.025,-0.065,-0.020,-0.005,-0.054,-0.055
-0.019,-0.032,-0.012,0.026,-0.003,-0.022,-0.022,-0.062,-0.022,-0.002,-0.056,-0.053
-0.016,-0.030,-0.014,0.023,-0.001,-0.022,-0.020,-0.060,-0.030,0.000,-0.053,-0.061
-0.021,-0.030,-0.009,0.025,-0.006,-0.019,-0.019,-0.059,-0.035,0.000,-0.050,-0.070
-0.020,-0.025,-0.005,0.023,-0.007,-0.015,-0.015,-0.055,-0.030,0.000,-0.050,-0.065
-0.015,-0.021,-0.005,0.018,-0.005,-0.012,-0.015,-0.055,-0.026,0.000,-0.050,-0.065
-0.018,-0.020,-0.002,0.019,-0.008,-0.011,-0.012,-0.052,-0.022,0.003,-0.050,-0.066
-0.019,-0.019,0.000,0.019,-0.009,-0.009,-0.010,-0.050,-0.020,0.005,-0.048,-0.063
-0.014,-0.014,0.000,0.014,-0.007,-0.006,-0.009,-0.049,-0.019,0.005,-0.045,-0.060
-0.015,-0.010,0.005,0.012,-0.010,-0.002,-0.005,-0.045,-0.015,0.005,-0.045,-0.060
-0.020,-0.010,0.010,0.015,-0.015,0.000,-0.005,-0.045,-0.011,0.004,-0.045,-0.060
-0.016,-0.007,0.010,0.012,-0.013,0.001,-0.002,-0.042,-0.010,0.012,-0.042,-0.057
-0.017,-0.005,0.012,0.011,-0.014,0.003,0.000,-0.040,-0.009,0.014,-0.040,-0.054
-0.019,-0.004,0.014,0.011,-0.016,0.005,0.001,-0.039,-0.003,0.009,-0.040,-0.055
-0.015,0.000,0.015,0.007,-0.015,0.007,0.005,-0.035,0.000,0.010,-0.040,-0.055
-0.038,0.000,0.038,0.019,-0.038,0.018,0.003,-0.035,-0.002,0.017,-0.040,-0.051
-0.058,0.003,0.061,0.027,-0.060,0.032,0.018,-0.035,0.013,0.031,-0.037,-0.049
-0.058,0.005,0.063,0.026,-0.061,0.034,0.025,-0.035,0.020,0.034,-0.034,-0.051
-0.047,0.006,0.053,0.020,-0.051,0.029,0.019,-0.035,0.014,0.029,-0.035,-0.049
-0.040,0.010,0.050,0.015,-0.045,0.030,0.020,-0.035,0.015,0.030,-0.035,-0.045
-0.037,0.010,0.047,0.013,-0.042,0.028,0.020,-0.035,0.015,0.030,-0.035,-0.045
-0.026,0.013,0.039,0.006,-0.033,0.026,0.020,-0.035,0.015,0.030,-0.032,-0.046
-0.017,0.015,0.033,0.001,-0.026,0.024,0.020,-0.035,0.015,0.030,-0.029,-0.043
-0.013,0.016,0.029,-0.001,-0.022,0.022,0.019,-0.035,0.014,0.030,-0.030,-0.040
-0.005,0.020,0.025,-0.008,-0.015,0.022,0.015,-0.035,0.010,0.030,-0.030,-0.040
-0.002,0.020,0.022,-0.009,-0.012,0.021,0.015,-0.035,0.010,0.030,-0.026,-0.040
0.010,0.023,0.013,-0.017,-0.002,0.018,0.015,-0.035,0.010,0.030,-0.025,-0.037
-0.003,0.026,0.028,-0.012,-0.016,0.027,0.015,-0.035,0.010,0.030,-0.025,-0.034
-0.028,0.024,0.052,0.002,-0.040,0.038,0.015,-0.035,0.010,0.030,-0.025,-0.035
-0.025,0.020,0.045,0.002,-0.035,0.032,0.015,-0.035,0.010,0.030,-0.025,-0.035
-0.029,0.016,0.045,0.006,-0.037,0.030,0.007,-0.035,0.010,0.030,-0.021,-0.033
-0.027,0.015,0.042,0.006,-0.035,0.028,-0.001,-0.035,0.007,0.027,-0.020,-0.045
-0.026,0.014,0.040,0.006,-0.033,0.026,-0.009,-0.035,0.004,0.024,-0.020,-0.048
-0.030,0.009,0.039,0.011,-0.035,0.024,-0.017,-0.034,0.005,0.025,-0.020,-0.038
-0.030,0.005,0.035,0.012,-0.033,0.020,-0.025,-0.035,0.005,0.025,-0.020,-0.035
-0.031,0.004,0.035,0.013,-0.034,0.020,-0.033,-0.048,0.005,0.025,-0.016,-0.031
-0.021,0.010,0.032,0.005,-0.027,0.021,-0.038,-0.048,0.006,0.025,-0.014,-0.027
-0.011,0.019,0.030,-0.004,-0.021,0.024,-0.042,-0.044,0.003,0.025,-0.016,-0.023
-0.002,0.027,0.029,-0.013,-0.016,0.028,-0.045,-0.045,0.000,0.025,-0.014,-0.019
0.010,0.035,0.025,-0.023,-0.008,0.030,-0.045,-0.045,0.000,0.025,-0.010,-0.015
0.015,0.040,0.025,-0.028,-0.006,0.032,-0.049,-0.045,0.000,0.025,-0.010,-0.019
0.017,0.037,0.020,-0.028,-0.002,0.028,-0.050,-0.045,0.000,0.025,-0.010,-0.021
0.024,0.035,0.011,-0.030,0.006,0.023,-0.050,-0.045,0.000,0.025,-0.010,-0.020
0.031,0.034,0.003,-0.033,0.014,0.019,-0.050,-0.046,0.000,0.025,-0.009,-0.020
0.035,0.030,-0.005,-0.032,0.020,0.012,-0.050,-0.050,0.000,0.025,-0.005,-0.020
0.044,0.030,-0.014,-0.036,0.029,0.007,-0.046,-0.054,-0.004,0.025,-0.005,-0.020
0.044,0.031,-0.013,-0.037,0.029,0.009,-0.045,-0.061,-0.009,0.025,-0.005,-0.020
0.035,0.028,-0.007,-0.031,0.021,0.010,-0.045,-0.066,-0.010,0.025,-0.005,-0.020
0.030,0.025,-0.005,-0.027,0.017,0.010,-0.045,-0.065,-0.010,0.025,-0.004,-0.020
0.030,0.025,-0.005,-0.027,0.017,0.010,-0.045,-0.065,-0.010,0.025,0.000,-0.020
0.022,0.021,-0.001,-0.021,0.012,0.010,-0.045,-0.065,-0.010,0.034,0.000,-0.020
0.017,0.020,0.003,-0.019,0.007,0.011,-0.045,-0.065,-0.010,0.033,0.000,-0.020
0.013,0.019,0.006,-0.017,0.003,0.012,-0.046,-0.065,-0.010,0.027,-0.001,-0.020
0.019,0.022,0.003,-0.021,0.008,0.012,-0.051,-0.065,-0.010,0.025,0.002,-0.020
0.035,0.030,-0.005,-0.032,0.020,0.012,-0.055,-0.065,-0.010,0.025,0.010,-0.020
0.032,0.023,-0.009,-0.027,0.021,0.007,-0.051,-0.065,-0.018,0.021,0.007,-0.020
0.026,0.014,-0.013,-0.020,0.020,0.001,-0.049,-0.065,-0.024,0.020,0.002,-0.019
0.023,0.006,-0.017,-0.014,0.020,-0.005,-0.050,-0.065,-0.025,0.019,-0.002,-0.022
0.019,-0.002,-0.021,-0.008,0.020,-0.011,-0.050,-0.065,-0.025,0.014,-0.006,-0.025
0.015,-0.010,-0.025,-0.002,0.020,-0.017,-0.050,-0.065,-0.025,0.010,-0.010,-0.025
0.011,-0.018,-0.030,0.003,0.021,-0.024,-0.050,-0.065,-0.025,0.010,-0.014,-0.025
0.004,-0.024,-0.028,0.011,0.016,-0.026,-0.047,-0.065,-0.025,0.007,-0.015,-0.025
-0.001,-0.024,-0.022,0.013,0.011,-0.023,-0.044,-0.065,-0.025,0.005,-0.015,-0.025
0.001,-0.019,-0.020,0.009,0.010,-0.019,-0.045,-0.065,-0.025,0.005,-0.015,-0.024
0.000,-0.020,-0.020,0.010,0.010,-0.020,-0.045,-0.065,-0.030,0.000,-0.015,-0.025
-0.017,-0.033,-0.016,0.025,0.000,-0.024,-0.045,-0.073,-0.038,-0.005,-0.027,-0.038
-0.022,-0.034,-0.013,0.028,-0.004,-0.023,-0.045,-0.079,-0.044,-0.005,-0.038,-0.041
-0.019,-0.025,-0.007,0.022,-0.006,-0.016,-0.045,-0.080,-0.045,-0.007,-0.039,-0.040
-0.021,-0.037,-0.016,0.030,-0.003,-0.027,-0.044,-0.080,-0.045,-0.010,-0.034,-0.040
-0.030,-0.075,-0.045,0.053,0.008,-0.060,-0.040,-0.080,-0.045,-0.010,-0.035,-0.045
-0.039,-0.081,-0.042,0.060,0.002,-0.062,-0.040,-0.080,-0.045,-0.014,-0.048,-0.058
-0.041,-0.079,-0.039,0.060,-0.001,-0.059,-0.040,-0.080,-0.045,-0.015,-0.051,-0.058
-0.039,-0.080,-0.041,0.060,0.001,-0.061,-0.040,-0.080,-0.045,-0.016,-0.050,-0.054
-0.041,-0.080,-0.039,0.061,-0.001,-0.059,-0.040,-0.080,-0.045,-0.021,-0.050,-0.055
-0.045,-0.080,-0.035,0.063,-0.005,-0.057,-0.040,-0.080,-0.045,-0.025,-0.050,-0.055
-0.045,-0.080,-0.035,0.063,-0.005,-0.057,-0.036,-0.080,-0.045,-0.025,-0.050,-0.054
-0.046,-0.081,-0.035,0.064,-0.005,-0.057,-0.035,-0.080,-0.045,-0.028,-0.048,-0.060
-0.042,-0.077,-0.035,0.060,-0.003,-0.056,-0.035,-0.079,-0.044,-0.030,-0.058,-0.069
-0.033,-0.067,-0.034,0.051,0.001,-0.050,-0.035,-0.082,-0.048,-0.031,-0.071,-0.077
-0.035,-0.065,-0.030,0.050,-0.002,-0.047,-0.035,-0.090,-0.060,-0.035,-0.065,-0.085
-0.056,-0.086,-0.030,0.071,-0.013,-0.058,-0.035,-0.086,-0.056,-0.036,-0.065,-0.081
-0.062,-0.092,-0.030,0.077,-0.016,-0.061,-0.035,-0.084,-0.054,-0.032,-0.065,-0.079
-0.059,-0.089,-0.030,0.074,-0.014,-0.060,-0.035,-0.085,-0.055,-0.030,-0.065,-0.081
-0.061,-0.090,-0.029,0.076,-0.016,-0.060,-0.035,-0.085,-0.055,-0.030,-0.065,-0.079
-0.065,-0.090,-0.025,0.078,-0.020,-0.057,-0.035,-0.085,-0.055,-0.030,-0.065,-0.075
-0.065,-0.090,-0.025,0.078,-0.020,-0.057,-0.035,-0.085,-0.055,-0.030,-0.065,-0.075
-0.064,-0.090,-0.026,0.078,-0.019,-0.057,-0.035,-0.085,-0.055,-0.030,-0.065,-0.075
-0.067,-0.090,-0.023,0.079,-0.022,-0.056,-0.035,-0.085,-0.055,-0.030,-0.065,-0.075
-0.070,-0.090,-0.020,0.080,-0.025,-0.055,-0.035,-0.085,-0.055,-0.029,-0.065,-0.074
-0.070,-0.090,-0.020,0.080,-0.025,-0.055,-0.035,-0.085,-0.055,-0.025,-0.065,-0.070
-0.070,-0.090,-0.020,0.080,-0.025,-0.055,-0.035,-0.085,-0.055,-0.025,-0.065,-0.070
-0.069,-0.090,-0.021,0.080,-0.024,-0.055,-0.035,-0.082,-0.055,-0.025,-0.065,-0.071
-0.072,-0.090,-0.018,0.081,-0.027,-0.054,-0.035,-0.079,-0.055,-0.025,-0.065,-0.068
-0.075,-0.090,-0.015,0.083,-0.030,-0.052,-0.035,-0.080,-0.055,-0.025,-0.065,-0.065
-0.075,-0.090,-0.015,0.083,-0.030,-0.052,-0.035,-0.080,-0.055,-0.025,-0.065,-0.065
-0.075,-0.090,-0.015,0.083,-0.030,-0.052,-0.035,-0.080,-0.055,-0.025,-0.065,-0.065
-0.075,-0.090,-0.015,0.083,-0.030,-0.052,-0.035,-0.080,-0.055,-0.022,-0.065,-0.064
-0.074,-0.090,-0.016,0.082,-0.029,-0.053,-0.035,-0.080,-0.055,-0.019,-0.065,-0.068
-0.068,-0.090,-0.023,0.079,-0.022,-0.056,-0.035,-0.080,-0.055,-0.020,-0.065,-0.078
-0.060,-0.090,-0.030,0.075,-0.015,-0.060,-0.035,-0.080,-0.055,-0.020,-0.065,-0.085
-0.070,-0.088,-0.019,0.079,-0.026,-0.053,-0.027,-0.080,-0.055,-0.020,-0.063,-0.080
-0.093,-0.101,-0.008,0.098,-0.042,-0.054,-0.019,-0.081,-0.057,-0.019,-0.076,-0.090
-0.099,-0.100,-0.001,0.100,-0.048,-0.051,-0.011,-0.075,-0.048,-0.022,-0.077,-0.094
-0.087,-0.080,0.007,0.083,-0.047,-0.037,-0.003,-0.062,-0.032,-0.015,-0.062,-0.083
-0.080,-0.065,0.015,0.072,-0.047,-0.025,0.005,-0.050,-0.020,0.015,-0.050,-0.075
-0.071,-0.049,0.022,0.060,-0.046,-0.013,0.013,-0.022,0.016,0.039,-0.037,-0.066
-0.069,-0.035,0.034,0.052,-0.051,-0.001,0.021,0.004,0.050,0.068,-0.033,-0.064
-0.055,-0.025,0.029,0.039,-0.042,0.002,0.030,0.043,0.099,0.120,-0.004,-0.048
-0.030,-0.019,0.011,0.024,-0.020,-0.004,0.044,0.109,0.175,0.186,0.046,-0.019
-0.005,-0.010,-0.005,0.008,0.000,-0.007,0.060,0.190,0.260,0.255,0.090,0.005
0.043,0.022,-0.022,-0.032,0.033,0.000,0.079,0.258,0.351,0.346,0.161,0.049
0.083,0.050,-0.033,-0.066,0.058,0.008,0.101,0.333,0.455,0.438,0.236,0.091
0.137,0.085,-0.053,-0.111,0.095,0.016,0.081,0.416,0.581,0.553,0.334,0.148
0.232,0.132,-0.100,-0.181,0.166,0.015,0.028,0.467,0.711,0.697,0.464,0.233
0.350,0.180,-0.170,-0.265,0.260,0.005,-0.015,0.480,0.830,0.850,0.620,0.340
0.476,0.242,-0.234,-0.359,0.355,0.004,-0.082,0.507,0.956,1.009,0.815,0.481
0.619,0.318,-0.301,-0.468,0.460,0.008,-0.188,0.466,1.024,1.101,0.972,0.601
0.754,0.387,-0.367,-0.570,0.560,0.010,-0.314,0.416,1.053,1.159,1.112,0.713
0.877,0.435,-0.442,-0.656,0.659,-0.004,-0.468,0.339,1.020,1.157,1.216,0.816
0.975,0.445,-0.530,-0.710,0.752,-0.042,-0.640,0.165,0.875,1.030,1.220,0.850
0.978,0.390,-0.588,-0.684,0.783,-0.098,-0.756,-0.016,0.663,0.827,1.161,0.799
0.977,0.338,-0.639,-0.658,0.808,-0.150,-0.848,-0.260,0.320,0.486,0.990,0.755
0.958,0.253,-0.705,-0.605,0.831,-0.226,-0.895,-0.474,-0.010,0.138,0.758,0.670
0.899,0.150,-0.749,-0.524,0.824,-0.299,-0.929,-0.676,-0.309,-0.171,0.529,0.540
0.810,0.100,-0.710,-0.455,0.760,-0.305,-1.010,-0.970,-0.685,-0.500,0.325,0.445
0.658,0.052,-0.606,-0.355,0.632,-0.277,-1.088,-1.240,-1.022,-0.762,0.177,0.376
0.526,-0.030,-0.556,-0.248,0.541,-0.293,-1.149,-1.421,-1.249,-0.949,0.054,0.312
0.428,-0.113,-0.541,-0.157,0.485,-0.326,-1.151,-1.506,-1.366,-1.076,-0.029,0.247
0.346,-0.157,-0.503,-0.094,0.425,-0.329,-1.120,-1.508,-1.395,-1.112,-0.085,0.194
0.275,-0.175,-0.450,-0.050,0.363,-0.312,-1.095,-1.445,-1.355,-1.060,-0.145,0.160
0.200,-0.204,-0.403,0.002,0.302,-0.303,-1.000,-1.335,-1.261,-1.025,-0.169,0.122
0.157,-0.183,-0.340,0.013,0.249,-0.261,-0.879,-1.178,-1.119,-0.928,-0.165,0.106
0.132,-0.140,-0.272,0.005,0.202,-0.206,-0.762,-1.020,-0.963,-0.797,-0.158,0.104
0.102,-0.107,-0.209,0.003,0.156,-0.158,-0.655,-0.889,-0.830,-0.690,-0.153,0.099
0.080,-0.070,-0.150,-0.005,0.115,-0.110,-0.560,-0.770,-0.720,-0.600,-0.145,0.095
0.078,-0.031,-0.109,-0.024,0.094,-0.069,-0.465,-0.656,-0.617,-0.517,-0.141,0.093
0.051,-0.022,-0.073,-0.014,0.062,-0.047,-0.400,-0.565,-0.544,-0.458,-0.134,0.071
0.013,-0.026,-0.039,0.007,0.026,-0.033,-0.349,-0.499,-0.486,-0.412,-0.128,0.039
-0.018,-0.025,-0.006,0.022,-0.005,-0.015,-0.298,-0.441,-0.425,-0.363,-0.124,0.015
-0.045,-0.025,0.020,0.035,-0.032,-0.002,-0.250,-0.385,-0.365,-0.310,-0.120,0.000
-0.046,-0.026,0.020,0.036,-0.033,-0.002,-0.201,-0.337,-0.307,-0.256,-0.120,-0.012
-0.045,-0.019,0.026,0.032,-0.036,0.004,-0.165,-0.291,-0.267,-0.222,-0.120,-0.028
-0.058,-0.029,0.029,0.043,-0.044,0.000,-0.134,-0.251,-0.232,-0.198,-0.120,-0.053
-0.072,-0.048,0.024,0.060,-0.048,-0.012,-0.103,-0.216,-0.197,-0.174,-0.119,-0.073
-0.080,-0.055,0.025,0.067,-0.052,-0.015,-0.080,-0.180,-0.165,-0.150,-0.115,-0.075
-0.097,-0.072,0.025,0.084,-0.061,-0.023,-0.055,-0.152,-0.136,-0.125,-0.115,-0.075
-0.102,-0.077,0.025,0.089,-0.063,-0.026,-0.043,-0.122,-0.119,-0.113,-0.115,-0.075
-0.099,-0.074,0.025,0.086,-0.062,-0.025,-0.036,-0.104,-0.111,-0.106,-0.115,-0.074
-0.100,-0.075,0.025,0.087,-0.062,-0.025,-0.028,-0.099,-0.103,-0.098,-0.114,-0.078
-0.100,-0.075,0.025,0.087,-0.062,-0.025,-0.020,-0.095,-0.095,-0.090,-0.110,-0.090
-0.099,-0.074,0.025,0.086,-0.062,-0.024,-0.012,-0.091,-0.087,-0.082,-0.110,-0.090
-0.107,-0.082,0.025,0.094,-0.065,-0.028,-0.003,-0.084,-0.079,-0.074,-0.110,-0.096
-0.109,-0.084,0.025,0.096,-0.067,-0.029,0.002,-0.077,-0.071,-0.066,-0.110,-0.099
-0.104,-0.079,0.025,0.091,-0.065,-0.027,0.007,-0.074,-0.064,-0.059,-0.110,-0.094
-0.105,-0.080,0.025,0.092,-0.065,-0.027,0.015,-0.070,-0.060,-0.055,-0.110,-0.095
-0.105,-0.080,0.025,0.092,-0.065,-0.027,0.019,-0.066,-0.056,-0.055,-0.106,-0.095
-0.102,-0.080,0.022,0.091,-0.062,-0.029,0.023,-0.061,-0.055,-0.056,-0.105,-0.095
-0.098,-0.078,0.019,0.088,-0.058,-0.029,0.025,-0.060,-0.053,-0.053,-0.105,-0.095
-0.095,-0.075,0.020,0.085,-0.057,-0.027,0.025,-0.059,-0.050,-0.050,-0.105,-0.095
-0.095,-0.075,0.020,0.085,-0.057,-0.027,0.025,-0.055,-0.050,-0.050,-0.105,-0.095
-0.095,-0.075,0.020,0.085,-0.057,-0.027,0.025,-0.050,-0.046,-0.050,-0.101,-0.095
-0.096,-0.076,0.020,0.086,-0.057,-0.027,0.025,-0.050,-0.041,-0.047,-0.100,-0.095
-0.093,-0.073,0.020,0.083,-0.056,-0.026,0.025,-0.048,-0.040,-0.044,-0.100,-0.095
-0.090,-0.070,0.020,0.080,-0.055,-0.025,0.025,-0.044,-0.039,-0.045,-0.100,-0.095
-0.090,-0.070,0.020,0.080,-0.055,-0.025,0.025,-0.045,-0.035,-0.045,-0.100,-0.095
-0.090,-0.070,0.020,0.080,-0.055,-0.025,0.024,-0.045,-0.035,-0.041,-0.100,-0.095
-0.090,-0.070,0.020,0.080,-0.055,-0.025,0.034,-0.042,-0.032,-0.039,-0.097,-0.095
-0.090,-0.070,0.020,0.080,-0.055,-0.025,0.042,-0.040,-0.029,-0.041,-0.094,-0.095
-0.089,-0.069,0.020,0.079,-0.055,-0.024,0.040,-0.040,-0.030,-0.039,-0.095,-0.095
-0.085,-0.065,0.020,0.075,-0.052,-0.022,0.040,-0.040,-0.030,-0.035,-0.095,-0.095
-0.081,-0.065,0.016,0.072,-0.048,-0.024,0.040,-0.040,-0.030,-0.035,-0.095,-0.095
-0.077,-0.065,0.012,0.071,-0.044,-0.026,0.040,-0.037,-0.027,-0.036,-0.095,-0.095
-0.073,-0.065,0.008,0.069,-0.040,-0.028,0.040,-0.034,-0.024,-0.033,-0.095,-0.095
-0.068,-0.064,0.004,0.066,-0.036,-0.030,0.040,-0.035,-0.025,-0.030,-0.095,-0.095
-0.065,-0.060,0.005,0.062,-0.035,-0.027,0.040,-0.035,-0.025,-0.030,-0.095,-0.095
-0.076,-0.060,0.017,0.068,-0.046,-0.022,0.040,-0.031,-0.025,-0.030,-0.095,-0.095
-0.088,-0.060,0.028,0.074,-0.058,-0.016,0.040,-0.030,-0.022,-0.027,-0.095,-0.095
-0.088,-0.060,0.028,0.074,-0.058,-0.016,0.040,-0.030,-0.019,-0.025,-0.095,-0.095
-0.077,-0.060,0.017,0.068,-0.047,-0.021,0.040,-0.030,-0.020,-0.025,-0.095,-0.095
-0.070,-0.060,0.010,0.065,-0.040,-0.025,0.040,-0.030,-0.020,-0.025,-0.095,-0.095
-0.080,-0.069,0.012,0.074,-0.046,-0.028,0.040,-0.026,-0.020,-0.025,-0.091,-0.091
-0.099,-0.068,0.031,0.083,-0.065,-0.018,0.040,-0.025,-0.021,-0.022,-0.090,-0.090
-0.105,-0.064,0.041,0.084,-0.073,-0.011,0.040,-0.025,-0.018,-0.019,-0.090,-0.090
-0.099,-0.065,0.033,0.081,-0.065,-0.016,0.040,-0.025,-0.015,-0.020,-0.090,-0.090
-0.095,-0.065,0.030,0.080,-0.062,-0.017,0.040,-0.025,-0.015,-0.020,-0.090,-0.090
-0.091,-0.061,0.030,0.076,-0.061,-0.015,0.044,-0.021,-0.015,-0.020,-0.090,-0.090
-0.086,-0.059,0.027,0.072,-0.057,-0.016,0.045,-0.020,-0.016,-0.020,-0.090,-0.090
-0.086,-0.061,0.025,0.073,-0.055,-0.018,0.047,-0.020,-0.013,-0.020,-0.090,-0.090
-0.083,-0.058,0.025,0.070,-0.054,-0.016,0.050,-0.020,-0.010,-0.020,-0.090,-0.090
-0.080,-0.060,0.020,0.070,-0.050,-0.020,0.050,-0.020,-0.010,-0.020,-0.090,-0.090
-0.109,-0.094,0.016,0.101,-0.062,-0.039,0.050,-0.016,-0.010,-0.020,-0.090,-0.090
-0.115,-0.100,0.015,0.107,-0.065,-0.042,0.050,-0.015,-0.010,-0.020,-0.090,-0.090
-0.107,-0.093,0.014,0.100,-0.060,-0.040,0.050,-0.015,-0.010,-0.020,-0.090,-0.090
-0.104,-0.095,0.008,0.100,-0.056,-0.043,0.050,-0.015,-0.009,-0.020,-0.091,-0.089
-0.105,-0.095,0.010,0.100,-0.057,-0.042,0.050,-0.015,-0.005,-0.020,-0.095,-0.085
-0.130,-0.095,0.034,0.112,-0.081,-0.030,0.050,-0.011,-0.005,-0.020,-0.096,-0.085
-0.141,-0.092,0.049,0.117,-0.095,-0.021,0.050,-0.010,-0.005,-0.020,-0.092,-0.085
-0.138,-0.089,0.048,0.113,-0.093,-0.021,0.050,-0.010,-0.005,-0.020,-0.090,-0.085
-0.135,-0.090,0.045,0.112,-0.090,-0.022,0.050,-0.010,-0.005,-0.020,-0.090,-0.085
-0.135,-0.090,0.045,0.112,-0.090,-0.022,0.050,-0.010,-0.005,-0.020,-0.090,-0.085
-0.131,-0.090,0.041,0.111,-0.086,-0.025,0.050,-0.010,-0.001,-0.020,-0.090,-0.085
-0.126,-0.087,0.039,0.107,-0.083,-0.024,0.050,-0.007,0.000,-0.020,-0.090,-0.085
-0.125,-0.084,0.041,0.105,-0.082,-0.021,0.050,-0.004,0.000,-0.020,-0.090,-0.085
-0.124,-0.085,0.039,0.105,-0.081,-0.023,0.050,-0.005,0.000,-0.020,-0.090,-0.085
-0.120,-0.085,0.035,0.102,-0.077,-0.025,0.050,-0.005,0.000,-0.020,-0.090,-0.085
-0.120,-0.085,0.035,0.102,-0.077,-0.025,0.046,-0.005,0.000,-0.020,-0.090,-0.085
-0.121,-0.086,0.036,0.103,-0.078,-0.025,0.045,-0.002,-0.001,-0.020,-0.088,-0.083
-0.116,-0.083,0.033,0.099,-0.074,-0.025,0.045,0.001,0.002,-0.020,-0.096,-0.091
-0.109,-0.080,0.030,0.094,-0.069,-0.025,0.045,0.000,0.005,-0.019,-0.105,-0.100
-0.110,-0.080,0.030,0.095,-0.070,-0.025,0.045,0.000,0.005,-0.015,-0.100,-0.095
-0.110,-0.080,0.031,0.095,-0.070,-0.025,0.045,0.000,0.005,-0.015,-0.100,-0.095
-0.107,-0.081,0.027,0.094,-0.067,-0.027,0.045,-0.001,0.005,-0.015,-0.100,-0.095
-0.103,-0.078,0.025,0.090,-0.064,-0.026,0.044,0.003,0.005,-0.015,-0.100,-0.095
-0.099,-0.075,0.024,0.086,-0.061,-0.025,0.048,0.012,0.006,-0.014,-0.099,-0.095
-0.095,-0.075,0.020,0.085,-0.057,-0.027,0.060,0.015,0.010,-0.010,-0.095,-0.095
-0.095,-0.075,0.020,0.085,-0.057,-0.027,0.056,0.011,0.010,-0.010,-0.095,-0.091
-0.095,-0.075,0.021,0.085,-0.058,-0.027,0.054,0.009,0.010,-0.010,-0.095,-0.090
-0.094,-0.075,0.018,0.084,-0.055,-0.028,0.056,0.011,0.010,-0.010,-0.095,-0.090
-0.089,-0.074,0.015,0.081,-0.051,-0.030,0.054,0.009,0.010,-0.009,-0.095,-0.090
-0.085,-0.070,0.015,0.077,-0.050,-0.027,0.050,0.005,0.010,-0.005,-0.095,-0.090
-0.085,-0.070,0.015,0.077,-0.050,-0.027,0.050,0.005,0.010,-0.005,-0.091,-0.090
-0.083,-0.071,0.012,0.076,-0.047,-0.029,0.049,0.003,0.013,-0.005,-0.090,-0.091
-0.078,-0.068,0.009,0.073,-0.043,-0.029,0.053,0.013,0.016,-0.005,-0.090,-0.088
-0.075,-0.065,0.010,0.070,-0.042,-0.027,0.062,0.027,0.015,-0.005,-0.090,-0.085
-0.075,-0.065,0.010,0.070,-0.042,-0.027,0.065,0.025,0.015,-0.005,-0.090,-0.085
-0.078,-0.065,0.012,0.071,-0.045,-0.026,0.065,0.025,0.015,-0.001,-0.086,-0.085
-0.091,-0.062,0.029,0.076,-0.060,-0.017,0.067,0.026,0.019,0.000,-0.085,-0.085
-0.108,-0.059,0.049,0.084,-0.078,-0.005,0.075,0.037,0.032,0.000,-0.085,-0.085
-0.115,-0.060,0.055,0.087,-0.085,-0.002,0.080,0.045,0.040,0.000,-0.085,-0.084
-0.110,-0.060,0.050,0.085,-0.080,-0.005,0.075,0.040,0.035,0.000,-0.085,-0.080
-0.106,-0.056,0.050,0.081,-0.077,-0.003,0.075,0.040,0.035,0.004,-0.085,-0.080
-0.105,-0.054,0.050,0.080,-0.077,-0.002,0.075,0.040,0.032,0.005,-0.085,-0.080
-0.106,-0.056,0.050,0.081,-0.077,-0.002,0.076,0.040,0.029,0.005,-0.100,-0.080
-0.104,-0.054,0.050,0.079,-0.077,-0.002,0.074,0.040,0.030,0.005,-0.116,-0.080
-0.100,-0.050,0.050,0.075,-0.075,0.000,0.075,0.045,0.035,0.005,-0.110,-0.080
-0.100,-0.050,0.050,0.075,-0.075,0.000,0.096,0.070,0.052,0.004,-0.106,-0.080
-0.101,-0.051,0.050,0.076,-0.075,0.000,0.099,0.077,0.057,0.012,-0.102,-0.080
-0.098,-0.048,0.050,0.073,-0.074,0.001,0.094,0.074,0.054,0.014,-0.098,-0.080
-0.095,-0.045,0.050,0.070,-0.072,0.002,0.095,0.075,0.056,0.009,-0.094,-0.080
-0.095,-0.045,0.050,0.070,-0.072,0.002,0.095,0.075,0.060,0.010,-0.090,-0.080
-0.095,-0.045,0.050,0.070,-0.072,0.002,0.095,0.082,0.064,0.018,-0.085,-0.080
-0.092,-0.042,0.050,0.067,-0.071,0.004,0.096,0.093,0.069,0.021,-0.087,-0.078
-0.089,-0.039,0.050,0.064,-0.070,0.005,0.093,0.092,0.069,0.018,-0.095,-0.086
-0.090,-0.040,0.050,0.065,-0.070,0.005,0.098,0.093,0.073,0.023,-0.100,-0.095
-0.090,-0.040,0.050,0.065,-0.070,0.005,0.115,0.115,0.090,0.040,-0.095,-0.090
-0.090,-0.039,0.051,0.064,-0.070,0.006,0.119,0.124,0.095,0.041,-0.090,-0.090
-0.092,-0.047,0.045,0.069,-0.069,-0.001,0.125,0.128,0.094,0.039,-0.090,-0.087
-0.099,-0.048,0.051,0.073,-0.075,0.002,0.133,0.132,0.098,0.041,-0.088,-0.085
-0.107,-0.038,0.069,0.072,-0.088,0.015,0.135,0.136,0.107,0.048,-0.085,-0.084
-0.110,-0.035,0.075,0.072,-0.092,0.020,0.135,0.145,0.115,0.060,-0.085,-0.080
-0.103,-0.032,0.071,0.067,-0.087,0.020,0.147,0.162,0.128,0.065,-0.081,-0.080
-0.093,-0.024,0.070,0.059,-0.082,0.023,0.152,0.170,0.130,0.065,-0.076,-0.077
-0.088,-0.018,0.070,0.053,-0.079,0.026,0.149,0.170,0.132,0.066,-0.075,-0.075
-0.084,-0.013,0.071,0.049,-0.077,0.028,0.152,0.179,0.143,0.073,-0.074,-0.074
-0.080,-0.010,0.070,0.045,-0.075,0.030,0.160,0.195,0.150,0.085,-0.070,-0.070
-0.086,-0.023,0.063,0.054,-0.074,0.020,0.159,0.198,0.148,0.085,-0.070,-0.070
-0.106,-0.021,0.084,0.063,-0.095,0.031,0.172,0.215,0.164,0.090,-0.068,-0.068
-0.120,-0.010,0.110,0.065,-0.114,0.050,0.184,0.230,0.182,0.100,-0.062,-0.062
-0.119,-0.004,0.115,0.061,-0.116,0.055,0.185,0.229,0.185,0.106,-0.060,-0.060
-0.110,0.000,0.110,0.055,-0.110,0.055,0.185,0.230,0.185,0.110,-0.060,-0.060
-0.098,0.008,0.106,0.045,-0.102,0.056,0.184,0.242,0.197,0.118,-0.056,-0.056
-0.085,0.017,0.102,0.034,-0.093,0.059,0.191,0.252,0.207,0.123,-0.051,-0.051
-0.077,0.022,0.099,0.028,-0.089,0.061,0.198,0.256,0.212,0.128,-0.050,-0.050
-0.074,0.026,0.100,0.024,-0.088,0.063,0.200,0.264,0.217,0.137,-0.049,-0.049
-0.065,0.040,0.105,0.012,-0.085,0.072,0.200,0.280,0.230,0.145,-0.040,-0.040
-0.052,0.068,0.120,-0.009,-0.086,0.093,0.207,0.284,0.243,0.150,-0.031,-0.031
-0.084,0.059,0.143,0.012,-0.113,0.100,0.217,0.294,0.246,0.148,-0.027,-0.027
-0.084,0.066,0.150,0.008,-0.117,0.108,0.219,0.304,0.243,0.143,-0.022,-0.022
-0.052,0.093,0.144,-0.021,-0.098,0.118,0.214,0.304,0.248,0.148,-0.013,-0.013
-0.060,0.085,0.145,-0.013,-0.103,0.115,0.210,0.305,0.265,0.165,-0.005,-0.005
-0.056,0.085,0.141,-0.014,-0.099,0.112,0.210,0.318,0.279,0.178,0.000,0.000
-0.057,0.082,0.139,-0.012,-0.098,0.111,0.207,0.319,0.278,0.184,-0.005,-0.005
-0.061,0.080,0.141,-0.009,-0.101,0.110,0.205,0.313,0.273,0.185,-0.013,-0.014
-0.059,0.080,0.139,-0.010,-0.099,0.109,0.205,0.309,0.269,0.185,-0.015,-0.014
-0.050,0.085,0.135,-0.018,-0.093,0.110,0.200,0.305,0.265,0.185,-0.010,-0.005
-0.025,0.111,0.135,-0.044,-0.080,0.123,0.195,0.305,0.265,0.185,-0.006,-0.001
-0.018,0.114,0.132,-0.049,-0.075,0.123,0.195,0.303,0.263,0.182,-0.002,0.006
-0.021,0.109,0.130,-0.044,-0.075,0.119,0.193,0.297,0.257,0.180,0.000,0.012
-0.019,0.110,0.130,-0.045,-0.075,0.120,0.190,0.295,0.255,0.179,0.001,0.017
-0.020,0.110,0.130,-0.045,-0.075,0.120,0.190,0.295,0.255,0.175,0.005,0.025
-0.029,0.110,0.139,-0.040,-0.084,0.124,0.182,0.291,0.251,0.175,0.009,0.029
-0.028,0.110,0.138,-0.042,-0.083,0.124,0.177,0.286,0.246,0.172,0.010,0.033
-0.025,0.109,0.134,-0.043,-0.079,0.121,0.171,0.286,0.245,0.170,0.011,0.035
-0.024,0.111,0.135,-0.044,-0.080,0.123,0.164,0.283,0.244,0.169,0.016,0.035
-0.020,0.115,0.135,-0.048,-0.078,0.125,0.160,0.270,0.235,0.165,0.020,0.035
-0.021,0.114,0.135,-0.047,-0.079,0.125,0.152,0.262,0.231,0.165,0.019,0.035
-0.013,0.122,0.135,-0.055,-0.074,0.128,0.148,0.254,0.224,0.162,0.027,0.039
-0.013,0.123,0.136,-0.055,-0.075,0.130,0.140,0.247,0.218,0.160,0.045,0.054
-0.020,0.112,0.132,-0.047,-0.076,0.122,0.127,0.236,0.213,0.159,0.056,0.065
-0.010,0.105,0.115,-0.048,-0.063,0.110,0.120,0.220,0.205,0.150,0.050,0.055
-0.002,0.101,0.103,-0.050,-0.053,0.102,0.112,0.208,0.201,0.142,0.046,0.051
0.006,0.095,0.088,-0.050,-0.041,0.091,0.104,0.193,0.194,0.134,0.042,0.047
0.013,0.085,0.073,-0.049,-0.030,0.079,0.096,0.179,0.186,0.126,0.040,0.043
0.015,0.079,0.064,-0.048,-0.024,0.071,0.088,0.167,0.178,0.118,0.039,0.039
0.015,0.075,0.060,-0.045,-0.023,0.067,0.080,0.155,0.170,0.110,0.035,0.035
0.011,0.067,0.056,-0.039,-0.023,0.061,0.072,0.147,0.162,0.106,0.031,0.031
0.007,0.062,0.055,-0.035,-0.024,0.058,0.063,0.139,0.153,0.099,0.030,0.031
0.004,0.058,0.054,-0.032,-0.025,0.055,0.058,0.131,0.148,0.092,0.029,0.042
0.005,0.054,0.049,-0.030,-0.022,0.051,0.053,0.122,0.143,0.089,0.024,0.050
0.005,0.050,0.045,-0.028,-0.020,0.047,0.045,0.110,0.130,0.085,0.020,0.040
0.000,0.046,0.046,-0.023,-0.024,0.046,0.037,0.098,0.122,0.081,0.020,0.036
0.007,0.043,0.036,-0.025,-0.015,0.039,0.030,0.089,0.111,0.077,0.017,0.032
-0.008,0.036,0.044,-0.014,-0.026,0.040,0.034,0.080,0.101,0.073,0.015,0.028
-0.033,0.029,0.061,0.002,-0.047,0.045,0.040,0.067,0.092,0.069,0.014,0.024
-0.025,0.025,0.050,0.000,-0.038,0.037,0.035,0.055,0.080,0.065,0.010,0.020
-0.020,0.021,0.041,-0.001,-0.031,0.031,0.031,0.047,0.072,0.061,0.010,0.016
-0.023,0.014,0.037,0.004,-0.030,0.025,0.027,0.039,0.064,0.057,0.007,0.011
-0.024,0.007,0.031,0.008,-0.028,0.019,0.023,0.031,0.058,0.053,0.004,0.010
-0.018,0.004,0.023,0.006,-0.021,0.014,0.019,0.024,0.053,0.049,0.005,0.009
-0.015,0.000,0.015,0.007,-0.015,0.007,0.015,0.020,0.045,0.045,0.005,0.005
-0.021,-0.012,0.010,0.016,-0.015,-0.001,0.011,0.012,0.041,0.041,0.001,0.005
-0.039,-0.023,0.016,0.031,-0.027,-0.003,0.007,0.003,0.034,0.034,0.000,0.006
-0.043,-0.024,0.019,0.033,-0.031,-0.002,0.004,-0.002,0.028,0.027,-0.002,0.003
-0.033,-0.019,0.014,0.026,-0.024,-0.002,0.005,-0.007,0.023,0.024,-0.005,0.000
-0.030,-0.020,0.010,0.025,-0.020,-0.005,0.005,-0.015,0.015,0.020,-0.005,0.000
-0.023,-0.020,0.003,0.021,-0.013,-0.008,0.001,-0.022,0.011,0.016,-0.009,-0.004
-0.044,-0.020,0.024,0.031,-0.034,0.002,0.000,-0.034,0.007,0.012,-0.011,-0.006
-0.057,-0.021,0.036,0.038,-0.047,0.007,0.000,-0.030,0.003,0.008,-0.009,-0.004
-0.048,-0.019,0.029,0.034,-0.039,0.005,0.000,-0.028,-0.001,0.004,-0.013,-0.006
-0.050,-0.020,0.030,0.035,-0.040,0.005,0.000,-0.050,-0.005,0.000,-0.025,-0.010
-0.063,-0.037,0.026,0.050,-0.045,-0.005,-0.004,-0.047,-0.009,0.000,-0.025,-0.010
-0.063,-0.039,0.024,0.050,-0.043,-0.007,-0.005,-0.044,-0.016,-0.003,-0.031,-0.013
-0.059,-0.034,0.026,0.046,-0.042,-0.004,-0.005,-0.043,-0.023,-0.006,-0.036,-0.016
-0.059,-0.035,0.024,0.047,-0.041,-0.005,-0.005,-0.039,-0.025,-0.005,-0.035,-0.015
-0.055,-0.035,0.020,0.045,-0.037,-0.007,-0.005,-0.040,-0.025,-0.005,-0.035,-0.015
-0.055,-0.035,0.020,0.045,-0.037,-0.007,-0.009,-0.043,-0.025,-0.009,-0.035,-0.019
-0.056,-0.035,0.021,0.046,-0.038,-0.007,-0.011,-0.054,-0.025,-0.011,-0.035,-0.021
-0.052,-0.034,0.018,0.043,-0.035,-0.008,-0.009,-0.064,-0.026,-0.009,-0.035,-0.019
-0.051,-0.037,0.015,0.044,-0.033,-0.011,-0.011,-0.065,-0.032,-0.011,-0.035,-0.021
-0.065,-0.050,0.015,0.057,-0.040,-0.017,-0.015,-0.065,-0.040,-0.015,-0.035,-0.025
-0.079,-0.064,0.016,0.071,-0.047,-0.024,-0.015,-0.069,-0.036,-0.015,-0.039,-0.025
-0.074,-0.063,0.012,0.068,-0.043,-0.026,-0.015,-0.070,-0.034,-0.014,-0.041,-0.025
-0.069,-0.060,0.010,0.065,-0.040,-0.025,-0.015,-0.070,-0.036,-0.017,-0.038,-0.025
-0.069,-0.059,0.009,0.064,-0.039,-0.025,-0.016,-0.070,-0.034,-0.020,-0.034,-0.025
-0.060,-0.055,0.005,0.057,-0.032,-0.025,-0.020,-0.070,-0.035,-0.020,-0.035,-0.025
-0.060,-0.055,0.005,0.057,-0.032,-0.025,-0.020,-0.070,-0.047,-0.024,-0.043,-0.024
-0.058,-0.052,0.006,0.054,-0.031,-0.023,-0.020,-0.069,-0.054,-0.026,-0.051,-0.031
-0.053,-0.050,0.003,0.051,-0.028,-0.023,-0.020,-0.074,-0.055,-0.024,-0.058,-0.036
-0.049,-0.049,0.000,0.049,-0.024,-0.025,-0.020,-0.081,-0.055,-0.026,-0.060,-0.035
-0.045,-0.045,0.000,0.045,-0.022,-0.022,-0.020,-0.080,-0.055,-0.030,-0.060,-0.035
-0.046,-0.045,0.001,0.045,-0.022,-0.022,-0.019,-0.080,-0.055,-0.030,-0.060,-0.035
-0.039,-0.042,-0.003,0.041,-0.018,-0.022,-0.027,-0.080,-0.052,-0.029,-0.060,-0.035
-0.033,-0.038,-0.005,0.036,-0.014,-0.021,-0.029,-0.080,-0.049,-0.032,-0.060,-0.035
-0.037,-0.043,-0.005,0.041,-0.016,-0.023,-0.024,-0.080,-0.050,-0.035,-0.060,-0.035
-0.055,-0.060,-0.005,0.058,-0.025,-0.032,-0.025,-0.080,-0.050,-0.035,-0.060,-0.035
-0.077,-0.074,0.003,0.075,-0.039,-0.035,-0.025,-0.080,-0.050,-0.035,-0.060,-0.035
-0.082,-0.073,0.009,0.077,-0.046,-0.032,-0.025,-0.080,-0.050,-0.038,-0.060,-0.035
-0.078,-0.069,0.008,0.073,-0.043,-0.030,-0.023,-0.080,-0.049,-0.041,-0.060,-0.035
-0.075,-0.070,0.004,0.072,-0.039,-0.032,-0.020,-0.080,-0.052,-0.040,-0.060,-0.035
-0.070,-0.070,0.000,0.070,-0.035,-0.035,-0.020,-0.080,-0.060,-0.040,-0.060,-0.035
-0.057,-0.070,-0.014,0.064,-0.022,-0.042,-0.020,-0.081,-0.057,-0.041,-0.064,-0.035
-0.059,-0.067,-0.008,0.063,-0.025,-0.037,-0.021,-0.075,-0.049,-0.032,-0.065,-0.034
-0.071,-0.064,0.006,0.068,-0.038,-0.029,-0.018,-0.081,-0.058,-0.037,-0.065,-0.039
-0.075,-0.065,0.010,0.070,-0.042,-0.027,-0.015,-0.091,-0.071,-0.051,-0.065,-0.045
-0.070,-0.065,0.005,0.067,-0.037,-0.030,-0.015,-0.085,-0.065,-0.045,-0.065,-0.040
-0.066,-0.065,0.001,0.065,-0.033,-0.031,-0.015,-0.085,-0.065,-0.045,-0.065,-0.040
-0.062,-0.066,-0.003,0.064,-0.029,-0.034,-0.015,-0.085,-0.065,-0.045,-0.065,-0.040
-0.057,-0.063,-0.006,0.061,-0.025,-0.034,-0.015,-0.085,-0.065,-0.045,-0.065,-0.040
-0.055,-0.060,-0.004,0.058,-0.026,-0.031,-0.014,-0.084,-0.065,-0.045,-0.065,-0.040
-0.060,-0.060,0.000,0.060,-0.030,-0.030,-0.010,-0.080,-0.065,-0.045,-0.065,-0.040
-0.064,-0.060,0.004,0.062,-0.034,-0.028,-0.010,-0.080,-0.061,-0.045,-0.064,-0.040
-0.068,-0.060,0.008,0.064,-0.038,-0.026,-0.010,-0.080,-0.060,-0.045,-0.072,-0.040
-0.071,-0.060,0.011,0.065,-0.041,-0.025,-0.010,-0.080,-0.060,-0.045,-0.074,-0.040
-0.070,-0.060,0.009,0.065,-0.040,-0.025,-0.009,-0.079,-0.060,-0.045,-0.069,-0.040
-0.065,-0.060,0.005,0.062,-0.035,-0.027,-0.005,-0.075,-0.060,-0.050,-0.070,-0.040
-0.057,-0.058,0.000,0.058,-0.029,-0.029,-0.005,-0.075,-0.060,-0.059,-0.070,-0.040
-0.083,-0.076,0.007,0.079,-0.045,-0.034,-0.005,-0.075,-0.061,-0.058,-0.070,-0.040
-0.109,-0.086,0.023,0.097,-0.065,-0.031,-0.005,-0.075,-0.058,-0.055,-0.070,-0.040
-0.109,-0.079,0.030,0.094,-0.070,-0.024,-0.005,-0.075,-0.055,-0.054,-0.070,-0.040
-0.105,-0.080,0.025,0.092,-0.065,-0.027,-0.005,-0.075,-0.055,-0.050,-0.070,-0.040
-0.105,-0.081,0.025,0.092,-0.065,-0.027,-0.009,-0.071,-0.055,-0.050,-0.070,-0.040
-0.102,-0.077,0.025,0.089,-0.063,-0.026,-0.011,-0.070,-0.055,-0.051,-0.067,-0.040
-0.099,-0.075,0.025,0.086,-0.062,-0.025,-0.008,-0.070,-0.055,-0.048,-0.064,-0.040
-0.100,-0.075,0.025,0.087,-0.062,-0.025,-0.005,-0.070,-0.054,-0.045,-0.065,-0.040
-0.100,-0.075,0.025,0.087,-0.062,-0.025,-0.005,-0.070,-0.050,-0.045,-0.065,-0.040
-0.100,-0.075,0.025,0.087,-0.062,-0.025,-0.005,-0.066,-0.050,-0.041,-0.065,-0.040
-0.097,-0.072,0.025,0.084,-0.061,-0.023,-0.006,-0.065,-0.050,-0.039,-0.065,-0.040
-0.094,-0.069,0.025,0.081,-0.060,-0.022,-0.003,-0.065,-0.050,-0.041,-0.065,-0.040
-0.095,-0.070,0.025,0.082,-0.060,-0.022,0.000,-0.065,-0.050,-0.039,-0.065,-0.040
-0.095,-0.070,0.025,0.082,-0.060,-0.022,0.000,-0.065,-0.050,-0.035,-0.065,-0.040
-0.095,-0.070,0.025,0.082,-0.060,-0.022,0.000,-0.065,-0.050,-0.035,-0.061,-0.040
-0.092,-0.067,0.025,0.079,-0.058,-0.021,-0.001,-0.062,-0.047,-0.032,-0.060,-0.040
-0.089,-0.064,0.025,0.076,-0.057,-0.020,0.002,-0.059,-0.044,-0.029,-0.060,-0.040
-0.090,-0.065,0.025,0.077,-0.057,-0.020,0.005,-0.060,-0.045,-0.030,-0.060,-0.040
-0.090,-0.065,0.025,0.077,-0.057,-0.020,0.005,-0.060,-0.045,-0.030,-0.060,-0.040
-0.086,-0.061,0.025,0.073,-0.056,-0.017,0.005,-0.060,-0.041,-0.026,-0.060,-0.040
-0.082,-0.060,0.023,0.071,-0.053,-0.018,0.005,-0.061,-0.039,-0.024,-0.060,-0.040
-0.077,-0.060,0.017,0.068,-0.047,-0.021,0.005,-0.058,-0.041,-0.026,-0.060,-0.040
-0.076,-0.060,0.016,0.068,-0.046,-0.022,0.006,-0.055,-0.039,-0.024,-0.060,-0.040
-0.085,-0.060,0.025,0.072,-0.055,-0.017,0.010,-0.055,-0.035,-0.020,-0.060,-0.040
-0.090,-0.056,0.034,0.072,-0.062,-0.011,0.010,-0.055,-0.035,-0.020,-0.056,-0.040
-0.087,-0.055,0.033,0.071,-0.059,-0.011,0.010,-0.055,-0.035,-0.021,-0.055,-0.040
-0.084,-0.055,0.029,0.070,-0.056,-0.012,0.010,-0.055,-0.035,-0.018,-0.055,-0.040
-0.085,-0.055,0.030,0.070,-0.057,-0.012,0.011,-0.055,-0.034,-0.015,-0.055,-0.040
-0.085,-0.055,0.030,0.070,-0.057,-0.012,0.015,-0.055,-0.030,-0.015,-0.055,-0.040
-0.081,-0.055,0.026,0.068,-0.053,-0.015,0.015,-0.051,-0.030,-0.015,-0.055,-0.040
-0.079,-0.055,0.024,0.067,-0.051,-0.015,0.015,-0.050,-0.030,-0.016,-0.055,-0.040
-0.081,-0.055,0.026,0.067,-0.053,-0.015,0.015,-0.050,-0.030,-0.013,-0.055,-0.040
-0.079,-0.055,0.024,0.067,-0.051,-0.015,0.015,-0.050,-0.030,-0.010,-0.055,-0.040
-0.075,-0.055,0.020,0.065,-0.047,-0.017,0.015,-0.050,-0.030,-0.010,-0.055,-0.040
-0.075,-0.055,0.020,0.065,-0.047,-0.017,0.019,-0.050,-0.026,-0.010,-0.055,-0.040
-0.076,-0.055,0.021,0.065,-0.048,-0.017,0.020,-0.047,-0.025,-0.010,-0.055,-0.040
-0.073,-0.055,0.018,0.064,-0.045,-0.018,0.020,-0.044,-0.025,-0.008,-0.055,-0.040
-0.078,-0.055,0.023,0.067,-0.050,-0.015,0.020,-0.045,-0.025,-0.005,-0.055,-0.040
-0.095,-0.055,0.040,0.075,-0.067,-0.007,0.020,-0.045,-0.025,-0.005,-0.055,-0.040
-0.100,-0.055,0.045,0.077,-0.072,-0.005,0.020,-0.045,-0.025,-0.005,-0.055,-0.040
-0.100,-0.055,0.045,0.077,-0.072,-0.005,0.021,-0.045,-0.026,-0.002,-0.053,-0.040
-0.101,-0.055,0.046,0.077,-0.073,-0.005,0.018,-0.045,-0.023,0.000,-0.061,-0.040
-0.099,-0.055,0.044,0.077,-0.071,-0.005,0.015,-0.045,-0.020,0.000,-0.070,-0.040
-0.100,-0.055,0.045,0.077,-0.072,-0.005,0.015,-0.045,-0.020,0.000,-0.065,-0.040
-0.117,-0.055,0.062,0.086,-0.089,0.004,0.015,-0.045,-0.020,0.000,-0.065,-0.040
-0.118,-0.055,0.063,0.087,-0.090,0.004,0.016,-0.045,-0.020,0.003,-0.065,-0.040
-0.114,-0.055,0.059,0.085,-0.086,0.002,0.013,-0.045,-0.020,0.006,-0.065,-0.040
-0.114,-0.055,0.059,0.085,-0.086,0.002,0.010,-0.045,-0.019,0.005,-0.065,-0.040
-0.110,-0.055,0.055,0.082,-0.082,0.000,0.010,-0.045,-0.015,0.005,-0.065,-0.040
-0.110,-0.055,0.055,0.082,-0.082,0.000,0.010,-0.045,-0.015,0.005,-0.065,-0.040
-0.111,-0.055,0.056,0.082,-0.083,0.000,0.011,-0.045,-0.015,0.002,-0.065,-0.040
-0.108,-0.055,0.053,0.081,-0.080,-0.001,0.008,-0.045,-0.015,-0.001,-0.065,-0.040
-0.105,-0.055,0.050,0.080,-0.077,-0.002,0.005,-0.045,-0.015,0.000,-0.065,-0.040
-0.105,-0.055,0.050,0.080,-0.077,-0.002,0.005,-0.045,-0.015,0.000,-0.065,-0.040
-0.104,-0.054,0.050,0.079,-0.077,-0.001,0.005,-0.045,-0.015,-0.004,-0.065,-0.040
-0.112,-0.065,0.047,0.088,-0.079,-0.008,0.005,-0.045,-0.018,-0.005,-0.066,-0.040
-0.114,-0.070,0.044,0.091,-0.079,-0.012,0.005,-0.045,-0.022,-0.005,-0.063,-0.040
-0.110,-0.064,0.045,0.086,-0.077,-0.010,0.004,-0.045,-0.025,-0.005,-0.060,-0.040
-0.110,-0.065,0.045,0.087,-0.077,-0.010,0.000,-0.045,-0.025,-0.005,-0.060,-0.040
-0.106,-0.065,0.041,0.085,-0.073,-0.012,0.000,-0.045,-0.025,-0.009,-0.060,-0.040
-0.105,-0.065,0.040,0.085,-0.072,-0.012,0.000,-0.044,-0.024,-0.010,-0.060,-0.040
-0.103,-0.065,0.038,0.084,-0.070,-0.013,0.000,-0.049,-0.027,-0.010,-0.060,-0.040
-0.099,-0.065,0.034,0.082,-0.066,-0.015,-0.001,-0.056,-0.030,-0.010,-0.060,-0.040
-0.100,-0.065,0.035,0.082,-0.067,-0.015,-0.005,-0.055,-0.030,-0.010,-0.060,-0.040
-0.101,-0.065,0.035,0.083,-0.068,-0.015,-0.005,-0.055,-0.030,-0.014,-0.060,-0.040
-0.094,-0.062,0.032,0.078,-0.063,-0.015,-0.005,-0.055,-0.030,-0.016,-0.060,-0.040
-0.089,-0.059,0.029,0.074,-0.059,-0.015,-0.005,-0.055,-0.030,-0.014,-0.060,-0.040
-0.090,-0.060,0.030,0.075,-0.060,-0.015,-0.005,-0.055,-0.030,-0.016,-0.060,-0.040
-0.090,-0.060,0.030,0.075,-0.060,-0.015,-0.005,-0.055,-0.030,-0.020,-0.060,-0.040
-0.086,-0.060,0.026,0.073,-0.056,-0.017,-0.001,-0.055,-0.034,-0.020,-0.060,-0.040
-0.084,-0.060,0.024,0.072,-0.054,-0.017,0.001,-0.058,-0.035,-0.020,-0.063,-0.040
-0.086,-0.060,0.027,0.073,-0.056,-0.016,-0.001,-0.061,-0.035,-0.020,-0.066,-0.040
-0.082,-0.060,0.022,0.071,-0.052,-0.018,0.001,-0.060,-0.035,-0.021,-0.065,-0.040
-0.075,-0.060,0.015,0.067,-0.045,-0.022,0.005,-0.060,-0.035,-0.025,-0.065,-0.040
-0.091,-0.056,0.035,0.073,-0.063,-0.010,0.005,-0.060,-0.039,-0.025,-0.065,-0.040
-0.097,-0.055,0.042,0.076,-0.069,-0.006,0.004,-0.060,-0.041,-0.025,-0.065,-0.040
-0.094,-0.055,0.039,0.075,-0.066,-0.007,0.007,-0.060,-0.038,-0.025,-0.065,-0.040
-0.095,-0.055,0.040,0.075,-0.067,-0.007,0.010,-0.060,-0.035,-0.026,-0.065,-0.040
-0.095,-0.055,0.040,0.075,-0.067,-0.007,0.010,-0.060,-0.035,-0.030,-0.065,-0.040
-0.095,-0.055,0.040,0.075,-0.067,-0.007,0.010,-0.059,-0.035,-0.030,-0.065,-0.040
-0.095,-0.055,0.040,0.075,-0.067,-0.007,0.011,-0.063,-0.035,-0.030,-0.064,-0.040
-0.095,-0.055,0.040,0.075,-0.067,-0.007,0.008,-0.065,-0.036,-0.029,-0.068,-0.039
-0.095,-0.055,0.040,0.075,-0.067,-0.007,0.005,-0.067,-0.043,-0.031,-0.078,-0.042
-0.095,-0.055,0.040,0.075,-0.067,-0.007,0.005,-0.075,-0.055,-0.040,-0.085,-0.050
-0.095,-0.055,0.040,0.075,-0.067,-0.007,0.005,-0.071,-0.060,-0.045,-0.081,-0.050
-0.095,-0.055,0.040,0.075,-0.067,-0.007,0.006,-0.069,-0.060,-0.045,-0.079,-0.050
-0.096,-0.056,0.040,0.076,-0.068,-0.008,0.003,-0.070,-0.060,-0.045,-0.080,-0.050
-0.102,-0.062,0.040,0.082,-0.071,-0.011,0.000,-0.070,-0.060,-0.045,-0.080,-0.050
-0.110,-0.070,0.040,0.090,-0.075,-0.015,0.000,-0.070,-0.060,-0.045,-0.080,-0.050
-0.106,-0.066,0.040,0.086,-0.073,-0.013,0.000,-0.070,-0.060,-0.045,-0.080,-0.050
-0.104,-0.064,0.040,0.084,-0.072,-0.012,0.000,-0.070,-0.060,-0.045,-0.080,-0.050
-0.105,-0.065,0.040,0.085,-0.072,-0.012,0.000,-0.070,-0.060,-0.045,-0.080,-0.050
-0.105,-0.065,0.040,0.085,-0.072,-0.012,-0.001,-0.070,-0.060,-0.045,-0.080,-0.050
-0.105,-0.065,0.040,0.085,-0.072,-0.012,-0.005,-0.070,-0.060,-0.045,-0.080,-0.050
-0.105,-0.065,0.040,0.085,-0.072,-0.012,-0.005,-0.070,-0.060,-0.045,-0.080,-0.050
-0.105,-0.065,0.040,0.085,-0.072,-0.012,-0.005,-0.070,-0.060,-0.045,-0.080,-0.050
-0.105,-0.065,0.040,0.085,-0.072,-0.012,-0.005,-0.070,-0.060,-0.045,-0.080,-0.050
-0.105,-0.065,0.040,0.085,-0.072,-0.012,-0.005,-0.069,-0.060,-0.045,-0.080,-0.050
-0.105,-0.065,0.040,0.085,-0.072,-0.012,-0.005,-0.070,-0.060,-0.045,-0.080,-0.050
-0.105,-0.065,0.040,0.085,-0.072,-0.012,-0.001,-0.083,-0.060,-0.045,-0.080,-0.050
-0.105,-0.065,0.040,0.085,-0.072,-0.012,0.000,-0.083,-0.060,-0.045,-0.080,-0.050
-0.106,-0.065,0.040,0.086,-0.073,-0.012,0.001,-0.079,-0.060,-0.045,-0.080,-0.050
-0.103,-0.064,0.039,0.084,-0.071,-0.012,0.006,-0.080,-0.060,-0.045,-0.080,-0.050
-0.095,-0.060,0.035,0.077,-0.065,-0.012,0.005,-0.080,-0.060,-0.045,-0.080,-0.050
-0.095,-0.060,0.035,0.077,-0.065,-0.012,-0.007,-0.080,-0.060,-0.045,-0.080,-0.050
-0.095,-0.060,0.035,0.077,-0.065,-0.012,-0.018,-0.080,-0.060,-0.044,-0.080,-0.050
-0.095,-0.060,0.035,0.077,-0.065,-0.012,-0.019,-0.080,-0.060,-0.047,-0.080,-0.050
-0.095,-0.060,0.035,0.077,-0.065,-0.012,-0.014,-0.080,-0.060,-0.050,-0.080,-0.050
-0.095,-0.060,0.035,0.077,-0.065,-0.012,-0.015,-0.080,-0.060,-0.050,-0.080,-0.050
-0.095,-0.060,0.035,0.077,-0.065,-0.012,-0.016,-0.076,-0.060,-0.050,-0.080,-0.050
-0.096,-0.060,0.036,0.077,-0.066,-0.012,-0.012,-0.075,-0.059,-0.050,-0.081,-0.051
-0.093,-0.060,0.033,0.076,-0.063,-0.013,-0.010,-0.075,-0.062,-0.050,-0.078,-0.048
-0.090,-0.060,0.030,0.075,-0.060,-0.015,-0.010,-0.075,-0.065,-0.050,-0.075,-0.045
-0.090,-0.060,0.030,0.075,-0.060,-0.015,-0.010,-0.075,-0.065,-0.050,-0.075,-0.045
-0.090,-0.060,0.030,0.075,-0.060,-0.015,-0.014,-0.075,-0.065,-0.050,-0.075,-0.045
-0.090,-0.060,0.030,0.075,-0.060,-0.015,-0.017,-0.075,-0.065,-0.050,-0.075,-0.045
-0.088,-0.058,0.030,0.073,-0.059,-0.014,-0.025,-0.075,-0.065,-0.050,-0.075,-0.045
-0.084,-0.054,0.030,0.069,-0.056,-0.012,-0.030,-0.074,-0.065,-0.050,-0.075,-0.045
-0.080,-0.050,0.030,0.065,-0.055,-0.010,-0.025,-0.070,-0.065,-0.050,-0.075,-0.045
-0.076,-0.046,0.030,0.061,-0.053,-0.007,-0.025,-0.070,-0.065,-0.050,-0.075,-0.045
-0.070,-0.044,0.027,0.057,-0.048,-0.008,-0.025,-0.070,-0.065,-0.050,-0.072,-0.045
-0.074,-0.049,0.024,0.061,-0.049,-0.012,-0.025,-0.070,-0.065,-0.050,-0.069,-0.045
-0.089,-0.064,0.025,0.076,-0.057,-0.019,-0.025,-0.070,-0.065,-0.050,-0.070,-0.045
-0.100,-0.075,0.025,0.087,-0.062,-0.025,-0.025,-0.070,-0.065,-0.050,-0.070,-0.045
-0.097,-0.072,0.025,0.084,-0.061,-0.023,-0.025,-0.070,-0.065,-0.054,-0.070,-0.045
-0.091,-0.066,0.025,0.078,-0.058,-0.020,-0.025,-0.070,-0.065,-0.055,-0.070,-0.045
-0.090,-0.065,0.025,0.077,-0.057,-0.020,-0.025,-0.069,-0.065,-0.055,-0.070,-0.045
-0.089,-0.064,0.025,0.076,-0.057,-0.020,-0.025,-0.073,-0.065,-0.055,-0.070,-0.045
-0.085,-0.060,0.025,0.072,-0.055,-0.017,-0.025,-0.085,-0.065,-0.055,-0.070,-0.045
-0.081,-0.055,0.025,0.068,-0.053,-0.015,-0.025,-0.081,-0.061,-0.055,-0.066,-0.045
-0.079,-0.055,0.024,0.067,-0.051,-0.016,-0.026,-0.079,-0.060,-0.055,-0.065,-0.045
-0.082,-0.053,0.028,0.067,-0.055,-0.012,-0.023,-0.080,-0.060,-0.055,-0.065,-0.045
-0.086,-0.049,0.037,0.067,-0.062,-0.006,-0.020,-0.080,-0.060,-0.055,-0.065,-0.045
-0.090,-0.050,0.040,0.070,-0.065,-0.005,-0.020,-0.080,-0.060,-0.055,-0.065,-0.045
-0.090,-0.050,0.039,0.070,-0.064,-0.006,-0.020,-0.080,-0.060,-0.055,-0.065,-0.045
-0.094,-0.047,0.047,0.070,-0.070,0.000,-0.020,-0.080,-0.060,-0.055,-0.065,-0.045
-0.094,-0.044,0.049,0.069,-0.071,0.002,-0.020,-0.079,-0.060,-0.055,-0.065,-0.045
-0.090,-0.045,0.044,0.067,-0.066,0.000,-0.020,-0.074,-0.060,-0.055,-0.065,-0.045
-0.090,-0.045,0.045,0.067,-0.067,0.000,-0.020,-0.070,-0.060,-0.055,-0.065,-0.045
-0.092,-0.046,0.045,0.068,-0.068,0.000,-0.020,-0.077,-0.060,-0.055,-0.067,-0.048
-0.114,-0.069,0.045,0.091,-0.080,-0.012,-0.020,-0.091,-0.060,-0.056,-0.083,-0.057
-0.126,-0.081,0.045,0.103,-0.085,-0.018,-0.020,-0.094,-0.060,-0.053,-0.090,-0.059
-0.119,-0.074,0.045,0.096,-0.081,-0.014,-0.020,-0.089,-0.060,-0.050,-0.084,-0.054
-0.120,-0.075,0.045,0.097,-0.082,-0.015,-0.020,-0.090,-0.060,-0.050,-0.085,-0.055
-0.120,-0.075,0.045,0.097,-0.082,-0.015,-0.019,-0.090,-0.060,-0.050,-0.085,-0.055
-0.120,-0.075,0.045,0.097,-0.082,-0.015,-0.027,-0.090,-0.060,-0.050,-0.085,-0.055
-0.120,-0.075,0.045,0.097,-0.082,-0.015,-0.030,-0.090,-0.060,-0.050,-0.085,-0.055
-0.119,-0.074,0.045,0.096,-0.082,-0.015,-0.024,-0.090,-0.060,-0.050,-0.085,-0.055
-0.115,-0.070,0.045,0.092,-0.080,-0.012,-0.020,-0.090,-0.060,-0.050,-0.085,-0.055
-0.115,-0.070,0.045,0.092,-0.080,-0.012,-0.016,-0.090,-0.060,-0.050,-0.085,-0.055
-0.112,-0.070,0.042,0.091,-0.077,-0.014,-0.010,-0.090,-0.060,-0.050,-0.085,-0.055
-0.109,-0.070,0.039,0.090,-0.074,-0.015,-0.014,-0.090,-0.061,-0.050,-0.085,-0.055
-0.110,-0.070,0.040,0.090,-0.075,-0.015,-0.029,-0.090,-0.067,-0.050,-0.085,-0.055
-0.110,-0.070,0.040,0.090,-0.075,-0.015,-0.040,-0.090,-0.075,-0.050,-0.085,-0.055
-0.106,-0.066,0.040,0.086,-0.072,-0.013,-0.036,-0.090,-0.071,-0.050,-0.085,-0.055
-0.105,-0.065,0.040,0.085,-0.072,-0.012,-0.034,-0.087,-0.069,-0.050,-0.085,-0.052
-0.105,-0.065,0.040,0.085,-0.072,-0.012,-0.035,-0.084,-0.070,-0.050,-0.085,-0.049
-0.105,-0.065,0.040,0.085,-0.072,-0.012,-0.035,-0.085,-0.070,-0.050,-0.085,-0.050
-0.105,-0.065,0.040,0.085,-0.072,-0.012,-0.035,-0.085,-0.070,-0.050,-0.085,-0.050
-0.105,-0.065,0.040,0.085,-0.072,-0.012,-0.035,-0.085,-0.070,-0.050,-0.085,-0.050
-0.105,-0.065,0.040,0.085,-0.072,-0.012,-0.032,-0.085,-0.070,-0.050,-0.085,-0.050
-0.106,-0.065,0.040,0.086,-0.072,-0.012,-0.029,-0.085,-0.070,-0.050,-0.085,-0.050
-0.104,-0.064,0.040,0.084,-0.071,-0.012,-0.030,-0.085,-0.070,-0.050,-0.085,-0.050
-0.100,-0.060,0.040,0.080,-0.070,-0.010,-0.030,-0.085,-0.070,-0.050,-0.085,-0.050
-0.109,-0.060,0.049,0.084,-0.079,-0.006,-0.030,-0.085,-0.070,-0.050,-0.085,-0.050
-0.108,-0.060,0.048,0.084,-0.078,-0.006,-0.030,-0.085,-0.070,-0.050,-0.085,-0.050
-0.104,-0.060,0.044,0.081,-0.074,-0.007,-0.030,-0.085,-0.070,-0.050,-0.085,-0.050
-0.105,-0.060,0.045,0.082,-0.075,-0.007,-0.029,-0.085,-0.069,-0.050,-0.085,-0.050
-0.105,-0.060,0.045,0.082,-0.075,-0.007,-0.025,-0.085,-0.065,-0.050,-0.085,-0.050
-0.105,-0.060,0.045,0.082,-0.075,-0.007,-0.025,-0.081,-0.065,-0.046,-0.081,-0.046
-0.105,-0.060,0.045,0.082,-0.075,-0.007,-0.025,-0.080,-0.065,-0.045,-0.080,-0.043
-0.105,-0.060,0.045,0.082,-0.075,-0.007,-0.025,-0.080,-0.065,-0.045,-0.080,-0.051
-0.106,-0.061,0.045,0.083,-0.075,-0.007,-0.025,-0.080,-0.065,-0.045,-0.080,-0.060
-0.105,-0.060,0.045,0.082,-0.075,-0.007,-0.025,-0.080,-0.065,-0.045,-0.080,-0.055
-0.098,-0.053,0.045,0.075,-0.071,-0.004,-0.021,-0.080,-0.065,-0.045,-0.080,-0.055
-0.122,-0.077,0.045,0.099,-0.083,-0.016,-0.020,-0.080,-0.065,-0.045,-0.080,-0.055
-0.137,-0.092,0.045,0.114,-0.091,-0.023,-0.020,-0.080,-0.065,-0.045,-0.080,-0.055
-0.129,-0.084,0.045,0.106,-0.086,-0.019,-0.020,-0.079,-0.065,-0.045,-0.080,-0.055
-0.130,-0.085,0.045,0.107,-0.087,-0.020,-0.020,-0.075,-0.065,-0.045,-0.080,-0.055
-0.126,-0.086,0.041,0.106,-0.083,-0.022,-0.020,-0.075,-0.065,-0.045,-0.080,-0.055
-0.121,-0.082,0.040,0.102,-0.080,-0.021,-0.019,-0.075,-0.066,-0.045,-0.080,-0.055
-0.120,-0.080,0.040,0.100,-0.080,-0.020,-0.024,-0.075,-0.063,-0.045,-0.080,-0.055
-0.120,-0.080,0.040,0.100,-0.080,-0.020,-0.030,-0.075,-0.060,-0.044,-0.079,-0.055
-0.120,-0.080,0.040,0.100,-0.080,-0.020,-0.025,-0.075,-0.060,-0.040,-0.075,-0.055
-0.120,-0.080,0.040,0.100,-0.080,-0.020,-0.025,-0.075,-0.060,-0.040,-0.075,-0.055
-0.117,-0.077,0.040,0.097,-0.078,-0.018,-0.025,-0.076,-0.057,-0.040,-0.075,-0.056
-0.114,-0.074,0.040,0.094,-0.077,-0.017,-0.025,-0.073,-0.055,-0.040,-0.075,-0.053
-0.115,-0.075,0.040,0.095,-0.077,-0.017,-0.024,-0.070,-0.055,-0.040,-0.075,-0.050
-0.115,-0.075,0.040,0.095,-0.077,-0.017,-0.020,-0.070,-0.055,-0.040,-0.075,-0.050
-0.111,-0.071,0.040,0.091,-0.075,-0.015,-0.020,-0.070,-0.055,-0.040,-0.075,-0.050
-0.110,-0.070,0.040,0.090,-0.075,-0.015,-0.020,-0.070,-0.052,-0.040,-0.075,-0.050
-0.110,-0.070,0.040,0.090,-0.075,-0.015,-0.020,-0.070,-0.049,-0.040,-0.075,-0.050
-0.110,-0.070,0.039,0.090,-0.075,-0.015,-0.020,-0.070,-0.050,-0.040,-0.075,-0.050
-0.105,-0.070,0.035,0.087,-0.070,-0.017,-0.020,-0.070,-0.050,-0.040,-0.075,-0.050
-0.096,-0.066,0.031,0.081,-0.063,-0.017,-0.016,-0.071,-0.046,-0.040,-0.075,-0.050
-0.095,-0.065,0.030,0.080,-0.062,-0.017,-0.015,-0.068,-0.045,-0.038,-0.073,-0.050
-0.093,-0.065,0.029,0.079,-0.060,-0.018,-0.015,-0.078,-0.045,-0.046,-0.081,-0.050
-0.089,-0.065,0.024,0.077,-0.056,-0.021,-0.015,-0.090,-0.045,-0.056,-0.090,-0.050
-0.085,-0.065,0.020,0.075,-0.052,-0.022,-0.015,-0.080,-0.045,-0.050,-0.085,-0.050
-0.075,-0.057,0.018,0.066,-0.046,-0.019,-0.015,-0.076,-0.041,-0.046,-0.085,-0.050
-0.084,-0.052,0.032,0.068,-0.058,-0.010,-0.012,-0.072,-0.040,-0.042,-0.086,-0.047
-0.089,-0.046,0.043,0.067,-0.066,-0.002,-0.009,-0.068,-0.040,-0.040,-0.083,-0.044
-0.077,-0.039,0.039,0.058,-0.058,0.000,-0.010,-0.064,-0.040,-0.039,-0.080,-0.045
-0.075,-0.035,0.040,0.055,-0.057,0.002,-0.010,-0.060,-0.040,-0.035,-0.080,-0.045
-0.085,-0.027,0.058,0.056,-0.071,0.015,-0.006,-0.056,-0.037,-0.031,-0.080,-0.045
-0.075,-0.021,0.054,0.047,-0.064,0.016,-0.005,-0.054,-0.029,-0.030,-0.081,-0.045
-0.058,-0.022,0.037,0.040,-0.047,0.007,-0.005,-0.059,-0.038,-0.029,-0.078,-0.045
-0.056,-0.025,0.030,0.040,-0.042,0.002,-0.005,-0.067,-0.051,-0.024,-0.075,-0.045
-0.070,-0.025,0.045,0.047,-0.057,0.010,-0.005,-0.070,-0.045,-0.020,-0.075,-0.045
-0.100,-0.025,0.075,0.063,-0.087,0.025,-0.001,-0.070,-0.045,-0.018,-0.075,-0.041
-0.104,-0.025,0.079,0.065,-0.091,0.027,0.001,-0.070,-0.045,-0.030,-0.075,-0.040
-0.099,-0.025,0.074,0.061,-0.086,0.025,-0.001,-0.070,-0.045,-0.035,-0.073,-0.040
-0.100,-0.025,0.074,0.062,-0.087,0.024,0.001,-0.070,-0.044,-0.029,-0.070,-0.040
-0.095,-0.025,0.070,0.060,-0.082,0.022,0.005,-0.070,-0.040,-0.030,-0.070,-0.040
-0.084,-0.014,0.070,0.049,-0.077,0.028,0.005,-0.070,-0.040,-0.030,-0.070,-0.040
-0.069,0.002,0.071,0.033,-0.070,0.036,0.005,-0.070,-0.040,-0.030,-0.067,-0.040
-0.068,0.000,0.068,0.034,-0.068,0.034,0.005,-0.070,-0.040,-0.030,-0.065,-0.040
-0.085,-0.020,0.065,0.052,-0.074,0.022,0.006,-0.070,-0.039,-0.030,-0.065,-0.039
-0.100,-0.035,0.065,0.067,-0.082,0.015,0.010,-0.070,-0.035,-0.030,-0.065,-0.035
-0.097,-0.032,0.065,0.064,-0.081,0.016,0.010,-0.070,-0.035,-0.030,-0.065,-0.035
-0.088,-0.026,0.062,0.057,-0.075,0.017,0.010,-0.070,-0.035,-0.030,-0.062,-0.035
-0.084,-0.025,0.059,0.055,-0.071,0.017,0.011,-0.070,-0.035,-0.030,-0.059,-0.035
-0.085,-0.025,0.060,0.055,-0.072,0.017,0.008,-0.070,-0.035,-0.030,-0.060,-0.035
-0.080,-0.020,0.060,0.050,-0.070,0.020,0.000,-0.070,-0.035,-0.030,-0.060,-0.035
-0.071,-0.015,0.056,0.043,-0.063,0.020,-0.004,-0.070,-0.031,-0.030,-0.060,-0.035
-0.071,-0.017,0.054,0.043,-0.062,0.019,-0.011,-0.070,-0.030,-0.030,-0.057,-0.035
-0.064,-0.009,0.056,0.036,-0.059,0.024,-0.017,-0.070,-0.030,-0.030,-0.054,-0.035
-0.064,-0.009,0.054,0.036,-0.058,0.022,-0.022,-0.070,-0.030,-0.030,-0.055,-0.034
-0.085,-0.035,0.050,0.060,-0.067,0.007,-0.030,-0.070,-0.030,-0.030,-0.055,-0.030
-0.079,-0.029,0.050,0.054,-0.064,0.010,-0.034,-0.070,-0.026,-0.030,-0.055,-0.030
-0.068,-0.018,0.051,0.043,-0.059,0.016,-0.038,-0.070,-0.025,-0.030,-0.055,-0.030
-0.061,-0.013,0.048,0.037,-0.054,0.017,-0.040,-0.070,-0.025,-0.030,-0.055,-0.030
-0.053,-0.008,0.045,0.030,-0.049,0.018,-0.041,-0.070,-0.025,-0.030,-0.055,-0.030
-0.045,0.000,0.045,0.022,-0.045,0.022,-0.045,-0.070,-0.025,-0.030,-0.055,-0.030
-0.037,0.008,0.045,0.014,-0.041,0.026,-0.045,-0.070,-0.025,-0.030,-0.055,-0.030
-0.031,0.014,0.045,0.008,-0.039,0.030,-0.045,-0.070,-0.028,-0.030,-0.055,-0.030
-0.029,0.014,0.043,0.007,-0.037,0.029,-0.045,-0.069,-0.032,-0.030,-0.055,-0.030
-0.031,0.009,0.040,0.011,-0.035,0.024,-0.046,-0.072,-0.036,-0.030,-0.055,-0.030
-0.035,0.005,0.040,0.015,-0.038,0.022,-0.050,-0.080,-0.040,-0.030,-0.055,-0.030
-0.035,0.005,0.040,0.015,-0.038,0.022,-0.050,-0.076,-0.044,-0.026,-0.051,-0.026
-0.035,0.002,0.037,0.016,-0.036,0.019,-0.050,-0.074,-0.048,-0.021,-0.050,-0.025
-0.035,0.000,0.035,0.017,-0.035,0.017,-0.050,-0.076,-0.050,-0.020,-0.050,-0.025
-0.036,0.000,0.035,0.018,-0.035,0.017,-0.050,-0.074,-0.050,-0.019,-0.050,-0.025
-0.040,-0.005,0.035,0.022,-0.037,0.015,-0.050,-0.070,-0.050,-0.015,-0.050,-0.025
-0.045,-0.010,0.035,0.027,-0.040,0.013,-0.051,-0.070,-0.050,-0.011,-0.050,-0.025
-0.042,-0.010,0.032,0.026,-0.037,0.011,-0.042,-0.068,-0.047,-0.006,-0.050,-0.025
-0.041,-0.012,0.029,0.026,-0.035,0.009,-0.047,-0.079,-0.044,-0.022,-0.050,-0.025
-0.046,-0.016,0.030,0.031,-0.037,0.007,-0.061,-0.098,-0.045,-0.042,-0.050,-0.025
-0.045,-0.015,0.030,0.030,-0.037,0.007,-0.055,-0.100,-0.045,-0.035,-0.050,-0.025
-0.043,-0.013,0.030,0.028,-0.036,0.008,-0.055,-0.100,-0.043,-0.034,-0.050,-0.023
-0.060,-0.030,0.031,0.045,-0.045,0.001,-0.055,-0.100,-0.059,-0.036,-0.050,-0.037
-0.057,-0.029,0.028,0.043,-0.042,0.000,-0.055,-0.100,-0.062,-0.034,-0.049,-0.049
-0.048,-0.023,0.025,0.035,-0.036,0.000,-0.055,-0.100,-0.057,-0.037,-0.052,-0.050
-0.075,-0.050,0.025,0.062,-0.050,-0.012,-0.055,-0.100,-0.075,-0.050,-0.065,-0.050
-0.077,-0.052,0.025,0.064,-0.051,-0.013,-0.051,-0.100,-0.076,-0.055,-0.070,-0.050
-0.074,-0.049,0.025,0.061,-0.050,-0.012,-0.050,-0.100,-0.074,-0.055,-0.070,-0.050
-0.075,-0.051,0.025,0.062,-0.050,-0.012,-0.050,-0.100,-0.075,-0.055,-0.070,-0.050
-0.075,-0.049,0.025,0.062,-0.050,-0.012,-0.050,-0.100,-0.075,-0.055,-0.070,-0.050
-0.075,-0.050,0.025,0.062,-0.050,-0.012,-0.050,-0.100,-0.075,-0.055,-0.070,-0.050
-0.080,-0.059,0.021,0.069,-0.050,-0.019,-0.050,-0.100,-0.075,-0.055,-0.074,-0.059
-0.078,-0.058,0.020,0.068,-0.048,-0.019,-0.051,-0.100,-0.075,-0.055,-0.073,-0.058
-0.073,-0.053,0.020,0.063,-0.046,-0.016,-0.048,-0.100,-0.075,-0.056,-0.068,-0.053
-0.078,-0.058,0.020,0.068,-0.048,-0.018,-0.045,-0.100,-0.075,-0.061,-0.073,-0.057
-0.095,-0.075,0.020,0.085,-0.057,-0.027,-0.045,-0.100,-0.075,-0.065,-0.090,-0.070
-0.109,-0.089,0.020,0.099,-0.065,-0.034,-0.045,-0.100,-0.075,-0.065,-0.091,-0.075
-0.105,-0.088,0.017,0.096,-0.061,-0.035,-0.045,-0.100,-0.075,-0.065,-0.090,-0.075
-0.099,-0.084,0.014,0.091,-0.056,-0.035,-0.045,-0.100,-0.075,-0.065,-0.090,-0.075
-0.100,-0.085,0.015,0.092,-0.057,-0.035,-0.044,-0.100,-0.075,-0.065,-0.090,-0.075
-0.100,-0.085,0.015,0.092,-0.057,-0.035,-0.040,-0.100,-0.075,-0.065,-0.090,-0.075
-0.100,-0.085,0.015,0.092,-0.057,-0.035,-0.040,-0.100,-0.075,-0.065,-0.089,-0.075
-0.100,-0.085,0.015,0.092,-0.057,-0.035,-0.040,-0.097,-0.075,-0.063,-0.097,-0.075
-0.100,-0.085,0.015,0.092,-0.057,-0.035,-0.040,-0.093,-0.074,-0.058,-0.099,-0.074
-0.099,-0.085,0.014,0.092,-0.056,-0.035,-0.040,-0.098,-0.078,-0.064,-0.094,-0.076
-0.095,-0.085,0.010,0.090,-0.052,-0.037,-0.040,-0.110,-0.090,-0.080,-0.095,-0.085
-0.090,-0.085,0.005,0.087,-0.047,-0.040,-0.040,-0.106,-0.086,-0.077,-0.095,-0.090
-0.095,-0.085,0.010,0.089,-0.052,-0.038,-0.037,-0.104,-0.084,-0.074,-0.095,-0.090
-0.105,-0.085,0.020,0.095,-0.062,-0.032,-0.034,-0.106,-0.086,-0.076,-0.095,-0.090
-0.110,-0.085,0.025,0.097,-0.067,-0.030,-0.035,-0.104,-0.084,-0.074,-0.095,-0.090
-0.105,-0.085,0.020,0.095,-0.062,-0.032,-0.035,-0.100,-0.080,-0.070,-0.095,-0.090
-0.101,-0.081,0.020,0.091,-0.060,-0.030,-0.035,-0.100,-0.080,-0.070,-0.095,-0.094
-0.100,-0.080,0.020,0.090,-0.060,-0.030,-0.035,-0.100,-0.081,-0.071,-0.095,-0.095
-0.100,-0.080,0.020,0.090,-0.060,-0.030,-0.035,-0.100,-0.078,-0.068,-0.095,-0.095
-0.100,-0.080,0.020,0.090,-0.060,-0.030,-0.035,-0.099,-0.075,-0.065,-0.095,-0.095
-0.100,-0.080,0.020,0.090,-0.060,-0.030,-0.035,-0.095,-0.075,-0.065,-0.095,-0.095
-0.100,-0.080,0.020,0.090,-0.060,-0.030,-0.031,-0.095,-0.075,-0.065,-0.095,-0.095
-0.101,-0.080,0.021,0.090,-0.061,-0.030,-0.030,-0.096,-0.072,-0.062,-0.095,-0.094
-0.098,-0.080,0.018,0.089,-0.058,-0.031,-0.030,-0.093,-0.069,-0.059,-0.095,-0.097
-0.095,-0.080,0.015,0.087,-0.055,-0.032,-0.030,-0.090,-0.070,-0.060,-0.095,-0.100
-0.095,-0.080,0.015,0.087,-0.055,-0.032,-0.030,-0.090,-0.070,-0.060,-0.095,-0.100
-0.095,-0.080,0.015,0.087,-0.055,-0.032,-0.030,-0.090,-0.066,-0.056,-0.094,-0.100
-0.095,-0.080,0.015,0.087,-0.055,-0.032,-0.030,-0.091,-0.064,-0.054,-0.103,-0.100
-0.094,-0.079,0.015,0.086,-0.055,-0.031,-0.031,-0.088,-0.066,-0.056,-0.117,-0.101
-0.097,-0.082,0.015,0.089,-0.056,-0.033,-0.029,-0.085,-0.064,-0.054,-0.118,-0.107
-0.110,-0.095,0.015,0.102,-0.062,-0.040,-0.020,-0.085,-0.060,-0.050,-0.105,-0.115
-0.120,-0.105,0.015,0.112,-0.067,-0.045,-0.012,-0.084,-0.059,-0.049,-0.097,-0.108
-0.113,-0.094,0.018,0.103,-0.065,-0.038,-0.004,-0.088,-0.063,-0.053,-0.090,-0.099
-0.131,-0.078,0.053,0.105,-0.092,-0.013,0.004,-0.074,-0.047,-0.038,-0.079,-0.091
-0.156,-0.066,0.089,0.110,-0.123,0.011,0.012,-0.043,-0.011,0.000,-0.067,-0.083
-0.135,-0.050,0.085,0.092,-0.110,0.017,0.020,-0.015,0.015,0.030,-0.060,-0.075
-0.124,-0.039,0.085,0.081,-0.104,0.023,0.022,0.029,0.034,0.046,-0.056,-0.059
-0.099,-0.016,0.084,0.057,-0.091,0.034,0.043,0.070,0.103,0.102,-0.016,-0.045
-0.075,0.015,0.090,0.029,-0.083,0.052,0.063,0.129,0.193,0.176,0.032,-0.018
-0.034,0.040,0.075,-0.003,-0.055,0.058,0.081,0.210,0.277,0.251,0.089,0.026
0.040,0.050,0.010,-0.045,0.015,0.030,0.100,0.290,0.375,0.340,0.175,0.065
0.089,0.042,-0.046,-0.066,0.067,-0.002,0.083,0.370,0.484,0.432,0.245,0.098
0.180,0.076,-0.105,-0.128,0.142,-0.014,0.078,0.448,0.619,0.563,0.345,0.163
0.313,0.149,-0.164,-0.231,0.239,-0.007,0.029,0.486,0.741,0.701,0.496,0.263
0.438,0.211,-0.227,-0.325,0.333,-0.008,-0.059,0.474,0.840,0.826,0.667,0.380
0.560,0.240,-0.320,-0.400,0.440,-0.040,-0.135,0.445,0.925,0.935,0.820,0.495
0.735,0.290,-0.445,-0.513,0.590,-0.077,-0.264,0.422,0.958,0.984,0.942,0.595
0.862,0.347,-0.515,-0.604,0.688,-0.084,-0.405,0.347,0.949,0.996,1.045,0.693
0.962,0.387,-0.575,-0.675,0.769,-0.094,-0.547,0.209,0.848,0.923,1.077,0.751
1.017,0.374,-0.643,-0.695,0.829,-0.134,-0.689,0.017,0.634,0.733,1.020,0.760
0.980,0.305,-0.675,-0.642,0.827,-0.185,-0.810,-0.220,0.335,0.450,0.895,0.725
0.961,0.249,-0.712,-0.605,0.836,-0.231,-0.893,-0.470,-0.031,0.104,0.683,0.609
0.917,0.148,-0.768,-0.532,0.842,-0.309,-0.927,-0.669,-0.326,-0.205,0.459,0.480
0.821,0.059,-0.762,-0.440,0.791,-0.351,-0.979,-0.910,-0.642,-0.487,0.258,0.378
0.681,0.014,-0.667,-0.347,0.673,-0.326,-1.066,-1.197,-0.988,-0.742,0.102,0.304
0.525,-0.040,-0.565,-0.242,0.545,-0.302,-1.130,-1.410,-1.225,-0.925,-0.005,0.245
0.413,-0.109,-0.522,-0.152,0.468,-0.315,-1.158,-1.518,-1.352,-1.044,-0.096,0.188
0.324,-0.165,-0.489,-0.079,0.407,-0.327,-1.124,-1.503,-1.400,-1.105,-0.159,0.142
0.250,-0.184,-0.434,-0.033,0.342,-0.309,-1.084,-1.471,-1.385,-1.081,-0.213,0.097
0.182,-0.188,-0.370,0.004,0.277,-0.279,-1.028,-1.413,-1.311,-1.017,-0.240,0.066
0.115,-0.195,-0.310,0.040,0.213,-0.252,-0.910,-1.250,-1.185,-0.960,-0.215,0.065
0.086,-0.146,-0.232,0.031,0.159,-0.189,-0.798,-1.088,-1.034,-0.843,-0.193,0.058
0.089,-0.088,-0.176,0.000,0.133,-0.132,-0.682,-0.938,-0.885,-0.722,-0.183,0.081
0.068,-0.064,-0.132,-0.002,0.100,-0.097,-0.574,-0.809,-0.765,-0.623,-0.178,0.082
0.028,-0.065,-0.093,0.019,0.061,-0.078,-0.491,-0.706,-0.673,-0.550,-0.174,0.047
0.015,-0.060,-0.075,0.023,0.045,-0.067,-0.425,-0.620,-0.595,-0.500,-0.170,0.025
0.000,-0.056,-0.056,0.028,0.029,-0.056,-0.369,-0.551,-0.534,-0.449,-0.166,0.001
-0.027,-0.052,-0.025,0.040,0.000,-0.038,-0.312,-0.487,-0.475,-0.394,-0.162,-0.021
-0.065,-0.048,0.017,0.057,-0.041,-0.015,-0.260,-0.424,-0.415,-0.335,-0.158,-0.039
-0.086,-0.043,0.042,0.065,-0.064,0.000,-0.214,-0.366,-0.354,-0.284,-0.154,-0.052
-0.080,-0.040,0.040,0.060,-0.060,0.000,-0.170,-0.315,-0.295,-0.250,-0.150,-0.060
-0.103,-0.050,0.053,0.076,-0.077,0.001,-0.134,-0.266,-0.258,-0.213,-0.146,-0.072
-0.123,-0.070,0.053,0.096,-0.088,-0.008,-0.100,-0.230,-0.223,-0.186,-0.141,-0.081
-0.122,-0.073,0.049,0.098,-0.085,-0.012,-0.072,-0.199,-0.190,-0.164,-0.140,-0.091
-0.122,-0.072,0.050,0.097,-0.086,-0.011,-0.049,-0.168,-0.163,-0.146,-0.139,-0.101
-0.135,-0.085,0.050,0.110,-0.092,-0.017,-0.030,-0.140,-0.140,-0.135,-0.135,-0.100
-0.132,-0.082,0.050,0.107,-0.091,-0.016,-0.021,-0.115,-0.131,-0.127,-0.131,-0.098
-0.129,-0.079,0.050,0.104,-0.090,-0.015,-0.017,-0.102,-0.124,-0.116,-0.130,-0.112
-0.131,-0.081,0.050,0.106,-0.090,-0.015,-0.011,-0.098,-0.116,-0.106,-0.129,-0.122
-0.129,-0.079,0.050,0.104,-0.089,-0.014,-0.004,-0.094,-0.108,-0.097,-0.124,-0.120
-0.125,-0.075,0.050,0.100,-0.087,-0.012,0.000,-0.090,-0.100,-0.085,-0.120,-0.120
-0.125,-0.075,0.050,0.100,-0.087,-0.012,0.008,-0.086,-0.092,-0.077,-0.121,-0.120
-0.125,-0.075,0.050,0.100,-0.087,-0.012,0.015,-0.082,-0.084,-0.069,-0.115,-0.119
-0.125,-0.075,0.050,0.100,-0.087,-0.013,0.012,-0.078,-0.076,-0.076,-0.121,-0.124
-0.133,-0.083,0.050,0.108,-0.092,-0.016,0.013,-0.074,-0.069,-0.085,-0.131,-0.131
-0.145,-0.095,0.050,0.120,-0.097,-0.022,0.030,-0.070,-0.065,-0.075,-0.125,-0.130
-0.137,-0.091,0.046,0.114,-0.091,-0.022,0.035,-0.066,-0.061,-0.071,-0.125,-0.130
-0.134,-0.089,0.045,0.111,-0.089,-0.022,0.035,-0.061,-0.057,-0.067,-0.125,-0.130
-0.135,-0.090,0.045,0.112,-0.090,-0.022,0.035,-0.060,-0.053,-0.063,-0.125,-0.130
-0.135,-0.090,0.045,0.112,-0.090,-0.022,0.035,-0.059,-0.049,-0.059,-0.124,-0.130
-0.135,-0.090,0.045,0.112,-0.090,-0.022,0.035,-0.055,-0.045,-0.055,-0.120,-0.130
-0.135,-0.090,0.045,0.112,-0.090,-0.022,0.035,-0.051,-0.041,-0.051,-0.120,-0.130
-0.136,-0.091,0.045,0.113,-0.090,-0.022,0.035,-0.050,-0.040,-0.047,-0.120,-0.130
-0.133,-0.088,0.045,0.110,-0.089,-0.021,0.035,-0.049,-0.040,-0.045,-0.120,-0.130
-0.130,-0.085,0.045,0.107,-0.087,-0.020,0.035,-0.044,-0.040,-0.045,-0.119,-0.130
-0.130,-0.085,0.045,0.107,-0.087,-0.020,0.035,-0.040,-0.040,-0.045,-0.115,-0.130
-0.130,-0.085,0.045,0.107,-0.087,-0.020,0.042,-0.040,-0.040,-0.045,-0.115,-0.130
-0.130,-0.085,0.045,0.107,-0.087,-0.020,0.053,-0.037,-0.040,-0.046,-0.115,-0.130
-0.130,-0.085,0.045,0.107,-0.087,-0.020,0.054,-0.034,-0.040,-0.043,-0.115,-0.130
-0.130,-0.085,0.044,0.107,-0.086,-0.020,0.049,-0.035,-0.039,-0.040,-0.115,-0.130
-0.130,-0.085,0.045,0.107,-0.087,-0.020,0.050,-0.035,-0.035,-0.040,-0.115,-0.130
-0.139,-0.081,0.058,0.110,-0.098,-0.011,0.050,-0.035,-0.035,-0.040,-0.111,-0.130
-0.138,-0.080,0.058,0.108,-0.098,-0.010,0.050,-0.036,-0.035,-0.040,-0.110,-0.130
-0.134,-0.080,0.054,0.107,-0.094,-0.013,0.050,-0.033,-0.035,-0.040,-0.110,-0.130
-0.135,-0.080,0.055,0.107,-0.095,-0.012,0.050,-0.030,-0.035,-0.040,-0.110,-0.130
-0.135,-0.080,0.055,0.107,-0.095,-0.012,0.050,-0.030,-0.035,-0.040,-0.110,-0.130
-0.135,-0.080,0.055,0.107,-0.095,-0.012,0.050,-0.030,-0.035,-0.036,-0.106,-0.129
-0.135,-0.080,0.055,0.107,-0.095,-0.012,0.050,-0.030,-0.036,-0.035,-0.105,-0.137
-0.136,-0.081,0.055,0.108,-0.095,-0.012,0.050,-0.030,-0.033,-0.035,-0.105,-0.139
-0.134,-0.079,0.055,0.106,-0.094,-0.011,0.050,-0.030,-0.030,-0.035,-0.105,-0.134
-0.135,-0.080,0.055,0.107,-0.095,-0.012,0.050,-0.030,-0.030,-0.035,-0.105,-0.135
-0.160,-0.106,0.055,0.132,-0.108,-0.025,0.050,-0.026,-0.030,-0.035,-0.105,-0.135
-0.165,-0.109,0.056,0.137,-0.110,-0.027,0.047,-0.025,-0.030,-0.032,-0.108,-0.135
-0.157,-0.104,0.053,0.130,-0.105,-0.025,0.044,-0.025,-0.030,-0.029,-0.111,-0.135
-0.154,-0.104,0.050,0.129,-0.101,-0.027,0.045,-0.025,-0.030,-0.030,-0.110,-0.135
-0.150,-0.100,0.050,0.125,-0.100,-0.025,0.045,-0.025,-0.030,-0.030,-0.110,-0.135
-0.150,-0.100,0.050,0.125,-0.100,-0.025,0.045,-0.025,-0.030,-0.030,-0.110,-0.135
-0.147,-0.097,0.050,0.122,-0.098,-0.023,0.045,-0.022,-0.031,-0.030,-0.113,-0.132
-0.145,-0.095,0.050,0.120,-0.097,-0.022,0.045,-0.019,-0.028,-0.030,-0.116,-0.129
-0.144,-0.094,0.050,0.119,-0.097,-0.022,0.045,-0.020,-0.025,-0.031,-0.115,-0.130
-0.140,-0.090,0.050,0.115,-0.095,-0.020,0.045,-0.020,-0.025,-0.035,-0.115,-0.130
-0.140,-0.090,0.050,0.115,-0.095,-0.020,0.045,-0.020,-0.025,-0.035,-0.115,-0.130
-0.137,-0.087,0.050,0.112,-0.093,-0.018,0.045,-0.020,-0.022,-0.035,-0.115,-0.130
-0.135,-0.085,0.051,0.110,-0.092,-0.017,0.045,-0.020,-0.019,-0.035,-0.115,-0.130
-0.133,-0.084,0.049,0.109,-0.091,-0.017,0.045,-0.019,-0.020,-0.034,-0.116,-0.130
-0.115,-0.080,0.035,0.097,-0.075,-0.022,0.045,-0.015,-0.020,-0.030,-0.120,-0.130
-0.096,-0.080,0.016,0.088,-0.056,-0.032,0.054,-0.015,-0.016,-0.030,-0.120,-0.126
-0.140,-0.077,0.063,0.108,-0.101,-0.007,0.053,-0.012,-0.014,-0.030,-0.120,-0.125
-0.171,-0.075,0.096,0.123,-0.133,0.010,0.049,-0.009,-0.016,-0.030,-0.120,-0.125
-0.157,-0.074,0.082,0.115,-0.119,0.004,0.050,-0.010,-0.014,-0.030,-0.120,-0.125
-0.150,-0.070,0.080,0.110,-0.115,0.005,0.050,-0.010,-0.010,-0.030,-0.120,-0.125
-0.146,-0.070,0.076,0.108,-0.111,0.003,0.050,-0.006,-0.010,-0.030,-0.120,-0.125
-0.142,-0.070,0.071,0.106,-0.106,0.000,0.050,-0.004,-0.011,-0.030,-0.120,-0.125
-0.140,-0.070,0.070,0.105,-0.105,0.000,0.049,-0.006,-0.008,-0.030,-0.120,-0.125
-0.140,-0.070,0.069,0.105,-0.105,-0.001,0.053,-0.004,-0.005,-0.030,-0.120,-0.124
-0.140,-0.075,0.065,0.107,-0.102,-0.005,0.065,0.000,-0.005,-0.030,-0.120,-0.125
-0.145,-0.084,0.061,0.114,-0.102,-0.011,0.061,0.000,-0.005,-0.030,-0.120,-0.138
-0.140,-0.083,0.057,0.111,-0.098,-0.012,0.059,-0.001,-0.002,-0.030,-0.120,-0.138
-0.131,-0.079,0.053,0.105,-0.092,-0.013,0.060,0.002,0.001,-0.030,-0.120,-0.134
-0.131,-0.081,0.050,0.106,-0.090,-0.016,0.060,0.005,0.000,-0.030,-0.120,-0.134
-0.140,-0.090,0.050,0.115,-0.095,-0.020,0.060,0.005,0.000,-0.030,-0.120,-0.130
-0.153,-0.103,0.050,0.128,-0.101,-0.026,0.060,0.004,0.004,-0.030,-0.120,-0.130
-0.153,-0.103,0.050,0.128,-0.101,-0.026,0.060,0.008,0.005,-0.030,-0.120,-0.127
-0.149,-0.099,0.050,0.124,-0.100,-0.025,0.061,0.009,0.005,-0.030,-0.120,-0.124
-0.150,-0.100,0.050,0.125,-0.100,-0.025,0.067,0.012,0.005,-0.030,-0.120,-0.126
-0.150,-0.100,0.050,0.125,-0.100,-0.025,0.075,0.020,0.005,-0.030,-0.120,-0.135
-0.150,-0.100,0.050,0.125,-0.100,-0.025,0.075,0.009,-0.003,-0.030,-0.119,-0.148
-0.150,-0.100,0.050,0.125,-0.100,-0.025,0.075,-0.007,-0.010,-0.030,-0.127,-0.148
-0.150,-0.100,0.050,0.125,-0.100,-0.025,0.075,-0.008,-0.008,-0.030,-0.129,-0.144
-0.149,-0.099,0.050,0.124,-0.100,-0.025,0.075,0.002,-0.005,-0.030,-0.124,-0.145
-0.145,-0.095,0.050,0.120,-0.097,-0.022,0.075,0.005,-0.005,-0.030,-0.125,-0.145
-0.145,-0.095,0.050,0.120,-0.097,-0.022,0.075,0.009,-0.001,-0.030,-0.126,-0.145
-0.146,-0.096,0.050,0.121,-0.097,-0.022,0.075,0.013,0.000,-0.027,-0.122,-0.142
-0.143,-0.093,0.050,0.118,-0.096,-0.021,0.075,0.017,0.002,-0.025,-0.120,-0.139
-0.139,-0.090,0.050,0.115,-0.095,-0.020,0.075,0.021,0.005,-0.024,-0.120,-0.140
-0.140,-0.090,0.050,0.115,-0.095,-0.020,0.075,0.025,0.005,-0.020,-0.120,-0.140
-0.141,-0.090,0.050,0.116,-0.096,-0.020,0.075,0.029,0.009,-0.020,-0.120,-0.140
-0.136,-0.087,0.049,0.111,-0.092,-0.019,0.074,0.030,0.010,-0.017,-0.117,-0.137
-0.139,-0.084,0.054,0.112,-0.096,-0.014,0.077,0.031,0.012,-0.015,-0.114,-0.134
-0.145,-0.085,0.060,0.115,-0.102,-0.012,0.080,0.037,0.015,-0.014,-0.115,-0.135
-0.140,-0.085,0.055,0.112,-0.097,-0.015,0.080,0.045,0.015,-0.010,-0.115,-0.135
-0.136,-0.081,0.055,0.108,-0.095,-0.013,0.084,0.044,0.018,-0.010,-0.115,-0.135
-0.135,-0.079,0.055,0.107,-0.095,-0.012,0.086,0.052,0.028,-0.007,-0.112,-0.136
-0.136,-0.081,0.055,0.108,-0.095,-0.012,0.084,0.053,0.025,-0.005,-0.109,-0.133
-0.134,-0.079,0.055,0.106,-0.094,-0.012,0.087,0.053,0.022,-0.004,-0.110,-0.130
-0.130,-0.075,0.055,0.102,-0.092,-0.010,0.095,0.070,0.040,0.000,-0.110,-0.130
-0.131,-0.075,0.056,0.102,-0.093,-0.009,0.096,0.071,0.041,0.000,-0.106,-0.130
-0.125,-0.076,0.050,0.100,-0.087,-0.013,0.093,0.068,0.039,0.003,-0.105,-0.131
-0.131,-0.073,0.057,0.102,-0.094,-0.008,0.100,0.075,0.043,0.005,-0.105,-0.128
-0.141,-0.069,0.071,0.105,-0.106,0.001,0.112,0.088,0.052,0.006,-0.105,-0.125
-0.135,-0.070,0.065,0.102,-0.100,-0.002,0.115,0.095,0.060,0.010,-0.105,-0.125
-0.131,-0.071,0.061,0.101,-0.096,-0.005,0.115,0.095,0.065,0.014,-0.101,-0.125
-0.122,-0.064,0.058,0.093,-0.090,-0.003,0.115,0.094,0.065,0.018,-0.100,-0.125
-0.110,-0.058,0.052,0.083,-0.081,-0.002,0.115,0.099,0.065,0.022,-0.100,-0.125
-0.113,-0.053,0.060,0.083,-0.086,0.003,0.116,0.106,0.064,0.026,-0.100,-0.124
-0.125,-0.045,0.080,0.085,-0.102,0.017,0.120,0.110,0.065,0.030,-0.100,-0.120
-0.110,-0.041,0.069,0.075,-0.090,0.014,0.117,0.119,0.083,0.032,-0.094,-0.118
-0.092,-0.035,0.057,0.063,-0.075,0.011,0.112,0.116,0.079,0.019,-0.104,-0.133
-0.079,-0.025,0.053,0.052,-0.066,0.014,0.124,0.121,0.080,0.021,-0.110,-0.139
-0.095,-0.028,0.067,0.062,-0.080,0.019,0.152,0.148,0.108,0.046,-0.104,-0.128
-0.140,-0.045,0.095,0.092,-0.117,0.025,0.170,0.175,0.130,0.060,-0.100,-0.125
-0.134,-0.042,0.092,0.088,-0.113,0.025,0.163,0.176,0.127,0.057,-0.096,-0.122
-0.129,-0.040,0.089,0.084,-0.109,0.025,0.152,0.174,0.123,0.050,-0.092,-0.114
-0.127,-0.038,0.088,0.082,-0.107,0.025,0.152,0.178,0.129,0.053,-0.088,-0.108
-0.119,-0.035,0.085,0.076,-0.101,0.025,0.164,0.188,0.136,0.062,-0.084,-0.104
-0.120,-0.035,0.085,0.077,-0.102,0.025,0.180,0.200,0.140,0.070,-0.080,-0.100
-0.112,-0.031,0.082,0.071,-0.097,0.025,0.185,0.208,0.152,0.078,-0.076,-0.104
-0.107,-0.030,0.077,0.069,-0.092,0.023,0.185,0.214,0.162,0.084,-0.072,-0.106
-0.118,-0.027,0.091,0.073,-0.104,0.032,0.185,0.214,0.167,0.085,-0.068,-0.103
-0.132,-0.018,0.114,0.075,-0.123,0.048,0.184,0.217,0.172,0.085,-0.064,-0.099
-0.130,-0.010,0.120,0.070,-0.125,0.055,0.185,0.235,0.185,0.090,-0.060,-0.095
-0.130,-0.006,0.124,0.068,-0.127,0.059,0.198,0.257,0.198,0.107,-0.056,-0.091
-0.125,0.000,0.125,0.062,-0.125,0.063,0.200,0.260,0.200,0.113,-0.055,-0.087
-0.115,0.010,0.125,0.052,-0.121,0.068,0.205,0.264,0.204,0.122,-0.054,-0.083
-0.109,0.016,0.125,0.046,-0.117,0.070,0.208,0.270,0.210,0.130,-0.049,-0.079
-0.105,0.020,0.125,0.042,-0.115,0.072,0.200,0.270,0.210,0.125,-0.045,-0.075
-0.097,0.036,0.134,0.030,-0.115,0.085,0.216,0.286,0.222,0.137,-0.045,-0.067
-0.088,0.045,0.133,0.022,-0.111,0.088,0.219,0.295,0.228,0.141,-0.043,-0.062
-0.083,0.045,0.128,0.019,-0.106,0.086,0.212,0.296,0.235,0.140,-0.037,-0.058
-0.079,0.045,0.124,0.017,-0.102,0.085,0.210,0.293,0.238,0.140,-0.035,-0.054
-0.070,0.050,0.120,0.010,-0.095,0.085,0.210,0.290,0.230,0.140,-0.035,-0.050
-0.050,0.066,0.116,-0.009,-0.083,0.091,0.206,0.307,0.247,0.149,-0.031,-0.046
-0.035,0.077,0.112,-0.021,-0.074,0.095,0.205,0.309,0.249,0.148,-0.027,-0.040
-0.024,0.083,0.107,-0.029,-0.066,0.095,0.204,0.302,0.244,0.143,-0.023,-0.044
-0.030,0.085,0.115,-0.027,-0.073,0.099,0.199,0.299,0.244,0.147,-0.019,-0.050
-0.050,0.085,0.135,-0.018,-0.093,0.110,0.195,0.295,0.240,0.155,-0.015,-0.040
-0.028,0.097,0.125,-0.035,-0.077,0.111,0.195,0.291,0.240,0.151,-0.011,-0.031
-0.035,0.105,0.140,-0.035,-0.088,0.122,0.192,0.286,0.237,0.149,-0.010,-0.027
-0.045,0.105,0.150,-0.030,-0.098,0.127,0.190,0.285,0.235,0.150,-0.008,-0.022
-0.032,0.106,0.138,-0.037,-0.085,0.121,0.189,0.284,0.234,0.149,-0.005,-0.013
-0.030,0.105,0.135,-0.038,-0.083,0.120,0.180,0.280,0.230,0.150,-0.005,-0.005
-0.037,0.094,0.132,-0.029,-0.085,0.112,0.176,0.293,0.230,0.159,-0.001,0.000
-0.013,0.110,0.124,-0.048,-0.069,0.117,0.173,0.288,0.227,0.158,0.000,-0.003
0.003,0.120,0.117,-0.061,-0.057,0.118,0.166,0.273,0.225,0.153,0.002,-0.005
-0.007,0.107,0.114,-0.050,-0.061,0.110,0.158,0.262,0.224,0.149,0.006,-0.006
-0.010,0.100,0.110,-0.045,-0.060,0.105,0.155,0.250,0.215,0.145,0.005,-0.010
-0.006,0.096,0.102,-0.045,-0.054,0.099,0.152,0.242,0.206,0.141,0.004,-0.010
-0.007,0.089,0.096,-0.042,-0.052,0.093,0.141,0.231,0.202,0.137,0.008,-0.013
-0.013,0.081,0.094,-0.034,-0.054,0.087,0.131,0.221,0.197,0.133,0.010,-0.015
-0.015,0.073,0.088,-0.029,-0.052,0.080,0.122,0.212,0.188,0.129,0.011,-0.016
-0.010,0.070,0.080,-0.030,-0.045,0.075,0.110,0.200,0.180,0.125,0.015,-0.020
-0.006,0.070,0.076,-0.033,-0.041,0.073,0.102,0.192,0.176,0.121,0.015,-0.020
-0.004,0.069,0.072,-0.033,-0.038,0.070,0.091,0.181,0.169,0.117,0.018,-0.019
0.008,0.074,0.067,-0.041,-0.030,0.071,0.080,0.169,0.161,0.113,0.020,-0.022
0.022,0.080,0.057,-0.051,-0.017,0.068,0.074,0.157,0.153,0.109,0.020,-0.025
0.015,0.070,0.055,-0.043,-0.020,0.062,0.070,0.145,0.145,0.105,0.020,-0.025
-0.015,0.062,0.077,-0.024,-0.046,0.069,0.070,0.133,0.137,0.101,0.016,-0.029
-0.022,0.054,0.076,-0.016,-0.049,0.065,0.071,0.121,0.129,0.094,0.011,-0.030
-0.021,0.046,0.067,-0.013,-0.044,0.056,0.068,0.110,0.121,0.087,0.010,-0.032
-0.026,0.038,0.063,-0.007,-0.044,0.050,0.065,0.103,0.113,0.084,0.009,-0.035
-0.025,0.030,0.055,-0.003,-0.040,0.042,0.065,0.095,0.105,0.080,0.005,-0.035
-0.026,0.026,0.052,0.000,-0.039,0.039,0.065,0.083,0.097,0.076,0.005,-0.039
-0.016,0.019,0.035,-0.001,-0.026,0.026,0.062,0.074,0.089,0.072,0.002,-0.041
0.009,0.012,0.004,-0.011,0.002,0.008,0.058,0.066,0.081,0.068,0.000,-0.039
0.017,0.009,-0.008,-0.013,0.013,0.000,0.054,0.058,0.073,0.064,0.000,-0.041
-0.015,0.005,0.020,0.005,-0.018,0.012,0.050,0.050,0.065,0.060,-0.005,-0.050
-0.046,0.001,0.047,0.023,-0.047,0.024,0.046,0.046,0.057,0.056,-0.010,-0.055
-0.052,-0.003,0.049,0.027,-0.050,0.023,0.045,0.039,0.052,0.052,-0.010,-0.055
-0.050,-0.006,0.044,0.028,-0.047,0.019,0.044,0.033,0.048,0.048,-0.012,-0.055
-0.057,-0.012,0.045,0.034,-0.051,0.016,0.039,0.028,0.044,0.044,-0.015,-0.055
-0.065,-0.020,0.045,0.042,-0.055,0.012,0.035,0.020,0.040,0.040,-0.015,-0.055
-0.059,-0.013,0.045,0.035,-0.052,0.016,0.031,0.016,0.036,0.041,-0.019,-0.055
-0.045,-0.003,0.042,0.023,-0.043,0.019,0.026,0.009,0.031,0.034,-0.020,-0.055
-0.056,-0.016,0.039,0.036,-0.047,0.011,0.025,0.002,0.030,0.027,-0.023,-0.057
-0.078,-0.038,0.040,0.058,-0.059,0.001,0.024,-0.001,0.029,0.024,-0.033,-0.061
-0.075,-0.035,0.040,0.055,-0.057,0.002,0.020,-0.005,0.020,0.020,-0.040,-0.065
-0.073,-0.033,0.040,0.053,-0.056,0.003,0.020,-0.009,0.011,0.016,-0.040,-0.069
-0.088,-0.048,0.041,0.068,-0.064,-0.003,0.020,-0.013,0.007,0.012,-0.040,-0.070
-0.095,-0.057,0.038,0.076,-0.066,-0.009,0.020,-0.017,0.002,0.008,-0.040,-0.072
-0.089,-0.055,0.035,0.071,-0.061,-0.010,0.020,-0.020,-0.007,0.004,-0.040,-0.075
-0.090,-0.055,0.035,0.072,-0.062,-0.010,0.020,-0.025,-0.015,0.000,-0.040,-0.075
-0.090,-0.055,0.035,0.072,-0.062,-0.010,0.016,-0.042,-0.020,0.000,-0.040,-0.084
-0.090,-0.055,0.036,0.072,-0.062,-0.010,0.015,-0.043,-0.020,0.001,-0.040,-0.083
-0.088,-0.055,0.033,0.071,-0.060,-0.011,0.015,-0.039,-0.021,-0.002,-0.041,-0.079
-0.085,-0.055,0.030,0.070,-0.057,-0.012,0.015,-0.040,-0.019,-0.005,-0.048,-0.080
-0.085,-0.055,0.030,0.070,-0.057,-0.012,0.015,-0.040,-0.015,-0.005,-0.060,-0.080
-0.085,-0.055,0.030,0.070,-0.057,-0.012,0.015,-0.052,-0.027,-0.005,-0.061,-0.080
-0.085,-0.055,0.030,0.070,-0.057,-0.012,0.016,-0.056,-0.034,-0.004,-0.060,-0.080
-0.086,-0.055,0.030,0.070,-0.058,-0.012,0.013,-0.055,-0.035,-0.007,-0.060,-0.080
-0.084,-0.055,0.029,0.069,-0.056,-0.012,0.010,-0.055,-0.035,-0.010,-0.060,-0.080
-0.080,-0.055,0.025,0.067,-0.052,-0.015,0.010,-0.055,-0.035,-0.010,-0.060,-0.080
-0.084,-0.059,0.025,0.071,-0.054,-0.017,0.010,-0.055,-0.035,-0.010,-0.060,-0.076
-0.085,-0.059,0.025,0.071,-0.055,-0.017,0.010,-0.055,-0.035,-0.010,-0.060,-0.075
-0.089,-0.064,0.025,0.076,-0.057,-0.019,0.010,-0.055,-0.035,-0.012,-0.060,-0.075
-0.096,-0.071,0.025,0.083,-0.061,-0.022,0.009,-0.054,-0.035,-0.015,-0.060,-0.075
-0.095,-0.070,0.025,0.082,-0.060,-0.022,0.005,-0.055,-0.035,-0.015,-0.060,-0.075
-0.091,-0.070,0.021,0.080,-0.056,-0.024,0.005,-0.068,-0.043,-0.015,-0.060,-0.075
-0.090,-0.070,0.020,0.080,-0.055,-0.025,0.005,-0.071,-0.046,-0.018,-0.060,-0.075
-0.090,-0.070,0.020,0.080,-0.055,-0.025,0.005,-0.070,-0.045,-0.020,-0.060,-0.075
-0.090,-0.070,0.020,0.080,-0.055,-0.025,0.005,-0.070,-0.045,-0.020,-0.060,-0.074
-0.090,-0.070,0.020,0.080,-0.055,-0.025,0.005,-0.070,-0.045,-0.020,-0.060,-0.070
-0.090,-0.070,0.020,0.080,-0.055,-0.025,0.005,-0.070,-0.045,-0.020,-0.060,-0.070
-0.091,-0.070,0.021,0.080,-0.056,-0.025,0.005,-0.070,-0.045,-0.023,-0.059,-0.070
-0.088,-0.070,0.018,0.079,-0.053,-0.026,0.005,-0.070,-0.045,-0.025,-0.064,-0.070
-0.085,-0.070,0.015,0.077,-0.050,-0.027,0.005,-0.070,-0.045,-0.025,-0.070,-0.070
-0.085,-0.070,0.015,0.077,-0.050,-0.027,0.005,-0.070,-0.045,-0.025,-0.065,-0.070
-0.085,-0.070,0.015,0.077,-0.050,-0.027,0.005,-0.070,-0.045,-0.024,-0.065,-0.070
-0.085,-0.070,0.015,0.077,-0.050,-0.027,0.005,-0.070,-0.045,-0.031,-0.065,-0.070
-0.085,-0.070,0.015,0.077,-0.050,-0.027,0.005,-0.070,-0.044,-0.038,-0.065,-0.069
-0.084,-0.070,0.014,0.077,-0.049,-0.027,0.006,-0.070,-0.047,-0.040,-0.065,-0.071
-0.080,-0.070,0.010,0.075,-0.045,-0.030,0.010,-0.070,-0.055,-0.040,-0.065,-0.080
-0.080,-0.070,0.010,0.075,-0.045,-0.030,0.010,-0.070,-0.051,-0.040,-0.064,-0.085
-0.080,-0.070,0.010,0.075,-0.045,-0.030,0.010,-0.070,-0.049,-0.040,-0.072,-0.085
-0.080,-0.070,0.010,0.075,-0.045,-0.030,0.011,-0.071,-0.050,-0.038,-0.075,-0.085
-0.080,-0.070,0.010,0.075,-0.045,-0.030,0.009,-0.067,-0.050,-0.034,-0.069,-0.084
-0.080,-0.070,0.010,0.075,-0.045,-0.030,0.000,-0.060,-0.050,-0.035,-0.070,-0.085
-0.080,-0.069,0.011,0.074,-0.046,-0.029,-0.009,-0.081,-0.046,-0.048,-0.083,-0.098
-0.080,-0.080,0.000,0.080,-0.040,-0.040,-0.008,-0.085,-0.045,-0.048,-0.083,-0.098
-0.080,-0.085,-0.005,0.083,-0.037,-0.045,-0.003,-0.077,-0.045,-0.044,-0.079,-0.094
-0.081,-0.079,0.001,0.080,-0.041,-0.039,0.001,-0.075,-0.045,-0.045,-0.080,-0.095
-0.085,-0.080,0.005,0.082,-0.045,-0.037,0.005,-0.075,-0.045,-0.045,-0.080,-0.095
-0.089,-0.080,0.009,0.084,-0.049,-0.035,0.005,-0.071,-0.045,-0.045,-0.080,-0.095
-0.091,-0.080,0.011,0.086,-0.051,-0.035,0.007,-0.066,-0.042,-0.045,-0.077,-0.096
-0.086,-0.078,0.008,0.082,-0.047,-0.035,0.013,-0.065,-0.039,-0.045,-0.074,-0.093
-0.079,-0.075,0.004,0.076,-0.041,-0.035,0.015,-0.064,-0.040,-0.045,-0.075,-0.090
-0.075,-0.075,0.000,0.075,-0.037,-0.037,0.015,-0.060,-0.040,-0.045,-0.075,-0.090
-0.071,-0.075,-0.004,0.073,-0.033,-0.039,0.019,-0.060,-0.040,-0.041,-0.075,-0.090
-0.069,-0.076,-0.006,0.073,-0.031,-0.041,0.023,-0.057,-0.037,-0.040,-0.072,-0.090
-0.072,-0.073,-0.001,0.072,-0.035,-0.037,0.026,-0.055,-0.034,-0.040,-0.069,-0.090
-0.076,-0.070,0.007,0.072,-0.041,-0.031,0.024,-0.054,-0.035,-0.040,-0.070,-0.090
-0.080,-0.070,0.010,0.075,-0.045,-0.030,0.020,-0.050,-0.035,-0.040,-0.070,-0.090
-0.084,-0.070,0.014,0.077,-0.049,-0.028,0.020,-0.050,-0.035,-0.040,-0.070,-0.086
-0.088,-0.070,0.018,0.079,-0.053,-0.026,0.020,-0.047,-0.035,-0.040,-0.071,-0.085
-0.092,-0.070,0.022,0.081,-0.057,-0.024,0.020,-0.045,-0.034,-0.041,-0.068,-0.085
-0.096,-0.069,0.026,0.082,-0.061,-0.021,0.020,-0.044,-0.029,-0.039,-0.065,-0.085
-0.095,-0.065,0.030,0.080,-0.062,-0.017,0.020,-0.040,-0.025,-0.030,-0.065,-0.085
-0.091,-0.065,0.026,0.078,-0.058,-0.019,0.020,-0.040,-0.025,-0.026,-0.065,-0.085
-0.087,-0.065,0.022,0.076,-0.054,-0.021,0.023,-0.037,-0.022,-0.023,-0.066,-0.082
-0.083,-0.065,0.018,0.074,-0.050,-0.024,0.027,-0.035,-0.020,-0.016,-0.063,-0.079
-0.079,-0.064,0.015,0.071,-0.046,-0.025,0.030,-0.034,-0.020,-0.009,-0.060,-0.080
-0.075,-0.060,0.015,0.067,-0.045,-0.022,0.030,-0.030,-0.015,-0.005,-0.060,-0.080
-0.071,-0.060,0.011,0.065,-0.041,-0.024,0.029,-0.030,-0.010,-0.001,-0.060,-0.080
-0.066,-0.060,0.006,0.063,-0.036,-0.027,0.037,-0.027,-0.010,0.003,-0.060,-0.080
-0.065,-0.060,0.005,0.062,-0.035,-0.027,0.040,-0.024,-0.008,0.007,-0.060,-0.080
-0.064,-0.060,0.004,0.062,-0.034,-0.027,0.034,-0.025,-0.005,0.010,-0.061,-0.081
-0.060,-0.060,0.000,0.060,-0.030,-0.030,0.030,-0.025,-0.005,0.010,-0.065,-0.085
-0.053,-0.057,-0.004,0.055,-0.024,-0.031,0.026,-0.025,-0.001,0.014,-0.064,-0.086
-0.041,-0.048,-0.007,0.045,-0.017,-0.027,0.022,-0.025,0.003,0.019,-0.072,-0.082
-0.064,-0.062,0.002,0.063,-0.033,-0.029,0.033,-0.025,0.007,0.020,-0.074,-0.078
-0.108,-0.082,0.026,0.095,-0.067,-0.028,0.046,-0.025,0.010,0.020,-0.069,-0.075
-0.120,-0.075,0.045,0.097,-0.082,-0.015,0.040,-0.025,0.010,0.020,-0.070,-0.080
-0.117,-0.075,0.042,0.096,-0.079,-0.016,0.040,-0.025,0.006,0.020,-0.070,-0.093
-0.111,-0.072,0.039,0.092,-0.075,-0.016,0.040,-0.025,0.001,0.020,-0.070,-0.093
-0.110,-0.070,0.041,0.090,-0.076,-0.015,0.040,-0.025,0.001,0.020,-0.070,-0.089
-0.108,-0.069,0.039,0.089,-0.074,-0.015,0.040,-0.025,0.006,0.020,-0.069,-0.090
-0.100,-0.065,0.035,0.082,-0.067,-0.015,0.040,-0.025,0.010,0.020,-0.065,-0.090
-0.099,-0.065,0.035,0.081,-0.066,-0.015,0.040,-0.021,0.010,0.020,-0.065,-0.090
-0.101,-0.066,0.036,0.083,-0.068,-0.015,0.040,-0.020,0.013,0.023,-0.065,-0.087
-0.096,-0.063,0.033,0.079,-0.064,-0.015,0.039,-0.020,0.017,0.026,-0.065,-0.084
-0.089,-0.060,0.030,0.075,-0.059,-0.015,0.043,-0.020,0.021,0.024,-0.065,-0.085
-0.090,-0.060,0.030,0.075,-0.060,-0.015,0.055,-0.020,0.020,0.020,-0.065,-0.085
-0.086,-0.056,0.030,0.071,-0.058,-0.012,0.051,-0.020,0.016,0.020,-0.065,-0.085
-0.082,-0.055,0.027,0.068,-0.054,-0.014,0.049,-0.020,0.015,0.020,-0.062,-0.082
-0.078,-0.053,0.024,0.065,-0.051,-0.014,0.051,-0.020,0.015,0.020,-0.059,-0.079
-0.075,-0.049,0.025,0.062,-0.050,-0.011,0.049,-0.020,0.015,0.020,-0.060,-0.080
-0.075,-0.050,0.025,0.062,-0.050,-0.012,0.045,-0.020,0.015,0.020,-0.060,-0.080
-0.071,-0.051,0.021,0.061,-0.046,-0.015,0.045,-0.020,0.015,0.020,-0.060,-0.080
-0.066,-0.047,0.019,0.056,-0.043,-0.013,0.045,-0.020,0.015,0.020,-0.061,-0.081
-0.065,-0.045,0.021,0.055,-0.042,-0.012,0.045,-0.020,0.015,0.020,-0.058,-0.078
-0.063,-0.044,0.019,0.054,-0.041,-0.012,0.044,-0.019,0.014,0.020,-0.055,-0.075
-0.055,-0.040,0.015,0.047,-0.035,-0.012,0.040,-0.015,0.010,0.020,-0.055,-0.075
-0.055,-0.040,0.015,0.047,-0.035,-0.012,0.040,-0.015,0.010,0.020,-0.055,-0.075
-0.052,-0.037,0.016,0.044,-0.034,-0.010,0.040,-0.015,0.010,0.021,-0.055,-0.076
-0.049,-0.036,0.013,0.042,-0.030,-0.011,0.040,-0.015,0.010,0.018,-0.055,-0.073
-0.042,-0.033,0.010,0.037,-0.025,-0.011,0.039,-0.015,0.010,0.015,-0.055,-0.070
-0.035,-0.025,0.010,0.030,-0.022,-0.007,0.035,-0.015,0.010,0.015,-0.055,-0.070
-0.054,-0.044,0.010,0.049,-0.032,-0.017,0.035,-0.015,0.010,0.015,-0.051,-0.070
-0.071,-0.062,0.008,0.066,-0.039,-0.027,0.036,-0.016,0.011,0.015,-0.050,-0.070
-0.080,-0.064,0.016,0.072,-0.047,-0.024,0.033,-0.013,0.008,0.015,-0.050,-0.070
-0.086,-0.059,0.026,0.072,-0.056,-0.016,0.030,-0.010,0.005,0.015,-0.050,-0.070
-0.085,-0.060,0.025,0.072,-0.055,-0.017,0.030,-0.010,0.005,0.015,-0.050,-0.070
-0.085,-0.060,0.025,0.072,-0.055,-0.017,0.030,-0.010,0.005,0.015,-0.050,-0.070
-0.085,-0.060,0.025,0.072,-0.055,-0.017,0.031,-0.010,0.005,0.015,-0.050,-0.070
-0.085,-0.060,0.025,0.072,-0.055,-0.017,0.028,-0.010,0.005,0.015,-0.050,-0.070
-0.085,-0.060,0.025,0.072,-0.055,-0.017,0.025,-0.010,0.005,0.015,-0.050,-0.070
-0.085,-0.060,0.025,0.072,-0.055,-0.017,0.025,-0.010,0.005,0.015,-0.050,-0.070
-0.084,-0.060,0.024,0.072,-0.054,-0.018,0.025,-0.009,0.005,0.015,-0.050,-0.070
-0.092,-0.060,0.032,0.075,-0.062,-0.014,0.025,-0.015,0.005,0.015,-0.048,-0.072
-0.094,-0.060,0.034,0.077,-0.064,-0.013,0.025,-0.027,0.003,0.015,-0.058,-0.079
-0.089,-0.060,0.029,0.075,-0.059,-0.015,0.025,-0.036,-0.001,0.015,-0.071,-0.087
-0.090,-0.060,0.030,0.075,-0.060,-0.015,0.025,-0.035,0.000,0.015,-0.065,-0.090
-0.091,-0.060,0.030,0.076,-0.061,-0.015,0.034,-0.035,0.008,0.014,-0.065,-0.090
-0.084,-0.057,0.027,0.070,-0.055,-0.015,0.033,-0.035,0.014,0.022,-0.065,-0.090
-0.079,-0.054,0.024,0.066,-0.051,-0.015,0.029,-0.035,0.013,0.024,-0.065,-0.090
-0.081,-0.055,0.026,0.067,-0.053,-0.015,0.030,-0.035,0.010,0.019,-0.065,-0.090
-0.080,-0.055,0.025,0.067,-0.052,-0.015,0.030,-0.035,0.010,0.020,-0.065,-0.090
-0.073,-0.055,0.018,0.064,-0.045,-0.018,0.030,-0.035,0.010,0.020,-0.065,-0.090
-0.091,-0.055,0.036,0.073,-0.063,-0.009,0.031,-0.035,0.011,0.020,-0.066,-0.090
-0.100,-0.055,0.045,0.077,-0.072,-0.005,0.028,-0.035,0.008,0.020,-0.063,-0.090
-0.087,-0.055,0.032,0.070,-0.059,-0.012,0.025,-0.035,0.005,0.020,-0.060,-0.090
-0.080,-0.055,0.025,0.067,-0.052,-0.015,0.025,-0.035,0.005,0.020,-0.060,-0.090
-0.076,-0.055,0.021,0.066,-0.048,-0.016,0.025,-0.035,0.005,0.020,-0.060,-0.090
-0.069,-0.055,0.014,0.062,-0.041,-0.020,0.025,-0.035,0.006,0.017,-0.060,-0.090
-0.061,-0.055,0.006,0.058,-0.033,-0.024,0.025,-0.035,0.003,0.014,-0.060,-0.090
-0.053,-0.055,-0.002,0.054,-0.025,-0.028,0.025,-0.035,0.000,0.015,-0.060,-0.090
-0.050,-0.055,-0.005,0.053,-0.022,-0.030,0.025,-0.035,0.000,0.015,-0.060,-0.090
-0.061,-0.051,0.010,0.055,-0.035,-0.020,0.021,-0.035,0.000,0.015,-0.060,-0.090
-0.077,-0.050,0.027,0.063,-0.052,-0.011,0.020,-0.035,0.000,0.015,-0.057,-0.090
-0.077,-0.050,0.027,0.063,-0.052,-0.011,0.020,-0.035,0.000,0.015,-0.054,-0.090
-0.060,-0.050,0.010,0.055,-0.035,-0.019,0.020,-0.035,-0.001,0.015,-0.055,-0.090
-0.050,-0.050,0.000,0.050,-0.025,-0.025,0.020,-0.035,-0.005,0.015,-0.055,-0.090
-0.069,-0.050,0.018,0.059,-0.043,-0.015,0.020,-0.035,-0.005,0.011,-0.055,-0.090
-0.091,-0.050,0.041,0.070,-0.066,-0.004,0.017,-0.035,-0.005,0.010,-0.055,-0.090
-0.093,-0.050,0.043,0.071,-0.068,-0.003,0.014,-0.034,-0.005,0.010,-0.055,-0.089
-0.083,-0.050,0.033,0.066,-0.058,-0.008,0.015,-0.037,-0.006,0.010,-0.055,-0.092
-0.080,-0.050,0.030,0.065,-0.055,-0.010,0.015,-0.045,-0.010,0.010,-0.055,-0.100
-0.072,-0.050,0.022,0.061,-0.047,-0.014,0.015,-0.041,-0.010,0.010,-0.055,-0.096
-0.067,-0.050,0.017,0.058,-0.042,-0.016,0.015,-0.039,-0.010,0.010,-0.055,-0.094
-0.062,-0.050,0.012,0.056,-0.037,-0.019,0.015,-0.040,-0.010,0.010,-0.055,-0.096
-0.052,-0.049,0.003,0.050,-0.027,-0.023,0.015,-0.040,-0.010,0.010,-0.055,-0.094
-0.045,-0.045,0.000,0.045,-0.022,-0.022,0.015,-0.040,-0.010,0.010,-0.055,-0.090
-0.063,-0.045,0.018,0.054,-0.040,-0.013,0.024,-0.040,-0.010,0.006,-0.055,-0.090
-0.088,-0.045,0.043,0.067,-0.065,-0.001,0.023,-0.040,-0.009,0.005,-0.055,-0.090
-0.095,-0.045,0.050,0.070,-0.072,0.002,0.019,-0.040,-0.012,0.005,-0.054,-0.090
-0.089,-0.045,0.044,0.067,-0.066,0.000,0.020,-0.040,-0.015,0.005,-0.058,-0.089
-0.090,-0.045,0.045,0.067,-0.067,0.000,0.020,-0.040,-0.010,0.005,-0.070,-0.085
-0.086,-0.045,0.041,0.065,-0.063,-0.002,0.020,-0.040,-0.010,0.005,-0.066,-0.085
-0.085,-0.045,0.040,0.065,-0.062,-0.002,0.020,-0.040,-0.010,0.005,-0.064,-0.085
-0.083,-0.045,0.038,0.064,-0.060,-0.003,0.020,-0.040,-0.010,0.005,-0.066,-0.085
-0.080,-0.045,0.035,0.062,-0.057,-0.005,0.020,-0.040,-0.010,0.004,-0.064,-0.084
-0.080,-0.045,0.035,0.062,-0.057,-0.005,0.020,-0.040,-0.010,0.000,-0.060,-0.080
-0.076,-0.045,0.031,0.061,-0.053,-0.007,0.020,-0.040,-0.010,0.000,-0.060,-0.080
-0.072,-0.043,0.029,0.058,-0.050,-0.006,0.020,-0.040,-0.010,0.000,-0.061,-0.081
-0.083,-0.053,0.031,0.068,-0.056,-0.011,0.020,-0.040,-0.010,0.000,-0.058,-0.078
-0.095,-0.066,0.029,0.081,-0.062,-0.018,0.020,-0.040,-0.010,0.000,-0.055,-0.075
-0.085,-0.060,0.025,0.072,-0.055,-0.017,0.020,-0.040,-0.010,0.000,-0.055,-0.075
-0.079,-0.053,0.025,0.066,-0.052,-0.014,0.016,-0.040,-0.010,0.000,-0.055,-0.075
-0.090,-0.068,0.022,0.079,-0.055,-0.023,0.015,-0.040,-0.011,0.001,-0.052,-0.076
-0.094,-0.074,0.020,0.084,-0.056,-0.027,0.015,-0.040,-0.008,-0.002,-0.049,-0.073
-0.073,-0.054,0.019,0.064,-0.046,-0.017,0.015,-0.040,-0.005,-0.005,-0.050,-0.070
-0.060,-0.045,0.015,0.052,-0.037,-0.015,0.015,-0.040,-0.005,-0.005,-0.050,-0.070
-0.094,-0.078,0.015,0.086,-0.054,-0.032,0.015,-0.040,-0.005,-0.005,-0.046,-0.070
-0.097,-0.085,0.012,0.091,-0.055,-0.037,0.015,-0.040,-0.005,-0.005,-0.044,-0.069
-0.088,-0.079,0.009,0.083,-0.049,-0.035,0.015,-0.039,-0.005,-0.005,-0.046,-0.073
-0.090,-0.079,0.010,0.085,-0.050,-0.034,0.015,-0.042,-0.005,-0.005,-0.044,-0.082
-0.085,-0.075,0.010,0.080,-0.047,-0.032,0.015,-0.050,-0.005,-0.005,-0.040,-0.085
-0.077,-0.075,0.002,0.076,-0.039,-0.036,0.015,-0.046,-0.005,-0.005,-0.040,-0.081
-0.068,-0.072,-0.004,0.070,-0.032,-0.037,0.015,-0.044,-0.005,-0.006,-0.041,-0.079
-0.063,-0.070,-0.007,0.067,-0.028,-0.038,0.015,-0.046,-0.005,-0.002,-0.038,-0.081
-0.058,-0.069,-0.011,0.064,-0.023,-0.040,0.015,-0.044,-0.005,0.007,-0.035,-0.079
-0.050,-0.065,-0.015,0.058,-0.017,-0.040,0.015,-0.040,-0.005,0.010,-0.035,-0.075
-0.054,-0.065,-0.011,0.060,-0.021,-0.038,0.014,-0.040,-0.006,0.014,-0.035,-0.075
-0.052,-0.062,-0.009,0.057,-0.021,-0.035,0.025,-0.041,0.002,0.019,-0.034,-0.076
-0.050,-0.060,-0.010,0.055,-0.020,-0.035,0.030,-0.038,0.004,0.019,-0.039,-0.073
-0.049,-0.059,-0.010,0.054,-0.020,-0.035,0.024,-0.035,0.000,0.014,-0.046,-0.070
-0.045,-0.055,-0.010,0.050,-0.017,-0.032,0.025,-0.035,0.000,0.015,-0.050,-0.070
-0.045,-0.055,-0.010,0.050,-0.017,-0.032,0.025,-0.035,-0.004,0.015,-0.059,-0.070
-0.042,-0.052,-0.010,0.047,-0.016,-0.031,0.025,-0.033,-0.006,0.015,-0.058,-0.068
-0.040,-0.050,-0.010,0.045,-0.015,-0.030,0.025,-0.041,-0.004,0.015,-0.054,-0.076
-0.039,-0.048,-0.009,0.044,-0.015,-0.029,0.025,-0.051,-0.006,0.014,-0.055,-0.086
-0.040,-0.045,-0.005,0.043,-0.017,-0.025,0.025,-0.050,-0.010,0.010,-0.055,-0.085
-0.057,-0.062,-0.005,0.060,-0.026,-0.033,0.025,-0.049,-0.010,0.010,-0.055,-0.084
-0.059,-0.064,-0.005,0.062,-0.027,-0.034,0.022,-0.057,-0.013,0.010,-0.052,-0.092
-0.054,-0.059,-0.005,0.057,-0.025,-0.031,0.019,-0.059,-0.015,0.010,-0.049,-0.094
-0.055,-0.060,-0.005,0.058,-0.025,-0.032,0.020,-0.054,-0.015,0.010,-0.050,-0.089
-0.055,-0.060,-0.005,0.058,-0.025,-0.032,0.020,-0.055,-0.015,0.010,-0.050,-0.090
-0.055,-0.060,-0.005,0.058,-0.025,-0.032,0.020,-0.055,-0.011,0.010,-0.050,-0.091
-0.055,-0.060,-0.006,0.058,-0.024,-0.032,0.020,-0.055,-0.010,0.007,-0.051,-0.087
-0.057,-0.060,-0.003,0.059,-0.027,-0.031,0.020,-0.053,-0.010,0.004,-0.048,-0.085
-0.061,-0.060,0.000,0.060,-0.031,-0.030,0.020,-0.050,-0.010,0.005,-0.045,-0.085
-0.060,-0.060,0.000,0.060,-0.030,-0.030,0.020,-0.050,-0.010,0.005,-0.045,-0.085
-0.056,-0.056,0.000,0.056,-0.027,-0.028,0.016,-0.050,-0.010,0.005,-0.045,-0.085
-0.055,-0.055,0.000,0.055,-0.027,-0.027,0.015,-0.051,-0.010,0.006,-0.045,-0.082
-0.055,-0.055,0.000,0.055,-0.027,-0.027,0.015,-0.048,-0.010,0.003,-0.045,-0.079
-0.055,-0.055,0.000,0.055,-0.027,-0.027,0.015,-0.045,-0.010,0.000,-0.046,-0.080
-0.055,-0.055,0.000,0.055,-0.027,-0.027,0.015,-0.045,-0.010,0.000,-0.050,-0.080
-0.055,-0.055,0.000,0.055,-0.027,-0.027,0.015,-0.045,-0.010,0.000,-0.050,-0.080
-0.054,-0.055,-0.001,0.054,-0.026,-0.027,0.015,-0.045,-0.010,0.000,-0.055,-0.077
-0.059,-0.055,0.003,0.057,-0.031,-0.025,0.015,-0.045,-0.010,0.000,-0.065,-0.074
-0.066,-0.054,0.012,0.060,-0.038,-0.021,0.015,-0.044,-0.010,0.000,-0.070,-0.075
-0.065,-0.050,0.015,0.057,-0.040,-0.017,0.015,-0.040,-0.010,0.000,-0.065,-0.075
-0.069,-0.050,0.019,0.059,-0.044,-0.015,0.015,-0.040,-0.010,-0.004,-0.065,-0.071
-0.073,-0.050,0.023,0.061,-0.048,-0.013,0.015,-0.040,-0.010,-0.006,-0.065,-0.070
-0.077,-0.050,0.027,0.063,-0.052,-0.011,0.015,-0.040,-0.010,-0.004,-0.065,-0.070
-0.081,-0.050,0.031,0.066,-0.056,-0.009,0.015,-0.039,-0.010,-0.006,-0.065,-0.070
-0.085,-0.050,0.035,0.067,-0.060,-0.007,0.015,-0.035,-0.010,-0.010,-0.065,-0.070
-0.081,-0.050,0.031,0.065,-0.056,-0.009,0.024,-0.035,-0.010,-0.010,-0.061,-0.066
-0.080,-0.050,0.030,0.065,-0.055,-0.010,0.023,-0.035,-0.010,-0.010,-0.060,-0.065
-0.079,-0.050,0.028,0.064,-0.053,-0.011,0.019,-0.035,-0.010,-0.008,-0.060,-0.065
-0.074,-0.049,0.025,0.061,-0.049,-0.012,0.020,-0.035,-0.010,-0.005,-0.060,-0.066
-0.070,-0.045,0.025,0.057,-0.047,-0.010,0.020,-0.035,-0.010,-0.005,-0.060,-0.065
-0.066,-0.045,0.021,0.055,-0.043,-0.012,0.020,-0.038,-0.010,-0.005,-0.060,-0.054
-0.065,-0.045,0.020,0.055,-0.042,-0.012,0.020,-0.047,-0.011,-0.005,-0.061,-0.070
-0.063,-0.045,0.018,0.054,-0.040,-0.013,0.020,-0.049,-0.008,-0.005,-0.058,-0.081
-0.060,-0.045,0.015,0.052,-0.037,-0.015,0.020,-0.044,-0.005,-0.004,-0.055,-0.074
-0.060,-0.045,0.015,0.052,-0.037,-0.015,0.020,-0.045,-0.005,0.000,-0.055,-0.075
-0.052,-0.041,0.011,0.046,-0.031,-0.015,0.020,-0.045,-0.005,0.000,-0.055,-0.076
-0.050,-0.040,0.010,0.045,-0.030,-0.015,0.020,-0.045,-0.005,0.000,-0.055,-0.072
-0.048,-0.040,0.008,0.044,-0.028,-0.016,0.020,-0.043,-0.005,0.000,-0.055,-0.069
-0.045,-0.040,0.005,0.042,-0.025,-0.017,0.020,-0.040,-0.005,0.000,-0.054,-0.070
-0.045,-0.040,0.005,0.042,-0.025,-0.017,0.020,-0.040,-0.005,0.000,-0.050,-0.070
-0.039,-0.038,0.001,0.039,-0.020,-0.018,0.020,-0.040,-0.005,0.000,-0.050,-0.066
-0.050,-0.052,-0.002,0.051,-0.024,-0.027,0.020,-0.040,-0.005,0.003,-0.050,-0.064
-0.052,-0.048,0.005,0.050,-0.028,-0.021,0.020,-0.040,-0.005,0.006,-0.050,-0.066
-0.054,-0.044,0.009,0.049,-0.032,-0.017,0.020,-0.039,-0.004,0.005,-0.050,-0.064
-0.075,-0.075,0.000,0.075,-0.037,-0.037,0.020,-0.035,0.000,0.005,-0.050,-0.060
-0.065,-0.073,-0.008,0.069,-0.029,-0.040,0.020,-0.035,0.000,0.005,-0.050,-0.060
-0.048,-0.066,-0.018,0.057,-0.015,-0.042,0.020,-0.035,0.000,0.004,-0.052,-0.061
-0.046,-0.063,-0.017,0.055,-0.014,-0.040,0.020,-0.035,0.000,0.007,-0.060,-0.058
-0.051,-0.059,-0.008,0.055,-0.021,-0.034,0.020,-0.034,0.000,0.010,-0.065,-0.055
-0.050,-0.055,-0.005,0.053,-0.022,-0.030,0.020,-0.030,0.000,0.010,-0.060,-0.055
-0.049,-0.051,-0.002,0.050,-0.024,-0.026,0.020,-0.030,0.000,0.010,-0.055,-0.055
-0.053,-0.047,0.006,0.050,-0.029,-0.020,0.020,-0.030,0.000,0.010,-0.055,-0.052
-0.056,-0.043,0.013,0.049,-0.034,-0.015,0.020,-0.030,0.000,0.010,-0.053,-0.049
-0.055,-0.039,0.016,0.046,-0.035,-0.011,0.021,-0.030,-0.001,0.010,-0.050,-0.050
-0.055,-0.035,0.020,0.045,-0.037,-0.007,0.030,-0.030,0.000,0.010,-0.050,-0.050
-0.060,-0.035,0.024,0.047,-0.042,-0.005,0.048,-0.026,0.017,0.018,-0.046,-0.046
-0.057,-0.032,0.025,0.044,-0.041,-0.003,0.049,-0.025,0.022,0.024,-0.041,-0.045
-0.056,-0.030,0.027,0.043,-0.042,-0.001,0.043,-0.025,0.019,0.024,-0.040,-0.045
-0.060,-0.030,0.031,0.045,-0.045,0.000,0.047,-0.025,0.022,0.027,-0.039,-0.045
-0.055,-0.025,0.030,0.040,-0.042,0.002,0.055,-0.025,0.030,0.035,-0.035,-0.045
-0.046,-0.021,0.026,0.033,-0.036,0.002,0.060,-0.025,0.030,0.031,-0.035,-0.046
-0.045,-0.020,0.025,0.032,-0.035,0.002,0.060,-0.025,0.030,0.029,-0.032,-0.043
-0.044,-0.019,0.025,0.031,-0.034,0.003,0.062,-0.025,0.030,0.031,-0.029,-0.053
-0.039,-0.014,0.025,0.026,-0.031,0.006,0.065,-0.025,0.030,0.029,-0.030,-0.066
-0.040,-0.015,0.025,0.027,-0.032,0.005,0.065,-0.025,0.030,0.030,-0.030,-0.060
-0.053,-0.028,0.025,0.040,-0.039,-0.001,0.074,-0.025,0.039,0.043,-0.030,-0.060
-0.050,-0.028,0.022,0.039,-0.036,-0.003,0.073,-0.025,0.038,0.046,-0.031,-0.057
-0.044,-0.024,0.019,0.034,-0.031,-0.002,0.068,-0.025,0.034,0.045,-0.028,-0.054
-0.045,-0.024,0.020,0.034,-0.032,-0.002,0.064,-0.024,0.035,0.045,-0.025,-0.055
-0.040,-0.020,0.020,0.030,-0.030,0.000,0.060,-0.020,0.035,0.045,-0.025,-0.055
-0.040,-0.020,0.020,0.030,-0.030,0.000,0.056,-0.020,0.035,0.045,-0.025,-0.051
-0.041,-0.021,0.020,0.031,-0.030,0.000,0.055,-0.020,0.036,0.045,-0.025,-0.049
-0.038,-0.018,0.020,0.028,-0.029,0.001,0.054,-0.020,0.033,0.045,-0.025,-0.051
-0.034,-0.015,0.019,0.024,-0.026,0.002,0.049,-0.020,0.030,0.045,-0.025,-0.049
-0.030,-0.015,0.015,0.022,-0.022,0.000,0.045,-0.020,0.030,0.045,-0.025,-0.045
-0.026,-0.011,0.015,0.018,-0.020,0.002,0.041,-0.020,0.030,0.045,-0.021,-0.045
-0.024,-0.009,0.015,0.016,-0.020,0.002,0.036,-0.020,0.030,0.045,-0.020,-0.046
-0.026,-0.011,0.015,0.018,-0.020,0.002,0.035,-0.020,0.030,0.045,-0.020,-0.043
-0.024,-0.009,0.015,0.016,-0.020,0.003,0.034,-0.020,0.030,0.045,-0.020,-0.040
-0.015,0.000,0.015,0.007,-0.015,0.007,0.030,-0.020,0.030,0.045,-0.020,-0.040
-0.003,0.008,0.011,-0.003,-0.007,0.009,0.025,-0.020,0.026,0.045,-0.020,-0.040
0.006,0.016,0.010,-0.011,-0.002,0.013,0.025,-0.019,0.025,0.045,-0.017,-0.037
0.014,0.024,0.010,-0.019,0.002,0.017,0.023,-0.023,0.025,0.045,-0.014,-0.034
0.022,0.032,0.010,-0.027,0.006,0.021,0.020,-0.032,0.025,0.045,-0.015,-0.035
0.030,0.040,0.010,-0.035,0.010,0.025,0.020,-0.035,0.025,0.050,-0.015,-0.035
0.035,0.045,0.010,-0.040,0.012,0.027,0.016,-0.035,0.025,0.059,-0.015,-0.035
0.031,0.042,0.011,-0.036,0.010,0.026,0.011,-0.035,0.022,0.058,-0.015,-0.036
0.034,0.040,0.005,-0.037,0.015,0.022,0.010,-0.035,0.019,0.052,-0.015,-0.033
0.048,0.039,-0.008,-0.043,0.028,0.015,0.009,-0.035,0.020,0.050,-0.014,-0.030
0.050,0.035,-0.015,-0.042,0.032,0.010,0.005,-0.035,0.020,0.050,-0.010,-0.030
0.039,0.035,-0.003,-0.037,0.020,0.015,0.005,-0.035,0.020,0.046,-0.010,-0.030
0.025,0.032,0.007,-0.028,0.009,0.019,0.002,-0.035,0.020,0.045,-0.010,-0.030
0.016,0.030,0.013,-0.023,0.002,0.022,-0.001,-0.035,0.020,0.043,-0.010,-0.030
0.007,0.029,0.023,-0.018,-0.008,0.026,0.000,-0.035,0.019,0.040,-0.010,-0.030
-0.005,0.025,0.030,-0.010,-0.018,0.027,0.000,-0.035,0.015,0.040,-0.010,-0.030
-0.001,0.025,0.027,-0.012,-0.015,0.026,-0.004,-0.034,0.015,0.036,-0.010,-0.026
0.001,0.022,0.021,-0.011,-0.010,0.022,-0.006,-0.039,0.016,0.031,-0.010,-0.025
0.000,0.020,0.020,-0.010,-0.010,0.020,-0.004,-0.039,0.013,0.030,-0.010,-0.025
-0.001,0.019,0.019,-0.009,-0.010,0.019,-0.006,-0.034,0.010,0.029,-0.010,-0.025
-0.005,0.010,0.015,-0.003,-0.010,0.012,-0.010,-0.035,0.010,0.025,-0.010,-0.025
-0.005,0.006,0.010,-0.001,-0.008,0.008,-0.010,-0.035,0.010,0.025,-0.010,-0.025
-0.009,0.002,0.011,0.003,-0.010,0.006,-0.010,-0.034,0.007,0.022,-0.010,-0.022
-0.009,-0.002,0.007,0.005,-0.007,0.003,-0.010,-0.039,0.004,0.020,-0.010,-0.019
-0.004,-0.006,-0.002,0.005,-0.001,-0.003,-0.009,-0.045,0.005,0.019,-0.010,-0.020
-0.005,-0.010,-0.005,0.008,0.000,-0.007,-0.005,-0.040,0.005,0.015,-0.010,-0.020
-0.005,-0.013,-0.009,0.009,0.002,-0.011,-0.005,-0.040,0.001,0.015,-0.010,-0.020
-0.008,-0.022,-0.014,0.015,0.004,-0.018,-0.005,-0.041,-0.001,0.016,-0.010,-0.020
-0.010,-0.024,-0.014,0.018,0.002,-0.019,-0.005,-0.038,0.001,0.013,-0.010,-0.020
-0.010,-0.019,-0.009,0.015,-0.001,-0.014,-0.005,-0.035,-0.001,0.010,-0.010,-0.019
-0.015,-0.020,-0.005,0.018,-0.005,-0.012,-0.005,-0.035,-0.005,0.010,-0.010,-0.015
-0.030,-0.031,-0.001,0.031,-0.014,-0.016,-0.005,-0.034,-0.005,0.010,-0.009,-0.013
-0.046,-0.045,0.001,0.045,-0.023,-0.021,-0.006,-0.042,-0.004,0.007,-0.021,-0.026
-0.035,-0.038,-0.004,0.036,-0.015,-0.020,-0.003,-0.058,-0.007,0.004,-0.037,-0.042
-0.030,-0.041,-0.011,0.035,-0.009,-0.026,0.000,-0.065,-0.010,0.005,-0.048,-0.052
-0.060,-0.075,-0.015,0.068,-0.022,-0.045,0.000,-0.060,-0.010,0.005,-0.055,-0.060
-0.050,-0.073,-0.023,0.062,-0.013,-0.047,0.000,-0.060,-0.010,0.001,-0.051,-0.060
-0.040,-0.069,-0.029,0.055,-0.005,-0.049,0.000,-0.060,-0.013,-0.001,-0.049,-0.060
-0.040,-0.068,-0.029,0.054,-0.005,-0.049,0.000,-0.060,-0.016,0.001,-0.050,-0.060
-0.041,-0.065,-0.024,0.053,-0.008,-0.044,0.000,-0.060,-0.015,-0.001,-0.050,-0.060
-0.045,-0.065,-0.020,0.055,-0.012,-0.042,0.000,-0.060,-0.015,-0.005,-0.050,-0.060
-0.045,-0.061,-0.016,0.053,-0.015,-0.038,0.000,-0.060,-0.015,-0.005,-0.050,-0.060
-0.045,-0.060,-0.015,0.053,-0.015,-0.037,0.003,-0.061,-0.012,-0.004,-0.050,-0.061
-0.046,-0.060,-0.015,0.053,-0.015,-0.037,0.006,-0.058,-0.009,-0.007,-0.049,-0.057
-0.053,-0.078,-0.025,0.065,-0.014,-0.051,0.005,-0.055,-0.010,-0.011,-0.051,-0.057
-0.065,-0.110,-0.045,0.088,-0.010,-0.077,0.005,-0.055,-0.010,-0.010,-0.060,-0.070
-0.066,-0.107,-0.042,0.087,-0.011,-0.074,0.005,-0.055,-0.006,-0.009,-0.069,-0.071
-0.065,-0.104,-0.039,0.084,-0.012,-0.071,0.005,-0.055,-0.005,-0.017,-0.071,-0.070
-0.065,-0.106,-0.041,0.085,-0.012,-0.073,0.005,-0.055,-0.005,-0.019,-0.070,-0.070
-0.065,-0.104,-0.039,0.085,-0.013,-0.071,0.005,-0.055,-0.006,-0.015,-0.070,-0.070
-0.065,-0.100,-0.035,0.083,-0.015,-0.067,0.005,-0.055,-0.010,-0.015,-0.070,-0.070
-0.065,-0.100,-0.035,0.083,-0.015,-0.067,0.005,-0.055,-0.014,-0.011,-0.070,-0.070
-0.066,-0.101,-0.035,0.084,-0.015,-0.067,0.005,-0.052,-0.018,-0.009,-0.070,-0.069
-0.063,-0.098,-0.035,0.081,-0.013,-0.066,0.005,-0.049,-0.022,-0.011,-0.069,-0.073
-0.060,-0.095,-0.034,0.078,-0.013,-0.064,0.005,-0.050,-0.026,-0.009,-0.072,-0.082
-0.065,-0.095,-0.030,0.080,-0.017,-0.062,0.005,-0.050,-0.030,-0.005,-0.080,-0.085
-0.066,-0.095,-0.030,0.081,-0.018,-0.062,0.005,-0.050,-0.031,-0.005,-0.076,-0.081
-0.061,-0.092,-0.031,0.077,-0.015,-0.061,0.005,-0.050,-0.027,-0.002,-0.074,-0.080
-0.061,-0.089,-0.028,0.076,-0.017,-0.059,0.005,-0.050,-0.025,0.001,-0.075,-0.078
-0.066,-0.090,-0.025,0.079,-0.021,-0.057,0.006,-0.050,-0.024,0.000,-0.075,-0.074
-0.065,-0.090,-0.025,0.078,-0.020,-0.057,0.010,-0.050,-0.020,0.000,-0.075,-0.075
-0.061,-0.086,-0.025,0.074,-0.018,-0.055,0.014,-0.050,-0.020,0.004,-0.075,-0.075
-0.059,-0.084,-0.026,0.072,-0.016,-0.055,0.015,-0.047,-0.021,0.005,-0.075,-0.072
-0.062,-0.086,-0.023,0.074,-0.019,-0.054,0.015,-0.045,-0.018,0.007,-0.075,-0.069
-0.065,-0.084,-0.020,0.074,-0.022,-0.051,0.015,-0.044,-0.015,0.011,-0.075,-0.070
-0.060,-0.080,-0.020,0.070,-0.020,-0.050,0.015,-0.040,-0.015,0.010,-0.075,-0.070
-0.060,-0.079,-0.020,0.070,-0.020,-0.050,0.014,-0.040,-0.011,0.010,-0.075,-0.066
-0.061,-0.082,-0.021,0.071,-0.020,-0.051,0.024,-0.037,-0.009,0.013,-0.074,-0.064
-0.058,-0.074,-0.016,0.066,-0.021,-0.045,0.031,-0.036,-0.012,0.016,-0.080,-0.066
-0.046,-0.056,-0.009,0.051,-0.018,-0.032,0.031,-0.032,-0.006,0.014,-0.084,-0.064
-0.035,-0.040,-0.005,0.038,-0.015,-0.022,0.040,-0.015,0.020,0.015,-0.070,-0.060
-0.046,-0.025,0.021,0.035,-0.034,-0.001,0.053,0.000,0.039,0.041,-0.063,-0.059
-0.060,-0.007,0.053,0.033,-0.056,0.023,0.059,0.023,0.069,0.079,-0.043,-0.063
-0.069,-0.013,0.056,0.041,-0.062,0.021,0.062,0.045,0.098,0.107,-0.019,-0.051
-0.060,-0.024,0.035,0.042,-0.047,0.005,0.066,0.076,0.139,0.143,0.010,-0.031
-0.025,-0.005,0.020,0.015,-0.022,0.007,0.075,0.140,0.215,0.210,0.055,-0.015
0.008,0.011,0.003,-0.010,0.002,0.007,0.095,0.217,0.298,0.276,0.096,0.024
0.035,0.028,-0.008,-0.032,0.021,0.009,0.110,0.286,0.395,0.364,0.167,0.063
0.084,0.040,-0.044,-0.062,0.064,-0.002,0.134,0.374,0.510,0.467,0.252,0.113
0.160,0.056,-0.104,-0.108,0.132,-0.024,0.132,0.481,0.647,0.588,0.356,0.184
0.260,0.105,-0.155,-0.182,0.207,-0.025,0.070,0.550,0.790,0.735,0.510,0.275
0.404,0.192,-0.212,-0.298,0.308,-0.010,0.019,0.540,0.885,0.877,0.686,0.403
0.538,0.245,-0.293,-0.391,0.415,-0.024,-0.049,0.531,0.968,1.000,0.856,0.524
0.666,0.294,-0.372,-0.480,0.518,-0.039,-0.148,0.506,1.030,1.089,1.025,0.653
0.796,0.361,-0.435,-0.578,0.615,-0.037,-0.265,0.433,1.034,1.121,1.170,0.776
0.905,0.410,-0.495,-0.657,0.700,-0.042,-0.400,0.305,0.950,1.065,1.230,0.850
0.970,0.430,-0.541,-0.700,0.755,-0.055,-0.561,0.090,0.757,0.899,1.186,0.879
0.926,0.385,-0.540,-0.655,0.732,-0.077,-0.700,-0.150,0.485,0.661,1.087,0.831
0.889,0.333,-0.556,-0.611,0.723,-0.111,-0.785,-0.374,0.168,0.366,0.922,0.766
0.881,0.265,-0.615,-0.573,0.748,-0.175,-0.829,-0.581,-0.152,0.045,0.696,0.689
0.790,0.155,-0.635,-0.472,0.712,-0.240,-0.870,-0.800,-0.460,-0.255,0.475,0.570
0.649,0.111,-0.538,-0.379,0.593,-0.214,-0.931,-1.060,-0.786,-0.514,0.311,0.487
0.494,0.081,-0.414,-0.287,0.454,-0.167,-0.975,-1.267,-1.045,-0.717,0.170,0.418
0.383,0.037,-0.346,-0.210,0.365,-0.155,-1.019,-1.395,-1.201,-0.857,0.063,0.354
0.312,-0.013,-0.325,-0.149,0.318,-0.169,-1.036,-1.434,-1.280,-0.952,-0.006,0.295
0.235,-0.060,-0.295,-0.087,0.265,-0.177,-0.995,-1.400,-1.305,-1.005,-0.070,0.240
0.163,-0.092,-0.255,-0.035,0.209,-0.173,-0.966,-1.378,-1.271,-0.970,-0.132,0.197
0.094,-0.122,-0.216,0.014,0.155,-0.169,-0.896,-1.290,-1.189,-0.944,-0.172,0.146
0.059,-0.112,-0.171,0.026,0.116,-0.141,-0.793,-1.143,-1.058,-0.868,-0.179,0.130
0.053,-0.063,-0.116,0.005,0.085,-0.089,-0.689,-0.987,-0.911,-0.741,-0.167,0.140
0.040,-0.030,-0.070,-0.005,0.055,-0.050,-0.590,-0.850,-0.795,-0.650,-0.160,0.125
0.028,-0.025,-0.053,-0.001,0.041,-0.038,-0.505,-0.741,-0.693,-0.573,-0.152,0.114
0.017,-0.023,-0.039,0.003,0.028,-0.031,-0.428,-0.636,-0.604,-0.504,-0.144,0.090
0.002,-0.018,-0.020,0.008,0.011,-0.019,-0.352,-0.539,-0.514,-0.433,-0.136,0.062
-0.014,-0.014,0.000,0.014,-0.006,-0.007,-0.286,-0.463,-0.432,-0.365,-0.127,0.038
-0.030,-0.010,0.020,0.020,-0.025,0.005,-0.240,-0.405,-0.375,-0.315,-0.120,0.010
-0.055,-0.006,0.049,0.030,-0.052,0.021,-0.192,-0.349,-0.319,-0.267,-0.128,-0.015
-0.066,0.000,0.065,0.033,-0.065,0.033,-0.149,-0.296,-0.266,-0.222,-0.128,-0.034
-0.080,-0.005,0.076,0.043,-0.078,0.035,-0.111,-0.245,-0.212,-0.176,-0.124,-0.044
-0.096,-0.018,0.079,0.057,-0.087,0.030,-0.077,-0.200,-0.165,-0.139,-0.125,-0.053
-0.090,-0.025,0.065,0.057,-0.077,0.020,-0.045,-0.160,-0.135,-0.125,-0.125,-0.060
-0.090,-0.032,0.057,0.060,-0.073,0.012,-0.011,-0.118,-0.102,-0.109,-0.121,-0.045
-0.090,-0.044,0.046,0.067,-0.068,0.001,0.003,-0.098,-0.084,-0.093,-0.119,-0.064
-0.090,-0.054,0.036,0.072,-0.063,-0.009,0.007,-0.091,-0.076,-0.078,-0.121,-0.088
-0.090,-0.062,0.028,0.076,-0.059,-0.017,0.011,-0.083,-0.068,-0.068,-0.119,-0.089
-0.085,-0.070,0.015,0.077,-0.050,-0.027,0.015,-0.075,-0.060,-0.060,-0.115,-0.085
-0.072,-0.067,0.005,0.069,-0.038,-0.031,0.019,-0.067,-0.048,-0.052,-0.115,-0.081
-0.073,-0.061,0.012,0.067,-0.042,-0.025,0.023,-0.059,-0.039,-0.044,-0.116,-0.077
-0.088,-0.060,0.028,0.074,-0.058,-0.016,0.026,-0.051,-0.031,-0.036,-0.113,-0.073
-0.094,-0.059,0.034,0.076,-0.064,-0.012,0.033,-0.043,-0.023,-0.028,-0.110,-0.069
-0.080,-0.055,0.025,0.067,-0.052,-0.015,0.045,-0.035,-0.015,-0.020,-0.110,-0.065
-0.072,-0.051,0.021,0.061,-0.046,-0.015,0.053,-0.031,-0.011,-0.016,-0.110,-0.065
-0.064,-0.049,0.015,0.057,-0.039,-0.017,0.062,-0.024,-0.004,-0.016,-0.107,-0.068
-0.058,-0.052,0.006,0.055,-0.032,-0.023,0.065,-0.018,0.002,-0.029,-0.104,-0.086
-0.072,-0.064,0.008,0.068,-0.040,-0.028,0.058,-0.013,0.007,-0.041,-0.105,-0.101
-0.110,-0.080,0.030,0.095,-0.070,-0.025,0.055,-0.005,0.015,-0.035,-0.105,-0.095
-0.129,-0.077,0.053,0.103,-0.091,-0.012,0.072,0.000,0.020,-0.031,-0.101,-0.095
-0.125,-0.074,0.051,0.099,-0.088,-0.011,0.074,-0.003,0.020,-0.027,-0.099,-0.095
-0.116,-0.076,0.040,0.095,-0.078,-0.018,0.069,-0.006,0.019,-0.023,-0.101,-0.095
-0.107,-0.074,0.033,0.090,-0.070,-0.020,0.070,-0.003,0.021,-0.019,-0.099,-0.095
-0.095,-0.070,0.025,0.082,-0.060,-0.022,0.070,0.005,0.030,-0.015,-0.095,-0.095
-0.087,-0.070,0.017,0.078,-0.052,-0.026,0.066,0.010,0.035,-0.011,-0.095,-0.091
-0.079,-0.070,0.009,0.074,-0.044,-0.030,0.064,0.007,0.035,-0.006,-0.096,-0.090
-0.070,-0.070,0.000,0.070,-0.035,-0.035,0.066,0.004,0.035,-0.005,-0.093,-0.090
-0.064,-0.069,-0.005,0.067,-0.029,-0.037,0.064,0.005,0.035,-0.004,-0.090,-0.090
-0.065,-0.065,0.000,0.065,-0.032,-0.032,0.060,0.005,0.035,0.000,-0.090,-0.090
-0.069,-0.065,0.005,0.067,-0.036,-0.030,0.060,0.005,0.035,0.000,-0.090,-0.090
-0.070,-0.065,0.005,0.067,-0.037,-0.030,0.060,0.005,0.035,0.003,-0.087,-0.091
-0.072,-0.065,0.007,0.069,-0.039,-0.029,0.060,0.005,0.035,0.006,-0.085,-0.088
-0.075,-0.064,0.010,0.069,-0.042,-0.027,0.060,0.006,0.035,0.004,-0.085,-0.085
-0.070,-0.060,0.010,0.065,-0.040,-0.025,0.065,0.010,0.035,0.000,-0.085,-0.085
-0.073,-0.060,0.014,0.066,-0.044,-0.023,0.078,0.013,0.035,0.000,-0.086,-0.085
-0.079,-0.061,0.019,0.070,-0.049,-0.021,0.081,0.022,0.035,0.000,-0.082,-0.085
-0.078,-0.058,0.020,0.068,-0.049,-0.019,0.080,0.024,0.035,0.000,-0.095,-0.085
-0.075,-0.055,0.021,0.065,-0.047,-0.016,0.080,0.019,0.035,0.000,-0.111,-0.084
-0.080,-0.055,0.025,0.067,-0.052,-0.015,0.080,0.020,0.035,0.000,-0.105,-0.080
-0.081,-0.055,0.026,0.067,-0.053,-0.015,0.080,0.020,0.035,-0.004,-0.104,-0.080
-0.077,-0.055,0.022,0.066,-0.049,-0.017,0.080,0.020,0.035,-0.005,-0.106,-0.080
-0.073,-0.053,0.020,0.063,-0.046,-0.016,0.080,0.020,0.035,-0.005,-0.103,-0.080
-0.069,-0.050,0.019,0.059,-0.044,-0.015,0.080,0.020,0.035,-0.005,-0.100,-0.080
-0.065,-0.050,0.015,0.057,-0.040,-0.017,0.080,0.020,0.035,-0.005,-0.100,-0.080
-0.066,-0.050,0.015,0.058,-0.041,-0.017,0.080,0.020,0.035,-0.006,-0.100,-0.080
-0.060,-0.048,0.012,0.054,-0.036,-0.018,0.080,0.020,0.035,0.001,-0.097,-0.077
-0.067,-0.057,0.011,0.062,-0.039,-0.023,0.080,0.020,0.035,0.008,-0.094,-0.074
-0.072,-0.064,0.008,0.068,-0.039,-0.028,0.080,0.020,0.035,0.011,-0.095,-0.075
-0.055,-0.050,0.005,0.052,-0.030,-0.022,0.080,0.020,0.035,0.015,-0.095,-0.075
-0.074,-0.040,0.034,0.057,-0.055,-0.003,0.080,0.020,0.035,0.020,-0.091,-0.075
-0.087,-0.047,0.040,0.066,-0.063,-0.003,0.080,0.020,0.034,0.017,-0.089,-0.075
-0.098,-0.064,0.033,0.081,-0.065,-0.015,0.080,0.020,0.037,0.014,-0.091,-0.075
-0.112,-0.076,0.035,0.094,-0.073,-0.021,0.080,0.020,0.040,0.015,-0.089,-0.075
-0.110,-0.075,0.035,0.092,-0.072,-0.020,0.080,0.020,0.040,0.015,-0.085,-0.075
-0.110,-0.075,0.035,0.092,-0.072,-0.020,0.080,0.023,0.040,0.015,-0.085,-0.071
-0.110,-0.075,0.035,0.092,-0.072,-0.020,0.080,0.032,0.040,0.015,-0.086,-0.070
-0.110,-0.075,0.035,0.092,-0.072,-0.020,0.080,0.034,0.040,0.015,-0.083,-0.070
-0.110,-0.075,0.035,0.092,-0.072,-0.020,0.080,0.029,0.040,0.015,-0.080,-0.070
-0.110,-0.075,0.035,0.092,-0.072,-0.020,0.085,0.030,0.040,0.015,-0.080,-0.070
-0.106,-0.075,0.031,0.091,-0.068,-0.022,0.097,0.030,0.036,0.015,-0.080,-0.070
-0.102,-0.072,0.030,0.087,-0.065,-0.021,0.104,0.030,0.031,0.015,-0.077,-0.070
-0.099,-0.069,0.030,0.084,-0.065,-0.020,0.105,0.030,0.030,0.015,-0.074,-0.070
-0.100,-0.070,0.030,0.085,-0.065,-0.020,0.105,0.030,0.029,0.015,-0.075,-0.069
-0.100,-0.070,0.030,0.085,-0.065,-0.020,0.105,0.030,0.025,0.015,-0.075,-0.065
-0.096,-0.066,0.030,0.081,-0.063,-0.017,0.105,0.038,0.021,0.011,-0.073,-0.065
-0.094,-0.065,0.030,0.080,-0.062,-0.017,0.105,0.044,0.017,0.010,-0.087,-0.065
-0.095,-0.065,0.030,0.080,-0.062,-0.017,0.105,0.045,0.030,0.010,-0.097,-0.065
-0.094,-0.065,0.029,0.080,-0.061,-0.018,0.105,0.045,0.047,0.010,-0.095,-0.065
-0.090,-0.065,0.025,0.077,-0.057,-0.020,0.105,0.045,0.045,0.010,-0.095,-0.065
-0.086,-0.061,0.025,0.073,-0.055,-0.018,0.105,0.045,0.045,0.010,-0.095,-0.065
-0.085,-0.059,0.025,0.071,-0.055,-0.017,0.105,0.045,0.045,0.010,-0.095,-0.065
-0.086,-0.061,0.025,0.073,-0.055,-0.017,0.105,0.045,0.045,0.010,-0.095,-0.065
-0.084,-0.059,0.025,0.071,-0.054,-0.017,0.105,0.045,0.045,0.010,-0.095,-0.065
-0.080,-0.055,0.025,0.067,-0.052,-0.015,0.105,0.045,0.045,0.010,-0.095,-0.060
-0.080,-0.055,0.025,0.067,-0.052,-0.015,0.105,0.045,0.045,0.010,-0.095,-0.054
-0.080,-0.055,0.025,0.067,-0.052,-0.015,0.105,0.045,0.042,0.010,-0.095,-0.064
-0.081,-0.055,0.025,0.067,-0.052,-0.015,0.105,0.045,0.039,0.010,-0.095,-0.073
-0.079,-0.054,0.025,0.066,-0.051,-0.015,0.105,0.046,0.041,0.010,-0.095,-0.076
-0.070,-0.050,0.020,0.060,-0.045,-0.015,0.105,0.050,0.045,0.010,-0.095,-0.080
-0.064,-0.050,0.014,0.056,-0.039,-0.017,0.105,0.050,0.053,0.018,-0.095,-0.080
-0.075,-0.050,0.024,0.062,-0.050,-0.013,0.105,0.051,0.059,0.024,-0.095,-0.080
-0.080,-0.050,0.030,0.065,-0.055,-0.010,0.105,0.062,0.060,0.025,-0.095,-0.080
-0.075,-0.050,0.024,0.062,-0.049,-0.013,0.105,0.070,0.060,0.025,-0.095,-0.080
-0.085,-0.060,0.025,0.072,-0.055,-0.017,0.105,0.060,0.060,0.025,-0.095,-0.080
-0.111,-0.086,0.025,0.098,-0.068,-0.030,0.105,0.053,0.060,0.025,-0.095,-0.080
-0.115,-0.090,0.025,0.102,-0.069,-0.032,0.105,0.068,0.060,0.025,-0.095,-0.077
-0.107,-0.082,0.025,0.094,-0.065,-0.028,0.105,0.074,0.059,0.025,-0.095,-0.074
-0.105,-0.080,0.025,0.092,-0.065,-0.027,0.105,0.063,0.061,0.025,-0.095,-0.075
-0.105,-0.080,0.025,0.092,-0.065,-0.027,0.105,0.060,0.065,0.025,-0.095,-0.075
-0.101,-0.076,0.025,0.088,-0.062,-0.025,0.105,0.067,0.064,0.024,-0.095,-0.075
-0.100,-0.075,0.025,0.087,-0.062,-0.025,0.105,0.080,0.074,0.035,-0.095,-0.072
-0.099,-0.074,0.025,0.086,-0.062,-0.024,0.105,0.087,0.082,0.040,-0.095,-0.069
-0.093,-0.069,0.024,0.080,-0.059,-0.022,0.105,0.084,0.080,0.034,-0.095,-0.070
-0.090,-0.065,0.025,0.077,-0.057,-0.020,0.105,0.085,0.080,0.035,-0.095,-0.070
-0.102,-0.065,0.037,0.083,-0.069,-0.014,0.104,0.093,0.080,0.036,-0.091,-0.070
-0.110,-0.062,0.048,0.086,-0.079,-0.007,0.112,0.099,0.080,0.032,-0.090,-0.067
-0.108,-0.060,0.049,0.084,-0.079,-0.005,0.114,0.100,0.080,0.030,-0.088,-0.064
-0.104,-0.060,0.045,0.081,-0.074,-0.007,0.109,0.101,0.080,0.029,-0.084,-0.065
-0.100,-0.055,0.045,0.077,-0.072,-0.005,0.110,0.105,0.080,0.030,-0.085,-0.065
-0.091,-0.051,0.041,0.071,-0.066,-0.005,0.121,0.112,0.091,0.046,-0.086,-0.065
-0.090,-0.050,0.040,0.070,-0.065,-0.005,0.136,0.124,0.106,0.058,-0.082,-0.066
-0.087,-0.049,0.038,0.068,-0.062,-0.005,0.139,0.133,0.110,0.059,-0.080,-0.063
-0.078,-0.044,0.035,0.060,-0.056,-0.004,0.134,0.135,0.103,0.054,-0.079,-0.060
-0.075,-0.040,0.035,0.057,-0.055,-0.002,0.135,0.135,0.100,0.055,-0.075,-0.060
-0.071,-0.040,0.031,0.056,-0.051,-0.005,0.136,0.142,0.116,0.055,-0.075,-0.060
-0.067,-0.037,0.030,0.052,-0.048,-0.004,0.132,0.152,0.128,0.055,-0.076,-0.061
-0.062,-0.033,0.029,0.047,-0.045,-0.001,0.130,0.154,0.129,0.055,-0.073,-0.058
-0.052,-0.029,0.023,0.040,-0.037,-0.002,0.129,0.149,0.124,0.054,-0.070,-0.055
-0.050,-0.025,0.025,0.037,-0.037,0.000,0.130,0.150,0.125,0.055,-0.070,-0.055
-0.079,-0.025,0.054,0.052,-0.066,0.014,0.146,0.165,0.141,0.074,-0.066,-0.055
-0.086,-0.023,0.063,0.054,-0.074,0.020,0.158,0.181,0.154,0.093,-0.064,-0.055
-0.076,-0.017,0.059,0.047,-0.068,0.021,0.160,0.186,0.151,0.090,-0.066,-0.055
-0.075,-0.015,0.060,0.045,-0.067,0.022,0.161,0.194,0.154,0.087,-0.064,-0.054
-0.075,-0.015,0.060,0.045,-0.067,0.022,0.170,0.210,0.175,0.105,-0.060,-0.050
-0.071,-0.011,0.060,0.041,-0.066,0.024,0.175,0.210,0.175,0.110,-0.060,-0.050
-0.067,-0.006,0.060,0.036,-0.063,0.027,0.175,0.218,0.182,0.109,-0.061,-0.051
-0.064,-0.005,0.059,0.035,-0.061,0.026,0.177,0.230,0.196,0.114,-0.058,-0.048
-0.066,-0.004,0.063,0.035,-0.064,0.029,0.181,0.237,0.200,0.121,-0.054,-0.044
-0.070,0.005,0.075,0.032,-0.073,0.040,0.185,0.245,0.200,0.120,-0.050,-0.045
-0.058,0.013,0.071,0.022,-0.065,0.042,0.193,0.254,0.216,0.128,-0.046,-0.046
-0.049,0.021,0.070,0.014,-0.060,0.045,0.199,0.257,0.224,0.136,-0.042,-0.040
-0.039,0.029,0.068,0.005,-0.054,0.048,0.200,0.265,0.229,0.145,-0.038,-0.030
-0.028,0.037,0.065,-0.005,-0.047,0.051,0.200,0.278,0.236,0.149,-0.034,-0.024
-0.020,0.045,0.065,-0.013,-0.043,0.055,0.200,0.285,0.240,0.145,-0.030,-0.020
-0.009,0.050,0.059,-0.021,-0.034,0.054,0.199,0.289,0.253,0.156,-0.026,-0.012
-0.026,0.049,0.075,-0.011,-0.050,0.061,0.203,0.292,0.258,0.167,-0.022,-0.003
-0.033,0.056,0.089,-0.012,-0.061,0.072,0.204,0.300,0.266,0.172,-0.018,0.002
-0.017,0.074,0.091,-0.028,-0.054,0.083,0.199,0.314,0.276,0.176,-0.015,0.006
-0.020,0.080,0.100,-0.030,-0.060,0.090,0.195,0.325,0.275,0.180,-0.015,0.010
-0.035,0.070,0.105,-0.018,-0.070,0.087,0.195,0.322,0.274,0.180,-0.011,0.014
-0.021,0.084,0.105,-0.032,-0.063,0.094,0.192,0.318,0.278,0.183,-0.006,0.019
-0.007,0.099,0.107,-0.046,-0.057,0.103,0.190,0.324,0.282,0.185,-0.005,0.020
-0.010,0.101,0.110,-0.045,-0.060,0.105,0.189,0.330,0.286,0.185,-0.004,0.021
-0.005,0.105,0.110,-0.050,-0.058,0.107,0.185,0.325,0.290,0.190,0.000,0.025
-0.006,0.104,0.110,-0.049,-0.058,0.107,0.185,0.320,0.291,0.195,0.005,0.029
0.001,0.111,0.110,-0.056,-0.055,0.110,0.183,0.320,0.287,0.195,0.004,0.030
0.005,0.115,0.110,-0.060,-0.053,0.112,0.177,0.318,0.285,0.197,0.008,0.031
-0.002,0.108,0.110,-0.053,-0.056,0.109,0.175,0.315,0.284,0.201,0.017,0.037
0.000,0.110,0.110,-0.055,-0.055,0.110,0.175,0.315,0.280,0.200,0.025,0.040
0.017,0.127,0.110,-0.072,-0.046,0.119,0.171,0.311,0.280,0.196,0.029,0.038
0.020,0.130,0.110,-0.075,-0.046,0.120,0.170,0.306,0.277,0.191,0.035,0.052
0.011,0.121,0.110,-0.066,-0.050,0.115,0.168,0.305,0.275,0.190,0.045,0.062
0.021,0.131,0.110,-0.076,-0.045,0.121,0.165,0.304,0.274,0.189,0.051,0.061
0.050,0.160,0.110,-0.105,-0.030,0.135,0.165,0.300,0.270,0.185,0.055,0.070
0.049,0.153,0.104,-0.102,-0.027,0.128,0.157,0.301,0.270,0.185,0.064,0.079
0.030,0.146,0.115,-0.088,-0.043,0.130,0.151,0.292,0.267,0.183,0.063,0.078
0.027,0.143,0.117,-0.085,-0.045,0.130,0.148,0.278,0.266,0.177,0.057,0.072
0.037,0.139,0.102,-0.088,-0.033,0.120,0.144,0.268,0.263,0.175,0.055,0.070
0.040,0.135,0.095,-0.088,-0.028,0.115,0.140,0.260,0.250,0.175,0.055,0.070
0.044,0.131,0.087,-0.088,-0.022,0.109,0.136,0.248,0.242,0.171,0.051,0.066
0.049,0.128,0.079,-0.089,-0.015,0.103,0.133,0.235,0.234,0.170,0.050,0.065
0.050,0.121,0.071,-0.086,-0.012,0.096,0.126,0.226,0.226,0.169,0.048,0.063
0.051,0.114,0.062,-0.083,-0.006,0.088,0.119,0.217,0.218,0.164,0.045,0.060
0.055,0.110,0.055,-0.083,0.000,0.082,0.115,0.205,0.210,0.160,0.045,0.060
0.043,0.106,0.063,-0.075,-0.011,0.085,0.111,0.197,0.202,0.156,0.041,0.056
0.039,0.102,0.063,-0.071,-0.012,0.083,0.104,0.186,0.194,0.152,0.036,0.051
0.039,0.098,0.059,-0.068,-0.010,0.078,0.097,0.176,0.186,0.147,0.035,0.050
0.034,0.094,0.060,-0.064,-0.014,0.077,0.094,0.167,0.178,0.145,0.034,0.049
0.030,0.090,0.060,-0.060,-0.015,0.075,0.090,0.155,0.170,0.145,0.030,0.045
0.026,0.082,0.056,-0.054,-0.015,0.068,0.086,0.147,0.162,0.137,0.030,0.045
0.023,0.077,0.054,-0.050,-0.016,0.066,0.082,0.136,0.154,0.132,0.027,0.042
0.016,0.071,0.055,-0.044,-0.020,0.063,0.078,0.125,0.146,0.126,0.025,0.040
0.009,0.064,0.054,-0.037,-0.023,0.059,0.075,0.118,0.138,0.119,0.024,0.039
0.010,0.060,0.050,-0.035,-0.020,0.055,0.075,0.110,0.130,0.115,0.020,0.035
0.006,0.052,0.046,-0.029,-0.020,0.048,0.071,0.098,0.126,0.107,0.020,0.035
0.003,0.048,0.045,-0.026,-0.021,0.046,0.066,0.089,0.119,0.102,0.021,0.036
-0.005,0.039,0.044,-0.017,-0.025,0.041,0.065,0.081,0.113,0.098,0.018,0.033
0.000,0.038,0.039,-0.019,-0.020,0.038,0.064,0.073,0.108,0.094,0.015,0.030
0.025,0.060,0.035,-0.043,-0.005,0.047,0.060,0.065,0.100,0.090,0.015,0.030
0.022,0.057,0.035,-0.040,-0.007,0.046,0.055,0.061,0.096,0.086,0.015,0.030
0.019,0.051,0.032,-0.035,-0.007,0.042,0.055,0.057,0.089,0.081,0.015,0.030
0.019,0.048,0.029,-0.033,-0.005,0.039,0.053,0.053,0.083,0.080,0.013,0.028
0.014,0.044,0.030,-0.029,-0.009,0.037,0.050,0.049,0.078,0.079,0.010,0.025
0.010,0.040,0.030,-0.025,-0.010,0.035,0.050,0.045,0.070,0.075,0.010,0.025
0.006,0.036,0.030,-0.021,-0.012,0.033,0.050,0.041,0.066,0.071,0.010,0.025
0.002,0.032,0.030,-0.017,-0.014,0.031,0.051,0.037,0.059,0.067,0.007,0.022
-0.002,0.028,0.030,-0.013,-0.016,0.029,0.048,0.033,0.052,0.063,0.005,0.020
-0.005,0.025,0.030,-0.010,-0.018,0.027,0.045,0.029,0.049,0.060,0.005,0.020
-0.005,0.025,0.030,-0.010,-0.018,0.027,0.045,0.025,0.045,0.060,0.005,0.020
-0.005,0.021,0.026,-0.008,-0.016,0.023,0.045,0.025,0.041,0.056,0.005,0.020
-0.004,0.020,0.025,-0.008,-0.014,0.022,0.046,0.023,0.040,0.055,0.002,0.017
-0.007,0.018,0.025,-0.006,-0.016,0.021,0.043,0.017,0.038,0.053,0.000,0.014
-0.010,0.015,0.025,-0.003,-0.018,0.020,0.040,0.015,0.035,0.050,0.000,0.015
-0.010,0.015,0.025,-0.003,-0.018,0.020,0.040,0.015,0.035,0.050,0.000,0.015
-0.014,0.011,0.025,0.001,-0.020,0.017,0.040,0.011,0.031,0.046,0.001,0.015
-0.015,0.010,0.025,0.002,-0.020,0.017,0.040,0.006,0.030,0.045,-0.006,0.012
-0.017,0.008,0.025,0.004,-0.022,0.017,0.040,0.005,0.029,0.043,-0.012,0.010
-0.019,0.005,0.024,0.007,-0.022,0.014,0.039,0.004,0.024,0.040,-0.017,0.009
-0.015,0.005,0.020,0.005,-0.018,0.012,0.035,0.000,0.020,0.040,-0.025,0.005
-0.019,0.001,0.020,0.009,-0.019,0.010,0.035,-0.004,0.020,0.036,-0.029,0.005
-0.020,0.000,0.020,0.010,-0.020,0.010,0.035,-0.008,0.017,0.035,-0.036,0.006
-0.022,-0.002,0.020,0.012,-0.021,0.009,0.035,-0.013,0.015,0.033,-0.043,0.003
-0.025,-0.005,0.020,0.015,-0.022,0.007,0.034,-0.015,0.014,0.030,-0.044,0.000
-0.025,-0.005,0.020,0.015,-0.022,0.007,0.030,-0.010,0.010,0.030,-0.040,0.000
-0.029,-0.009,0.020,0.019,-0.024,0.006,0.030,-0.010,0.010,0.026,-0.040,0.000
-0.033,-0.013,0.020,0.023,-0.026,0.003,0.030,-0.010,0.007,0.025,-0.040,-0.003
-0.037,-0.017,0.020,0.027,-0.028,0.001,0.030,-0.010,0.004,0.023,-0.040,-0.006
-0.041,-0.021,0.019,0.031,-0.030,-0.001,0.030,-0.010,0.005,0.019,-0.040,-0.005
-0.040,-0.025,0.015,0.032,-0.027,-0.005,0.030,-0.010,0.005,0.020,-0.040,-0.005
-0.036,-0.021,0.015,0.028,-0.025,-0.003,0.030,-0.010,0.005,0.020,-0.040,-0.009
-0.035,-0.019,0.015,0.027,-0.025,-0.002,0.030,-0.013,0.002,0.017,-0.040,-0.010
-0.035,-0.020,0.015,0.027,-0.025,-0.002,0.030,-0.016,-0.001,0.015,-0.040,-0.012
-0.035,-0.020,0.015,0.027,-0.025,-0.002,0.030,-0.014,0.000,0.015,-0.040,-0.016
-0.035,-0.020,0.015,0.027,-0.025,-0.002,0.030,-0.015,0.000,0.015,-0.040,-0.015
-0.034,-0.020,0.014,0.026,-0.024,-0.003,0.030,-0.024,0.000,0.015,-0.040,-0.015
-0.045,-0.020,0.025,0.032,-0.035,0.003,0.030,-0.023,-0.003,0.012,-0.040,-0.018
-0.050,-0.020,0.030,0.035,-0.040,0.005,0.030,-0.019,-0.006,0.009,-0.040,-0.021
-0.044,-0.020,0.024,0.032,-0.034,0.002,0.030,-0.020,-0.005,0.010,-0.040,-0.020
-0.045,-0.020,0.025,0.032,-0.035,0.002,0.030,-0.020,-0.005,0.010,-0.040,-0.020
-0.045,-0.020,0.025,0.032,-0.035,0.002,0.030,-0.020,-0.005,0.010,-0.040,-0.024
-0.045,-0.020,0.025,0.032,-0.035,0.002,0.030,-0.021,-0.004,0.007,-0.039,-0.026
-0.045,-0.020,0.025,0.032,-0.035,0.002,0.030,-0.018,-0.007,0.004,-0.044,-0.024
-0.045,-0.020,0.025,0.032,-0.035,0.002,0.030,-0.015,-0.010,0.005,-0.050,-0.026
-0.045,-0.020,0.025,0.032,-0.035,0.002,0.030,-0.015,-0.010,0.005,-0.045,-0.030
-0.045,-0.020,0.025,0.032,-0.035,0.002,0.030,-0.015,-0.010,0.001,-0.045,-0.030
-0.042,-0.020,0.022,0.031,-0.032,0.001,0.030,-0.015,-0.009,0.000,-0.046,-0.030
-0.038,-0.019,0.019,0.028,-0.029,0.000,0.030,-0.015,-0.012,0.000,-0.043,-0.030
-0.043,-0.023,0.020,0.033,-0.031,-0.001,0.030,-0.015,-0.015,0.000,-0.040,-0.030
-0.055,-0.035,0.020,0.045,-0.037,-0.007,0.030,-0.015,-0.015,0.000,-0.040,-0.025
-0.051,-0.031,0.020,0.041,-0.036,-0.006,0.030,-0.011,-0.015,-0.004,-0.038,-0.019
-0.049,-0.029,0.020,0.039,-0.035,-0.005,0.030,-0.010,-0.015,-0.005,-0.053,-0.033
-0.051,-0.031,0.020,0.041,-0.035,-0.005,0.030,-0.010,-0.015,-0.005,-0.060,-0.040
-0.049,-0.029,0.020,0.039,-0.035,-0.004,0.030,-0.010,-0.014,-0.005,-0.054,-0.034
-0.045,-0.025,0.020,0.035,-0.032,-0.002,0.030,-0.010,-0.010,-0.005,-0.055,-0.035
-0.041,-0.025,0.016,0.032,-0.028,-0.004,0.030,-0.010,-0.010,0.003,-0.051,-0.036
-0.040,-0.025,0.015,0.032,-0.027,-0.005,0.030,-0.007,-0.007,0.009,-0.049,-0.032
-0.041,-0.025,0.015,0.032,-0.027,-0.005,0.030,-0.004,-0.004,0.010,-0.051,-0.029
-0.039,-0.024,0.015,0.031,-0.027,-0.005,0.030,-0.005,-0.005,0.010,-0.049,-0.030
-0.035,-0.020,0.015,0.027,-0.025,-0.002,0.030,-0.005,-0.005,0.010,-0.045,-0.030
-0.035,-0.020,0.015,0.027,-0.025,-0.002,0.030,-0.005,-0.001,0.010,-0.045,-0.026
-0.036,-0.021,0.015,0.028,-0.026,-0.002,0.030,-0.005,0.000,0.010,-0.042,-0.024
-0.033,-0.018,0.015,0.025,-0.023,-0.001,0.030,-0.005,0.002,0.010,-0.039,-0.026
-0.030,-0.015,0.016,0.022,-0.023,0.001,0.030,-0.004,0.006,0.011,-0.040,-0.024
-0.030,-0.015,0.015,0.022,-0.022,0.000,0.030,0.000,0.005,0.015,-0.040,-0.020
-0.019,-0.015,0.004,0.016,-0.011,-0.005,0.033,0.000,0.004,0.015,-0.036,-0.020
-0.039,-0.016,0.023,0.026,-0.030,0.004,0.041,0.003,0.008,0.015,-0.035,-0.021
-0.050,-0.013,0.037,0.031,-0.043,0.012,0.048,0.005,0.010,0.015,-0.033,-0.018
-0.038,-0.010,0.028,0.024,-0.033,0.009,0.050,0.006,0.011,0.016,-0.029,-0.015
-0.035,-0.010,0.025,0.022,-0.030,0.007,0.050,0.010,0.015,0.020,-0.030,-0.015
-0.035,-0.010,0.025,0.022,-0.030,0.007,0.050,0.010,0.015,0.025,-0.030,-0.015
-0.032,-0.010,0.022,0.021,-0.027,0.006,0.050,0.009,0.014,0.023,-0.027,-0.012
-0.028,-0.009,0.019,0.018,-0.023,0.005,0.050,0.012,0.017,0.016,-0.024,-0.009
-0.025,-0.012,0.013,0.018,-0.019,0.000,0.050,0.015,0.020,0.018,-0.025,-0.010
-0.035,-0.020,0.015,0.027,-0.025,-0.002,0.050,0.015,0.020,0.035,-0.025,-0.010
-0.067,-0.009,0.057,0.037,-0.061,0.024,0.050,0.019,0.020,0.036,-0.021,-0.006
-0.060,0.006,0.066,0.027,-0.063,0.036,0.050,0.020,0.023,0.034,-0.020,-0.005
-0.049,0.009,0.058,0.020,-0.054,0.033,0.050,0.022,0.025,0.035,-0.020,-0.005
-0.056,0.004,0.061,0.026,-0.059,0.032,0.050,0.025,0.025,0.035,-0.020,-0.005
-0.055,0.005,0.060,0.025,-0.058,0.032,0.050,0.025,0.025,0.035,-0.020,-0.005
-0.050,0.006,0.056,0.022,-0.054,0.031,0.050,0.025,0.024,0.039,-0.016,-0.005
-0.053,0.002,0.055,0.025,-0.054,0.028,0.050,0.027,0.029,0.044,-0.015,-0.006
-0.056,-0.001,0.055,0.028,-0.055,0.027,0.050,0.034,0.029,0.045,-0.015,-0.001
-0.055,0.000,0.055,0.027,-0.055,0.027,0.050,0.041,0.024,0.046,-0.015,0.005
-0.055,0.000,0.055,0.027,-0.055,0.027,0.050,0.040,0.025,0.050,-0.015,0.000
-0.055,-0.004,0.051,0.029,-0.052,0.023,0.050,0.040,0.025,0.050,-0.011,-0.004
-0.055,-0.006,0.050,0.030,-0.052,0.022,0.050,0.040,0.025,0.050,-0.010,-0.008
-0.055,-0.005,0.050,0.030,-0.052,0.022,0.050,0.040,0.025,0.050,-0.010,-0.013
-0.056,-0.005,0.050,0.031,-0.052,0.022,0.050,0.040,0.024,0.050,-0.010,-0.015
-0.055,-0.005,0.050,0.030,-0.052,0.022,0.050,0.040,0.025,0.050,-0.010,-0.010
-0.042,0.004,0.046,0.019,-0.044,0.025,0.050,0.040,0.038,0.050,-0.010,-0.010
-0.041,0.003,0.044,0.018,-0.043,0.024,0.050,0.040,0.038,0.047,-0.007,-0.010
-0.049,-0.003,0.046,0.025,-0.047,0.021,0.050,0.040,0.034,0.044,-0.004,-0.010
-0.049,-0.004,0.044,0.026,-0.046,0.020,0.050,0.040,0.035,0.045,-0.005,-0.009
-0.040,0.000,0.040,0.020,-0.040,0.020,0.050,0.040,0.035,0.045,-0.005,-0.005
-0.039,0.000,0.040,0.020,-0.040,0.020,0.046,0.040,0.031,0.045,-0.005,-0.005
-0.041,-0.001,0.040,0.021,-0.040,0.020,0.045,0.040,0.029,0.045,-0.002,-0.005
-0.038,0.002,0.040,0.018,-0.040,0.021,0.045,0.040,0.031,0.045,0.000,-0.005
-0.034,0.005,0.039,0.014,-0.037,0.022,0.045,0.040,0.029,0.045,0.000,-0.005
-0.030,0.005,0.035,0.012,-0.033,0.020,0.045,0.040,0.025,0.045,0.000,-0.005
-0.029,0.005,0.035,0.012,-0.033,0.020,0.045,0.040,0.025,0.041,-0.001,-0.001
-0.033,0.003,0.036,0.015,-0.035,0.019,0.045,0.038,0.026,0.040,0.003,0.000
-0.036,-0.002,0.033,0.018,-0.034,0.015,0.045,0.031,0.023,0.040,-0.010,0.000
-0.035,0.004,0.039,0.015,-0.037,0.021,0.045,0.033,0.029,0.040,-0.026,0.000
-0.035,0.020,0.055,0.007,-0.045,0.037,0.045,0.050,0.050,0.040,-0.020,0.000
-0.035,0.017,0.052,0.009,-0.044,0.034,0.045,0.047,0.047,0.040,-0.020,0.000
-0.035,0.014,0.049,0.011,-0.043,0.031,0.045,0.044,0.044,0.040,-0.020,-0.003
-0.035,0.016,0.051,0.010,-0.043,0.033,0.045,0.045,0.046,0.040,-0.020,-0.008
-0.035,0.014,0.049,0.010,-0.042,0.031,0.044,0.045,0.044,0.039,-0.020,-0.010
-0.035,0.010,0.045,0.012,-0.040,0.027,0.040,0.045,0.040,0.035,-0.020,-0.010
-0.035,0.010,0.045,0.012,-0.040,0.027,0.040,0.041,0.040,0.035,-0.020,-0.014
-0.034,0.011,0.045,0.011,-0.040,0.027,0.040,0.040,0.041,0.035,-0.021,-0.018
-0.037,0.008,0.045,0.014,-0.042,0.026,0.040,0.040,0.038,0.035,-0.018,-0.021
-0.040,0.005,0.044,0.017,-0.042,0.024,0.040,0.040,0.035,0.035,-0.015,-0.019
-0.035,0.005,0.040,0.015,-0.038,0.022,0.040,0.040,0.035,0.035,-0.015,-0.015
-0.034,0.005,0.040,0.014,-0.038,0.022,0.040,0.040,0.035,0.035,-0.015,-0.015
-0.038,0.002,0.040,0.018,-0.039,0.021,0.040,0.037,0.032,0.035,-0.015,-0.015
-0.041,-0.001,0.040,0.021,-0.041,0.020,0.040,0.034,0.029,0.035,-0.015,-0.015
-0.039,0.000,0.039,0.019,-0.039,0.020,0.040,0.035,0.030,0.036,-0.015,-0.015
-0.035,0.000,0.035,0.017,-0.035,0.017,0.040,0.035,0.030,0.040,-0.015,-0.015
-0.039,-0.004,0.035,0.021,-0.036,0.015,0.040,0.035,0.026,0.041,-0.015,-0.015
-0.041,-0.006,0.036,0.023,-0.038,0.015,0.041,0.036,0.024,0.037,-0.012,-0.015
-0.037,-0.004,0.033,0.021,-0.035,0.014,0.038,0.033,0.026,0.034,-0.009,-0.015
-0.035,-0.006,0.030,0.021,-0.032,0.011,0.035,0.030,0.024,0.035,-0.010,-0.015
-0.040,-0.010,0.030,0.025,-0.035,0.010,0.035,0.030,0.020,0.035,-0.010,-0.015
-0.040,-0.010,0.030,0.025,-0.035,0.010,0.035,0.026,0.020,0.031,-0.010,-0.015
-0.040,-0.009,0.031,0.025,-0.035,0.011,0.036,0.024,0.021,0.030,-0.010,-0.015
-0.040,-0.012,0.028,0.026,-0.034,0.008,0.033,0.026,0.018,0.030,-0.010,-0.015
-0.040,-0.015,0.025,0.027,-0.032,0.005,0.030,0.024,0.015,0.030,-0.010,-0.015
-0.040,-0.015,0.025,0.027,-0.032,0.005,0.030,0.020,0.015,0.030,-0.010,-0.015
-0.040,-0.015,0.025,0.027,-0.032,0.005,0.030,0.020,0.015,0.026,-0.010,-0.015
-0.040,-0.014,0.026,0.026,-0.032,0.006,0.031,0.017,0.016,0.025,-0.014,-0.015
-0.041,-0.018,0.023,0.030,-0.032,0.003,0.028,0.014,0.013,0.025,-0.027,-0.015
-0.046,-0.027,0.020,0.036,-0.032,-0.003,0.025,0.015,0.010,0.025,-0.035,-0.015
-0.045,-0.030,0.015,0.037,-0.030,-0.007,0.025,0.015,0.010,0.025,-0.030,-0.015
-0.034,-0.030,0.004,0.031,-0.019,-0.013,0.025,0.011,0.010,0.021,-0.030,-0.015
-0.053,-0.030,0.023,0.041,-0.038,-0.003,0.025,0.010,0.010,0.019,-0.030,-0.015
-0.067,-0.030,0.037,0.048,-0.052,0.003,0.025,0.008,0.010,0.021,-0.030,-0.015
-0.059,-0.030,0.029,0.044,-0.044,-0.001,0.024,0.004,0.010,0.019,-0.030,-0.015
-0.060,-0.030,0.030,0.045,-0.045,0.000,0.020,0.005,0.010,0.015,-0.030,-0.015
-0.061,-0.030,0.031,0.045,-0.046,0.000,0.020,0.005,0.006,0.015,-0.030,-0.015
-0.057,-0.030,0.027,0.043,-0.042,-0.001,0.020,0.002,0.005,0.015,-0.030,-0.012
-0.055,-0.030,0.025,0.042,-0.040,-0.002,0.020,-0.001,0.005,0.015,-0.030,-0.009
-0.055,-0.030,0.025,0.042,-0.040,-0.002,0.019,0.000,0.005,0.014,-0.030,-0.010
-0.055,-0.030,0.025,0.042,-0.040,-0.002,0.015,0.000,0.005,0.010,-0.030,-0.010
-0.055,-0.030,0.025,0.042,-0.040,-0.002,0.015,-0.004,0.005,0.010,-0.030,-0.009
-0.052,-0.030,0.022,0.041,-0.037,-0.004,0.015,-0.008,0.006,0.010,-0.031,-0.015
-0.049,-0.030,0.019,0.040,-0.034,-0.005,0.015,-0.012,0.003,0.009,-0.028,-0.025
-0.050,-0.030,0.020,0.040,-0.035,-0.005,0.015,-0.016,0.000,0.012,-0.025,-0.030
-0.050,-0.030,0.020,0.040,-0.035,-0.005,0.015,-0.015,0.000,0.020,-0.025,-0.025
-0.046,-0.030,0.016,0.037,-0.031,-0.007,0.024,-0.011,0.000,0.016,-0.025,-0.025
-0.045,-0.030,0.015,0.037,-0.030,-0.007,0.023,-0.009,0.000,0.014,-0.025,-0.026
-0.045,-0.030,0.015,0.037,-0.030,-0.007,0.019,-0.011,0.000,0.015,-0.025,-0.023
-0.045,-0.030,0.015,0.037,-0.030,-0.007,0.020,-0.009,0.000,0.015,-0.025,-0.020
-0.045,-0.030,0.015,0.037,-0.030,-0.007,0.020,-0.005,0.000,0.015,-0.025,-0.020
-0.041,-0.030,0.011,0.035,-0.026,-0.010,0.020,-0.005,-0.008,0.015,-0.025,-0.019
-0.040,-0.030,0.010,0.035,-0.025,-0.010,0.020,-0.006,-0.013,0.012,-0.025,-0.029
-0.040,-0.030,0.010,0.035,-0.025,-0.010,0.020,-0.003,-0.019,0.009,-0.025,-0.037
-0.040,-0.030,0.010,0.035,-0.025,-0.010,0.020,0.000,-0.026,0.010,-0.025,-0.035
-0.040,-0.030,0.010,0.035,-0.025,-0.010,0.020,0.000,-0.025,0.010,-0.025,-0.035
-0.037,-0.030,0.007,0.034,-0.022,-0.012,0.020,0.000,-0.025,0.010,-0.025,-0.035
-0.059,-0.027,0.032,0.043,-0.045,0.003,0.020,0.001,-0.025,0.010,-0.025,-0.035
-0.071,-0.024,0.047,0.048,-0.059,0.011,0.020,-0.005,-0.025,0.010,-0.024,-0.035
-0.064,-0.025,0.039,0.045,-0.051,0.006,0.020,-0.018,-0.025,0.009,-0.027,-0.035
-0.065,-0.025,0.040,0.045,-0.052,0.007,0.020,-0.025,-0.025,0.005,-0.035,-0.035
-0.065,-0.025,0.040,0.045,-0.052,0.007,0.016,-0.021,-0.025,0.005,-0.031,-0.035
-0.065,-0.025,0.040,0.045,-0.052,0.007,0.015,-0.019,-0.025,0.005,-0.029,-0.035
-0.065,-0.025,0.040,0.045,-0.052,0.007,0.015,-0.020,-0.025,0.005,-0.030,-0.035
-0.064,-0.025,0.039,0.045,-0.051,0.007,0.015,-0.020,-0.025,0.005,-0.030,-0.035
-0.060,-0.025,0.035,0.042,-0.047,0.005,0.015,-0.020,-0.025,0.005,-0.030,-0.035
-0.060,-0.025,0.035,0.042,-0.047,0.005,0.015,-0.020,-0.025,0.001,-0.026,-0.035
-0.060,-0.025,0.035,0.042,-0.047,0.005,0.015,-0.020,-0.025,0.000,-0.025,-0.035
-0.060,-0.025,0.035,0.042,-0.047,0.005,0.015,-0.020,-0.025,0.000,-0.025,-0.035
-0.060,-0.025,0.035,0.042,-0.047,0.005,0.015,-0.019,-0.025,0.000,-0.025,-0.035
-0.060,-0.025,0.035,0.042,-0.047,0.005,0.015,-0.015,-0.025,0.000,-0.025,-0.035
-0.056,-0.021,0.035,0.038,-0.046,0.007,0.015,-0.015,-0.025,0.000,-0.021,-0.035
-0.051,-0.020,0.032,0.035,-0.042,0.006,0.015,-0.015,-0.025,0.000,-0.020,-0.035
-0.050,-0.020,0.029,0.035,-0.040,0.005,0.015,-0.015,-0.025,-0.002,-0.020,-0.035
-0.050,-0.020,0.030,0.035,-0.040,0.005,0.014,-0.015,-0.025,-0.006,-0.020,-0.035
-0.050,-0.020,0.030,0.035,-0.040,0.005,0.010,-0.015,-0.025,-0.005,-0.020,-0.035
-0.050,-0.020,0.030,0.035,-0.040,0.005,0.010,-0.015,-0.025,-0.001,-0.020,-0.035
-0.051,-0.020,0.031,0.035,-0.041,0.005,0.010,-0.016,-0.025,0.000,-0.017,-0.035
-0.048,-0.020,0.028,0.034,-0.038,0.004,0.010,-0.013,-0.025,0.002,-0.014,-0.035
-0.045,-0.020,0.025,0.032,-0.035,0.002,0.010,-0.010,-0.025,0.006,-0.015,-0.035
-0.045,-0.020,0.025,0.032,-0.035,0.002,0.010,-0.010,-0.025,0.005,-0.015,-0.035
-0.045,-0.020,0.025,0.032,-0.035,0.002,0.010,-0.010,-0.024,0.001,-0.015,-0.031
-0.045,-0.020,0.025,0.032,-0.035,0.002,0.010,-0.010,-0.032,0.000,-0.012,-0.030
-0.046,-0.021,0.025,0.033,-0.035,0.001,0.010,-0.010,-0.034,0.000,-0.009,-0.030
-0.043,-0.017,0.026,0.030,-0.035,0.004,0.010,-0.010,-0.029,0.000,-0.010,-0.030
-0.035,-0.010,0.025,0.022,-0.030,0.007,0.010,-0.010,-0.030,0.000,-0.010,-0.030
-0.037,-0.027,0.010,0.032,-0.024,-0.008,0.010,-0.010,-0.030,0.000,-0.010,-0.030
-0.054,-0.029,0.025,0.041,-0.039,-0.002,0.011,-0.009,-0.030,0.000,-0.009,-0.030
-0.060,-0.024,0.036,0.042,-0.048,0.006,0.008,-0.013,-0.030,0.000,-0.013,-0.030
-0.054,-0.025,0.029,0.040,-0.041,0.001,0.005,-0.022,-0.030,0.000,-0.023,-0.030
-0.055,-0.025,0.030,0.040,-0.042,0.002,0.005,-0.025,-0.030,0.000,-0.030,-0.030
-0.056,-0.025,0.031,0.041,-0.043,0.002,0.005,-0.025,-0.030,0.000,-0.030,-0.030
-0.049,-0.022,0.027,0.035,-0.038,0.002,0.005,-0.025,-0.030,0.000,-0.030,-0.030
-0.044,-0.019,0.025,0.031,-0.034,0.002,0.005,-0.025,-0.030,0.000,-0.030,-0.030
-0.045,-0.020,0.025,0.032,-0.035,0.002,0.005,-0.025,-0.030,0.000,-0.030,-0.030
-0.045,-0.020,0.025,0.032,-0.035,0.002,0.005,-0.025,-0.030,0.000,-0.030,-0.030
-0.046,-0.020,0.025,0.033,-0.036,0.002,0.005,-0.025,-0.030,0.000,-0.030,-0.030
-0.039,-0.017,0.022,0.028,-0.030,0.002,0.005,-0.025,-0.027,0.000,-0.030,-0.030
-0.034,-0.014,0.019,0.024,-0.026,0.002,0.005,-0.025,-0.024,0.000,-0.030,-0.030
-0.035,-0.015,0.020,0.025,-0.027,0.002,0.005,-0.025,-0.025,0.000,-0.030,-0.030
-0.035,-0.015,0.020,0.025,-0.027,0.002,0.005,-0.025,-0.025,0.000,-0.030,-0.030
-0.035,-0.015,0.020,0.025,-0.027,0.002,0.004,-0.025,-0.025,0.000,-0.030,-0.030
-0.033,-0.016,0.017,0.024,-0.024,0.001,0.010,-0.022,-0.025,0.000,-0.030,-0.030
-0.027,-0.013,0.014,0.020,-0.021,0.001,0.018,-0.019,-0.025,0.002,-0.032,-0.031
-0.025,-0.010,0.015,0.017,-0.020,0.002,0.019,-0.020,-0.025,0.006,-0.036,-0.037
-0.025,-0.010,0.015,0.017,-0.020,0.002,0.015,-0.020,-0.025,0.010,-0.035,-0.045
-0.021,-0.010,0.011,0.015,-0.016,0.000,0.015,-0.020,-0.025,0.014,-0.031,-0.041
-0.020,-0.011,0.010,0.015,-0.015,0.000,0.015,-0.020,-0.025,0.016,-0.030,-0.039
-0.018,-0.008,0.010,0.013,-0.014,0.001,0.015,-0.020,-0.025,0.013,-0.030,-0.040
-0.015,-0.005,0.010,0.010,-0.012,0.002,0.015,-0.020,-0.025,0.010,-0.030,-0.040
-0.015,-0.005,0.010,0.010,-0.012,0.002,0.015,-0.020,-0.025,0.010,-0.030,-0.040
-0.011,-0.005,0.006,0.007,-0.008,0.000,0.015,-0.020,-0.029,0.010,-0.030,-0.040
-0.010,-0.006,0.004,0.007,-0.007,-0.001,0.015,-0.020,-0.031,0.010,-0.027,-0.040
-0.008,-0.003,0.006,0.005,-0.006,0.001,0.015,-0.020,-0.029,0.010,-0.024,-0.040
-0.014,-0.009,0.004,0.011,-0.009,-0.002,0.015,-0.020,-0.032,0.010,-0.025,-0.040
-0.035,-0.030,0.005,0.032,-0.020,-0.012,0.015,-0.020,-0.040,0.010,-0.025,-0.040
-0.045,-0.027,0.018,0.036,-0.031,-0.004,0.015,-0.020,-0.036,0.010,-0.025,-0.040
-0.040,-0.024,0.016,0.032,-0.028,-0.003,0.016,-0.020,-0.034,0.010,-0.025,-0.040
-0.030,-0.026,0.004,0.028,-0.017,-0.010,0.013,-0.020,-0.035,0.010,-0.025,-0.040
-0.033,-0.024,0.009,0.028,-0.021,-0.008,0.010,-0.020,-0.035,0.010,-0.024,-0.039
-0.050,-0.020,0.030,0.035,-0.040,0.005,0.010,-0.020,-0.035,0.010,-0.020,-0.035
-0.051,-0.020,0.031,0.035,-0.041,0.006,0.010,-0.020,-0.035,0.010,-0.020,-0.035
-0.049,-0.020,0.029,0.035,-0.039,0.005,0.010,-0.020,-0.032,0.007,-0.020,-0.035
-0.051,-0.020,0.030,0.035,-0.040,0.005,0.010,-0.020,-0.029,0.004,-0.020,-0.035
-0.049,-0.019,0.030,0.034,-0.039,0.005,0.010,-0.020,-0.030,0.005,-0.020,-0.035
-0.045,-0.015,0.030,0.030,-0.037,0.007,0.010,-0.020,-0.030,0.005,-0.020,-0.035
-0.045,-0.015,0.030,0.030,-0.037,0.007,0.010,-0.020,-0.030,0.005,-0.016,-0.035
-0.045,-0.015,0.030,0.030,-0.037,0.007,0.010,-0.020,-0.030,0.005,-0.015,-0.035
-0.045,-0.015,0.030,0.030,-0.037,0.007,0.010,-0.020,-0.030,0.005,-0.015,-0.035
-0.044,-0.014,0.030,0.029,-0.037,0.007,0.010,-0.019,-0.029,0.005,-0.015,-0.035
-0.040,-0.010,0.030,0.025,-0.035,0.010,0.010,-0.015,-0.025,0.005,-0.015,-0.035
-0.040,-0.010,0.030,0.025,-0.035,0.010,0.010,-0.015,-0.025,0.005,-0.015,-0.035
-0.041,-0.011,0.030,0.026,-0.035,0.010,0.013,-0.017,-0.025,0.005,-0.016,-0.036
-0.038,-0.008,0.030,0.023,-0.034,0.011,0.016,-0.025,-0.025,0.005,-0.013,-0.033
-0.035,-0.005,0.030,0.020,-0.032,0.012,0.015,-0.030,-0.025,0.005,-0.010,-0.030
-0.035,-0.005,0.030,0.020,-0.032,0.012,0.015,-0.025,-0.025,0.005,-0.010,-0.030
-0.035,-0.005,0.030,0.020,-0.032,0.012,0.015,-0.021,-0.021,0.009,-0.010,-0.030
-0.036,-0.006,0.030,0.021,-0.032,0.012,0.015,-0.017,-0.020,0.010,-0.007,-0.030
-0.033,-0.003,0.030,0.018,-0.031,0.013,0.014,-0.013,-0.020,0.010,-0.005,-0.030
-0.030,0.000,0.030,0.015,-0.030,0.015,0.017,-0.009,-0.020,0.010,-0.005,-0.029
-0.030,0.000,0.030,0.015,-0.030,0.015,0.025,-0.005,-0.020,0.010,-0.005,-0.025
-0.030,0.000,0.030,0.015,-0.030,0.015,0.026,0.001,-0.020,0.018,-0.005,-0.025
-0.030,0.001,0.031,0.015,-0.030,0.016,0.024,-0.009,-0.021,0.024,-0.002,-0.025
-0.030,-0.003,0.027,0.016,-0.029,0.012,0.028,-0.015,-0.018,0.025,0.001,-0.025
-0.030,-0.013,0.017,0.021,-0.024,0.002,0.037,-0.009,-0.015,0.025,0.000,-0.025
-0.035,-0.020,0.015,0.027,-0.025,-0.002,0.045,-0.010,-0.015,0.025,0.000,-0.025
-0.049,-0.013,0.036,0.031,-0.042,0.012,0.054,-0.010,-0.015,0.024,0.000,-0.025
-0.043,-0.003,0.040,0.023,-0.041,0.018,0.053,-0.010,-0.016,0.031,0.003,-0.022
-0.030,0.002,0.032,0.013,-0.031,0.016,0.049,-0.010,-0.013,0.038,0.006,-0.019
-0.023,0.007,0.030,0.009,-0.027,0.018,0.050,-0.010,-0.010,0.040,0.005,-0.020
-0.015,0.015,0.030,0.000,-0.023,0.022,0.050,-0.010,-0.010,0.040,0.005,-0.020
-0.003,0.023,0.026,-0.011,-0.015,0.025,0.046,-0.010,-0.010,0.040,0.009,-0.020
0.007,0.028,0.022,-0.018,-0.008,0.025,0.045,-0.007,-0.011,0.040,0.010,-0.021
0.013,0.032,0.019,-0.023,-0.003,0.025,0.045,-0.004,-0.008,0.040,0.010,-0.018
0.014,0.035,0.021,-0.025,-0.004,0.028,0.045,-0.005,-0.005,0.040,0.010,-0.015
0.005,0.035,0.030,-0.020,-0.013,0.032,0.045,-0.005,-0.005,0.040,0.010,-0.015
-0.007,0.035,0.042,-0.015,-0.025,0.038,0.041,-0.005,-0.005,0.040,0.014,-0.015
-0.018,0.034,0.053,-0.009,-0.036,0.044,0.039,-0.005,-0.005,0.040,0.015,-0.015
-0.017,0.037,0.054,-0.010,-0.035,0.045,0.041,-0.005,-0.005,0.040,0.015,-0.015
-0.009,0.040,0.050,-0.015,-0.029,0.045,0.039,-0.005,-0.004,0.040,0.015,-0.015
-0.010,0.040,0.050,-0.015,-0.030,0.045,0.035,-0.005,0.000,0.040,0.015,-0.015
-0.002,0.044,0.046,-0.022,-0.024,0.045,0.035,-0.001,0.000,0.040,0.019,-0.011
0.000,0.045,0.045,-0.023,-0.023,0.045,0.035,0.000,0.000,0.040,0.020,-0.010
0.002,0.045,0.043,-0.024,-0.021,0.044,0.036,0.000,0.000,0.040,0.020,-0.008
0.005,0.045,0.040,-0.025,-0.018,0.042,0.033,0.000,0.001,0.040,0.020,-0.005
0.005,0.045,0.040,-0.025,-0.018,0.042,0.025,0.000,0.005,0.040,0.020,-0.005
0.009,0.045,0.036,-0.028,-0.014,0.040,0.021,0.000,0.005,0.036,0.020,-0.001
0.010,0.045,0.035,-0.028,-0.013,0.040,0.014,0.000,0.005,0.034,0.020,0.000
0.012,0.045,0.033,-0.029,-0.011,0.039,0.008,0.000,0.005,0.036,0.019,0.002
0.015,0.045,0.030,-0.030,-0.008,0.037,0.003,0.000,0.005,0.034,0.023,0.005
0.015,0.045,0.030,-0.030,-0.008,0.037,-0.005,0.000,0.005,0.030,0.035,0.005
0.019,0.045,0.026,-0.032,-0.004,0.035,-0.009,-0.004,0.001,0.030,0.031,0.009
0.021,0.046,0.025,-0.034,-0.003,0.036,-0.014,-0.005,-0.001,0.031,0.029,0.010
0.018,0.042,0.023,-0.030,-0.003,0.032,-0.014,-0.007,0.001,0.028,0.030,0.012
0.014,0.033,0.020,-0.023,-0.003,0.026,-0.009,-0.010,-0.001,0.025,0.030,0.015
0.010,0.030,0.020,-0.020,-0.005,0.025,-0.010,-0.010,-0.005,0.025,0.030,0.015
0.017,0.032,0.016,-0.025,0.000,0.024,-0.010,-0.014,-0.005,0.025,0.030,0.019
0.033,0.048,0.015,-0.041,0.008,0.031,-0.010,-0.015,-0.004,0.022,0.030,0.020
0.043,0.057,0.014,-0.050,0.014,0.035,-0.010,-0.017,-0.007,0.019,0.030,0.022
0.046,0.055,0.008,-0.050,0.018,0.031,-0.010,-0.020,-0.010,0.020,0.029,0.025
0.045,0.055,0.010,-0.050,0.017,0.032,-0.010,-0.020,-0.010,0.020,0.025,0.025
0.024,0.055,0.031,-0.040,-0.004,0.043,-0.010,-0.024,-0.010,0.016,0.025,0.029
0.021,0.055,0.034,-0.038,-0.007,0.044,-0.010,-0.026,-0.013,0.014,0.025,0.030
0.026,0.055,0.029,-0.040,-0.002,0.041,-0.010,-0.023,-0.016,0.016,0.025,0.032
0.025,0.055,0.030,-0.040,-0.003,0.042,-0.010,-0.020,-0.015,0.014,0.025,0.036
0.025,0.055,0.030,-0.040,-0.003,0.042,-0.010,-0.020,-0.015,0.010,0.025,0.035
0.021,0.051,0.030,-0.036,-0.005,0.041,-0.015,-0.020,-0.019,0.010,0.025,0.031
0.019,0.047,0.028,-0.033,-0.005,0.037,-0.013,-0.018,-0.021,0.011,0.026,0.030
0.007,0.043,0.036,-0.025,-0.014,0.039,-0.023,-0.027,-0.019,0.008,0.023,0.028
0.020,0.039,0.019,-0.029,0.000,0.029,-0.036,-0.043,-0.021,0.005,0.020,0.025
0.070,0.035,-0.035,-0.052,0.052,0.000,-0.030,-0.045,-0.025,0.005,0.020,0.025
0.069,0.035,-0.034,-0.052,0.051,0.000,-0.025,-0.045,-0.025,0.005,0.020,0.021
0.060,0.032,-0.028,-0.046,0.044,0.002,-0.025,-0.045,-0.024,0.004,0.020,0.019
0.059,0.028,-0.031,-0.043,0.045,-0.001,-0.023,-0.045,-0.027,0.007,0.020,0.021
0.053,0.024,-0.029,-0.039,0.041,-0.002,-0.020,-0.045,-0.030,0.011,0.020,0.019
0.045,0.020,-0.025,-0.032,0.035,-0.002,-0.020,-0.045,-0.030,0.015,0.020,0.015
0.040,0.015,-0.025,-0.027,0.032,-0.005,-0.016,-0.045,-0.030,0.024,0.020,0.015
0.041,0.016,-0.025,-0.028,0.032,-0.005,-0.011,-0.045,-0.028,0.023,0.020,0.012
0.035,0.010,-0.025,-0.022,0.030,-0.007,-0.010,-0.045,-0.036,0.018,0.018,0.010
0.022,-0.002,-0.024,-0.009,0.023,-0.013,-0.009,-0.045,-0.045,0.014,0.014,0.009
0.010,-0.010,-0.020,0.000,0.015,-0.015,-0.005,-0.045,-0.040,0.010,0.010,0.005
-0.002,-0.022,-0.020,0.012,0.009,-0.021,-0.005,-0.045,-0.039,0.006,0.006,0.005
-0.010,-0.031,-0.021,0.021,0.006,-0.025,-0.002,-0.045,-0.041,0.002,0.002,0.006
-0.022,-0.040,-0.018,0.031,-0.002,-0.029,0.002,-0.045,-0.038,-0.003,-0.002,0.003
-0.039,-0.053,-0.015,0.047,-0.012,-0.033,0.006,-0.045,-0.035,-0.005,-0.005,0.000
-0.045,-0.060,-0.015,0.053,-0.015,-0.037,0.010,-0.045,-0.035,0.000,-0.005,0.000
-0.030,-0.045,-0.016,0.038,-0.007,-0.030,0.011,-0.045,-0.033,0.001,-0.009,-0.004
-0.014,-0.026,-0.012,0.021,0.000,-0.019,0.004,-0.045,-0.051,-0.003,-0.013,-0.006
-0.010,-0.034,-0.024,0.022,0.007,-0.029,-0.003,-0.045,-0.061,-0.007,-0.017,-0.004
-0.027,-0.061,-0.035,0.044,0.005,-0.048,-0.006,-0.045,-0.054,-0.011,-0.021,-0.006
-0.055,-0.075,-0.020,0.065,-0.017,-0.047,-0.010,-0.045,-0.055,-0.015,-0.025,-0.010
-0.064,-0.071,-0.008,0.068,-0.028,-0.039,-0.015,-0.045,-0.055,-0.015,-0.021,-0.010
-0.073,-0.069,0.003,0.071,-0.038,-0.033,-0.012,-0.045,-0.055,-0.017,-0.019,-0.013
-0.088,-0.070,0.018,0.079,-0.053,-0.026,-0.009,-0.045,-0.055,-0.023,-0.020,-0.016
-0.095,-0.070,0.025,0.082,-0.060,-0.022,-0.010,-0.045,-0.055,-0.025,-0.020,-0.015
-0.085,-0.070,0.015,0.077,-0.050,-0.027,-0.010,-0.045,-0.055,-0.025,-0.020,-0.015
-0.073,-0.066,0.007,0.069,-0.039,-0.029,-0.006,-0.045,-0.051,-0.029,-0.020,-0.016
-0.064,-0.065,-0.001,0.064,-0.031,-0.033,-0.005,-0.045,-0.047,-0.033,-0.018,-0.013
-0.056,-0.065,-0.009,0.061,-0.023,-0.037,-0.005,-0.045,-0.060,-0.036,-0.026,-0.023
-0.048,-0.065,-0.017,0.057,-0.015,-0.041,-0.005,-0.045,-0.077,-0.034,-0.036,-0.036
-0.040,-0.065,-0.025,0.053,-0.007,-0.045,-0.005,-0.045,-0.070,-0.030,-0.035,-0.030
-0.036,-0.065,-0.030,0.051,-0.002,-0.047,-0.001,-0.045,-0.065,-0.026,-0.035,-0.029
-0.035,-0.062,-0.027,0.049,-0.004,-0.044,0.001,-0.045,-0.065,-0.025,-0.035,-0.031
-0.035,-0.059,-0.024,0.048,-0.006,-0.041,-0.001,-0.045,-0.063,-0.023,-0.035,-0.028
-0.035,-0.060,-0.025,0.048,-0.005,-0.042,0.001,-0.045,-0.060,-0.020,-0.035,-0.025
-0.035,-0.060,-0.025,0.048,-0.005,-0.042,0.005,-0.045,-0.060,-0.020,-0.035,-0.025
-0.040,-0.060,-0.021,0.050,-0.010,-0.041,0.005,-0.045,-0.056,-0.016,-0.037,-0.025
-0.037,-0.057,-0.020,0.047,-0.008,-0.038,0.005,-0.045,-0.051,-0.011,-0.023,-0.025
-0.036,-0.054,-0.018,0.045,-0.008,-0.036,0.005,-0.045,-0.050,-0.010,-0.028,-0.023
-0.032,-0.055,-0.024,0.043,-0.003,-0.039,0.006,-0.045,-0.049,-0.009,-0.047,-0.020
-0.015,-0.055,-0.040,0.035,0.013,-0.047,0.010,-0.045,-0.045,-0.005,-0.040,-0.020
-0.022,-0.055,-0.033,0.038,0.006,-0.043,0.010,-0.045,-0.044,-0.004,-0.035,-0.020
-0.033,-0.056,-0.023,0.044,-0.004,-0.039,0.010,-0.045,-0.050,-0.013,-0.035,-0.017
-0.035,-0.051,-0.016,0.043,-0.009,-0.033,0.009,-0.046,-0.061,-0.027,-0.034,-0.014
-0.036,-0.044,-0.008,0.040,-0.013,-0.026,0.012,-0.042,-0.063,-0.027,-0.029,-0.015
-0.040,-0.040,0.000,0.040,-0.020,-0.020,0.025,-0.025,-0.045,-0.005,-0.025,-0.015
-0.047,-0.032,0.015,0.039,-0.031,-0.008,0.037,-0.010,-0.030,0.011,-0.026,-0.014
-0.063,-0.027,0.035,0.045,-0.049,0.004,0.047,0.013,-0.005,0.034,-0.016,-0.022
-0.057,-0.021,0.037,0.039,-0.046,0.008,0.051,0.036,0.025,0.067,-0.008,-0.022
-0.036,-0.014,0.022,0.025,-0.029,0.004,0.049,0.054,0.050,0.097,0.008,-0.014
-0.025,-0.010,0.015,0.017,-0.020,0.002,0.050,0.090,0.090,0.135,0.055,-0.005
0.004,0.010,0.007,-0.008,-0.002,0.008,0.078,0.178,0.189,0.214,0.098,0.034
0.023,0.025,0.001,-0.024,0.010,0.013,0.097,0.250,0.282,0.292,0.156,0.072
0.072,0.054,-0.018,-0.063,0.044,0.018,0.116,0.315,0.374,0.374,0.225,0.112
0.138,0.092,-0.045,-0.115,0.091,0.023,0.122,0.395,0.483,0.477,0.300,0.163
0.185,0.110,-0.075,-0.147,0.130,0.017,0.095,0.475,0.605,0.600,0.400,0.225
0.286,0.141,-0.145,-0.213,0.215,-0.002,0.080,0.538,0.747,0.751,0.543,0.318
0.402,0.216,-0.186,-0.309,0.294,0.015,0.011,0.542,0.863,0.899,0.717,0.431
0.535,0.296,-0.238,-0.415,0.387,0.028,-0.075,0.535,0.956,1.026,0.888,0.550
0.681,0.353,-0.328,-0.516,0.504,0.013,-0.169,0.522,1.021,1.119,1.043,0.670
0.815,0.400,-0.415,-0.607,0.615,-0.007,-0.310,0.450,1.025,1.155,1.180,0.785
0.935,0.437,-0.498,-0.686,0.716,-0.031,-0.462,0.320,0.960,1.116,1.258,0.872
1.013,0.465,-0.548,-0.739,0.780,-0.042,-0.614,0.146,0.800,0.970,1.249,0.902
1.031,0.463,-0.568,-0.747,0.800,-0.053,-0.732,-0.065,0.536,0.715,1.151,0.890
0.999,0.396,-0.603,-0.697,0.801,-0.104,-0.806,-0.291,0.213,0.391,0.974,0.827
0.945,0.275,-0.670,-0.610,0.807,-0.197,-0.860,-0.510,-0.115,0.055,0.740,0.700
0.875,0.179,-0.697,-0.527,0.786,-0.259,-0.910,-0.737,-0.440,-0.265,0.506,0.567
0.750,0.114,-0.636,-0.432,0.693,-0.261,-0.975,-1.008,-0.787,-0.548,0.329,0.481
0.620,0.054,-0.566,-0.337,0.593,-0.256,-1.042,-1.250,-1.087,-0.776,0.196,0.419
0.521,-0.003,-0.524,-0.259,0.523,-0.263,-1.090,-1.399,-1.277,-0.939,0.084,0.353
0.435,-0.040,-0.475,-0.197,0.455,-0.257,-1.100,-1.450,-1.355,-1.035,0.000,0.290
0.363,-0.071,-0.434,-0.145,0.399,-0.253,-1.056,-1.410,-1.336,-1.065,-0.056,0.238
0.256,-0.142,-0.398,-0.057,0.327,-0.270,-1.022,-1.384,-1.327,-1.015,-0.118,0.183
0.189,-0.157,-0.346,-0.015,0.268,-0.251,-0.943,-1.288,-1.246,-0.953,-0.143,0.148
0.167,-0.102,-0.269,-0.033,0.218,-0.185,-0.815,-1.105,-1.079,-0.880,-0.126,0.155
0.120,-0.070,-0.190,-0.025,0.155,-0.130,-0.710,-0.950,-0.935,-0.755,-0.120,0.175
0.077,-0.065,-0.142,-0.006,0.110,-0.103,-0.614,-0.828,-0.816,-0.660,-0.112,0.157
0.025,-0.065,-0.090,0.020,0.058,-0.077,-0.519,-0.717,-0.718,-0.578,-0.104,0.135
-0.003,-0.065,-0.062,0.034,0.030,-0.063,-0.436,-0.617,-0.634,-0.506,-0.096,0.111
0.002,-0.065,-0.067,0.032,0.035,-0.066,-0.370,-0.528,-0.555,-0.445,-0.089,0.077
0.000,-0.065,-0.065,0.033,0.033,-0.065,-0.310,-0.450,-0.480,-0.385,-0.085,0.050
-0.032,-0.065,-0.034,0.049,0.002,-0.050,-0.248,-0.397,-0.419,-0.337,-0.081,0.038
-0.058,-0.062,-0.004,0.060,-0.027,-0.033,-0.203,-0.347,-0.362,-0.289,-0.079,0.026
-0.086,-0.059,0.026,0.072,-0.056,-0.016,-0.167,-0.292,-0.311,-0.243,-0.081,0.016
-0.107,-0.060,0.047,0.083,-0.077,-0.006,-0.131,-0.236,-0.263,-0.199,-0.079,0.008
-0.100,-0.060,0.040,0.080,-0.070,-0.010,-0.095,-0.185,-0.215,-0.160,-0.075,-0.005
-0.099,-0.060,0.039,0.080,-0.069,-0.010,-0.062,-0.152,-0.182,-0.135,-0.075,-0.018
-0.101,-0.060,0.041,0.080,-0.071,-0.010,-0.039,-0.123,-0.152,-0.114,-0.076,-0.026
-0.098,-0.060,0.038,0.079,-0.068,-0.011,-0.021,-0.100,-0.132,-0.100,-0.073,-0.036
-0.094,-0.059,0.035,0.076,-0.064,-0.012,-0.007,-0.087,-0.123,-0.093,-0.070,-0.048
-0.090,-0.055,0.035,0.072,-0.062,-0.010,0.000,-0.075,-0.115,-0.085,-0.070,-0.055
-0.090,-0.055,0.035,0.072,-0.062,-0.010,0.008,-0.063,-0.103,-0.077,-0.070,-0.055
-0.091,-0.055,0.035,0.072,-0.063,-0.010,0.016,-0.051,-0.094,-0.069,-0.067,-0.055
-0.088,-0.055,0.033,0.071,-0.060,-0.011,0.024,-0.040,-0.084,-0.061,-0.064,-0.055
-0.085,-0.055,0.030,0.070,-0.057,-0.012,0.032,-0.034,-0.072,-0.053,-0.065,-0.055
-0.085,-0.055,0.030,0.070,-0.057,-0.012,0.040,-0.030,-0.065,-0.045,-0.065,-0.055
-0.081,-0.051,0.030,0.066,-0.056,-0.010,0.044,-0.026,-0.061,-0.041,-0.061,-0.055
-0.076,-0.050,0.027,0.063,-0.052,-0.011,0.045,-0.022,-0.060,-0.040,-0.059,-0.055
-0.075,-0.050,0.025,0.062,-0.050,-0.012,0.044,-0.018,-0.061,-0.041,-0.061,-0.055
-0.075,-0.050,0.025,0.062,-0.050,-0.012,0.046,-0.014,-0.059,-0.039,-0.059,-0.055
-0.075,-0.050,0.025,0.062,-0.050,-0.012,0.050,-0.010,-0.055,-0.035,-0.055,-0.055
-0.076,-0.050,0.025,0.062,-0.051,-0.012,0.046,-0.006,-0.055,-0.035,-0.055,-0.049
-0.071,-0.049,0.022,0.060,-0.046,-0.013,0.045,-0.005,-0.056,-0.036,-0.056,-0.059
-0.074,-0.054,0.019,0.064,-0.047,-0.017,0.045,-0.006,-0.053,-0.033,-0.053,-0.065
-0.080,-0.060,0.020,0.070,-0.050,-0.020,0.054,-0.004,-0.050,-0.030,-0.050,-0.059
-0.075,-0.055,0.020,0.065,-0.047,-0.017,0.070,0.000,-0.050,-0.030,-0.050,-0.060
-0.074,-0.053,0.020,0.064,-0.046,-0.016,0.067,0.000,-0.050,-0.030,-0.050,-0.060
-0.082,-0.065,0.017,0.073,-0.049,-0.023,0.064,0.000,-0.047,-0.027,-0.050,-0.060
-0.084,-0.070,0.014,0.076,-0.049,-0.027,0.065,0.000,-0.044,-0.024,-0.050,-0.058
-0.079,-0.064,0.015,0.071,-0.047,-0.025,0.065,0.001,-0.045,-0.025,-0.050,-0.055
-0.080,-0.065,0.015,0.072,-0.047,-0.025,0.065,0.005,-0.045,-0.025,-0.050,-0.055
-0.080,-0.065,0.015,0.072,-0.047,-0.025,0.065,0.005,-0.041,-0.021,-0.050,-0.055
-0.080,-0.065,0.015,0.072,-0.047,-0.025,0.065,0.004,-0.039,-0.019,-0.050,-0.056
-0.080,-0.065,0.015,0.072,-0.047,-0.025,0.065,0.007,-0.041,-0.021,-0.050,-0.053
-0.079,-0.064,0.015,0.071,-0.047,-0.024,0.065,0.010,-0.039,-0.019,-0.050,-0.050
-0.075,-0.060,0.015,0.067,-0.045,-0.022,0.065,0.010,-0.035,-0.015,-0.050,-0.050
-0.075,-0.060,0.015,0.067,-0.045,-0.022,0.065,0.010,-0.035,-0.015,-0.050,-0.050
-0.076,-0.060,0.015,0.067,-0.045,-0.022,0.065,0.009,-0.036,-0.016,-0.047,-0.050
-0.074,-0.060,0.014,0.066,-0.044,-0.023,0.065,0.012,-0.033,-0.013,-0.044,-0.050
-0.078,-0.060,0.018,0.068,-0.048,-0.021,0.065,0.015,-0.030,-0.010,-0.045,-0.049
-0.090,-0.060,0.030,0.075,-0.060,-0.015,0.065,0.015,-0.030,-0.010,-0.045,-0.045
-0.087,-0.060,0.027,0.073,-0.057,-0.016,0.065,0.015,-0.030,-0.010,-0.045,-0.045
-0.078,-0.057,0.021,0.067,-0.049,-0.017,0.064,0.015,-0.027,-0.011,-0.045,-0.045
-0.075,-0.054,0.020,0.065,-0.047,-0.017,0.067,0.014,-0.025,-0.008,-0.045,-0.045
-0.074,-0.055,0.019,0.065,-0.046,-0.018,0.070,0.017,-0.025,-0.005,-0.045,-0.044
-0.070,-0.055,0.015,0.062,-0.042,-0.020,0.070,0.030,-0.025,-0.005,-0.045,-0.040
-0.070,-0.055,0.015,0.062,-0.042,-0.020,0.078,0.031,-0.025,-0.005,-0.045,-0.040
-0.068,-0.056,0.013,0.062,-0.040,-0.021,0.084,0.030,-0.022,-0.006,-0.045,-0.040
-0.061,-0.053,0.007,0.057,-0.034,-0.022,0.085,0.030,-0.019,-0.003,-0.045,-0.040
-0.054,-0.050,0.005,0.051,-0.030,-0.022,0.085,0.030,-0.020,0.000,-0.045,-0.040
-0.055,-0.050,0.005,0.052,-0.030,-0.022,0.085,0.030,-0.020,0.000,-0.045,-0.040
-0.052,-0.050,0.002,0.051,-0.027,-0.024,0.085,0.030,-0.020,0.000,-0.041,-0.044
-0.046,-0.050,-0.004,0.048,-0.021,-0.027,0.085,0.032,-0.017,0.000,-0.037,-0.046
-0.064,-0.050,0.014,0.057,-0.039,-0.018,0.085,0.024,-0.014,0.000,-0.048,-0.043
-0.087,-0.050,0.037,0.068,-0.062,-0.006,0.085,0.023,-0.015,0.001,-0.061,-0.040
-0.080,-0.050,0.030,0.065,-0.055,-0.010,0.085,0.040,-0.015,0.005,-0.055,-0.040
-0.075,-0.046,0.029,0.061,-0.052,-0.008,0.085,0.037,-0.011,0.005,-0.055,-0.040
-0.075,-0.045,0.030,0.060,-0.052,-0.007,0.085,0.034,-0.010,0.005,-0.055,-0.040
-0.075,-0.045,0.030,0.060,-0.052,-0.007,0.085,0.035,-0.010,0.005,-0.055,-0.040
-0.075,-0.045,0.030,0.060,-0.052,-0.007,0.085,0.035,-0.010,0.006,-0.055,-0.040
-0.075,-0.045,0.030,0.060,-0.052,-0.007,0.085,0.035,-0.010,0.010,-0.055,-0.040
-0.071,-0.045,0.026,0.058,-0.048,-0.010,0.085,0.035,-0.006,0.010,-0.055,-0.040
-0.068,-0.043,0.025,0.055,-0.046,-0.009,0.085,0.035,-0.004,0.010,-0.056,-0.040
-0.076,-0.051,0.025,0.063,-0.050,-0.013,0.085,0.035,-0.006,0.010,-0.053,-0.040
-0.085,-0.060,0.025,0.072,-0.055,-0.017,0.085,0.035,-0.004,0.010,-0.050,-0.040
-0.080,-0.055,0.025,0.067,-0.052,-0.015,0.085,0.035,-0.005,0.010,-0.050,-0.040
-0.080,-0.055,0.025,0.067,-0.052,-0.015,0.085,0.035,-0.018,0.006,-0.050,-0.040
-0.081,-0.055,0.026,0.067,-0.053,-0.015,0.085,0.035,-0.018,0.005,-0.050,-0.040
-0.078,-0.055,0.023,0.066,-0.050,-0.016,0.085,0.035,-0.014,0.005,-0.050,-0.040
-0.075,-0.055,0.020,0.065,-0.047,-0.017,0.085,0.035,-0.015,0.005,-0.050,-0.040
-0.075,-0.055,0.020,0.065,-0.047,-0.017,0.085,0.035,-0.015,0.005,-0.050,-0.040
-0.075,-0.055,0.020,0.065,-0.047,-0.017,0.085,0.035,-0.011,0.005,-0.050,-0.040
-0.075,-0.056,0.020,0.065,-0.047,-0.017,0.085,0.033,-0.010,0.002,-0.047,-0.040
-0.074,-0.053,0.020,0.063,-0.047,-0.016,0.085,0.041,-0.010,-0.001,-0.044,-0.040
-0.069,-0.050,0.019,0.059,-0.044,-0.015,0.085,0.050,-0.010,0.000,-0.045,-0.040
-0.065,-0.050,0.015,0.057,-0.040,-0.017,0.085,0.045,-0.010,0.000,-0.045,-0.040
-0.065,-0.050,0.015,0.057,-0.040,-0.017,0.085,0.045,-0.006,0.000,-0.045,-0.040
-0.065,-0.050,0.015,0.057,-0.040,-0.017,0.085,0.042,-0.005,0.000,-0.045,-0.040
-0.065,-0.050,0.015,0.057,-0.040,-0.017,0.085,0.039,-0.005,0.000,-0.045,-0.040
-0.065,-0.050,0.015,0.057,-0.040,-0.017,0.085,0.040,-0.005,-0.001,-0.045,-0.040
-0.065,-0.050,0.015,0.057,-0.040,-0.017,0.085,0.045,-0.005,-0.005,-0.045,-0.040
-0.065,-0.050,0.014,0.057,-0.040,-0.017,0.085,0.058,-0.001,-0.005,-0.044,-0.036
-0.067,-0.047,0.020,0.056,-0.043,-0.013,0.085,0.061,0.001,-0.005,-0.052,-0.035
-0.075,-0.044,0.031,0.059,-0.052,-0.007,0.084,0.060,-0.001,-0.005,-0.054,-0.035
-0.079,-0.045,0.034,0.062,-0.056,-0.005,0.087,0.060,0.001,-0.005,-0.049,-0.035
-0.075,-0.045,0.030,0.060,-0.052,-0.007,0.095,0.060,0.005,-0.005,-0.050,-0.035
-0.091,-0.045,0.046,0.068,-0.068,0.000,0.091,0.061,0.005,-0.009,-0.050,-0.031
-0.100,-0.045,0.055,0.072,-0.077,0.005,0.089,0.055,0.005,-0.010,-0.050,-0.030
-0.100,-0.045,0.055,0.072,-0.077,0.005,0.090,0.060,0.005,-0.010,-0.050,-0.030
-0.100,-0.045,0.055,0.072,-0.077,0.005,0.090,0.071,0.006,-0.010,-0.050,-0.030
-0.100,-0.045,0.055,0.072,-0.077,0.005,0.090,0.070,0.010,-0.010,-0.050,-0.030
-0.100,-0.045,0.055,0.072,-0.077,0.005,0.090,0.070,0.010,-0.010,-0.050,-0.026
-0.097,-0.042,0.055,0.069,-0.076,0.006,0.090,0.069,0.010,-0.010,-0.050,-0.025
-0.095,-0.040,0.055,0.067,-0.075,0.007,0.092,0.074,0.010,-0.009,-0.050,-0.025
-0.094,-0.039,0.055,0.066,-0.075,0.007,0.096,0.081,0.010,-0.004,-0.050,-0.025
-0.090,-0.035,0.055,0.062,-0.072,0.010,0.100,0.080,0.015,0.000,-0.050,-0.025
-0.090,-0.035,0.055,0.062,-0.072,0.010,0.109,0.087,0.028,0.000,-0.050,-0.025
-0.091,-0.036,0.055,0.063,-0.072,0.010,0.111,0.097,0.031,0.003,-0.047,-0.022
-0.088,-0.033,0.055,0.060,-0.071,0.011,0.110,0.103,0.029,0.005,-0.044,-0.019
-0.085,-0.030,0.055,0.057,-0.070,0.012,0.110,0.105,0.032,0.005,-0.045,-0.020
-0.085,-0.030,0.055,0.057,-0.070,0.012,0.110,0.105,0.040,0.010,-0.045,-0.020
-0.085,-0.030,0.055,0.057,-0.070,0.012,0.110,0.109,0.045,0.015,-0.045,-0.020
-0.082,-0.027,0.055,0.054,-0.069,0.014,0.112,0.112,0.045,0.015,-0.045,-0.017
-0.078,-0.024,0.054,0.051,-0.065,0.015,0.119,0.121,0.045,0.017,-0.045,-0.014
-0.083,-0.025,0.058,0.054,-0.070,0.016,0.126,0.132,0.045,0.020,-0.045,-0.015
-0.095,-0.025,0.070,0.060,-0.082,0.022,0.125,0.135,0.045,0.020,-0.045,-0.015
-0.087,-0.021,0.066,0.054,-0.077,0.022,0.123,0.134,0.048,0.027,-0.045,-0.015
-0.084,-0.019,0.064,0.051,-0.074,0.022,0.138,0.144,0.061,0.041,-0.045,-0.016
-0.086,-0.020,0.065,0.053,-0.076,0.022,0.146,0.152,0.077,0.045,-0.045,-0.011
-0.084,-0.019,0.065,0.051,-0.074,0.022,0.138,0.149,0.078,0.039,-0.045,-0.013
-0.080,-0.015,0.065,0.047,-0.072,0.025,0.135,0.150,0.070,0.040,-0.045,-0.030
-0.076,-0.011,0.065,0.043,-0.071,0.027,0.147,0.170,0.089,0.048,-0.041,-0.027
-0.070,-0.006,0.063,0.038,-0.066,0.028,0.153,0.182,0.107,0.057,-0.037,-0.021
-0.076,-0.005,0.071,0.040,-0.073,0.033,0.159,0.191,0.111,0.062,-0.033,-0.018
-0.085,-0.004,0.080,0.045,-0.082,0.038,0.166,0.202,0.110,0.067,-0.029,-0.014
-0.070,0.000,0.070,0.035,-0.070,0.035,0.165,0.205,0.110,0.075,-0.025,-0.010
-0.054,0.004,0.058,0.025,-0.057,0.031,0.163,0.203,0.117,0.078,-0.021,-0.006
-0.074,0.005,0.079,0.034,-0.077,0.041,0.180,0.220,0.134,0.089,-0.017,-0.002
-0.085,0.006,0.091,0.039,-0.088,0.048,0.194,0.235,0.141,0.098,-0.013,0.002
-0.064,0.012,0.076,0.026,-0.070,0.044,0.195,0.243,0.142,0.101,-0.009,0.006
-0.055,0.015,0.070,0.020,-0.063,0.042,0.195,0.255,0.155,0.105,-0.005,0.010
-0.074,0.011,0.085,0.031,-0.080,0.047,0.190,0.259,0.162,0.104,-0.001,0.014
-0.061,0.043,0.105,0.009,-0.083,0.074,0.198,0.269,0.178,0.115,0.003,0.018
-0.047,0.062,0.110,-0.008,-0.078,0.086,0.208,0.280,0.186,0.121,0.007,0.022
-0.059,0.045,0.104,0.006,-0.082,0.074,0.211,0.287,0.186,0.122,0.011,0.026
-0.060,0.045,0.105,0.007,-0.083,0.075,0.215,0.295,0.195,0.135,0.015,0.030
-0.026,0.082,0.108,-0.028,-0.067,0.095,0.219,0.299,0.203,0.143,0.015,0.030
-0.020,0.097,0.117,-0.038,-0.069,0.107,0.220,0.306,0.211,0.151,0.014,0.029
-0.025,0.094,0.119,-0.035,-0.073,0.106,0.221,0.314,0.217,0.158,0.019,0.034
-0.018,0.096,0.114,-0.039,-0.067,0.105,0.226,0.323,0.221,0.161,0.026,0.041
-0.015,0.100,0.115,-0.043,-0.065,0.107,0.230,0.335,0.230,0.165,0.030,0.045
-0.014,0.101,0.116,-0.044,-0.065,0.108,0.231,0.336,0.244,0.173,0.035,0.049
-0.017,0.094,0.112,-0.039,-0.065,0.102,0.225,0.332,0.238,0.179,0.034,0.050
-0.008,0.102,0.110,-0.047,-0.059,0.106,0.231,0.345,0.242,0.179,0.039,0.052
-0.002,0.107,0.109,-0.053,-0.055,0.108,0.241,0.361,0.256,0.182,0.054,0.064
-0.015,0.095,0.110,-0.040,-0.063,0.102,0.235,0.355,0.250,0.190,0.060,0.075
-0.003,0.128,0.131,-0.063,-0.068,0.130,0.231,0.351,0.249,0.187,0.046,0.064
0.002,0.136,0.134,-0.069,-0.066,0.135,0.227,0.347,0.251,0.181,0.059,0.083
-0.001,0.128,0.129,-0.064,-0.065,0.128,0.225,0.343,0.248,0.180,0.073,0.097
0.000,0.131,0.130,-0.065,-0.065,0.130,0.224,0.340,0.245,0.179,0.069,0.089
0.000,0.130,0.130,-0.065,-0.065,0.130,0.220,0.340,0.245,0.175,0.070,0.090
-0.001,0.129,0.130,-0.064,-0.066,0.129,0.216,0.336,0.245,0.175,0.070,0.090
0.011,0.141,0.130,-0.076,-0.060,0.135,0.215,0.332,0.242,0.172,0.070,0.090
0.028,0.158,0.130,-0.093,-0.051,0.144,0.214,0.328,0.240,0.170,0.071,0.091
0.036,0.165,0.129,-0.101,-0.047,0.147,0.209,0.324,0.240,0.170,0.077,0.098
0.035,0.160,0.125,-0.098,-0.045,0.142,0.205,0.320,0.240,0.165,0.085,0.110
0.035,0.156,0.121,-0.095,-0.043,0.138,0.206,0.321,0.241,0.160,0.094,0.107
0.035,0.152,0.117,-0.094,-0.041,0.134,0.197,0.312,0.232,0.160,0.092,0.102
0.035,0.148,0.113,-0.092,-0.039,0.130,0.186,0.301,0.220,0.158,0.089,0.098
0.035,0.144,0.109,-0.090,-0.037,0.126,0.177,0.292,0.213,0.155,0.081,0.094
0.035,0.140,0.105,-0.088,-0.035,0.122,0.165,0.280,0.205,0.155,0.070,0.095
0.031,0.136,0.106,-0.084,-0.038,0.121,0.157,0.273,0.193,0.151,0.099,0.116
0.029,0.129,0.100,-0.080,-0.036,0.114,0.146,0.258,0.184,0.151,0.106,0.120
0.032,0.122,0.091,-0.077,-0.030,0.106,0.136,0.243,0.176,0.147,0.096,0.112
0.036,0.119,0.083,-0.078,-0.023,0.101,0.128,0.232,0.168,0.138,0.095,0.110
0.040,0.115,0.075,-0.078,-0.018,0.095,0.120,0.220,0.160,0.135,0.095,0.110
0.040,0.107,0.067,-0.074,-0.014,0.087,0.116,0.208,0.152,0.131,0.091,0.106
0.042,0.101,0.059,-0.072,-0.008,0.080,0.113,0.196,0.144,0.127,0.090,0.105
0.048,0.099,0.051,-0.074,-0.002,0.074,0.106,0.184,0.136,0.123,0.089,0.104
0.050,0.093,0.043,-0.072,0.003,0.068,0.099,0.173,0.128,0.119,0.084,0.099
0.050,0.085,0.035,-0.068,0.007,0.060,0.095,0.165,0.120,0.115,0.080,0.095
0.050,0.081,0.031,-0.066,0.010,0.056,0.091,0.153,0.117,0.107,0.080,0.095
0.047,0.074,0.027,-0.061,0.010,0.050,0.087,0.140,0.106,0.102,0.077,0.092
0.045,0.068,0.023,-0.057,0.011,0.045,0.083,0.131,0.095,0.098,0.075,0.090
0.044,0.064,0.019,-0.054,0.012,0.041,0.079,0.123,0.088,0.094,0.074,0.090
0.040,0.055,0.015,-0.048,0.012,0.035,0.075,0.115,0.080,0.090,0.070,0.085
0.040,0.049,0.008,-0.044,0.016,0.029,0.071,0.107,0.072,0.086,0.066,0.080
0.037,0.063,0.025,-0.050,0.006,0.044,0.070,0.099,0.064,0.083,0.062,0.080
0.034,0.071,0.036,-0.053,-0.001,0.053,0.069,0.091,0.056,0.076,0.060,0.078
0.035,0.063,0.028,-0.049,0.003,0.045,0.064,0.083,0.048,0.069,0.059,0.075
0.035,0.060,0.025,-0.048,0.005,0.042,0.060,0.075,0.040,0.065,0.055,0.075
0.031,0.056,0.025,-0.044,0.002,0.041,0.056,0.067,0.032,0.061,0.051,0.071
0.030,0.051,0.022,-0.041,0.004,0.037,0.051,0.059,0.027,0.057,0.050,0.066
0.030,0.050,0.020,-0.040,0.005,0.035,0.050,0.051,0.022,0.053,0.049,0.065
0.030,0.049,0.019,-0.040,0.005,0.034,0.049,0.044,0.013,0.049,0.044,0.064
0.030,0.045,0.015,-0.038,0.007,0.030,0.045,0.040,0.005,0.045,0.040,0.060
0.026,0.041,0.015,-0.034,0.005,0.028,0.045,0.032,0.001,0.041,0.040,0.060
0.025,0.037,0.013,-0.031,0.006,0.024,0.046,0.023,-0.003,0.037,0.038,0.057
0.025,0.032,0.007,-0.029,0.008,0.019,0.043,0.018,-0.007,0.033,0.032,0.054
0.025,0.030,0.005,-0.028,0.010,0.017,0.040,0.014,-0.011,0.029,0.030,0.055
0.025,0.030,0.005,-0.028,0.010,0.017,0.040,0.010,-0.015,0.025,0.030,0.055
0.021,0.022,0.001,-0.022,0.010,0.011,0.040,0.006,-0.019,0.021,0.026,0.055
0.017,0.017,0.000,-0.017,0.008,0.008,0.041,0.005,-0.023,0.017,0.025,0.055
0.013,0.011,-0.002,-0.012,0.007,0.004,0.038,0.003,-0.027,0.013,0.023,0.055
0.009,0.005,-0.005,-0.006,0.007,0.000,0.035,0.000,-0.032,0.010,0.020,0.055
0.005,0.000,-0.005,-0.002,0.005,-0.002,0.035,0.000,-0.040,0.010,0.020,0.055
-0.004,-0.022,-0.018,0.013,0.008,-0.019,0.035,-0.004,-0.044,0.006,0.016,0.055
-0.005,-0.021,-0.016,0.013,0.006,-0.018,0.035,-0.005,-0.052,0.004,0.011,0.055
-0.006,-0.012,-0.005,0.009,0.000,-0.008,0.033,-0.006,-0.054,0.006,0.010,0.055
-0.011,-0.009,0.002,0.010,-0.006,-0.004,0.030,-0.011,-0.049,0.004,0.009,0.055
-0.015,-0.005,0.010,0.010,-0.012,0.002,0.030,-0.015,-0.050,0.000,0.005,0.055
-0.019,0.000,0.019,0.009,-0.019,0.010,0.030,-0.015,-0.050,0.000,0.005,0.055
-0.023,-0.008,0.015,0.015,-0.019,0.004,0.027,-0.018,-0.048,0.001,0.002,0.055
-0.026,-0.021,0.005,0.023,-0.015,-0.007,0.025,-0.020,-0.056,-0.002,-0.001,0.055
-0.024,-0.025,-0.001,0.024,-0.011,-0.012,0.025,-0.021,-0.066,-0.005,0.001,0.055
-0.015,-0.020,-0.005,0.018,-0.005,-0.012,0.025,-0.025,-0.065,-0.005,0.005,0.055
-0.007,-0.020,-0.013,0.014,0.003,-0.016,0.025,-0.025,-0.065,-0.004,0.005,0.055
0.001,-0.020,-0.021,0.010,0.011,-0.020,0.022,-0.027,-0.065,-0.008,0.008,0.055
0.009,-0.020,-0.028,0.006,0.019,-0.024,0.019,-0.035,-0.065,-0.010,0.011,0.055
0.009,-0.020,-0.029,0.006,0.019,-0.025,0.020,-0.040,-0.065,-0.011,0.010,0.055
0.000,-0.020,-0.020,0.010,0.010,-0.020,0.020,-0.035,-0.065,-0.015,0.010,0.055
0.000,-0.016,-0.016,0.008,0.008,-0.016,0.020,-0.030,-0.065,-0.015,0.014,0.055
-0.002,-0.015,-0.013,0.008,0.006,-0.013,0.017,-0.030,-0.065,-0.014,0.015,0.055
-0.009,-0.015,-0.006,0.012,-0.001,-0.010,0.014,-0.029,-0.065,-0.017,0.017,0.055
-0.016,-0.015,0.001,0.016,-0.008,-0.006,0.015,-0.024,-0.065,-0.020,0.020,0.055
-0.020,-0.015,0.005,0.017,-0.012,-0.005,0.015,-0.020,-0.065,-0.020,0.020,0.055
-0.025,-0.015,0.010,0.020,-0.017,-0.002,0.015,-0.019,-0.065,-0.019,0.020,0.064
-0.023,-0.016,0.007,0.019,-0.015,-0.004,0.015,-0.024,-0.066,-0.023,0.017,0.063
-0.017,-0.013,0.004,0.015,-0.010,-0.004,0.015,-0.039,-0.077,-0.025,0.014,0.059
-0.015,-0.010,0.005,0.012,-0.010,-0.002,0.015,-0.051,-0.085,-0.026,0.015,0.060
-0.015,-0.010,0.005,0.012,-0.010,-0.002,0.015,-0.045,-0.080,-0.025,0.015,0.060
-0.011,-0.010,0.001,0.010,-0.006,-0.005,0.011,-0.045,-0.080,-0.015,0.015,0.060
-0.009,-0.010,0.000,0.010,-0.005,-0.005,0.010,-0.045,-0.080,-0.027,0.016,0.060
-0.010,-0.010,0.000,0.010,-0.005,-0.005,0.010,-0.045,-0.080,-0.036,0.013,0.060
-0.009,-0.009,0.000,0.009,-0.005,-0.004,0.010,-0.044,-0.079,-0.029,0.010,0.060
-0.005,-0.005,0.000,0.005,-0.002,-0.002,0.010,-0.040,-0.075,-0.030,0.010,0.060
-0.001,-0.005,-0.004,0.003,0.002,-0.004,0.010,-0.040,-0.075,-0.031,0.010,0.060
0.000,-0.005,-0.006,0.003,0.003,-0.005,0.010,-0.040,-0.075,-0.027,0.010,0.060
0.000,-0.005,-0.004,0.003,0.003,-0.005,0.010,-0.040,-0.075,-0.025,0.010,0.060
0.001,-0.005,-0.006,0.003,0.004,-0.005,0.009,-0.040,-0.074,-0.025,0.010,0.060
0.005,-0.005,-0.010,0.000,0.008,-0.007,0.005,-0.040,-0.070,-0.025,0.010,0.060
0.007,-0.003,-0.010,-0.002,0.009,-0.006,0.005,-0.036,-0.070,-0.025,0.006,0.056
-0.008,-0.018,-0.010,0.013,0.001,-0.013,0.005,-0.035,-0.070,-0.022,0.005,0.055
-0.014,-0.025,-0.011,0.020,-0.002,-0.018,0.005,-0.035,-0.070,-0.019,0.005,0.055
-0.011,-0.019,-0.009,0.015,-0.001,-0.014,0.005,-0.035,-0.070,-0.020,0.005,0.055
-0.020,-0.020,0.000,0.020,-0.010,-0.010,0.005,-0.035,-0.070,-0.020,0.005,0.055
-0.024,-0.016,0.008,0.020,-0.015,-0.003,0.005,-0.035,-0.066,-0.020,0.005,0.055
-0.032,-0.015,0.017,0.024,-0.024,0.001,0.005,-0.032,-0.065,-0.017,0.002,0.055
-0.033,-0.013,0.019,0.023,-0.026,0.002,0.004,-0.030,-0.065,-0.014,-0.001,0.055
-0.023,-0.009,0.014,0.016,-0.018,0.002,0.006,-0.029,-0.065,-0.015,0.000,0.055
-0.020,-0.010,0.010,0.015,-0.015,0.000,0.015,-0.025,-0.065,-0.015,0.000,0.055
-0.025,-0.015,0.010,0.020,-0.017,-0.002,0.028,-0.025,-0.061,-0.011,0.000,0.055
-0.020,-0.013,0.007,0.016,-0.013,-0.003,0.031,-0.022,-0.060,-0.010,0.000,0.055
-0.026,-0.023,0.003,0.024,-0.014,-0.010,0.030,-0.020,-0.060,-0.010,0.000,0.055
-0.035,-0.035,-0.001,0.035,-0.017,-0.017,0.030,-0.019,-0.060,-0.010,0.001,0.055
-0.025,-0.025,0.000,0.025,-0.012,-0.012,0.030,-0.015,-0.060,-0.010,0.005,0.060
-0.024,-0.017,0.007,0.020,-0.015,-0.004,0.030,-0.015,-0.060,-0.006,0.009,0.069
-0.026,-0.009,0.017,0.017,-0.021,0.004,0.030,-0.012,-0.057,-0.005,0.010,0.071
-0.006,-0.001,0.005,0.003,-0.005,0.002,0.030,-0.010,-0.054,-0.005,0.010,0.070
0.017,0.007,-0.010,-0.012,0.013,-0.001,0.030,-0.009,-0.055,-0.005,0.010,0.070
0.010,0.015,0.005,-0.013,0.002,0.010,0.030,-0.005,-0.055,-0.005,0.010,0.070
0.001,0.020,0.019,-0.011,-0.009,0.019,0.030,-0.005,-0.051,0.003,0.010,0.070
-0.001,0.018,0.018,-0.009,-0.010,0.018,0.030,-0.002,-0.049,0.006,0.009,0.070
0.000,0.013,0.013,-0.007,-0.007,0.013,0.030,0.001,-0.051,0.005,0.012,0.071
0.000,0.009,0.009,-0.005,-0.005,0.009,0.031,0.000,-0.049,0.004,0.007,0.067
0.000,0.005,0.005,-0.003,-0.003,0.005,0.035,0.000,-0.045,0.000,-0.005,0.060
0.000,0.001,0.001,-0.001,-0.001,0.001,0.034,0.000,-0.045,0.008,0.006,0.077
0.000,-0.003,-0.003,0.002,0.002,-0.003,0.042,0.003,-0.046,0.014,0.020,0.079
0.000,-0.006,-0.006,0.003,0.004,-0.006,0.044,0.007,-0.043,0.017,0.028,0.072
-0.001,-0.004,-0.003,0.003,0.002,-0.004,0.039,0.010,-0.040,0.020,0.030,0.070
-0.005,0.000,0.005,0.002,-0.005,0.002,0.040,0.010,-0.040,0.020,0.030,0.070
-0.010,0.000,0.009,0.005,-0.009,0.004,0.040,0.010,-0.040,0.020,0.030,0.066
-0.010,0.003,0.013,0.003,-0.012,0.008,0.040,0.010,-0.037,0.019,0.030,0.062
-0.012,0.005,0.017,0.003,-0.015,0.011,0.040,0.010,-0.034,0.022,0.030,0.059
-0.015,0.006,0.021,0.005,-0.019,0.013,0.040,0.010,-0.035,0.025,0.030,0.062
-0.015,0.010,0.025,0.002,-0.020,0.017,0.040,0.010,-0.035,0.025,0.030,0.070
-0.019,0.010,0.029,0.004,-0.024,0.020,0.040,0.010,-0.031,0.029,0.030,0.073
-0.021,0.008,0.029,0.006,-0.025,0.018,0.040,0.013,-0.029,0.030,0.030,0.085
-0.018,0.002,0.020,0.008,-0.020,0.011,0.040,0.016,-0.031,0.030,0.030,0.090
-0.014,0.010,0.024,0.002,-0.019,0.017,0.040,0.015,-0.029,0.030,0.030,0.084
-0.015,0.030,0.045,-0.008,-0.030,0.037,0.040,0.015,-0.025,0.030,0.030,0.085
-0.030,0.012,0.042,0.009,-0.036,0.027,0.040,0.015,-0.025,0.030,0.030,0.085
-0.012,0.027,0.039,-0.007,-0.026,0.033,0.040,0.015,-0.025,0.030,0.030,0.085
0.002,0.042,0.040,-0.022,-0.019,0.041,0.040,0.014,-0.025,0.031,0.030,0.085
-0.006,0.034,0.040,-0.014,-0.024,0.036,0.040,0.017,-0.025,0.037,0.030,0.085
-0.005,0.035,0.040,-0.015,-0.023,0.037,0.040,0.025,-0.025,0.045,0.030,0.085
-0.004,0.036,0.040,-0.016,-0.023,0.037,0.040,0.021,-0.025,0.041,0.030,0.085
-0.008,0.032,0.040,-0.012,-0.024,0.036,0.040,0.019,-0.025,0.039,0.030,0.085
-0.011,0.030,0.040,-0.009,-0.026,0.035,0.040,0.020,-0.025,0.040,0.030,0.085
-0.009,0.030,0.039,-0.011,-0.024,0.035,0.040,0.020,-0.025,0.040,0.030,0.085
-0.005,0.030,0.035,-0.013,-0.020,0.032,0.040,0.020,-0.025,0.040,0.030,0.085
-0.004,0.030,0.035,-0.014,-0.020,0.032,0.040,0.020,-0.025,0.040,0.026,0.085
-0.008,0.027,0.035,-0.010,-0.022,0.031,0.040,0.017,-0.025,0.037,0.025,0.085
-0.010,0.024,0.035,-0.008,-0.023,0.030,0.040,0.014,-0.025,0.034,0.025,0.085
-0.010,0.025,0.035,-0.008,-0.023,0.030,0.040,0.015,-0.025,0.035,0.025,0.085
-0.010,0.025,0.035,-0.008,-0.023,0.030,0.040,0.015,-0.025,0.035,0.025,0.085
-0.009,0.025,0.035,-0.008,-0.023,0.030,0.036,0.015,-0.025,0.035,0.025,0.085
-0.014,0.022,0.036,-0.005,-0.025,0.028,0.035,0.015,-0.025,0.035,0.025,0.085
-0.014,0.019,0.033,-0.003,-0.023,0.026,0.035,0.015,-0.025,0.035,0.025,0.085
-0.009,0.020,0.030,-0.006,-0.019,0.025,0.035,0.014,-0.025,0.034,0.025,0.085
-0.010,0.020,0.030,-0.005,-0.020,0.025,0.035,0.010,-0.025,0.030,0.025,0.085
-0.014,0.016,0.030,-0.001,-0.023,0.023,0.035,0.010,-0.024,0.030,0.025,0.085
-0.015,0.015,0.030,0.000,-0.023,0.022,0.032,0.010,-0.031,0.030,0.025,0.085
-0.015,0.015,0.030,0.000,-0.023,0.022,0.029,0.010,-0.038,0.030,0.025,0.085
-0.015,0.015,0.030,0.000,-0.023,0.022,0.030,0.010,-0.040,0.030,0.025,0.085
-0.015,0.015,0.030,0.000,-0.023,0.022,0.030,0.010,-0.040,0.030,0.025,0.085
-0.019,0.011,0.030,0.004,-0.025,0.020,0.030,0.006,-0.040,0.026,0.025,0.081
-0.021,0.010,0.031,0.006,-0.026,0.020,0.030,0.005,-0.040,0.025,0.025,0.080
-0.018,0.010,0.028,0.004,-0.023,0.019,0.030,0.005,-0.040,0.025,0.025,0.080
-0.014,0.010,0.025,0.001,-0.019,0.017,0.029,0.005,-0.040,0.025,0.025,0.080
-0.015,0.010,0.025,0.002,-0.020,0.017,0.025,0.005,-0.040,0.025,0.025,0.080
-0.020,0.005,0.025,0.007,-0.023,0.015,0.025,0.005,-0.036,0.025,0.025,0.080
-0.015,0.010,0.025,0.002,-0.021,0.018,0.025,0.006,-0.034,0.026,0.025,0.080
-0.006,0.019,0.025,-0.007,-0.016,0.022,0.025,0.003,-0.039,0.023,0.025,0.080
-0.006,0.019,0.025,-0.007,-0.015,0.022,0.025,0.000,-0.047,0.020,0.025,0.080
-0.010,0.015,0.025,-0.003,-0.018,0.020,0.025,0.000,-0.050,0.020,0.025,0.080
-0.010,0.015,0.025,-0.003,-0.018,0.020,0.021,0.000,-0.050,0.020,0.025,0.080
-0.010,0.012,0.022,-0.001,-0.016,0.017,0.020,0.000,-0.050,0.017,0.024,0.080
-0.010,0.009,0.019,0.000,-0.015,0.014,0.020,0.000,-0.050,0.015,0.027,0.080
-0.010,0.010,0.020,0.000,-0.015,0.015,0.020,0.000,-0.050,0.015,0.030,0.079
-0.010,0.010,0.020,0.000,-0.015,0.015,0.020,0.000,-0.050,0.015,0.030,0.075
-0.014,0.006,0.020,0.004,-0.017,0.012,0.020,0.000,-0.050,0.015,0.030,0.075
-0.016,0.004,0.020,0.006,-0.018,0.012,0.019,-0.003,-0.050,0.012,0.030,0.075
-0.014,0.006,0.020,0.004,-0.018,0.012,0.022,-0.006,-0.050,0.009,0.030,0.075
-0.016,0.004,0.020,0.006,-0.019,0.012,0.025,-0.005,-0.050,0.010,0.030,0.075
-0.020,0.000,0.020,0.010,-0.020,0.010,0.025,-0.005,-0.050,0.010,0.030,0.075
-0.016,0.000,0.016,0.008,-0.016,0.007,0.025,-0.005,-0.050,0.010,0.026,0.075
-0.014,0.001,0.015,0.006,-0.014,0.007,0.025,-0.005,-0.047,0.007,0.025,0.075
-0.017,-0.002,0.015,0.009,-0.016,0.006,0.023,-0.005,-0.044,0.004,0.025,0.075
-0.020,-0.005,0.015,0.012,-0.017,0.005,0.019,-0.005,-0.046,0.005,0.025,0.075
-0.020,-0.005,0.015,0.012,-0.017,0.005,0.015,-0.005,-0.050,0.005,0.025,0.075
-0.021,-0.006,0.015,0.013,-0.017,0.005,0.011,-0.009,-0.058,0.001,0.025,0.075
-0.012,0.003,0.015,0.004,-0.013,0.009,0.010,-0.010,-0.064,0.000,0.026,0.075
0.001,0.016,0.015,-0.009,-0.007,0.015,0.010,-0.010,-0.065,0.000,0.023,0.074
0.005,0.020,0.015,-0.013,-0.005,0.017,0.019,-0.010,-0.065,0.000,0.020,0.078
0.000,0.015,0.015,-0.008,-0.008,0.015,0.035,-0.010,-0.065,0.000,0.020,0.090
0.000,0.011,0.011,-0.005,-0.006,0.011,0.032,-0.010,-0.065,-0.004,0.020,0.086
0.001,0.007,0.006,-0.004,-0.003,0.007,0.029,-0.010,-0.065,-0.005,0.020,0.084
-0.002,0.003,0.005,-0.001,-0.004,0.004,0.030,-0.010,-0.065,-0.005,0.020,0.085
-0.005,0.000,0.004,0.002,-0.004,0.002,0.030,-0.010,-0.065,-0.005,0.020,0.085
0.000,0.000,0.000,0.000,0.000,0.000,0.030,-0.010,-0.065,-0.005,0.020,0.085
0.000,-0.004,-0.004,0.002,0.003,-0.004,0.030,-0.018,-0.065,-0.001,0.016,0.085
-0.002,-0.008,-0.006,0.005,0.003,-0.007,0.027,-0.024,-0.065,0.000,0.015,0.082
-0.011,-0.012,-0.001,0.012,-0.005,-0.006,0.024,-0.023,-0.065,0.002,0.015,0.079
-0.030,-0.016,0.014,0.023,-0.022,-0.001,0.025,-0.020,-0.065,0.006,0.015,0.080
-0.045,-0.020,0.025,0.032,-0.035,0.002,0.025,-0.020,-0.065,0.005,0.015,0.080
-0.042,-0.021,0.021,0.031,-0.032,0.000,0.025,-0.020,-0.065,0.004,0.015,0.080
-0.036,-0.017,0.019,0.026,-0.027,0.001,0.025,-0.020,-0.065,0.008,0.015,0.080
-0.035,-0.014,0.021,0.025,-0.028,0.003,0.025,-0.020,-0.065,0.010,0.016,0.080
-0.034,-0.015,0.018,0.025,-0.026,0.001,0.024,-0.020,-0.064,0.011,0.014,0.079
-0.035,-0.015,0.020,0.025,-0.027,0.002,0.020,-0.020,-0.060,0.015,0.015,0.075
-0.060,-0.011,0.050,0.035,-0.055,0.019,0.020,-0.020,-0.060,0.015,0.036,0.075
-0.065,-0.009,0.055,0.037,-0.060,0.023,0.020,-0.020,-0.060,0.015,0.039,0.075
-0.057,-0.011,0.047,0.034,-0.052,0.018,0.020,-0.020,-0.060,0.013,0.034,0.075
-0.053,-0.009,0.044,0.031,-0.049,0.017,0.020,-0.020,-0.060,0.010,0.035,0.075
-0.045,-0.005,0.040,0.025,-0.042,0.017,0.020,-0.020,-0.060,0.010,0.035,0.075
-0.040,-0.005,0.036,0.022,-0.037,0.015,0.016,-0.020,-0.060,0.010,0.031,0.071
-0.040,-0.005,0.035,0.022,-0.037,0.015,0.015,-0.020,-0.060,0.010,0.030,0.070
-0.039,-0.006,0.034,0.022,-0.036,0.014,0.015,-0.020,-0.060,0.010,0.030,0.070
-0.033,-0.004,0.029,0.018,-0.030,0.012,0.015,-0.020,-0.060,0.010,0.030,0.070
-0.020,0.005,0.025,0.007,-0.023,0.015,0.015,-0.020,-0.060,0.010,0.030,0.070
-0.007,0.014,0.021,-0.004,-0.015,0.017,0.015,-0.024,-0.060,0.010,0.026,0.070
-0.004,0.012,0.016,-0.004,-0.010,0.014,0.014,-0.024,-0.060,0.010,0.025,0.069
-0.005,0.010,0.015,-0.003,-0.010,0.012,0.017,-0.029,-0.060,0.010,0.025,0.072
-0.005,0.009,0.014,-0.003,-0.010,0.011,0.020,-0.035,-0.060,0.010,0.025,0.075
-0.005,0.005,0.010,0.000,-0.008,0.007,0.020,-0.030,-0.060,0.010,0.025,0.075
-0.005,0.005,0.010,0.000,-0.008,0.007,0.020,-0.030,-0.060,0.010,0.021,0.075
-0.005,0.006,0.011,0.000,-0.008,0.008,0.020,-0.030,-0.060,0.007,0.019,0.075
-0.005,0.003,0.008,0.001,-0.007,0.005,0.020,-0.030,-0.060,0.004,0.021,0.075
-0.005,0.000,0.005,0.002,-0.005,0.002,0.020,-0.029,-0.060,0.005,0.019,0.075
-0.005,0.000,0.005,0.002,-0.005,0.002,0.020,-0.025,-0.060,0.005,0.015,0.075
-0.010,-0.004,0.005,0.007,-0.007,0.000,0.020,-0.025,-0.060,0.005,0.015,0.075
-0.006,-0.005,0.002,0.005,-0.004,-0.001,0.020,-0.025,-0.060,0.005,0.015,0.075
-0.007,-0.007,-0.001,0.007,-0.003,-0.003,0.020,-0.025,-0.060,0.005,0.015,0.075
0.000,0.000,0.000,0.000,0.000,0.001,0.020,-0.024,-0.060,0.005,0.014,0.075
0.025,0.025,0.000,-0.025,0.012,0.012,0.020,-0.020,-0.060,0.005,0.010,0.075
0.027,0.022,-0.004,-0.024,0.015,0.009,0.020,-0.020,-0.059,0.005,0.010,0.075
0.022,0.016,-0.006,-0.018,0.013,0.005,0.020,-0.020,-0.070,0.005,0.010,0.075
0.018,0.013,-0.004,-0.015,0.011,0.004,0.020,-0.020,-0.075,0.005,0.010,0.075
0.015,0.009,-0.006,-0.011,0.010,0.001,0.020,-0.020,-0.069,0.005,0.010,0.075
0.015,0.005,-0.010,-0.010,0.012,-0.002,0.020,-0.020,-0.070,0.005,0.015,0.075
0.011,0.001,-0.010,-0.006,0.011,-0.005,0.020,-0.016,-0.070,0.009,0.024,0.075
0.008,-0.001,-0.009,-0.003,0.009,-0.005,0.020,-0.015,-0.070,0.012,0.023,0.075
0.016,0.004,-0.012,-0.010,0.014,-0.004,0.020,-0.015,-0.070,0.004,0.017,0.075
0.027,0.011,-0.015,-0.018,0.021,-0.002,0.020,-0.015,-0.070,0.003,0.015,0.075
0.030,0.015,-0.015,-0.022,0.022,0.000,0.020,-0.015,-0.070,0.020,0.015,0.075
0.039,0.023,-0.016,-0.030,0.027,0.003,0.016,-0.011,-0.070,0.017,0.011,0.069
0.036,0.029,-0.007,-0.033,0.022,0.011,0.015,-0.010,-0.070,0.014,0.007,0.079
0.022,0.028,0.006,-0.025,0.008,0.017,0.015,-0.010,-0.070,0.015,0.004,0.085
0.007,0.025,0.018,-0.016,-0.006,0.021,0.015,-0.010,-0.070,0.015,0.007,0.079
-0.005,0.025,0.030,-0.010,-0.018,0.027,0.015,-0.010,-0.070,0.015,0.020,0.080
-0.015,0.025,0.040,-0.005,-0.028,0.032,0.015,-0.010,-0.070,0.015,0.034,0.080
-0.010,0.025,0.035,-0.007,-0.023,0.029,0.015,-0.013,-0.067,0.015,0.033,0.080
-0.002,0.025,0.027,-0.012,-0.015,0.026,0.015,-0.015,-0.064,0.015,0.029,0.080
0.000,0.024,0.024,-0.013,-0.013,0.024,0.015,-0.016,-0.065,0.015,0.030,0.079
0.000,0.020,0.020,-0.010,-0.010,0.020,0.015,-0.020,-0.065,0.015,0.030,0.075
0.004,0.020,0.016,-0.012,-0.006,0.017,0.015,-0.020,-0.065,0.015,0.030,0.075
0.008,0.020,0.012,-0.014,-0.002,0.016,0.015,-0.019,-0.065,0.015,0.031,0.075
0.012,0.020,0.008,-0.016,0.002,0.014,0.015,-0.022,-0.065,0.015,0.028,0.075
0.016,0.020,0.004,-0.018,0.006,0.012,0.014,-0.025,-0.065,0.014,0.025,0.075
0.020,0.020,0.000,-0.020,0.010,0.010,0.010,-0.025,-0.065,0.010,0.025,0.075
0.024,0.020,-0.004,-0.022,0.014,0.008,0.010,-0.029,-0.065,0.010,0.025,0.075
0.025,0.017,-0.008,-0.021,0.016,0.004,0.010,-0.030,-0.065,0.010,0.025,0.072
0.025,0.014,-0.011,-0.020,0.018,0.001,0.010,-0.030,-0.065,0.010,0.025,0.069
0.024,0.015,-0.009,-0.020,0.016,0.003,0.010,-0.029,-0.065,0.010,0.025,0.070
0.020,0.015,-0.005,-0.017,0.012,0.005,0.010,-0.025,-0.065,0.010,0.025,0.070
0.020,0.015,-0.005,-0.017,0.012,0.005,0.010,-0.025,-0.069,0.010,0.021,0.070
0.017,0.016,-0.002,-0.016,0.009,0.006,0.010,-0.025,-0.070,0.010,0.020,0.071
0.013,0.013,0.000,-0.013,0.006,0.006,0.010,-0.025,-0.070,0.010,0.020,0.068
0.009,0.010,0.001,-0.009,0.004,0.005,0.010,-0.025,-0.070,0.010,0.020,0.065
0.005,0.010,0.005,-0.008,0.000,0.007,0.010,-0.025,-0.070,0.010,0.020,0.065
0.001,0.010,0.009,-0.006,-0.004,0.009,0.010,-0.025,-0.070,0.010,0.020,0.065
-0.004,0.010,0.014,-0.003,-0.009,0.012,0.009,-0.025,-0.071,0.009,0.017,0.065
-0.005,0.010,0.014,-0.003,-0.010,0.012,0.012,-0.025,-0.068,0.012,0.014,0.065
-0.007,0.010,0.017,-0.002,-0.012,0.013,0.015,-0.025,-0.065,0.015,0.015,0.065
-0.015,0.010,0.025,0.002,-0.020,0.017,0.015,-0.025,-0.065,0.015,0.015,0.065
-0.015,0.006,0.021,0.005,-0.019,0.013,0.015,-0.025,-0.065,0.015,0.015,0.061
-0.015,0.005,0.019,0.005,-0.017,0.011,0.015,-0.026,-0.065,0.015,0.015,0.060
-0.016,0.005,0.021,0.005,-0.019,0.012,0.015,-0.023,-0.065,0.015,0.014,0.060
-0.014,0.005,0.019,0.004,-0.017,0.012,0.015,-0.020,-0.065,0.015,0.017,0.060
-0.010,0.005,0.015,0.002,-0.013,0.010,0.015,-0.020,-0.065,0.015,0.025,0.060
-0.014,0.001,0.015,0.006,-0.014,0.007,0.015,-0.020,-0.065,0.015,0.021,0.060
-0.016,0.000,0.016,0.008,-0.016,0.007,0.015,-0.020,-0.063,0.015,0.019,0.060
-0.013,0.000,0.013,0.006,-0.013,0.006,0.015,-0.020,-0.071,0.015,0.020,0.060
-0.010,0.000,0.010,0.005,-0.010,0.005,0.015,-0.020,-0.080,0.015,0.020,0.060
-0.010,0.000,0.010,0.005,-0.010,0.005,0.015,-0.020,-0.075,0.015,0.020,0.060
-0.010,0.000,0.010,0.005,-0.010,0.005,0.015,-0.020,-0.075,0.015,0.020,0.060
-0.010,-0.003,0.007,0.006,-0.008,0.002,0.015,-0.020,-0.072,0.015,0.020,0.060
-0.010,-0.006,0.004,0.007,-0.007,-0.001,0.015,-0.020,-0.070,0.015,0.019,0.060
-0.010,-0.005,0.005,0.007,-0.007,0.000,0.015,-0.020,-0.069,0.015,0.023,0.060
-0.010,-0.005,0.005,0.007,-0.007,0.000,0.015,-0.020,-0.065,0.015,0.035,0.060
-0.006,-0.005,0.001,0.005,-0.003,-0.002,0.015,-0.020,-0.065,0.015,0.031,0.060
-0.005,-0.005,-0.001,0.005,-0.002,-0.002,0.015,-0.017,-0.062,0.015,0.029,0.060
-0.004,-0.003,0.001,0.004,-0.002,-0.001,0.015,-0.014,-0.060,0.015,0.031,0.060
0.002,0.001,-0.001,-0.001,0.001,0.000,0.015,-0.015,-0.059,0.015,0.029,0.060
0.010,0.005,-0.005,-0.007,0.007,0.000,0.015,-0.015,-0.055,0.015,0.025,0.060
0.015,0.010,-0.005,-0.012,0.010,0.002,0.019,-0.011,-0.055,0.015,0.025,0.060
0.015,0.008,-0.007,-0.011,0.011,0.000,0.019,-0.010,-0.052,0.014,0.024,0.059
0.014,0.017,0.003,-0.015,0.006,0.010,0.025,-0.010,-0.050,0.020,0.030,0.063
0.007,0.033,0.026,-0.020,-0.009,0.029,0.038,-0.010,-0.049,0.033,0.042,0.073
-0.005,0.035,0.040,-0.015,-0.023,0.037,0.045,-0.010,-0.045,0.040,0.045,0.080
-0.001,0.035,0.036,-0.018,-0.019,0.036,0.045,-0.006,-0.045,0.040,0.045,0.080
-0.001,0.033,0.034,-0.017,-0.018,0.034,0.044,-0.005,-0.045,0.040,0.045,0.080
0.005,0.041,0.036,-0.024,-0.015,0.038,0.047,-0.005,-0.045,0.040,0.045,0.080
0.017,0.051,0.034,-0.034,-0.009,0.042,0.051,-0.005,-0.045,0.040,0.045,0.080
0.015,0.045,0.030,-0.030,-0.008,0.037,0.050,-0.005,-0.045,0.040,0.045,0.080
0.011,0.041,0.030,-0.026,-0.009,0.035,0.049,-0.001,-0.045,0.045,0.045,0.080
0.007,0.037,0.031,-0.022,-0.012,0.034,0.057,0.001,-0.045,0.042,0.048,0.080
0.005,0.033,0.028,-0.019,-0.012,0.030,0.059,-0.001,-0.045,0.039,0.052,0.080
0.005,0.030,0.025,-0.018,-0.010,0.027,0.054,0.001,-0.045,0.040,0.055,0.080
0.000,0.025,0.025,-0.013,-0.013,0.025,0.050,0.005,-0.045,0.040,0.055,0.080
-0.008,0.017,0.025,-0.005,-0.017,0.021,0.046,0.005,-0.045,0.040,0.055,0.080
0.023,0.045,0.022,-0.034,0.001,0.033,0.041,0.005,-0.045,0.040,0.055,0.080
0.043,0.063,0.019,-0.053,0.012,0.041,0.040,0.005,-0.045,0.039,0.055,0.080
0.033,0.054,0.020,-0.043,0.006,0.036,0.039,0.006,-0.045,0.041,0.055,0.080
0.035,0.055,0.020,-0.045,0.007,0.037,0.035,0.010,-0.045,0.045,0.055,0.080
0.040,0.056,0.016,-0.048,0.011,0.036,0.031,0.010,-0.045,0.044,0.055,0.080
0.037,0.052,0.014,-0.045,0.011,0.033,0.027,0.010,-0.045,0.055,0.055,0.080
0.034,0.050,0.016,-0.042,0.009,0.032,0.023,0.010,-0.045,0.060,0.055,0.080
0.036,0.050,0.014,-0.043,0.011,0.032,0.020,0.009,-0.045,0.054,0.055,0.080
0.040,0.050,0.010,-0.045,0.015,0.030,0.020,0.005,-0.045,0.055,0.055,0.080
0.041,0.050,0.010,-0.046,0.016,0.030,0.016,0.005,-0.045,0.055,0.055,0.080
0.036,0.047,0.011,-0.042,0.012,0.028,0.015,0.006,-0.045,0.055,0.055,0.079
0.036,0.044,0.008,-0.041,0.014,0.026,0.013,0.003,-0.045,0.055,0.055,0.082
0.040,0.045,0.005,-0.043,0.017,0.025,0.009,0.000,-0.045,0.055,0.055,0.085
0.040,0.045,0.005,-0.043,0.017,0.025,0.010,0.000,-0.045,0.055,0.055,0.085
0.040,0.045,0.005,-0.043,0.017,0.025,0.010,0.000,-0.045,0.051,0.058,0.094
0.037,0.042,0.005,-0.040,0.015,0.023,0.007,-0.003,-0.045,0.050,0.067,0.093
0.036,0.039,0.003,-0.038,0.016,0.021,0.004,-0.006,-0.045,0.050,0.069,0.089
0.041,0.040,-0.001,-0.041,0.021,0.020,0.005,-0.005,-0.046,0.050,0.064,0.090
0.045,0.040,-0.005,-0.042,0.025,0.017,0.005,-0.005,-0.050,0.050,0.065,0.090
0.045,0.036,-0.009,-0.040,0.026,0.013,0.001,-0.009,-0.050,0.050,0.066,0.090
0.046,0.035,-0.012,-0.041,0.029,0.011,-0.001,-0.011,-0.053,0.051,0.062,0.091
0.039,0.035,-0.004,-0.037,0.021,0.015,0.001,-0.009,-0.056,0.048,0.060,0.088
0.020,0.035,0.015,-0.028,0.002,0.025,-0.001,-0.011,-0.055,0.045,0.060,0.085
0.005,0.035,0.030,-0.020,-0.013,0.032,-0.005,-0.015,-0.055,0.045,0.060,0.085
0.008,0.031,0.023,-0.019,-0.007,0.027,-0.005,-0.015,-0.055,0.045,0.060,0.085
0.013,0.030,0.016,-0.022,-0.001,0.023,-0.008,-0.014,-0.055,0.045,0.057,0.085
0.017,0.030,0.013,-0.024,0.002,0.021,-0.011,-0.017,-0.055,0.045,0.054,0.085
0.021,0.030,0.009,-0.026,0.006,0.020,-0.010,-0.020,-0.055,0.045,0.055,0.085
0.025,0.030,0.005,-0.028,0.010,0.017,-0.010,-0.020,-0.055,0.045,0.055,0.085
0.025,0.026,0.001,-0.026,0.012,0.013,-0.014,-0.020,-0.055,0.041,0.055,0.081
0.024,0.022,-0.002,-0.023,0.013,0.009,-0.016,-0.023,-0.058,0.036,0.052,0.080
0.027,0.018,-0.009,-0.022,0.018,0.004,-0.014,-0.025,-0.063,0.035,0.049,0.080
0.030,0.014,-0.016,-0.022,0.023,-0.001,-0.016,-0.025,-0.074,0.034,0.050,0.080
0.030,0.010,-0.020,-0.020,0.025,-0.005,-0.020,-0.025,-0.090,0.030,0.050,0.080
0.034,0.010,-0.023,-0.022,0.029,-0.006,-0.020,-0.024,-0.087,0.030,0.046,0.080
0.039,0.007,-0.031,-0.022,0.035,-0.012,-0.020,-0.031,-0.084,0.028,0.045,0.077
0.040,0.003,-0.037,-0.021,0.038,-0.017,-0.019,-0.038,-0.085,0.022,0.045,0.074
0.040,-0.001,-0.041,-0.020,0.041,-0.021,-0.014,-0.040,-0.085,0.020,0.045,0.075
0.040,-0.005,-0.045,-0.017,0.043,-0.025,-0.010,-0.040,-0.085,0.020,0.045,0.075
0.032,-0.009,-0.041,-0.011,0.036,-0.025,-0.010,-0.040,-0.085,0.016,0.041,0.075
0.030,-0.010,-0.039,-0.010,0.035,-0.025,-0.007,-0.040,-0.085,0.015,0.040,0.075
0.028,-0.012,-0.040,-0.008,0.034,-0.026,-0.005,-0.040,-0.085,0.013,0.040,0.075
0.016,-0.024,-0.040,0.004,0.028,-0.032,-0.005,-0.040,-0.084,0.010,0.040,0.074
0.005,-0.035,-0.040,0.015,0.023,-0.037,0.000,-0.040,-0.080,0.010,0.040,0.070
0.009,-0.031,-0.040,0.011,0.024,-0.036,0.005,-0.040,-0.080,0.010,0.036,0.065
0.011,-0.029,-0.040,0.009,0.025,-0.035,0.005,-0.040,-0.080,0.011,0.035,0.065
0.010,-0.030,-0.040,0.010,0.025,-0.035,0.007,-0.040,-0.080,0.008,0.033,0.063
0.010,-0.030,-0.040,0.010,0.025,-0.035,0.011,-0.040,-0.080,0.005,0.030,0.060
0.010,-0.030,-0.040,0.010,0.025,-0.035,0.010,-0.040,-0.080,0.005,0.030,0.060
0.004,-0.036,-0.040,0.016,0.022,-0.038,0.006,-0.040,-0.080,0.005,0.026,0.056
-0.017,-0.057,-0.040,0.037,0.012,-0.048,0.005,-0.040,-0.079,0.006,0.024,0.051
-0.025,-0.065,-0.040,0.045,0.008,-0.052,0.005,-0.040,-0.084,0.003,0.026,0.050
-0.019,-0.059,-0.040,0.039,0.010,-0.050,0.005,-0.040,-0.099,0.000,0.024,0.049
-0.020,-0.060,-0.040,0.040,0.010,-0.050,0.005,-0.040,-0.110,0.000,0.020,0.045
-0.020,-0.060,-0.040,0.040,0.010,-0.050,0.005,-0.036,-0.106,0.000,0.020,0.045
-0.020,-0.060,-0.040,0.040,0.010,-0.050,0.005,-0.035,-0.104,0.000,0.017,0.045
-0.018,-0.058,-0.040,0.038,0.011,-0.049,0.005,-0.035,-0.105,0.000,0.015,0.045
-0.015,-0.055,-0.040,0.035,0.013,-0.047,0.005,-0.035,-0.105,-0.001,0.014,0.045
-0.015,-0.055,-0.040,0.035,0.013,-0.047,0.005,-0.035,-0.105,-0.005,0.010,0.045
-0.015,-0.055,-0.040,0.035,0.013,-0.047,0.005,-0.035,-0.105,-0.005,0.010,0.045
-0.015,-0.055,-0.040,0.035,0.013,-0.047,0.002,-0.036,-0.106,-0.005,0.009,0.045
-0.015,-0.055,-0.040,0.035,0.013,-0.047,-0.001,-0.032,-0.103,-0.005,0.014,0.045
-0.014,-0.054,-0.040,0.034,0.013,-0.047,0.000,-0.022,-0.100,-0.006,0.020,0.045
-0.010,-0.050,-0.040,0.030,0.015,-0.045,0.000,-0.015,-0.100,-0.010,0.015,0.045
-0.010,-0.050,-0.040,0.030,0.015,-0.045,0.000,-0.025,-0.100,-0.010,0.015,0.045
-0.009,-0.050,-0.041,0.030,0.016,-0.045,0.000,-0.044,-0.100,-0.010,0.015,0.045
-0.012,-0.050,-0.038,0.031,0.013,-0.044,0.000,-0.050,-0.100,-0.010,0.015,0.045
-0.015,-0.050,-0.034,0.033,0.010,-0.041,0.000,-0.044,-0.100,-0.010,0.015,0.045
-0.015,-0.050,-0.035,0.033,0.010,-0.042,0.000,-0.045,-0.100,-0.010,0.015,0.045
-0.023,-0.059,-0.036,0.042,0.006,-0.047,0.000,-0.041,-0.096,-0.014,0.015,0.045
-0.025,-0.058,-0.032,0.042,0.003,-0.045,0.000,-0.040,-0.095,-0.015,0.016,0.045
-0.026,-0.070,-0.044,0.049,0.009,-0.057,0.002,-0.038,-0.095,-0.017,0.013,0.045
-0.031,-0.086,-0.055,0.059,0.012,-0.070,0.006,-0.035,-0.095,-0.021,0.010,0.045
-0.035,-0.075,-0.040,0.055,0.003,-0.057,0.010,-0.035,-0.095,-0.020,0.010,0.045
-0.039,-0.070,-0.031,0.055,-0.004,-0.051,0.014,-0.031,-0.095,-0.012,0.010,0.045
-0.042,-0.067,-0.025,0.055,-0.008,-0.046,0.018,-0.030,-0.096,-0.003,0.010,0.045
-0.049,-0.063,-0.014,0.056,-0.017,-0.038,0.022,-0.028,-0.092,0.002,0.010,0.045
-0.056,-0.059,-0.003,0.058,-0.027,-0.030,0.026,-0.025,-0.083,0.006,0.010,0.045
-0.060,-0.055,0.005,0.057,-0.032,-0.025,0.030,-0.025,-0.075,0.015,0.010,0.045
-0.066,-0.052,0.014,0.058,-0.040,-0.018,0.038,-0.013,-0.066,0.024,0.010,0.045
-0.054,-0.042,0.013,0.047,-0.033,-0.014,0.046,-0.002,-0.063,0.024,0.010,0.045
-0.055,-0.029,0.026,0.041,-0.040,-0.002,0.054,0.017,-0.038,0.049,0.027,0.045
-0.056,-0.017,0.039,0.037,-0.048,0.011,0.061,0.047,0.004,0.094,0.047,0.045
-0.025,-0.005,0.020,0.015,-0.022,0.007,0.065,0.080,0.040,0.120,0.055,0.055
-0.001,0.007,0.008,-0.003,-0.005,0.007,0.079,0.132,0.097,0.164,0.097,0.087
0.030,0.022,-0.008,-0.026,0.019,0.006,0.105,0.213,0.179,0.236,0.144,0.112
0.056,0.038,-0.018,-0.047,0.037,0.010,0.119,0.290,0.271,0.313,0.202,0.143
0.094,0.054,-0.040,-0.074,0.067,0.007,0.130,0.359,0.372,0.399,0.273,0.185
0.170,0.080,-0.090,-0.125,0.130,-0.005,0.140,0.445,0.495,0.515,0.355,0.235
0.247,0.138,-0.108,-0.192,0.177,0.015,0.098,0.527,0.634,0.651,0.479,0.317
0.358,0.202,-0.156,-0.279,0.257,0.022,0.054,0.555,0.742,0.785,0.627,0.412
0.493,0.257,-0.237,-0.374,0.365,0.009,-0.006,0.540,0.844,0.913,0.786,0.523
0.637,0.308,-0.330,-0.472,0.483,-0.011,-0.109,0.521,0.930,1.008,0.933,0.636
0.795,0.360,-0.435,-0.577,0.615,-0.037,-0.235,0.500,0.955,1.055,1.060,0.735
0.945,0.404,-0.541,-0.674,0.743,-0.068,-0.368,0.426,0.939,1.068,1.180,0.839
1.037,0.413,-0.624,-0.725,0.830,-0.105,-0.528,0.270,0.814,0.960,1.152,0.897
1.104,0.423,-0.681,-0.763,0.892,-0.129,-0.684,0.063,0.588,0.756,1.085,0.869
1.116,0.398,-0.718,-0.757,0.916,-0.159,-0.799,-0.180,0.279,0.474,0.992,0.800
1.030,0.280,-0.750,-0.655,0.890,-0.235,-0.865,-0.435,-0.075,0.125,0.770,0.735
0.957,0.161,-0.795,-0.559,0.876,-0.317,-0.899,-0.631,-0.369,-0.178,0.542,0.611
0.881,0.099,-0.782,-0.490,0.831,-0.341,-0.960,-0.887,-0.703,-0.469,0.352,0.506
0.751,0.058,-0.694,-0.404,0.723,-0.318,-1.053,-1.176,-1.041,-0.723,0.209,0.439
0.611,0.008,-0.603,-0.309,0.607,-0.298,-1.129,-1.392,-1.283,-0.904,0.091,0.379
0.525,-0.040,-0.565,-0.242,0.545,-0.302,-1.140,-1.475,-1.400,-1.020,-0.005,0.320
0.434,-0.089,-0.523,-0.172,0.479,-0.306,-1.093,-1.445,-1.431,-1.059,-0.047,0.283
0.339,-0.124,-0.463,-0.108,0.401,-0.294,-1.051,-1.419,-1.411,-1.018,-0.085,0.248
0.271,-0.127,-0.398,-0.072,0.335,-0.262,-0.983,-1.341,-1.331,-0.970,-0.118,0.230
0.231,-0.112,-0.343,-0.059,0.287,-0.228,-0.871,-1.184,-1.191,-0.906,-0.115,0.230
0.185,-0.100,-0.285,-0.042,0.235,-0.192,-0.755,-1.020,-1.030,-0.780,-0.075,0.230
0.127,-0.062,-0.189,-0.033,0.158,-0.126,-0.639,-0.866,-0.892,-0.666,-0.040,0.229
0.125,-0.016,-0.140,-0.054,0.133,-0.078,-0.527,-0.733,-0.767,-0.566,-0.031,0.234
0.122,0.006,-0.115,-0.064,0.118,-0.054,-0.444,-0.638,-0.677,-0.495,-0.027,0.216
0.086,0.004,-0.083,-0.045,0.084,-0.039,-0.385,-0.566,-0.614,-0.448,-0.028,0.174
0.065,0.005,-0.060,-0.035,0.062,-0.027,-0.325,-0.490,-0.545,-0.395,-0.045,0.140
0.061,0.022,-0.039,-0.042,0.050,-0.008,-0.269,-0.425,-0.488,-0.343,-0.045,0.123
0.049,0.021,-0.028,-0.035,0.038,-0.003,-0.215,-0.364,-0.433,-0.294,-0.051,0.108
0.033,0.010,-0.023,-0.021,0.027,-0.006,-0.169,-0.308,-0.377,-0.246,-0.054,0.092
0.022,0.003,-0.019,-0.013,0.020,-0.008,-0.131,-0.257,-0.321,-0.198,-0.050,0.077
0.010,-0.005,-0.015,-0.002,0.013,-0.010,-0.095,-0.210,-0.270,-0.155,-0.050,0.065
-0.006,-0.013,-0.007,0.010,0.001,-0.010,-0.063,-0.174,-0.237,-0.134,-0.046,0.057
-0.020,-0.022,-0.001,0.021,-0.009,-0.011,-0.029,-0.136,-0.208,-0.118,-0.044,0.049
-0.028,-0.027,0.001,0.027,-0.014,-0.012,-0.008,-0.108,-0.185,-0.103,-0.046,0.043
-0.040,-0.033,0.007,0.036,-0.023,-0.012,-0.004,-0.090,-0.172,-0.093,-0.044,0.038
-0.065,-0.045,0.020,0.055,-0.042,-0.012,0.005,-0.070,-0.160,-0.085,-0.040,0.030
-0.083,-0.050,0.034,0.066,-0.058,-0.008,0.013,-0.061,-0.144,-0.077,-0.040,0.022
-0.083,-0.050,0.033,0.066,-0.058,-0.008,0.021,-0.054,-0.130,-0.066,-0.037,0.017
-0.079,-0.050,0.029,0.065,-0.054,-0.010,0.030,-0.046,-0.121,-0.056,-0.034,0.013
-0.080,-0.050,0.030,0.065,-0.055,-0.010,0.035,-0.038,-0.113,-0.048,-0.035,0.009
-0.080,-0.050,0.030,0.065,-0.055,-0.010,0.040,-0.030,-0.105,-0.040,-0.035,0.010
-0.080,-0.050,0.030,0.065,-0.055,-0.010,0.061,-0.022,-0.101,-0.036,-0.031,0.023
-0.077,-0.051,0.027,0.064,-0.052,-0.011,0.067,-0.014,-0.095,-0.032,-0.030,0.023
-0.073,-0.048,0.024,0.060,-0.048,-0.011,0.064,-0.008,-0.085,-0.028,-0.028,0.019
-0.070,-0.045,0.025,0.057,-0.047,-0.010,0.065,-0.004,-0.079,-0.024,-0.024,0.020
-0.070,-0.045,0.025,0.057,-0.047,-0.010,0.065,0.000,-0.075,-0.020,-0.025,0.020
-0.071,-0.045,0.025,0.057,-0.048,-0.010,0.065,0.004,-0.071,-0.016,-0.025,0.020
-0.066,-0.044,0.022,0.055,-0.044,-0.011,0.063,0.007,-0.070,-0.015,-0.022,0.020
-0.067,-0.048,0.019,0.058,-0.043,-0.014,0.071,0.015,-0.070,-0.013,-0.019,0.020
-0.078,-0.058,0.020,0.068,-0.048,-0.018,0.080,0.020,-0.070,-0.010,-0.020,0.020
-0.085,-0.065,0.020,0.075,-0.052,-0.022,0.075,0.015,-0.070,-0.010,-0.020,0.020
-0.081,-0.061,0.020,0.071,-0.050,-0.021,0.075,0.015,-0.066,-0.010,-0.016,0.020
-0.080,-0.059,0.021,0.070,-0.050,-0.019,0.075,0.013,-0.065,-0.011,-0.015,0.020
-0.079,-0.061,0.018,0.069,-0.048,-0.021,0.075,0.008,-0.065,-0.008,-0.015,0.020
-0.074,-0.059,0.015,0.066,-0.044,-0.022,0.075,0.013,-0.065,-0.005,-0.015,0.020
-0.070,-0.055,0.015,0.062,-0.042,-0.020,0.075,0.030,-0.065,-0.005,-0.015,0.020
-0.070,-0.055,0.015,0.062,-0.042,-0.020,0.075,0.031,-0.061,-0.005,-0.015,0.020
-0.071,-0.056,0.016,0.063,-0.043,-0.020,0.078,0.029,-0.060,-0.005,-0.015,0.020
-0.066,-0.053,0.013,0.059,-0.039,-0.020,0.081,0.030,-0.060,-0.005,-0.015,0.020
-0.059,-0.050,0.010,0.054,-0.034,-0.020,0.078,0.029,-0.060,-0.004,-0.014,0.020
-0.060,-0.050,0.010,0.055,-0.035,-0.020,0.075,0.030,-0.060,0.000,-0.010,0.020
-0.061,-0.050,0.010,0.056,-0.035,-0.020,0.092,0.043,-0.060,0.000,-0.010,0.020
-0.057,-0.047,0.010,0.052,-0.033,-0.018,0.097,0.046,-0.057,0.000,-0.010,0.020
-0.055,-0.044,0.010,0.050,-0.032,-0.016,0.094,0.045,-0.054,0.000,-0.010,0.020
-0.055,-0.045,0.009,0.050,-0.031,-0.018,0.095,0.045,-0.055,0.000,-0.010,0.020
-0.050,-0.045,0.005,0.047,-0.027,-0.020,0.095,0.045,-0.055,0.000,-0.010,0.020
-0.045,-0.041,0.005,0.043,-0.025,-0.018,0.095,0.045,-0.055,0.004,-0.010,0.020
-0.045,-0.039,0.006,0.042,-0.025,-0.016,0.095,0.045,-0.052,0.009,-0.011,0.020
-0.044,-0.041,0.003,0.042,-0.023,-0.018,0.095,0.045,-0.049,0.010,-0.008,0.020
-0.048,-0.039,0.009,0.043,-0.028,-0.015,0.095,0.045,-0.050,0.010,-0.005,0.019
-0.060,-0.035,0.025,0.047,-0.042,-0.005,0.095,0.045,-0.050,0.010,-0.005,0.015
-0.056,-0.035,0.022,0.045,-0.038,-0.006,0.095,0.045,-0.050,0.010,-0.005,0.015
-0.055,-0.036,0.019,0.045,-0.036,-0.008,0.095,0.045,-0.051,0.010,-0.005,0.015
-0.053,-0.033,0.020,0.043,-0.036,-0.006,0.095,0.045,-0.048,0.010,-0.005,0.015
-0.050,-0.030,0.020,0.040,-0.035,-0.005,0.095,0.045,-0.045,0.010,-0.005,0.015
-0.050,-0.030,0.020,0.040,-0.035,-0.005,0.095,0.045,-0.045,0.010,-0.005,0.015
-0.046,-0.030,0.016,0.038,-0.031,-0.007,0.095,0.045,-0.045,0.009,-0.005,0.015
-0.044,-0.030,0.015,0.037,-0.030,-0.007,0.095,0.045,-0.042,0.017,-0.005,0.016
-0.045,-0.030,0.015,0.037,-0.030,-0.007,0.095,0.045,-0.039,0.019,-0.006,0.013
-0.045,-0.030,0.015,0.037,-0.030,-0.007,0.095,0.045,-0.040,0.014,-0.012,0.010
-0.045,-0.030,0.015,0.037,-0.030,-0.007,0.095,0.045,-0.040,0.015,-0.010,0.010
-0.052,-0.037,0.015,0.044,-0.034,-0.010,0.095,0.045,-0.036,0.015,0.011,0.010
-0.063,-0.051,0.012,0.056,-0.037,-0.019,0.095,0.045,-0.034,0.015,0.014,0.010
-0.064,-0.054,0.009,0.059,-0.036,-0.022,0.095,0.044,-0.036,0.015,0.009,0.010
-0.060,-0.049,0.010,0.055,-0.035,-0.020,0.095,0.046,-0.034,0.015,0.010,0.010
-0.060,-0.050,0.010,0.055,-0.035,-0.020,0.095,0.055,-0.030,0.015,0.010,0.010
-0.056,-0.046,0.010,0.051,-0.032,-0.018,0.095,0.060,-0.030,0.015,0.010,0.010
-0.055,-0.044,0.010,0.050,-0.032,-0.016,0.095,0.060,-0.031,0.012,0.011,0.007
-0.054,-0.046,0.009,0.050,-0.031,-0.018,0.095,0.060,-0.028,0.009,0.008,0.004
-0.047,-0.044,0.003,0.045,-0.025,-0.020,0.096,0.060,-0.025,0.010,0.005,0.005
-0.045,-0.040,0.005,0.042,-0.025,-0.017,0.100,0.060,-0.025,0.010,0.005,0.005
-0.071,-0.040,0.031,0.055,-0.051,-0.004,0.101,0.060,-0.025,0.010,0.005,0.005
-0.071,-0.037,0.034,0.054,-0.052,-0.001,0.095,0.060,-0.022,0.010,0.005,0.005
-0.064,-0.035,0.029,0.049,-0.046,-0.002,0.101,0.060,-0.019,0.010,0.005,0.005
-0.064,-0.035,0.029,0.049,-0.046,-0.002,0.111,0.060,-0.020,0.010,0.005,0.005
-0.060,-0.035,0.025,0.047,-0.042,-0.005,0.105,0.060,-0.020,0.010,0.005,0.005
-0.071,-0.046,0.025,0.058,-0.048,-0.010,0.105,0.060,-0.016,0.006,0.001,0.005
-0.083,-0.061,0.022,0.072,-0.052,-0.019,0.105,0.061,-0.015,0.005,0.000,0.005
-0.084,-0.064,0.020,0.074,-0.052,-0.022,0.105,0.057,-0.015,0.005,0.000,0.004
-0.079,-0.059,0.019,0.069,-0.049,-0.020,0.105,0.057,-0.015,0.005,0.000,0.007
-0.075,-0.060,0.015,0.067,-0.045,-0.022,0.105,0.070,-0.015,0.005,0.000,0.015
-0.075,-0.060,0.015,0.067,-0.045,-0.022,0.105,0.067,-0.015,0.005,0.000,0.007
-0.075,-0.060,0.015,0.067,-0.045,-0.022,0.105,0.064,-0.015,0.005,0.000,0.004
-0.075,-0.060,0.015,0.067,-0.045,-0.022,0.105,0.065,-0.015,0.005,0.000,0.005
-0.075,-0.060,0.015,0.067,-0.045,-0.022,0.105,0.065,-0.015,0.005,0.000,0.005
-0.075,-0.060,0.015,0.067,-0.045,-0.022,0.105,0.065,-0.015,0.005,0.000,0.005
-0.075,-0.060,0.015,0.067,-0.045,-0.022,0.105,0.065,-0.015,0.005,0.000,0.005
-0.075,-0.060,0.015,0.067,-0.045,-0.022,0.105,0.065,-0.015,0.005,0.000,0.005
-0.075,-0.060,0.015,0.067,-0.045,-0.022,0.105,0.065,-0.015,0.005,0.000,0.005
-0.075,-0.060,0.015,0.067,-0.045,-0.022,0.105,0.065,-0.015,0.005,0.000,0.005
-0.075,-0.060,0.015,0.067,-0.045,-0.022,0.105,0.065,-0.015,0.005,0.000,0.005
-0.075,-0.060,0.015,0.067,-0.045,-0.022,0.105,0.065,-0.015,0.005,0.000,0.005
-0.075,-0.060,0.015,0.067,-0.045,-0.022,0.105,0.065,-0.015,0.005,0.000,0.005
-0.075,-0.060,0.015,0.067,-0.045,-0.022,0.105,0.065,-0.015,0.005,0.000,0.005
-0.075,-0.060,0.015,0.067,-0.045,-0.022,0.105,0.065,-0.015,0.005,0.000,0.005
-0.075,-0.060,0.015,0.067,-0.045,-0.022,0.105,0.065,-0.015,0.005,0.000,0.005
-0.075,-0.060,0.015,0.067,-0.045,-0.022,0.105,0.065,-0.015,0.005,0.000,0.005
-0.075,-0.060,0.015,0.067,-0.045,-0.022,0.105,0.065,-0.015,0.005,0.000,0.005
-0.075,-0.060,0.015,0.067,-0.045,-0.022,0.105,0.065,-0.015,0.005,0.000,0.005
-0.075,-0.060,0.015,0.067,-0.045,-0.022,0.105,0.065,-0.015,0.005,0.000,0.005
-0.075,-0.060,0.015,0.067,-0.045,-0.022,0.105,0.065,-0.015,0.005,0.000,0.005
-0.075,-0.060,0.015,0.067,-0.045,-0.022,0.105,0.065,-0.015,0.005,0.000,0.005
-0.075,-0.060,0.015,0.067,-0.045,-0.022,0.105,0.065,-0.015,0.005,0.000,0.005
-0.075,-0.060,0.015,0.067,-0.045,-0.022,0.105,0.065,-0.015,0.005,0.000,0.005
-0.075,-0.060,0.015,0.067,-0.045,-0.022,0.105,0.065,-0.015,0.005,0.000,0.005
-0.075,-0.060,0.015,0.067,-0.045,-0.022,0.105,0.065,-0.015,0.005,0.000,0.005
-0.075,-0.060,0.015,0.067,-0.045,-0.022,0.105,0.065,-0.015,0.005,0.000,0.005
-0.075,-0.060,0.015,0.067,-0.045,-0.022,0.105,0.065,-0.015,0.005,0.000,0.005
-0.075,-0.060,0.015,0.067,-0.045,-0.022,0.105,0.065,-0.015,0.005,0.000,0.005
-0.075,-0.060,0.015,0.067,-0.045,-0.022,0.105,0.065,-0.015,0.005,0.000,0.005
-0.075,-0.060,0.015,0.067,-0.045,-0.022,0.105,0.065,-0.015,0.005,0.000,0.005
-0.075,-0.060,0.015,0.067,-0.045,-0.022,0.105,0.065,-0.015,0.005,0.000,0.005
-0.075,-0.060,0.015,0.067,-0.045,-0.022,0.105,0.065,-0.015,0.005,0.000,0.005
-0.075,-0.060,0.015,0.067,-0.045,-0.022,0.105,0.065,-0.015,0.005,0.000,0.005
-0.075,-0.060,0.015,0.067,-0.045,-0.022,0.105,0.065,-0.015,0.005,0.000,0.005
-0.075,-0.060,0.015,0.067,-0.045,-0.022,0.105,0.065,-0.015,0.005,0.000,0.005
-0.075,-0.060,0.015,0.067,-0.045,-0.022,0.105,0.065,-0.015,0.005,0.000,0.005
-0.075,-0.060,0.015,0.067,-0.045,-0.022,0.105,0.065,-0.015,0.005,0.000,0.005
-0.075,-0.060,0.015,0.067,-0.045,-0.022,0.105,0.065,-0.015,0.005,0.000,0.005
-0.075,-0.060,0.015,0.067,-0.045,-0.022,0.105,0.065,-0.015,0.005,0.000,0.005
-0.075,-0.060,0.015,0.067,-0.045,-0.022,0.105,0.065,-0.015,0.005,0.000,0.005
-0.075,-0.060,0.015,0.067,-0.045,-0.022,0.105,0.065,-0.015,0.005,0.000,0.005
-0.075,-0.060,0.015,0.067,-0.045,-0.022,0.105,0.065,-0.015,0.005,0.000,0.005
-0.075,-0.060,0.015,0.067,-0.045,-0.022,0.105,0.065,-0.015,0.005,0.000,0.005
-0.075,-0.060,0.015,0.067,-0.045,-0.022,0.105,0.065,-0.015,0.005,0.000,0.005
-0.075,-0.060,0.015,0.067,-0.045,-0.022,0.105,0.065,-0.015,0.005,0.000,0.005
-0.075,-0.060,0.015,0.067,-0.045,-0.022,0.105,0.065,-0.015,0.005,0.000,0.005
-0.075,-0.060,0.015,0.067,-0.045,-0.022,0.105,0.065,-0.015,0.005,0.000,0.005
-0.075,-0.060,0.015,0.067,-0.045,-0.022,0.105,0.065,-0.015,0.005,0.000,0.005
-0.075,-0.060,0.015,0.067,-0.045,-0.022,0.105,0.065,-0.015,0.005,0.000,0.005
-0.075,-0.060,0.015,0.067,-0.045,-0.022,0.105,0.065,-0.015,0.005,0.000,0.005
-0.075,-0.060,0.015,0.067,-0.045,-0.022,0.105,0.065,-0.015,0.005,0.000,0.005
-0.075,-0.060,0.015,0.067,-0.045,-0.022,0.105,0.065,-0.015,0.005,0.000,0.005
-0.075,-0.060,0.015,0.067,-0.045,-0.022,0.105,0.065,-0.015,0.005,0.000,0.005
-0.075,-0.060,0.015,0.067,-0.045,-0.022,0.105,0.065,-0.015,0.005,0.000,0.005
