I,II,III,aVR,aVL,aVF,V1,V2,V3,V4,V5,V6
-0.125,-0.110,0.015,0.117,-0.070,-0.047,0.100,-0.165,0.165,0.195,0.045,0.095
-0.125,-0.110,0.015,0.117,-0.070,-0.047,0.100,-0.165,0.165,0.195,0.045,0.095
-0.125,-0.110,0.015,0.117,-0.070,-0.047,0.100,-0.165,0.165,0.195,0.045,0.095
-0.125,-0.110,0.015,0.117,-0.070,-0.047,0.100,-0.165,0.165,0.195,0.045,0.095
-0.125,-0.110,0.015,0.117,-0.070,-0.047,0.100,-0.165,0.165,0.195,0.045,0.095
-0.125,-0.110,0.015,0.117,-0.070,-0.047,0.100,-0.165,0.165,0.195,0.045,0.095
-0.125,-0.110,0.015,0.117,-0.070,-0.047,0.100,-0.165,0.165,0.195,0.045,0.095
-0.122,-0.107,0.015,0.114,-0.068,-0.046,0.100,-0.165,0.162,0.195,0.045,0.092
-0.119,-0.104,0.015,0.111,-0.067,-0.045,0.100,-0.165,0.159,0.195,0.045,0.089
-0.120,-0.105,0.015,0.112,-0.067,-0.045,0.100,-0.165,0.160,0.194,0.045,0.090
-0.120,-0.105,0.015,0.112,-0.067,-0.045,0.100,-0.165,0.160,0.190,0.045,0.090
-0.120,-0.105,0.015,0.112,-0.067,-0.045,0.100,-0.165,0.160,0.190,0.045,0.090
-0.120,-0.105,0.015,0.112,-0.067,-0.045,0.100,-0.165,0.160,0.190,0.045,0.090
-0.120,-0.105,0.015,0.112,-0.067,-0.045,0.100,-0.165,0.160,0.190,0.045,0.090
-0.119,-0.104,0.015,0.111,-0.067,-0.045,0.100,-0.165,0.159,0.190,0.045,0.089
-0.115,-0.100,0.015,0.107,-0.065,-0.042,0.100,-0.165,0.155,0.190,0.045,0.085
-0.115,-0.100,0.015,0.107,-0.065,-0.042,0.100,-0.165,0.155,0.190,0.045,0.085
-0.115,-0.100,0.015,0.107,-0.065,-0.042,0.100,-0.165,0.155,0.191,0.045,0.085
-0.115,-0.100,0.015,0.107,-0.065,-0.042,0.100,-0.165,0.155,0.188,0.045,0.085
-0.115,-0.100,0.015,0.107,-0.065,-0.042,0.100,-0.165,0.155,0.185,0.045,0.085
-0.115,-0.100,0.015,0.107,-0.065,-0.042,0.100,-0.165,0.155,0.185,0.045,0.085
-0.111,-0.096,0.015,0.103,-0.063,-0.040,0.100,-0.165,0.151,0.185,0.045,0.081
-0.109,-0.095,0.015,0.102,-0.062,-0.040,0.100,-0.165,0.150,0.185,0.044,0.080
-0.110,-0.095,0.015,0.102,-0.062,-0.040,0.100,-0.165,0.150,0.185,0.047,0.080
-0.110,-0.095,0.015,0.102,-0.062,-0.040,0.100,-0.165,0.150,0.185,0.050,0.080
-0.110,-0.095,0.015,0.102,-0.062,-0.040,0.100,-0.165,0.150,0.185,0.050,0.080
-0.118,-0.095,0.023,0.106,-0.070,-0.036,0.100,-0.165,0.150,0.185,0.050,0.080
-0.120,-0.094,0.026,0.107,-0.073,-0.034,0.100,-0.166,0.150,0.186,0.053,0.081
-0.122,-0.097,0.025,0.109,-0.073,-0.036,0.100,-0.163,0.150,0.183,0.056,0.078
-0.125,-0.100,0.025,0.112,-0.075,-0.037,0.100,-0.160,0.150,0.180,0.055,0.075
-0.125,-0.100,0.025,0.112,-0.075,-0.037,0.100,-0.160,0.150,0.180,0.055,0.075
-0.129,-0.104,0.025,0.116,-0.077,-0.040,0.100,-0.160,0.150,0.180,0.055,0.075
-0.130,-0.105,0.025,0.117,-0.077,-0.040,0.100,-0.160,0.150,0.180,0.055,0.075
-0.132,-0.107,0.025,0.119,-0.078,-0.041,0.100,-0.160,0.150,0.180,0.055,0.075
-0.136,-0.111,0.025,0.123,-0.080,-0.042,0.100,-0.160,0.150,0.179,0.055,0.075
-0.135,-0.110,0.025,0.122,-0.080,-0.042,0.100,-0.160,0.150,0.175,0.055,0.075
-0.131,-0.106,0.025,0.118,-0.077,-0.040,0.100,-0.160,0.150,0.175,0.055,0.075
-0.130,-0.105,0.025,0.117,-0.077,-0.040,0.100,-0.160,0.150,0.175,0.055,0.075
-0.130,-0.105,0.025,0.117,-0.077,-0.040,0.100,-0.160,0.150,0.175,0.055,0.075
-0.130,-0.105,0.025,0.117,-0.077,-0.040,0.100,-0.160,0.150,0.175,0.055,0.075
-0.130,-0.105,0.025,0.117,-0.077,-0.040,0.100,-0.160,0.150,0.175,0.055,0.075
-0.126,-0.101,0.025,0.113,-0.075,-0.037,0.100,-0.160,0.150,0.175,0.055,0.075
-0.125,-0.100,0.025,0.112,-0.075,-0.037,0.100,-0.160,0.150,0.172,0.055,0.072
-0.125,-0.100,0.025,0.112,-0.075,-0.037,0.100,-0.160,0.150,0.169,0.055,0.069
-0.125,-0.100,0.025,0.112,-0.075,-0.037,0.100,-0.160,0.150,0.170,0.055,0.070
-0.125,-0.100,0.025,0.112,-0.075,-0.037,0.100,-0.160,0.150,0.170,0.055,0.070
-0.121,-0.096,0.025,0.108,-0.072,-0.035,0.100,-0.160,0.150,0.170,0.055,0.070
-0.120,-0.095,0.025,0.107,-0.072,-0.035,0.100,-0.160,0.150,0.171,0.055,0.070
-0.120,-0.095,0.025,0.107,-0.072,-0.035,0.100,-0.160,0.150,0.168,0.055,0.070
-0.120,-0.095,0.025,0.107,-0.072,-0.035,0.100,-0.160,0.150,0.165,0.055,0.070
-0.120,-0.095,0.025,0.107,-0.072,-0.035,0.100,-0.160,0.150,0.165,0.055,0.070
-0.120,-0.095,0.025,0.107,-0.072,-0.035,0.100,-0.160,0.150,0.165,0.055,0.070
-0.117,-0.092,0.025,0.104,-0.071,-0.033,0.100,-0.160,0.150,0.165,0.055,0.070
-0.114,-0.089,0.025,0.101,-0.069,-0.032,0.100,-0.160,0.150,0.165,0.055,0.070
-0.116,-0.090,0.026,0.103,-0.071,-0.032,0.100,-0.160,0.150,0.165,0.055,0.070
-0.120,-0.090,0.030,0.105,-0.075,-0.030,0.100,-0.160,0.150,0.165,0.055,0.070
-0.121,-0.090,0.030,0.106,-0.076,-0.030,0.104,-0.156,0.154,0.169,0.055,0.074
-0.116,-0.087,0.029,0.102,-0.073,-0.028,0.106,-0.155,0.155,0.171,0.055,0.075
-0.116,-0.084,0.032,0.100,-0.074,-0.026,0.104,-0.153,0.155,0.169,0.055,0.075
-0.121,-0.085,0.035,0.102,-0.078,-0.025,0.106,-0.150,0.155,0.171,0.055,0.075
-0.120,-0.085,0.035,0.102,-0.077,-0.025,0.110,-0.150,0.155,0.175,0.055,0.075
-0.119,-0.085,0.035,0.102,-0.076,-0.025,0.110,-0.146,0.155,0.175,0.059,0.075
-0.124,-0.086,0.038,0.105,-0.080,-0.024,0.109,-0.144,0.154,0.174,0.064,0.075
-0.123,-0.082,0.042,0.102,-0.082,-0.020,0.112,-0.146,0.157,0.177,0.065,0.075
-0.120,-0.073,0.047,0.096,-0.083,-0.013,0.115,-0.144,0.160,0.180,0.066,0.075
-0.125,-0.070,0.055,0.097,-0.090,-0.007,0.115,-0.140,0.160,0.180,0.070,0.075
-0.124,-0.066,0.058,0.095,-0.091,-0.003,0.115,-0.140,0.164,0.184,0.070,0.075
-0.132,-0.062,0.070,0.097,-0.101,0.004,0.114,-0.137,0.165,0.185,0.072,0.074
-0.133,-0.058,0.075,0.095,-0.103,0.008,0.117,-0.135,0.166,0.187,0.078,0.077
-0.123,-0.054,0.069,0.088,-0.096,0.008,0.120,-0.134,0.171,0.190,0.080,0.080
-0.120,-0.050,0.070,0.085,-0.095,0.010,0.120,-0.130,0.175,0.190,0.080,0.080
-0.120,-0.054,0.066,0.087,-0.093,0.006,0.124,-0.130,0.179,0.190,0.084,0.080
-0.120,-0.056,0.064,0.087,-0.092,0.004,0.128,-0.131,0.180,0.190,0.085,0.080
-0.120,-0.055,0.066,0.087,-0.093,0.005,0.132,-0.127,0.182,0.190,0.085,0.080
-0.119,-0.055,0.064,0.087,-0.091,0.004,0.135,-0.118,0.185,0.190,0.085,0.080
-0.115,-0.055,0.060,0.085,-0.087,0.002,0.135,-0.115,0.185,0.190,0.085,0.080
-0.115,-0.055,0.060,0.085,-0.087,0.002,0.139,-0.112,0.188,0.194,0.093,0.084
-0.112,-0.055,0.057,0.083,-0.084,0.001,0.144,-0.104,0.196,0.199,0.099,0.088
-0.109,-0.055,0.054,0.082,-0.081,0.000,0.144,-0.098,0.202,0.200,0.100,0.092
-0.110,-0.055,0.055,0.082,-0.082,0.000,0.139,-0.094,0.206,0.200,0.101,0.095
-0.110,-0.055,0.055,0.082,-0.082,0.000,0.135,-0.090,0.210,0.205,0.105,0.095
-0.105,-0.055,0.051,0.080,-0.077,-0.001,0.131,-0.090,0.214,0.210,0.106,0.095
-0.108,-0.058,0.050,0.083,-0.079,-0.004,0.127,-0.090,0.220,0.208,0.102,0.093
-0.109,-0.061,0.048,0.084,-0.079,-0.006,0.122,-0.090,0.215,0.203,0.099,0.101
-0.104,-0.060,0.044,0.082,-0.074,-0.007,0.121,-0.090,0.203,0.199,0.100,0.110
-0.105,-0.060,0.045,0.082,-0.075,-0.007,0.120,-0.090,0.195,0.195,0.100,0.105
-0.105,-0.060,0.045,0.082,-0.075,-0.007,0.097,-0.100,0.183,0.191,0.096,0.105
-0.102,-0.060,0.042,0.081,-0.072,-0.009,0.073,-0.124,0.174,0.190,0.095,0.106
-0.099,-0.060,0.039,0.080,-0.069,-0.010,0.061,-0.156,0.165,0.189,0.095,0.103
-0.100,-0.060,0.040,0.080,-0.070,-0.010,0.060,-0.178,0.152,0.184,0.095,0.100
-0.100,-0.060,0.040,0.080,-0.070,-0.010,0.060,-0.180,0.145,0.180,0.095,0.100
-0.092,-0.060,0.032,0.076,-0.062,-0.014,0.060,-0.180,0.149,0.176,0.091,0.100
-0.086,-0.059,0.026,0.072,-0.056,-0.016,0.060,-0.180,0.151,0.171,0.090,0.100
-0.085,-0.062,0.024,0.073,-0.054,-0.019,0.060,-0.180,0.150,0.170,0.090,0.098
-0.084,-0.065,0.018,0.075,-0.050,-0.023,0.060,-0.180,0.150,0.169,0.090,0.095
-0.075,-0.065,0.010,0.070,-0.042,-0.027,0.060,-0.180,0.150,0.165,0.090,0.095
-0.071,-0.065,0.006,0.067,-0.038,-0.030,0.060,-0.180,0.150,0.165,0.086,0.095
-0.068,-0.066,0.002,0.066,-0.035,-0.031,0.060,-0.180,0.149,0.166,0.084,0.092
-0.060,-0.064,-0.003,0.062,-0.028,-0.033,0.060,-0.180,0.152,0.163,0.086,0.090
-0.055,-0.068,-0.013,0.061,-0.021,-0.040,0.060,-0.180,0.155,0.160,0.084,0.090
-0.060,-0.080,-0.020,0.070,-0.020,-0.050,0.060,-0.180,0.155,0.160,0.080,0.090
-0.060,-0.076,-0.016,0.069,-0.022,-0.046,0.064,-0.180,0.159,0.160,0.080,0.090
-0.060,-0.075,-0.015,0.068,-0.022,-0.045,0.065,-0.179,0.161,0.157,0.080,0.087
-0.060,-0.073,-0.013,0.067,-0.023,-0.043,0.066,-0.182,0.158,0.154,0.080,0.085
-0.060,-0.070,-0.010,0.065,-0.025,-0.040,0.071,-0.185,0.154,0.155,0.079,0.085
-0.060,-0.070,-0.010,0.065,-0.025,-0.040,0.075,-0.185,0.150,0.155,0.075,0.085
-0.060,-0.066,-0.006,0.063,-0.027,-0.036,0.075,-0.185,0.146,0.151,0.075,0.086
-0.060,-0.064,-0.004,0.063,-0.027,-0.034,0.078,-0.185,0.142,0.149,0.075,0.079
-0.061,-0.066,-0.006,0.064,-0.027,-0.036,0.080,-0.185,0.138,0.151,0.075,0.072
-0.068,-0.072,-0.004,0.070,-0.032,-0.038,0.081,-0.185,0.135,0.149,0.074,0.069
-0.080,-0.080,0.000,0.080,-0.040,-0.040,0.085,-0.185,0.135,0.145,0.070,0.065
-0.084,-0.084,0.000,0.084,-0.041,-0.042,0.085,-0.185,0.131,0.145,0.070,0.057
-0.091,-0.088,0.003,0.089,-0.047,-0.042,0.085,-0.185,0.130,0.146,0.067,0.052
-0.097,-0.092,0.005,0.094,-0.051,-0.043,0.085,-0.185,0.130,0.143,0.064,0.048
-0.102,-0.096,0.006,0.099,-0.053,-0.045,0.085,-0.185,0.130,0.140,0.065,0.044
-0.110,-0.100,0.010,0.105,-0.060,-0.045,0.085,-0.185,0.130,0.140,0.065,0.040
-0.106,-0.096,0.010,0.101,-0.058,-0.042,0.085,-0.185,0.126,0.140,0.061,0.040
-0.104,-0.094,0.009,0.099,-0.056,-0.042,0.085,-0.182,0.125,0.137,0.059,0.040
-0.107,-0.095,0.012,0.101,-0.059,-0.042,0.085,-0.179,0.125,0.135,0.061,0.040
-0.111,-0.095,0.016,0.103,-0.063,-0.039,0.085,-0.180,0.125,0.135,0.059,0.040
-0.115,-0.095,0.020,0.105,-0.067,-0.037,0.085,-0.180,0.125,0.135,0.055,0.040
-0.115,-0.095,0.020,0.105,-0.067,-0.037,0.085,-0.176,0.121,0.135,0.055,0.036
-0.117,-0.095,0.022,0.106,-0.069,-0.036,0.085,-0.175,0.120,0.132,0.056,0.035
-0.122,-0.095,0.027,0.108,-0.074,-0.034,0.085,-0.175,0.120,0.129,0.053,0.035
-0.125,-0.095,0.030,0.110,-0.077,-0.032,0.085,-0.175,0.120,0.130,0.050,0.035
-0.125,-0.095,0.030,0.110,-0.077,-0.032,0.085,-0.175,0.120,0.130,0.050,0.035
-0.125,-0.095,0.030,0.110,-0.077,-0.032,0.085,-0.171,0.120,0.130,0.046,0.035
-0.125,-0.095,0.030,0.110,-0.077,-0.032,0.088,-0.170,0.117,0.130,0.044,0.036
-0.125,-0.095,0.030,0.110,-0.077,-0.032,0.090,-0.170,0.114,0.130,0.046,0.033
-0.125,-0.095,0.030,0.110,-0.077,-0.032,0.091,-0.170,0.115,0.130,0.044,0.030
-0.125,-0.095,0.030,0.110,-0.077,-0.032,0.095,-0.170,0.115,0.130,0.040,0.030
-0.125,-0.095,0.030,0.110,-0.077,-0.032,0.095,-0.166,0.115,0.130,0.040,0.030
-0.125,-0.095,0.030,0.110,-0.077,-0.032,0.098,-0.164,0.112,0.130,0.041,0.030
-0.125,-0.095,0.030,0.110,-0.077,-0.032,0.101,-0.166,0.109,0.130,0.038,0.030
-0.125,-0.095,0.030,0.110,-0.077,-0.032,0.100,-0.164,0.110,0.130,0.035,0.029
-0.125,-0.095,0.030,0.110,-0.077,-0.032,0.100,-0.160,0.110,0.130,0.035,0.025
-0.125,-0.095,0.030,0.110,-0.077,-0.032,0.100,-0.160,0.110,0.130,0.035,0.025
-0.125,-0.095,0.030,0.110,-0.077,-0.032,0.100,-0.160,0.109,0.130,0.038,0.025
-0.125,-0.095,0.030,0.110,-0.077,-0.032,0.100,-0.160,0.112,0.130,0.041,0.025
-0.125,-0.095,0.030,0.110,-0.077,-0.032,0.100,-0.159,0.115,0.130,0.040,0.025
-0.125,-0.095,0.030,0.110,-0.077,-0.032,0.100,-0.155,0.115,0.130,0.040,0.025
-0.125,-0.095,0.030,0.110,-0.077,-0.032,0.100,-0.155,0.119,0.130,0.044,0.025
-0.126,-0.096,0.030,0.111,-0.077,-0.032,0.100,-0.155,0.121,0.130,0.046,0.028
-0.123,-0.093,0.030,0.108,-0.076,-0.031,0.100,-0.154,0.118,0.130,0.044,0.031
-0.120,-0.090,0.030,0.105,-0.075,-0.030,0.100,-0.157,0.115,0.130,0.046,0.030
-0.120,-0.090,0.030,0.105,-0.075,-0.030,0.100,-0.165,0.115,0.130,0.050,0.030
-0.120,-0.090,0.030,0.105,-0.075,-0.030,0.100,-0.161,0.115,0.130,0.050,0.030
-0.120,-0.091,0.030,0.105,-0.075,-0.030,0.100,-0.159,0.115,0.130,0.050,0.030
-0.120,-0.088,0.031,0.104,-0.075,-0.028,0.100,-0.160,0.115,0.130,0.050,0.030
-0.121,-0.085,0.036,0.102,-0.078,-0.024,0.100,-0.160,0.115,0.130,0.050,0.030
-0.125,-0.085,0.040,0.105,-0.082,-0.022,0.100,-0.160,0.115,0.130,0.050,0.030
-0.125,-0.085,0.040,0.105,-0.082,-0.022,0.100,-0.160,0.115,0.130,0.050,0.030
-0.125,-0.085,0.040,0.105,-0.082,-0.022,0.100,-0.157,0.115,0.130,0.050,0.030
-0.125,-0.085,0.040,0.105,-0.082,-0.022,0.100,-0.154,0.115,0.130,0.050,0.030
-0.124,-0.084,0.040,0.104,-0.082,-0.022,0.100,-0.155,0.114,0.130,0.050,0.030
-0.120,-0.080,0.040,0.100,-0.080,-0.020,0.100,-0.155,0.110,0.130,0.050,0.030
-0.119,-0.080,0.040,0.100,-0.079,-0.020,0.100,-0.155,0.110,0.130,0.050,0.030
-0.123,-0.080,0.043,0.102,-0.083,-0.018,0.100,-0.155,0.110,0.130,0.050,0.030
-0.125,-0.080,0.045,0.102,-0.085,-0.017,0.101,-0.155,0.110,0.130,0.050,0.030
-0.126,-0.081,0.046,0.103,-0.086,-0.017,0.099,-0.155,0.110,0.130,0.050,0.031
-0.130,-0.080,0.050,0.105,-0.090,-0.015,0.090,-0.155,0.110,0.130,0.050,0.035
-0.117,-0.064,0.053,0.090,-0.085,-0.005,0.082,-0.161,0.110,0.130,0.050,0.035
-0.117,-0.050,0.066,0.083,-0.091,0.008,0.073,-0.185,0.110,0.132,0.052,0.040
-0.121,-0.039,0.082,0.080,-0.101,0.022,0.068,-0.197,0.110,0.138,0.059,0.050
-0.120,-0.028,0.092,0.074,-0.106,0.032,0.055,-0.205,0.110,0.149,0.076,0.065
-0.115,-0.015,0.100,0.065,-0.107,0.042,0.025,-0.225,0.110,0.170,0.105,0.090
-0.099,0.020,0.119,0.039,-0.109,0.069,-0.004,-0.210,0.129,0.207,0.143,0.125
-0.085,0.059,0.144,0.013,-0.115,0.101,-0.028,-0.195,0.192,0.271,0.200,0.170
-0.058,0.089,0.147,-0.015,-0.103,0.118,-0.052,-0.184,0.260,0.334,0.255,0.219
-0.022,0.109,0.131,-0.044,-0.077,0.120,-0.075,-0.183,0.305,0.390,0.304,0.268
0.005,0.130,0.125,-0.068,-0.060,0.127,-0.105,-0.260,0.320,0.450,0.370,0.325
0.034,0.168,0.134,-0.101,-0.050,0.151,-0.169,-0.484,0.264,0.498,0.446,0.397
0.058,0.221,0.163,-0.140,-0.052,0.192,-0.227,-0.704,0.195,0.549,0.518,0.465
0.116,0.262,0.146,-0.190,-0.015,0.204,-0.305,-0.880,0.153,0.616,0.596,0.539
0.208,0.294,0.086,-0.251,0.060,0.190,-0.412,-1.011,0.166,0.712,0.700,0.637
0.300,0.335,0.035,-0.318,0.132,0.185,-0.525,-1.090,0.235,0.835,0.835,0.760
0.416,0.373,-0.043,-0.394,0.229,0.165,-0.654,-1.180,0.301,0.967,0.984,0.893
0.563,0.432,-0.131,-0.497,0.347,0.150,-0.804,-1.251,0.381,1.130,1.160,1.052
0.697,0.511,-0.185,-0.604,0.441,0.163,-0.968,-1.360,0.401,1.277,1.332,1.215
0.809,0.605,-0.204,-0.707,0.506,0.200,-1.119,-1.483,0.398,1.403,1.491,1.376
0.925,0.695,-0.230,-0.810,0.577,0.232,-1.220,-1.505,0.475,1.520,1.630,1.515
1.012,0.716,-0.296,-0.863,0.654,0.209,-1.262,-1.448,0.558,1.545,1.655,1.544
1.041,0.600,-0.441,-0.820,0.741,0.079,-1.227,-1.384,0.613,1.468,1.551,1.442
1.037,0.439,-0.598,-0.737,0.817,-0.079,-1.167,-1.326,0.609,1.321,1.370,1.274
1.037,0.327,-0.709,-0.681,0.873,-0.191,-1.117,-1.282,0.572,1.172,1.198,1.122
1.040,0.235,-0.805,-0.637,0.922,-0.285,-1.065,-1.225,0.540,1.050,1.060,0.995
1.012,0.089,-0.923,-0.550,0.967,-0.417,-1.015,-1.068,0.485,0.888,0.867,0.825
0.955,-0.056,-1.011,-0.450,0.983,-0.533,-0.940,-0.986,0.431,0.690,0.669,0.650
0.849,-0.182,-1.031,-0.333,0.940,-0.607,-0.833,-0.927,0.375,0.513,0.495,0.496
0.721,-0.297,-1.019,-0.212,0.870,-0.658,-0.708,-0.825,0.298,0.343,0.318,0.346
0.615,-0.395,-1.010,-0.110,0.813,-0.702,-0.580,-0.740,0.180,0.140,0.130,0.180
0.491,-0.464,-0.954,-0.013,0.723,-0.708,-0.457,-0.689,0.014,-0.038,-0.024,0.040
0.412,-0.460,-0.871,0.025,0.642,-0.665,-0.360,-0.652,-0.114,-0.158,-0.124,0.002
0.339,-0.437,-0.776,0.050,0.558,-0.607,-0.282,-0.586,-0.134,-0.171,-0.143,0.002
0.250,-0.416,-0.666,0.084,0.458,-0.541,-0.214,-0.509,-0.090,-0.118,-0.113,-0.014
0.180,-0.365,-0.545,0.093,0.363,-0.455,-0.155,-0.460,-0.065,-0.080,-0.095,-0.025
0.113,-0.316,-0.428,0.102,0.271,-0.372,-0.097,-0.407,-0.037,-0.036,-0.072,-0.034
0.044,-0.275,-0.319,0.116,0.182,-0.296,-0.059,-0.364,-0.010,0.007,-0.046,-0.030
0.009,-0.235,-0.245,0.113,0.127,-0.240,-0.030,-0.326,0.022,0.039,-0.027,-0.021
-0.006,-0.204,-0.197,0.105,0.096,-0.201,-0.005,-0.284,0.059,0.060,-0.018,-0.013
-0.035,-0.185,-0.150,0.110,0.058,-0.167,0.010,-0.240,0.095,0.080,-0.010,-0.005
-0.036,-0.165,-0.129,0.101,0.047,-0.146,0.025,-0.196,0.135,0.100,0.002,0.003
-0.037,-0.147,-0.110,0.092,0.036,-0.129,0.049,-0.155,0.169,0.116,0.011,0.011
-0.042,-0.134,-0.092,0.088,0.025,-0.112,0.065,-0.115,0.187,0.123,0.021,0.020
-0.046,-0.122,-0.076,0.084,0.015,-0.099,0.073,-0.084,0.198,0.126,0.033,0.026
-0.050,-0.110,-0.060,0.080,0.005,-0.085,0.085,-0.070,0.210,0.130,0.040,0.025
-0.046,-0.097,-0.052,0.071,0.003,-0.074,0.088,-0.058,0.215,0.130,0.044,0.025
-0.047,-0.091,-0.044,0.069,-0.001,-0.068,0.102,-0.043,0.215,0.129,0.045,0.025
-0.052,-0.088,-0.036,0.070,-0.008,-0.062,0.114,-0.028,0.215,0.132,0.045,0.025
-0.057,-0.085,-0.028,0.071,-0.014,-0.056,0.116,-0.018,0.214,0.135,0.045,0.025
-0.065,-0.085,-0.020,0.075,-0.022,-0.052,0.120,-0.015,0.215,0.135,0.045,0.025
-0.069,-0.081,-0.012,0.075,-0.029,-0.047,0.124,-0.011,0.227,0.135,0.045,0.025
-0.072,-0.076,-0.004,0.074,-0.034,-0.040,0.125,-0.007,0.234,0.138,0.045,0.025
-0.079,-0.075,0.004,0.077,-0.041,-0.035,0.125,-0.003,0.235,0.141,0.045,0.025
-0.086,-0.074,0.011,0.080,-0.048,-0.031,0.125,0.001,0.235,0.140,0.045,0.025
-0.085,-0.070,0.015,0.077,-0.050,-0.027,0.125,0.005,0.235,0.140,0.045,0.025
-0.089,-0.070,0.019,0.079,-0.054,-0.026,0.129,0.009,0.235,0.140,0.045,0.025
-0.093,-0.067,0.026,0.080,-0.059,-0.020,0.134,0.013,0.235,0.140,0.048,0.025
-0.097,-0.065,0.032,0.081,-0.064,-0.016,0.135,0.017,0.235,0.140,0.051,0.025
-0.100,-0.064,0.036,0.082,-0.068,-0.014,0.135,0.021,0.236,0.140,0.050,0.025
-0.100,-0.060,0.040,0.080,-0.070,-0.010,0.135,0.025,0.240,0.140,0.050,0.025
-0.100,-0.060,0.040,0.080,-0.070,-0.010,0.135,0.029,0.244,0.140,0.050,0.025
-0.101,-0.061,0.040,0.081,-0.070,-0.010,0.135,0.033,0.248,0.140,0.050,0.025
-0.098,-0.058,0.040,0.078,-0.069,-0.009,0.135,0.037,0.250,0.140,0.050,0.025
-0.095,-0.055,0.040,0.075,-0.067,-0.007,0.135,0.041,0.250,0.141,0.050,0.025
-0.095,-0.055,0.040,0.075,-0.067,-0.007,0.135,0.045,0.250,0.145,0.050,0.025
-0.091,-0.051,0.040,0.071,-0.065,-0.005,0.139,0.049,0.250,0.145,0.050,0.025
-0.090,-0.050,0.040,0.070,-0.065,-0.005,0.140,0.053,0.253,0.145,0.049,0.025
-0.088,-0.048,0.040,0.068,-0.064,-0.004,0.142,0.057,0.257,0.145,0.052,0.025
-0.084,-0.044,0.040,0.064,-0.062,-0.002,0.145,0.061,0.261,0.145,0.055,0.025
-0.085,-0.045,0.040,0.065,-0.062,-0.002,0.145,0.065,0.265,0.145,0.055,0.025
-0.086,-0.045,0.040,0.066,-0.062,-0.002,0.145,0.069,0.265,0.145,0.055,0.025
-0.081,-0.042,0.039,0.062,-0.060,-0.001,0.145,0.070,0.268,0.145,0.055,0.028
-0.081,-0.039,0.042,0.060,-0.062,0.001,0.145,0.070,0.270,0.145,0.055,0.031
-0.086,-0.040,0.045,0.062,-0.065,0.002,0.145,0.070,0.271,0.145,0.055,0.030
-0.085,-0.040,0.045,0.062,-0.065,0.002,0.145,0.070,0.275,0.145,0.055,0.030
-0.085,-0.036,0.049,0.060,-0.066,0.006,0.145,0.074,0.275,0.145,0.055,0.034
-0.087,-0.034,0.053,0.061,-0.070,0.009,0.148,0.078,0.278,0.145,0.055,0.036
-0.093,-0.036,0.057,0.064,-0.075,0.011,0.151,0.084,0.280,0.145,0.055,0.034
-0.095,-0.034,0.060,0.064,-0.077,0.013,0.150,0.091,0.281,0.145,0.056,0.036
-0.090,-0.030,0.060,0.060,-0.075,0.015,0.150,0.095,0.285,0.145,0.060,0.040
-0.090,-0.030,0.060,0.060,-0.075,0.015,0.150,0.099,0.285,0.145,0.060,0.040
-0.091,-0.031,0.060,0.061,-0.075,0.015,0.150,0.104,0.285,0.145,0.060,0.040
-0.088,-0.028,0.060,0.058,-0.074,0.016,0.150,0.105,0.284,0.144,0.060,0.040
-0.085,-0.025,0.060,0.055,-0.072,0.017,0.150,0.106,0.286,0.147,0.060,0.040
-0.085,-0.025,0.060,0.055,-0.072,0.017,0.150,0.110,0.295,0.160,0.060,0.040
-0.085,-0.025,0.060,0.055,-0.072,0.017,0.150,0.110,0.300,0.165,0.060,0.040
-0.082,-0.022,0.060,0.052,-0.071,0.019,0.150,0.113,0.300,0.165,0.060,0.043
-0.079,-0.019,0.060,0.049,-0.070,0.020,0.150,0.117,0.302,0.165,0.060,0.046
-0.080,-0.020,0.060,0.050,-0.070,0.020,0.150,0.122,0.305,0.165,0.060,0.045
-0.080,-0.020,0.060,0.050,-0.070,0.020,0.150,0.130,0.305,0.165,0.060,0.045
-0.076,-0.016,0.060,0.046,-0.068,0.022,0.150,0.135,0.309,0.165,0.064,0.045
-0.074,-0.014,0.060,0.044,-0.067,0.022,0.150,0.135,0.313,0.165,0.065,0.045
-0.076,-0.016,0.060,0.046,-0.067,0.022,0.150,0.137,0.317,0.165,0.065,0.045
-0.074,-0.014,0.060,0.044,-0.066,0.022,0.150,0.140,0.321,0.165,0.065,0.045
-0.070,-0.010,0.060,0.040,-0.065,0.025,0.150,0.140,0.325,0.165,0.065,0.045
-0.074,-0.010,0.064,0.041,-0.069,0.027,0.150,0.144,0.328,0.165,0.065,0.045
-0.076,-0.011,0.065,0.043,-0.071,0.027,0.150,0.148,0.339,0.164,0.064,0.045
-0.073,-0.008,0.065,0.040,-0.069,0.028,0.150,0.154,0.348,0.167,0.067,0.045
-0.070,-0.005,0.065,0.037,-0.067,0.030,0.150,0.162,0.351,0.170,0.070,0.044
-0.070,-0.005,0.065,0.037,-0.067,0.030,0.150,0.165,0.355,0.170,0.070,0.040
-0.070,-0.005,0.065,0.037,-0.067,0.030,0.150,0.168,0.354,0.174,0.074,0.039
-0.071,-0.006,0.065,0.038,-0.067,0.030,0.149,0.179,0.363,0.175,0.075,0.046
-0.068,-0.003,0.065,0.035,-0.066,0.031,0.152,0.190,0.375,0.177,0.075,0.053
-0.065,0.000,0.065,0.032,-0.065,0.032,0.155,0.196,0.381,0.180,0.074,0.055
-0.065,0.000,0.065,0.032,-0.065,0.032,0.155,0.200,0.385,0.180,0.075,0.055
-0.065,0.000,0.065,0.032,-0.065,0.032,0.159,0.208,0.397,0.184,0.088,0.068
-0.066,0.000,0.065,0.033,-0.065,0.032,0.160,0.217,0.404,0.186,0.091,0.068
-0.063,0.002,0.065,0.030,-0.064,0.033,0.160,0.222,0.407,0.184,0.090,0.064
-0.060,0.005,0.066,0.027,-0.064,0.036,0.160,0.227,0.411,0.186,0.090,0.065
-0.065,0.005,0.070,0.030,-0.068,0.037,0.160,0.235,0.415,0.190,0.090,0.065
-0.066,0.005,0.070,0.031,-0.068,0.037,0.160,0.239,0.419,0.190,0.090,0.065
-0.062,0.008,0.070,0.027,-0.066,0.039,0.159,0.244,0.421,0.189,0.090,0.066
-0.060,0.010,0.070,0.025,-0.065,0.040,0.162,0.258,0.433,0.194,0.090,0.063
-0.060,0.010,0.070,0.025,-0.065,0.040,0.165,0.272,0.447,0.202,0.091,0.060
-0.060,0.010,0.070,0.025,-0.065,0.040,0.165,0.275,0.450,0.205,0.095,0.060
-0.060,0.010,0.070,0.025,-0.065,0.040,0.169,0.282,0.457,0.209,0.095,0.060
-0.057,0.013,0.070,0.022,-0.064,0.041,0.173,0.295,0.473,0.214,0.095,0.060
-0.055,0.015,0.070,0.020,-0.063,0.042,0.177,0.301,0.483,0.214,0.094,0.059
-0.055,0.015,0.070,0.020,-0.063,0.042,0.180,0.309,0.487,0.217,0.097,0.062
-0.055,0.015,0.070,0.020,-0.063,0.042,0.180,0.330,0.500,0.230,0.110,0.075
-0.056,0.014,0.070,0.021,-0.064,0.041,0.180,0.338,0.508,0.231,0.115,0.080
-0.046,0.024,0.070,0.011,-0.058,0.047,0.180,0.348,0.516,0.229,0.115,0.080
-0.036,0.034,0.070,0.001,-0.053,0.052,0.180,0.362,0.524,0.234,0.115,0.082
-0.035,0.035,0.070,0.000,-0.053,0.052,0.180,0.371,0.533,0.241,0.115,0.085
-0.035,0.035,0.070,0.000,-0.053,0.052,0.180,0.375,0.545,0.245,0.115,0.085
-0.035,0.035,0.070,0.000,-0.053,0.052,0.184,0.395,0.557,0.253,0.123,0.089
-0.035,0.035,0.070,0.000,-0.053,0.052,0.188,0.411,0.566,0.258,0.128,0.090
-0.035,0.035,0.070,0.000,-0.053,0.052,0.194,0.419,0.575,0.262,0.132,0.092
-0.035,0.035,0.070,0.000,-0.053,0.052,0.201,0.436,0.589,0.266,0.136,0.095
-0.035,0.035,0.070,0.000,-0.053,0.052,0.205,0.460,0.605,0.270,0.140,0.095
-0.032,0.038,0.070,-0.003,-0.051,0.054,0.209,0.472,0.612,0.278,0.152,0.107
-0.021,0.049,0.070,-0.014,-0.046,0.059,0.213,0.489,0.630,0.283,0.159,0.114
-0.012,0.058,0.070,-0.023,-0.041,0.064,0.217,0.512,0.647,0.288,0.162,0.117
-0.010,0.060,0.070,-0.025,-0.040,0.065,0.221,0.527,0.659,0.297,0.166,0.121
-0.010,0.060,0.070,-0.025,-0.040,0.065,0.225,0.535,0.675,0.305,0.170,0.125
-0.006,0.064,0.070,-0.029,-0.039,0.066,0.225,0.555,0.687,0.309,0.171,0.125
-0.002,0.068,0.070,-0.033,-0.036,0.069,0.223,0.569,0.698,0.316,0.168,0.128
0.002,0.072,0.070,-0.037,-0.034,0.071,0.230,0.586,0.715,0.324,0.176,0.130
0.005,0.075,0.070,-0.040,-0.033,0.072,0.242,0.610,0.735,0.332,0.186,0.131
0.005,0.075,0.070,-0.040,-0.033,0.072,0.245,0.625,0.750,0.340,0.185,0.135
0.009,0.082,0.073,-0.046,-0.032,0.077,0.245,0.641,0.766,0.348,0.197,0.139
0.012,0.098,0.085,-0.055,-0.037,0.091,0.248,0.659,0.784,0.355,0.203,0.143
0.019,0.109,0.089,-0.064,-0.035,0.099,0.250,0.681,0.806,0.369,0.210,0.147
0.025,0.110,0.084,-0.068,-0.030,0.097,0.251,0.698,0.823,0.381,0.222,0.151
0.025,0.110,0.085,-0.068,-0.030,0.097,0.255,0.710,0.835,0.380,0.225,0.155
0.033,0.114,0.081,-0.074,-0.024,0.097,0.255,0.735,0.854,0.392,0.229,0.159
0.035,0.115,0.080,-0.075,-0.023,0.097,0.255,0.750,0.877,0.400,0.234,0.164
0.039,0.117,0.078,-0.078,-0.020,0.097,0.255,0.763,0.890,0.400,0.233,0.164
0.046,0.121,0.075,-0.084,-0.015,0.097,0.254,0.787,0.906,0.409,0.239,0.168
0.050,0.125,0.075,-0.088,-0.013,0.100,0.250,0.815,0.935,0.430,0.260,0.185
0.071,0.141,0.071,-0.106,-0.001,0.106,0.250,0.831,0.956,0.443,0.269,0.189
0.080,0.150,0.070,-0.115,0.005,0.110,0.247,0.849,0.974,0.450,0.275,0.198
0.081,0.149,0.068,-0.115,0.007,0.109,0.244,0.871,0.997,0.462,0.285,0.210
0.087,0.151,0.065,-0.120,0.011,0.108,0.245,0.888,1.021,0.479,0.299,0.216
0.095,0.160,0.065,-0.128,0.015,0.112,0.245,0.900,1.040,0.490,0.310,0.220
0.104,0.165,0.061,-0.134,0.021,0.112,0.241,0.916,1.052,0.498,0.305,0.223
0.104,0.165,0.060,-0.134,0.022,0.112,0.239,0.927,1.069,0.503,0.316,0.234
0.109,0.167,0.058,-0.138,0.025,0.112,0.241,0.934,1.091,0.508,0.329,0.244
0.115,0.170,0.055,-0.143,0.030,0.112,0.239,0.950,1.109,0.518,0.331,0.245
0.115,0.170,0.055,-0.143,0.030,0.112,0.235,0.970,1.125,0.530,0.340,0.245
0.127,0.174,0.047,-0.151,0.039,0.110,0.235,0.978,1.144,0.538,0.353,0.253
0.137,0.178,0.041,-0.157,0.047,0.110,0.236,0.990,1.167,0.546,0.359,0.258
0.144,0.182,0.038,-0.163,0.053,0.110,0.233,0.995,1.180,0.554,0.362,0.264
0.151,0.185,0.034,-0.169,0.058,0.110,0.229,0.989,1.188,0.562,0.366,0.271
0.155,0.185,0.030,-0.170,0.062,0.107,0.230,0.990,1.200,0.565,0.370,0.275
0.159,0.185,0.026,-0.172,0.066,0.105,0.231,0.990,1.205,0.565,0.374,0.279
0.163,0.185,0.023,-0.174,0.070,0.104,0.225,0.990,1.207,0.568,0.378,0.283
0.167,0.184,0.016,-0.175,0.075,0.099,0.216,0.990,1.215,0.570,0.382,0.287
0.170,0.179,0.009,-0.175,0.081,0.094,0.208,0.991,1.219,0.572,0.386,0.291
0.170,0.175,0.005,-0.173,0.082,0.090,0.200,0.990,1.210,0.580,0.390,0.295
0.174,0.175,0.001,-0.175,0.086,0.088,0.192,0.974,1.206,0.577,0.389,0.291
0.178,0.172,-0.006,-0.175,0.092,0.083,0.184,0.962,1.202,0.571,0.400,0.289
0.182,0.170,-0.013,-0.176,0.098,0.078,0.176,0.944,1.198,0.570,0.405,0.291
0.185,0.170,-0.016,-0.177,0.100,0.076,0.168,0.920,1.194,0.569,0.399,0.289
0.185,0.165,-0.020,-0.175,0.102,0.072,0.160,0.900,1.190,0.565,0.400,0.285
0.189,0.160,-0.029,-0.175,0.109,0.066,0.152,0.876,1.187,0.560,0.396,0.285
0.188,0.160,-0.028,-0.174,0.108,0.066,0.144,0.856,1.171,0.561,0.395,0.286
0.183,0.158,-0.025,-0.170,0.103,0.066,0.136,0.830,1.150,0.555,0.393,0.283
0.179,0.155,-0.024,-0.167,0.101,0.065,0.128,0.798,1.129,0.543,0.390,0.280
0.175,0.155,-0.020,-0.165,0.097,0.067,0.120,0.770,1.100,0.535,0.390,0.280
0.167,0.147,-0.020,-0.157,0.093,0.063,0.112,0.734,1.072,0.523,0.379,0.280
0.158,0.141,-0.017,-0.150,0.088,0.062,0.104,0.698,1.041,0.514,0.365,0.281
0.153,0.139,-0.014,-0.145,0.083,0.062,0.098,0.662,1.010,0.504,0.356,0.275
0.149,0.133,-0.015,-0.140,0.081,0.059,0.094,0.626,0.976,0.493,0.347,0.262
0.140,0.125,-0.015,-0.132,0.077,0.055,0.090,0.590,0.935,0.485,0.335,0.255
0.131,0.121,-0.011,-0.126,0.071,0.055,0.086,0.546,0.895,0.461,0.323,0.247
0.128,0.118,-0.010,-0.123,0.069,0.054,0.082,0.501,0.852,0.439,0.314,0.239
0.118,0.110,-0.008,-0.113,0.062,0.050,0.078,0.461,0.809,0.422,0.305,0.231
0.102,0.097,-0.005,-0.099,0.054,0.046,0.074,0.427,0.771,0.406,0.292,0.223
0.095,0.090,-0.005,-0.092,0.050,0.042,0.070,0.395,0.735,0.390,0.280,0.215
0.083,0.083,-0.001,-0.083,0.042,0.041,0.070,0.359,0.699,0.374,0.272,0.203
0.070,0.071,0.001,-0.071,0.035,0.035,0.070,0.323,0.663,0.361,0.262,0.194
0.061,0.061,0.000,-0.061,0.030,0.029,0.070,0.287,0.629,0.348,0.248,0.186
0.052,0.053,0.001,-0.053,0.025,0.026,0.070,0.251,0.597,0.331,0.238,0.178
0.040,0.045,0.005,-0.043,0.017,0.025,0.070,0.220,0.565,0.315,0.230,0.170
0.032,0.041,0.009,-0.036,0.011,0.025,0.066,0.192,0.533,0.299,0.218,0.162
0.024,0.037,0.014,-0.031,0.005,0.025,0.065,0.163,0.501,0.286,0.208,0.154
0.018,0.033,0.015,-0.026,0.001,0.024,0.065,0.139,0.470,0.274,0.202,0.146
0.014,0.029,0.016,-0.022,-0.001,0.022,0.065,0.120,0.444,0.262,0.192,0.138
0.005,0.025,0.020,-0.015,-0.008,0.022,0.065,0.100,0.420,0.250,0.180,0.130
-0.004,0.020,0.024,-0.009,-0.014,0.022,0.065,0.080,0.400,0.238,0.172,0.126
-0.004,0.021,0.025,-0.009,-0.015,0.022,0.066,0.060,0.380,0.229,0.164,0.120
-0.010,0.017,0.026,-0.004,-0.018,0.021,0.063,0.042,0.360,0.222,0.156,0.110
-0.023,0.008,0.031,0.007,-0.027,0.020,0.060,0.026,0.341,0.212,0.148,0.104
-0.030,0.005,0.035,0.012,-0.033,0.020,0.060,0.010,0.325,0.200,0.140,0.100
-0.034,0.001,0.035,0.016,-0.034,0.017,0.060,-0.006,0.309,0.192,0.136,0.092
-0.041,-0.003,0.038,0.022,-0.039,0.017,0.060,-0.019,0.293,0.184,0.130,0.087
-0.048,-0.007,0.041,0.027,-0.044,0.017,0.060,-0.031,0.277,0.176,0.120,0.081
-0.051,-0.011,0.040,0.031,-0.045,0.014,0.059,-0.042,0.262,0.169,0.114,0.074
-0.055,-0.015,0.040,0.035,-0.047,0.012,0.055,-0.050,0.250,0.165,0.110,0.070
-0.059,-0.019,0.040,0.039,-0.050,0.010,0.055,-0.058,0.238,0.161,0.106,0.062
-0.060,-0.020,0.039,0.040,-0.050,0.010,0.055,-0.067,0.229,0.154,0.105,0.057
-0.061,-0.019,0.042,0.040,-0.052,0.011,0.055,-0.072,0.220,0.147,0.103,0.053
-0.066,-0.021,0.045,0.043,-0.056,0.012,0.055,-0.078,0.207,0.144,0.099,0.050
-0.070,-0.025,0.045,0.047,-0.057,0.010,0.055,-0.090,0.195,0.140,0.100,0.050
-0.070,-0.025,0.045,0.047,-0.057,0.010,0.055,-0.094,0.187,0.136,0.101,0.050
-0.070,-0.025,0.045,0.047,-0.057,0.010,0.058,-0.098,0.181,0.135,0.097,0.047
-0.070,-0.025,0.045,0.047,-0.057,0.010,0.061,-0.100,0.180,0.133,0.095,0.044
-0.069,-0.025,0.044,0.047,-0.056,0.010,0.060,-0.101,0.179,0.130,0.094,0.045
-0.065,-0.025,0.040,0.045,-0.052,0.007,0.060,-0.105,0.175,0.130,0.090,0.045
-0.065,-0.025,0.040,0.045,-0.052,0.007,0.060,-0.105,0.175,0.126,0.090,0.041
-0.065,-0.025,0.040,0.045,-0.052,0.007,0.060,-0.108,0.172,0.125,0.091,0.039
-0.065,-0.025,0.040,0.045,-0.052,0.007,0.060,-0.110,0.170,0.123,0.088,0.041
-0.065,-0.025,0.040,0.045,-0.052,0.007,0.060,-0.111,0.169,0.120,0.085,0.039
-0.065,-0.025,0.040,0.045,-0.052,0.007,0.060,-0.115,0.165,0.120,0.085,0.035
-0.069,-0.029,0.040,0.049,-0.055,0.005,0.060,-0.116,0.165,0.116,0.081,0.035
-0.070,-0.030,0.040,0.050,-0.055,0.005,0.060,-0.112,0.162,0.115,0.079,0.036
-0.072,-0.032,0.040,0.052,-0.056,0.004,0.060,-0.110,0.160,0.113,0.081,0.033
-0.075,-0.035,0.040,0.055,-0.057,0.002,0.060,-0.110,0.159,0.110,0.079,0.030
-0.075,-0.035,0.040,0.055,-0.057,0.002,0.060,-0.110,0.155,0.110,0.075,0.030
-0.079,-0.039,0.040,0.059,-0.059,0.000,0.060,-0.110,0.155,0.106,0.075,0.030
-0.080,-0.040,0.041,0.060,-0.061,0.000,0.060,-0.110,0.152,0.105,0.076,0.027
-0.080,-0.042,0.038,0.061,-0.059,-0.002,0.060,-0.110,0.150,0.103,0.073,0.024
-0.080,-0.045,0.035,0.062,-0.057,-0.005,0.060,-0.110,0.149,0.100,0.070,0.025
-0.080,-0.045,0.035,0.062,-0.057,-0.005,0.060,-0.110,0.145,0.100,0.070,0.025
-0.080,-0.045,0.035,0.062,-0.057,-0.005,0.060,-0.106,0.145,0.100,0.070,0.021
-0.080,-0.045,0.035,0.062,-0.057,-0.005,0.060,-0.105,0.145,0.101,0.067,0.019
-0.080,-0.045,0.035,0.062,-0.057,-0.005,0.060,-0.105,0.145,0.098,0.065,0.021
-0.081,-0.046,0.035,0.063,-0.057,-0.005,0.060,-0.105,0.145,0.095,0.065,0.019
-0.085,-0.050,0.035,0.067,-0.060,-0.007,0.060,-0.105,0.145,0.095,0.065,0.015
-0.085,-0.050,0.035,0.067,-0.060,-0.007,0.060,-0.105,0.145,0.095,0.065,0.015
-0.085,-0.050,0.035,0.067,-0.060,-0.007,0.060,-0.105,0.146,0.096,0.062,0.015
-0.085,-0.050,0.035,0.067,-0.060,-0.007,0.060,-0.105,0.143,0.093,0.059,0.015
-0.085,-0.050,0.035,0.067,-0.060,-0.007,0.060,-0.104,0.140,0.090,0.060,0.014
-0.085,-0.050,0.035,0.067,-0.060,-0.007,0.060,-0.100,0.140,0.090,0.060,0.010
-0.081,-0.046,0.035,0.063,-0.058,-0.005,0.060,-0.100,0.140,0.090,0.060,0.010
-0.076,-0.045,0.032,0.060,-0.054,-0.006,0.060,-0.100,0.140,0.090,0.057,0.010
-0.075,-0.045,0.029,0.060,-0.052,-0.007,0.060,-0.100,0.140,0.090,0.054,0.010
-0.075,-0.045,0.030,0.060,-0.052,-0.007,0.060,-0.100,0.140,0.089,0.055,0.009
-0.075,-0.045,0.030,0.060,-0.052,-0.007,0.060,-0.100,0.140,0.085,0.055,0.005
-0.075,-0.045,0.030,0.060,-0.052,-0.007,0.060,-0.100,0.140,0.085,0.051,0.005
-0.075,-0.045,0.030,0.060,-0.052,-0.007,0.063,-0.100,0.137,0.085,0.050,0.006
-0.075,-0.045,0.030,0.060,-0.052,-0.007,0.067,-0.100,0.134,0.085,0.050,0.003
-0.075,-0.045,0.030,0.060,-0.052,-0.007,0.070,-0.101,0.135,0.084,0.050,0.000
-0.075,-0.045,0.030,0.060,-0.052,-0.007,0.070,-0.105,0.135,0.080,0.050,0.000
-0.075,-0.045,0.030,0.060,-0.052,-0.007,0.070,-0.105,0.135,0.080,0.046,0.000
-0.075,-0.045,0.030,0.060,-0.052,-0.007,0.070,-0.105,0.135,0.080,0.045,0.001
-0.075,-0.045,0.030,0.060,-0.052,-0.007,0.070,-0.105,0.135,0.080,0.045,-0.002
-0.075,-0.045,0.030,0.060,-0.052,-0.007,0.070,-0.105,0.135,0.080,0.045,-0.005
-0.075,-0.045,0.030,0.060,-0.052,-0.007,0.070,-0.105,0.135,0.080,0.045,-0.005
-0.075,-0.045,0.030,0.060,-0.052,-0.007,0.070,-0.105,0.135,0.084,0.049,-0.005
-0.075,-0.045,0.030,0.060,-0.052,-0.007,0.070,-0.105,0.132,0.085,0.050,-0.006
-0.075,-0.045,0.030,0.060,-0.052,-0.007,0.070,-0.105,0.129,0.085,0.050,-0.003
-0.075,-0.045,0.030,0.060,-0.052,-0.007,0.070,-0.105,0.130,0.085,0.050,0.000
-0.075,-0.045,0.030,0.060,-0.052,-0.007,0.070,-0.105,0.130,0.085,0.050,0.000
-0.075,-0.045,0.030,0.060,-0.052,-0.007,0.070,-0.105,0.130,0.085,0.050,0.000
-0.075,-0.045,0.030,0.060,-0.052,-0.007,0.070,-0.105,0.130,0.085,0.050,0.000
-0.075,-0.045,0.030,0.060,-0.052,-0.007,0.070,-0.105,0.130,0.085,0.050,0.000
-0.076,-0.045,0.031,0.060,-0.053,-0.007,0.070,-0.105,0.130,0.085,0.050,0.000
-0.080,-0.045,0.035,0.062,-0.057,-0.005,0.070,-0.105,0.130,0.085,0.050,0.000
-0.080,-0.045,0.036,0.062,-0.058,-0.005,0.070,-0.105,0.126,0.085,0.050,0.000
-0.079,-0.046,0.033,0.062,-0.055,-0.006,0.070,-0.105,0.125,0.084,0.049,0.003
-0.084,-0.043,0.041,0.063,-0.062,-0.001,0.070,-0.105,0.125,0.087,0.052,0.006
-0.091,-0.040,0.051,0.065,-0.071,0.006,0.070,-0.105,0.125,0.090,0.055,0.005
-0.090,-0.040,0.050,0.065,-0.070,0.005,0.070,-0.105,0.125,0.090,0.055,0.005
-0.090,-0.040,0.050,0.065,-0.070,0.005,0.070,-0.105,0.125,0.090,0.055,0.005
-0.090,-0.040,0.050,0.065,-0.070,0.005,0.070,-0.105,0.125,0.090,0.055,0.005
-0.090,-0.040,0.050,0.065,-0.070,0.005,0.070,-0.105,0.125,0.090,0.055,0.005
-0.090,-0.040,0.050,0.065,-0.070,0.005,0.070,-0.105,0.124,0.090,0.056,0.005
-0.090,-0.040,0.050,0.065,-0.070,0.005,0.070,-0.105,0.120,0.090,0.060,0.005
-0.090,-0.040,0.050,0.065,-0.070,0.005,0.070,-0.105,0.120,0.090,0.060,0.009
-0.090,-0.040,0.050,0.065,-0.070,0.005,0.073,-0.108,0.120,0.090,0.060,0.010
-0.090,-0.040,0.050,0.065,-0.070,0.005,0.076,-0.111,0.120,0.092,0.060,0.010
-0.090,-0.040,0.050,0.065,-0.070,0.005,0.075,-0.110,0.120,0.096,0.060,0.010
-0.090,-0.040,0.050,0.065,-0.070,0.005,0.075,-0.110,0.120,0.095,0.060,0.010
-0.090,-0.040,0.050,0.065,-0.070,0.005,0.075,-0.110,0.120,0.091,0.056,0.010
-0.087,-0.037,0.050,0.062,-0.068,0.006,0.075,-0.110,0.120,0.089,0.055,0.010
-0.084,-0.034,0.050,0.059,-0.067,0.007,0.075,-0.110,0.120,0.091,0.055,0.010
-0.085,-0.035,0.050,0.060,-0.067,0.007,0.075,-0.111,0.119,0.089,0.055,0.010
-0.085,-0.035,0.050,0.060,-0.067,0.007,0.075,-0.115,0.115,0.085,0.055,0.010
-0.085,-0.035,0.050,0.060,-0.067,0.007,0.075,-0.115,0.115,0.085,0.055,0.006
-0.085,-0.035,0.050,0.060,-0.067,0.007,0.075,-0.115,0.116,0.085,0.055,0.005
-0.085,-0.035,0.050,0.060,-0.067,0.007,0.075,-0.115,0.113,0.085,0.055,0.005
-0.085,-0.035,0.050,0.060,-0.067,0.007,0.075,-0.115,0.110,0.084,0.055,0.005
-0.085,-0.035,0.050,0.060,-0.067,0.007,0.075,-0.115,0.110,0.080,0.055,0.005
-0.085,-0.035,0.050,0.060,-0.067,0.007,0.079,-0.115,0.110,0.080,0.055,0.001
-0.085,-0.035,0.050,0.060,-0.067,0.007,0.080,-0.118,0.111,0.080,0.055,0.000
-0.085,-0.035,0.050,0.060,-0.067,0.007,0.080,-0.121,0.108,0.080,0.055,0.000
-0.085,-0.035,0.050,0.060,-0.067,0.007,0.080,-0.120,0.105,0.079,0.054,0.000
-0.085,-0.035,0.050,0.060,-0.067,0.007,0.080,-0.120,0.105,0.075,0.050,0.000
-0.089,-0.039,0.050,0.064,-0.069,0.005,0.080,-0.124,0.105,0.075,0.050,-0.004
-0.094,-0.040,0.053,0.067,-0.073,0.006,0.080,-0.126,0.105,0.076,0.050,-0.005
-0.095,-0.040,0.056,0.067,-0.075,0.007,0.080,-0.124,0.103,0.073,0.050,-0.005
-0.095,-0.040,0.055,0.067,-0.075,0.007,0.080,-0.126,0.100,0.070,0.050,-0.005
-0.095,-0.040,0.055,0.067,-0.075,0.007,0.080,-0.130,0.100,0.070,0.050,-0.005
-0.095,-0.040,0.055,0.067,-0.075,0.007,0.080,-0.130,0.100,0.070,0.050,-0.005
-0.098,-0.043,0.055,0.070,-0.076,0.006,0.080,-0.130,0.097,0.071,0.050,-0.008
-0.101,-0.046,0.055,0.073,-0.077,0.005,0.080,-0.130,0.095,0.068,0.050,-0.011
-0.100,-0.045,0.055,0.072,-0.077,0.005,0.079,-0.131,0.095,0.065,0.050,-0.010
-0.100,-0.045,0.055,0.072,-0.077,0.005,0.075,-0.135,0.095,0.065,0.050,-0.010
-0.100,-0.045,0.055,0.072,-0.077,0.005,0.075,-0.135,0.095,0.065,0.050,-0.010
-0.099,-0.044,0.055,0.071,-0.077,0.005,0.075,-0.135,0.092,0.066,0.051,-0.013
-0.102,-0.047,0.055,0.074,-0.078,0.004,0.075,-0.135,0.089,0.063,0.048,-0.016
-0.105,-0.050,0.055,0.077,-0.080,0.002,0.075,-0.136,0.090,0.060,0.045,-0.015
-0.105,-0.050,0.055,0.077,-0.080,0.002,0.075,-0.140,0.090,0.060,0.045,-0.015
-0.105,-0.050,0.055,0.077,-0.080,0.002,0.075,-0.144,0.090,0.060,0.045,-0.015
-0.105,-0.050,0.055,0.077,-0.080,0.002,0.075,-0.148,0.087,0.060,0.045,-0.014
-0.105,-0.050,0.055,0.077,-0.080,0.002,0.075,-0.150,0.085,0.060,0.045,-0.017
-0.105,-0.050,0.055,0.077,-0.080,0.002,0.075,-0.150,0.084,0.060,0.045,-0.020
-0.105,-0.050,0.055,0.077,-0.080,0.002,0.075,-0.150,0.080,0.060,0.045,-0.020
-0.105,-0.050,0.055,0.077,-0.080,0.002,0.075,-0.150,0.080,0.060,0.045,-0.020
-0.105,-0.050,0.055,0.077,-0.080,0.002,0.075,-0.150,0.081,0.057,0.045,-0.020
-0.105,-0.050,0.055,0.077,-0.080,0.002,0.075,-0.150,0.078,0.054,0.045,-0.020
-0.105,-0.050,0.055,0.077,-0.080,0.002,0.075,-0.150,0.075,0.055,0.045,-0.020
-0.105,-0.050,0.055,0.077,-0.080,0.002,0.075,-0.150,0.075,0.055,0.045,-0.020
-0.105,-0.050,0.055,0.077,-0.080,0.002,0.075,-0.150,0.075,0.055,0.045,-0.020
-0.105,-0.050,0.055,0.077,-0.080,0.002,0.075,-0.150,0.072,0.055,0.042,-0.020
-0.105,-0.050,0.055,0.077,-0.080,0.002,0.075,-0.150,0.069,0.055,0.039,-0.020
-0.105,-0.050,0.055,0.077,-0.080,0.002,0.075,-0.149,0.070,0.055,0.040,-0.020
-0.105,-0.050,0.055,0.077,-0.080,0.002,0.075,-0.145,0.070,0.055,0.040,-0.020
-0.105,-0.050,0.055,0.077,-0.080,0.002,0.075,-0.145,0.066,0.051,0.040,-0.020
-0.105,-0.050,0.055,0.077,-0.080,0.002,0.075,-0.145,0.065,0.050,0.040,-0.020
-0.105,-0.050,0.055,0.077,-0.080,0.002,0.075,-0.145,0.063,0.050,0.040,-0.020
-0.105,-0.050,0.055,0.077,-0.080,0.002,0.075,-0.145,0.059,0.050,0.040,-0.020
-0.105,-0.050,0.055,0.077,-0.080,0.002,0.075,-0.145,0.060,0.050,0.040,-0.020
-0.105,-0.050,0.055,0.077,-0.080,0.002,0.075,-0.145,0.060,0.050,0.040,-0.020
-0.105,-0.050,0.055,0.077,-0.080,0.002,0.072,-0.148,0.057,0.050,0.040,-0.020
-0.105,-0.050,0.055,0.077,-0.080,0.002,0.069,-0.152,0.054,0.050,0.040,-0.020
-0.105,-0.050,0.055,0.077,-0.080,0.002,0.070,-0.156,0.055,0.050,0.040,-0.020
-0.105,-0.050,0.055,0.077,-0.080,0.002,0.070,-0.160,0.055,0.050,0.040,-0.020
-0.109,-0.054,0.055,0.081,-0.082,0.000,0.070,-0.165,0.051,0.046,0.036,-0.024
-0.110,-0.055,0.055,0.082,-0.082,0.000,0.070,-0.162,0.049,0.045,0.035,-0.025
-0.110,-0.055,0.055,0.082,-0.082,0.000,0.070,-0.159,0.051,0.045,0.035,-0.025
-0.110,-0.055,0.055,0.082,-0.082,0.000,0.070,-0.160,0.049,0.045,0.035,-0.025
-0.110,-0.055,0.055,0.082,-0.082,0.000,0.070,-0.160,0.045,0.045,0.035,-0.025
-0.111,-0.055,0.055,0.082,-0.083,0.000,0.070,-0.160,0.045,0.045,0.035,-0.025
-0.106,-0.054,0.052,0.080,-0.079,-0.001,0.070,-0.160,0.045,0.045,0.035,-0.025
-0.106,-0.057,0.049,0.082,-0.078,-0.003,0.070,-0.160,0.045,0.045,0.035,-0.025
-0.111,-0.060,0.050,0.085,-0.080,-0.005,0.070,-0.160,0.045,0.045,0.034,-0.026
-0.110,-0.060,0.050,0.085,-0.080,-0.005,0.070,-0.160,0.045,0.045,0.030,-0.030
-0.110,-0.060,0.050,0.085,-0.080,-0.005,0.070,-0.160,0.045,0.045,0.030,-0.030
-0.110,-0.060,0.050,0.085,-0.080,-0.005,0.070,-0.160,0.045,0.045,0.030,-0.030
-0.110,-0.060,0.050,0.085,-0.080,-0.005,0.070,-0.160,0.045,0.045,0.030,-0.030
-0.110,-0.060,0.050,0.085,-0.080,-0.005,0.070,-0.160,0.045,0.045,0.030,-0.030
-0.110,-0.060,0.050,0.085,-0.080,-0.005,0.070,-0.160,0.045,0.045,0.030,-0.030
-0.106,-0.060,0.046,0.082,-0.076,-0.007,0.070,-0.160,0.045,0.045,0.030,-0.030
-0.105,-0.060,0.045,0.082,-0.075,-0.007,0.070,-0.160,0.046,0.045,0.031,-0.030
-0.105,-0.060,0.045,0.082,-0.075,-0.007,0.070,-0.160,0.043,0.045,0.028,-0.030
-0.105,-0.060,0.045,0.082,-0.075,-0.007,0.070,-0.160,0.040,0.045,0.025,-0.030
-0.105,-0.060,0.045,0.082,-0.075,-0.007,0.070,-0.160,0.040,0.045,0.025,-0.030
-0.105,-0.060,0.045,0.082,-0.075,-0.007,0.070,-0.160,0.040,0.045,0.025,-0.030
-0.105,-0.060,0.045,0.082,-0.075,-0.007,0.070,-0.160,0.040,0.045,0.025,-0.030
-0.105,-0.060,0.045,0.082,-0.075,-0.007,0.070,-0.160,0.040,0.045,0.025,-0.030
-0.104,-0.060,0.044,0.082,-0.074,-0.007,0.070,-0.160,0.040,0.045,0.025,-0.030
-0.100,-0.060,0.040,0.080,-0.070,-0.010,0.070,-0.160,0.040,0.045,0.025,-0.030
-0.100,-0.060,0.040,0.080,-0.070,-0.010,0.070,-0.160,0.040,0.045,0.025,-0.030
-0.100,-0.060,0.040,0.080,-0.070,-0.010,0.070,-0.160,0.040,0.046,0.026,-0.030
-0.100,-0.060,0.040,0.080,-0.070,-0.010,0.070,-0.160,0.040,0.043,0.023,-0.030
-0.100,-0.060,0.040,0.080,-0.070,-0.010,0.070,-0.160,0.040,0.040,0.020,-0.030
-0.100,-0.060,0.040,0.080,-0.070,-0.010,0.070,-0.160,0.040,0.040,0.020,-0.030
-0.100,-0.060,0.040,0.080,-0.070,-0.010,0.070,-0.160,0.040,0.040,0.020,-0.030
-0.100,-0.060,0.040,0.080,-0.070,-0.010,0.070,-0.160,0.043,0.040,0.020,-0.030
-0.100,-0.060,0.040,0.080,-0.070,-0.010,0.070,-0.160,0.046,0.040,0.020,-0.030
-0.100,-0.060,0.040,0.080,-0.070,-0.010,0.070,-0.160,0.045,0.040,0.020,-0.030
-0.100,-0.060,0.040,0.080,-0.070,-0.010,0.070,-0.160,0.045,0.040,0.020,-0.030
-0.100,-0.060,0.040,0.080,-0.070,-0.010,0.070,-0.160,0.045,0.040,0.020,-0.030
-0.100,-0.060,0.040,0.080,-0.070,-0.010,0.070,-0.160,0.045,0.040,0.020,-0.030
-0.100,-0.060,0.040,0.080,-0.070,-0.010,0.070,-0.160,0.045,0.040,0.020,-0.030
-0.100,-0.060,0.040,0.080,-0.070,-0.010,0.070,-0.160,0.045,0.040,0.020,-0.030
-0.100,-0.060,0.040,0.080,-0.070,-0.010,0.070,-0.160,0.045,0.040,0.020,-0.030
-0.100,-0.060,0.040,0.080,-0.070,-0.010,0.070,-0.160,0.045,0.040,0.020,-0.030
-0.100,-0.060,0.040,0.080,-0.070,-0.010,0.070,-0.160,0.045,0.040,0.017,-0.030
-0.100,-0.060,0.040,0.080,-0.070,-0.010,0.070,-0.160,0.045,0.040,0.014,-0.030
-0.100,-0.060,0.040,0.080,-0.070,-0.010,0.070,-0.160,0.045,0.040,0.015,-0.030
-0.100,-0.060,0.040,0.080,-0.070,-0.010,0.070,-0.160,0.045,0.040,0.015,-0.030
-0.100,-0.060,0.040,0.080,-0.070,-0.010,0.070,-0.160,0.045,0.040,0.015,-0.034
-0.100,-0.060,0.040,0.080,-0.070,-0.010,0.070,-0.160,0.045,0.040,0.015,-0.035
-0.099,-0.060,0.039,0.079,-0.069,-0.011,0.070,-0.160,0.045,0.040,0.015,-0.035
-0.103,-0.060,0.043,0.081,-0.073,-0.009,0.070,-0.160,0.045,0.040,0.015,-0.035
-0.115,-0.060,0.055,0.087,-0.085,-0.002,0.070,-0.160,0.045,0.040,0.015,-0.035
-0.111,-0.060,0.051,0.086,-0.081,-0.004,0.070,-0.160,0.045,0.040,0.015,-0.035
-0.109,-0.060,0.049,0.085,-0.079,-0.005,0.067,-0.160,0.045,0.040,0.015,-0.035
-0.110,-0.060,0.050,0.085,-0.080,-0.005,0.064,-0.160,0.045,0.040,0.015,-0.035
-0.110,-0.060,0.050,0.085,-0.080,-0.005,0.065,-0.160,0.045,0.040,0.015,-0.035
-0.110,-0.060,0.050,0.085,-0.080,-0.005,0.065,-0.160,0.045,0.040,0.015,-0.035
-0.110,-0.060,0.050,0.085,-0.080,-0.005,0.065,-0.160,0.045,0.036,0.019,-0.035
-0.110,-0.060,0.050,0.085,-0.080,-0.005,0.065,-0.157,0.045,0.035,0.024,-0.035
-0.110,-0.060,0.050,0.085,-0.080,-0.005,0.065,-0.154,0.045,0.035,0.025,-0.035
-0.109,-0.060,0.049,0.085,-0.079,-0.005,0.065,-0.155,0.044,0.035,0.025,-0.035
-0.105,-0.060,0.045,0.082,-0.075,-0.007,0.065,-0.155,0.040,0.035,0.025,-0.035
-0.105,-0.060,0.045,0.082,-0.075,-0.007,0.065,-0.155,0.040,0.035,0.025,-0.035
-0.105,-0.060,0.045,0.082,-0.075,-0.007,0.065,-0.155,0.040,0.035,0.025,-0.035
-0.105,-0.060,0.045,0.082,-0.075,-0.007,0.065,-0.155,0.040,0.035,0.025,-0.035
-0.105,-0.060,0.045,0.082,-0.075,-0.007,0.065,-0.155,0.040,0.035,0.025,-0.035
-0.105,-0.060,0.045,0.082,-0.075,-0.007,0.065,-0.155,0.040,0.035,0.025,-0.035
-0.105,-0.060,0.045,0.082,-0.075,-0.007,0.065,-0.151,0.036,0.035,0.025,-0.035
-0.106,-0.060,0.046,0.082,-0.076,-0.007,0.065,-0.150,0.035,0.035,0.025,-0.035
-0.103,-0.060,0.043,0.081,-0.073,-0.008,0.065,-0.150,0.035,0.035,0.025,-0.035
-0.100,-0.060,0.040,0.080,-0.070,-0.010,0.065,-0.150,0.035,0.035,0.025,-0.035
-0.100,-0.060,0.040,0.080,-0.070,-0.010,0.065,-0.150,0.035,0.035,0.025,-0.035
-0.100,-0.060,0.040,0.080,-0.070,-0.010,0.065,-0.150,0.035,0.035,0.025,-0.035
-0.100,-0.060,0.040,0.080,-0.070,-0.010,0.065,-0.150,0.036,0.035,0.025,-0.036
-0.100,-0.060,0.040,0.080,-0.070,-0.010,0.065,-0.150,0.033,0.035,0.025,-0.033
-0.100,-0.060,0.040,0.080,-0.070,-0.010,0.065,-0.149,0.030,0.035,0.025,-0.030
-0.100,-0.060,0.040,0.080,-0.070,-0.010,0.065,-0.145,0.030,0.035,0.025,-0.030
-0.100,-0.060,0.040,0.080,-0.070,-0.010,0.065,-0.145,0.030,0.035,0.025,-0.030
-0.100,-0.060,0.040,0.080,-0.070,-0.010,0.065,-0.145,0.030,0.035,0.025,-0.030
-0.100,-0.060,0.040,0.080,-0.070,-0.010,0.065,-0.145,0.030,0.035,0.025,-0.030
-0.100,-0.060,0.040,0.080,-0.070,-0.010,0.065,-0.145,0.029,0.035,0.025,-0.030
-0.100,-0.060,0.040,0.080,-0.070,-0.010,0.065,-0.145,0.025,0.035,0.025,-0.030
-0.100,-0.060,0.040,0.080,-0.070,-0.010,0.065,-0.145,0.025,0.035,0.025,-0.030
-0.100,-0.060,0.040,0.080,-0.070,-0.010,0.065,-0.145,0.025,0.034,0.025,-0.030
-0.100,-0.060,0.040,0.080,-0.070,-0.010,0.065,-0.145,0.025,0.037,0.025,-0.030
-0.100,-0.060,0.040,0.080,-0.070,-0.010,0.065,-0.144,0.025,0.040,0.025,-0.030
-0.100,-0.060,0.040,0.080,-0.070,-0.010,0.065,-0.140,0.025,0.040,0.025,-0.030
-0.100,-0.060,0.040,0.080,-0.070,-0.010,0.065,-0.140,0.025,0.040,0.025,-0.030
-0.100,-0.060,0.040,0.080,-0.070,-0.010,0.065,-0.141,0.028,0.040,0.025,-0.030
-0.100,-0.060,0.040,0.080,-0.070,-0.010,0.065,-0.138,0.031,0.040,0.025,-0.030
-0.100,-0.060,0.040,0.080,-0.070,-0.010,0.065,-0.135,0.030,0.040,0.025,-0.030
-0.100,-0.060,0.040,0.080,-0.070,-0.010,0.065,-0.135,0.030,0.040,0.025,-0.030
-0.096,-0.056,0.040,0.076,-0.067,-0.008,0.065,-0.135,0.030,0.040,0.025,-0.030
-0.094,-0.054,0.040,0.074,-0.067,-0.007,0.065,-0.136,0.030,0.040,0.025,-0.030
-0.095,-0.056,0.040,0.075,-0.067,-0.007,0.065,-0.133,0.030,0.040,0.025,-0.030
-0.094,-0.054,0.040,0.074,-0.067,-0.007,0.065,-0.130,0.030,0.040,0.025,-0.030
-0.090,-0.050,0.040,0.070,-0.065,-0.005,0.065,-0.130,0.030,0.040,0.025,-0.030
-0.085,-0.050,0.036,0.067,-0.061,-0.007,0.065,-0.130,0.034,0.040,0.025,-0.030
-0.085,-0.051,0.035,0.067,-0.060,-0.007,0.065,-0.130,0.035,0.040,0.025,-0.030
-0.083,-0.048,0.035,0.065,-0.059,-0.006,0.065,-0.128,0.035,0.040,0.025,-0.030
-0.088,-0.045,0.044,0.067,-0.066,0.000,0.065,-0.125,0.035,0.040,0.025,-0.030
-0.105,-0.045,0.060,0.075,-0.082,0.007,0.065,-0.125,0.035,0.040,0.025,-0.030
-0.102,-0.045,0.057,0.073,-0.079,0.006,0.065,-0.125,0.035,0.040,0.025,-0.026
-0.099,-0.046,0.054,0.072,-0.076,0.004,0.068,-0.122,0.035,0.040,0.025,-0.025
-0.099,-0.042,0.058,0.070,-0.078,0.008,0.070,-0.120,0.035,0.040,0.027,-0.023
-0.102,-0.033,0.069,0.067,-0.085,0.018,0.071,-0.120,0.034,0.039,0.031,-0.020
-0.110,-0.030,0.080,0.070,-0.095,0.025,0.075,-0.120,0.035,0.040,0.035,-0.020
-0.102,-0.026,0.076,0.064,-0.089,0.025,0.079,-0.120,0.047,0.052,0.039,-0.016
-0.097,-0.022,0.075,0.059,-0.086,0.026,0.084,-0.117,0.054,0.059,0.040,-0.014
-0.091,-0.018,0.073,0.054,-0.082,0.027,0.085,-0.115,0.055,0.060,0.041,-0.016
-0.084,-0.014,0.069,0.049,-0.076,0.027,0.086,-0.115,0.055,0.060,0.046,-0.014
-0.080,-0.010,0.070,0.045,-0.075,0.030,0.090,-0.115,0.055,0.060,0.050,-0.010
-0.076,-0.006,0.071,0.041,-0.073,0.032,0.094,-0.116,0.055,0.060,0.054,-0.010
-0.072,-0.005,0.067,0.038,-0.069,0.031,0.098,-0.109,0.058,0.060,0.055,-0.007
-0.068,-0.003,0.065,0.035,-0.066,0.031,0.102,-0.103,0.062,0.059,0.057,-0.005
-0.064,0.001,0.064,0.031,-0.064,0.032,0.106,-0.098,0.066,0.061,0.060,-0.004
-0.060,0.000,0.060,0.030,-0.060,0.030,0.110,-0.090,0.070,0.070,0.060,0.000
-0.060,-0.001,0.060,0.030,-0.060,0.030,0.110,-0.086,0.074,0.074,0.064,0.000
-0.057,0.003,0.061,0.027,-0.059,0.032,0.113,-0.079,0.078,0.078,0.065,-0.001
-0.053,0.005,0.058,0.024,-0.056,0.031,0.116,-0.073,0.082,0.083,0.067,0.002
-0.049,0.006,0.055,0.021,-0.052,0.030,0.114,-0.069,0.086,0.085,0.071,0.005
-0.045,0.010,0.055,0.017,-0.050,0.032,0.105,-0.065,0.090,0.085,0.070,0.005
-0.041,0.010,0.051,0.015,-0.046,0.030,0.097,-0.065,0.095,0.094,0.066,0.009
-0.039,0.010,0.049,0.014,-0.044,0.030,0.089,-0.065,0.087,0.090,0.065,0.011
-0.042,0.009,0.051,0.017,-0.047,0.029,0.081,-0.065,0.075,0.082,0.065,0.008
-0.045,0.004,0.049,0.021,-0.048,0.026,0.073,-0.064,0.068,0.079,0.065,0.005
-0.045,0.000,0.045,0.022,-0.045,0.022,0.065,-0.065,0.060,0.075,0.065,0.005
-0.044,0.000,0.045,0.021,-0.044,0.022,0.057,-0.084,0.052,0.067,0.065,0.005
-0.049,-0.003,0.046,0.026,-0.047,0.021,0.051,-0.110,0.044,0.062,0.065,0.006
-0.047,-0.005,0.041,0.025,-0.043,0.018,0.050,-0.142,0.035,0.058,0.065,0.003
-0.039,-0.005,0.033,0.022,-0.036,0.014,0.050,-0.161,0.030,0.054,0.064,0.000
-0.040,-0.010,0.030,0.025,-0.035,0.010,0.050,-0.155,0.035,0.050,0.060,0.000
-0.041,-0.015,0.026,0.027,-0.033,0.006,0.050,-0.155,0.035,0.050,0.060,0.000
-0.037,-0.015,0.022,0.026,-0.029,0.003,0.050,-0.152,0.035,0.050,0.060,0.001
-0.035,-0.017,0.018,0.026,-0.026,0.000,0.050,-0.150,0.035,0.050,0.060,-0.002
-0.034,-0.020,0.014,0.027,-0.024,-0.003,0.050,-0.149,0.035,0.050,0.060,-0.005
-0.030,-0.020,0.010,0.025,-0.020,-0.005,0.050,-0.145,0.035,0.050,0.060,-0.005
-0.030,-0.024,0.006,0.027,-0.018,-0.009,0.050,-0.145,0.035,0.046,0.060,-0.005
-0.027,-0.025,0.001,0.026,-0.013,-0.011,0.050,-0.142,0.035,0.045,0.061,-0.005
-0.026,-0.026,0.000,0.026,-0.013,-0.013,0.050,-0.140,0.035,0.045,0.058,-0.005
-0.031,-0.031,-0.001,0.031,-0.015,-0.016,0.050,-0.139,0.035,0.045,0.055,-0.006
-0.030,-0.035,-0.005,0.033,-0.012,-0.020,0.050,-0.135,0.035,0.045,0.055,-0.010
-0.026,-0.035,-0.009,0.031,-0.008,-0.022,0.050,-0.135,0.034,0.044,0.055,-0.010
-0.024,-0.035,-0.011,0.029,-0.006,-0.022,0.050,-0.135,0.045,0.055,0.055,-0.010
-0.027,-0.035,-0.008,0.031,-0.009,-0.021,0.050,-0.135,0.050,0.060,0.055,-0.010
-0.031,-0.035,-0.004,0.033,-0.013,-0.019,0.050,-0.135,0.044,0.054,0.055,-0.011
-0.035,-0.035,0.000,0.035,-0.017,-0.017,0.050,-0.135,0.040,0.050,0.055,-0.015
-0.039,-0.035,0.004,0.037,-0.021,-0.016,0.050,-0.135,0.036,0.046,0.055,-0.015
-0.041,-0.033,0.008,0.037,-0.024,-0.012,0.050,-0.135,0.031,0.041,0.056,-0.015
-0.055,-0.042,0.012,0.048,-0.033,-0.015,0.050,-0.135,0.030,0.040,0.053,-0.015
-0.073,-0.058,0.015,0.065,-0.044,-0.021,0.050,-0.136,0.029,0.039,0.050,-0.015
-0.075,-0.060,0.015,0.067,-0.045,-0.022,0.050,-0.140,0.025,0.035,0.050,-0.015
-0.079,-0.060,0.019,0.069,-0.049,-0.020,0.050,-0.145,0.021,0.031,0.046,-0.019
-0.084,-0.063,0.020,0.074,-0.052,-0.021,0.050,-0.142,0.017,0.027,0.044,-0.023
-0.085,-0.065,0.020,0.075,-0.052,-0.022,0.050,-0.139,0.013,0.023,0.046,-0.027
-0.086,-0.066,0.020,0.076,-0.052,-0.022,0.051,-0.140,0.010,0.020,0.044,-0.030
-0.090,-0.070,0.020,0.080,-0.055,-0.025,0.055,-0.140,0.010,0.020,0.040,-0.030
-0.090,-0.070,0.020,0.080,-0.055,-0.025,0.055,-0.140,0.006,0.016,0.040,-0.030
-0.090,-0.070,0.020,0.080,-0.055,-0.025,0.055,-0.140,0.005,0.015,0.041,-0.030
-0.090,-0.070,0.020,0.080,-0.055,-0.025,0.055,-0.140,0.005,0.015,0.038,-0.030
-0.090,-0.070,0.020,0.080,-0.055,-0.025,0.055,-0.140,0.005,0.015,0.035,-0.030
-0.090,-0.070,0.020,0.080,-0.055,-0.025,0.055,-0.140,0.005,0.015,0.035,-0.030
-0.089,-0.070,0.020,0.079,-0.054,-0.025,0.055,-0.140,0.005,0.015,0.036,-0.030
-0.096,-0.073,0.023,0.084,-0.059,-0.025,0.055,-0.140,0.005,0.015,0.032,-0.030
-0.101,-0.076,0.026,0.088,-0.063,-0.025,0.055,-0.140,0.005,0.015,0.030,-0.030
-0.100,-0.075,0.025,0.087,-0.062,-0.025,0.055,-0.140,0.004,0.015,0.029,-0.030
-0.100,-0.075,0.025,0.087,-0.062,-0.025,0.055,-0.140,0.000,0.015,0.025,-0.030
-0.100,-0.075,0.025,0.087,-0.062,-0.025,0.059,-0.136,0.000,0.015,0.025,-0.029
-0.097,-0.072,0.025,0.084,-0.061,-0.023,0.060,-0.135,0.000,0.015,0.026,-0.037
-0.094,-0.069,0.025,0.081,-0.060,-0.022,0.060,-0.135,0.000,0.015,0.023,-0.039
-0.095,-0.070,0.025,0.082,-0.060,-0.022,0.060,-0.135,0.000,0.015,0.020,-0.034
-0.095,-0.070,0.025,0.082,-0.060,-0.022,0.060,-0.135,0.000,0.015,0.020,-0.035
-0.095,-0.070,0.025,0.082,-0.060,-0.022,0.060,-0.135,0.000,0.015,0.020,-0.035
-0.094,-0.070,0.024,0.082,-0.059,-0.022,0.060,-0.135,0.001,0.015,0.017,-0.035
-0.097,-0.070,0.027,0.083,-0.062,-0.021,0.060,-0.135,-0.002,0.015,0.015,-0.035
-0.100,-0.070,0.030,0.085,-0.065,-0.020,0.060,-0.135,-0.005,0.015,0.015,-0.035
-0.100,-0.070,0.030,0.085,-0.065,-0.020,0.060,-0.135,-0.005,0.015,0.015,-0.035
-0.100,-0.070,0.030,0.085,-0.065,-0.020,0.060,-0.135,-0.005,0.015,0.019,-0.035
-0.100,-0.070,0.030,0.085,-0.065,-0.020,0.057,-0.135,-0.005,0.015,0.020,-0.035
-0.100,-0.070,0.030,0.085,-0.065,-0.020,0.054,-0.135,-0.005,0.015,0.020,-0.035
-0.100,-0.070,0.030,0.085,-0.065,-0.020,0.055,-0.136,-0.005,0.015,0.020,-0.035
-0.100,-0.070,0.030,0.085,-0.065,-0.020,0.055,-0.140,-0.005,0.015,0.020,-0.035
-0.096,-0.066,0.030,0.081,-0.062,-0.017,0.055,-0.140,-0.005,0.015,0.020,-0.035
-0.095,-0.065,0.030,0.080,-0.062,-0.017,0.052,-0.140,-0.005,0.014,0.020,-0.035
-0.095,-0.065,0.030,0.080,-0.062,-0.017,0.049,-0.140,-0.005,0.017,0.020,-0.035
-0.095,-0.065,0.030,0.080,-0.062,-0.017,0.050,-0.140,-0.005,0.020,0.020,-0.035
-0.095,-0.065,0.030,0.080,-0.062,-0.017,0.050,-0.140,-0.005,0.020,0.020,-0.035
-0.095,-0.065,0.030,0.080,-0.062,-0.017,0.050,-0.140,-0.005,0.020,0.020,-0.035
-0.098,-0.065,0.033,0.081,-0.065,-0.016,0.047,-0.140,-0.005,0.020,0.020,-0.035
-0.101,-0.065,0.036,0.082,-0.068,-0.015,0.044,-0.140,-0.005,0.020,0.020,-0.035
-0.100,-0.065,0.035,0.082,-0.067,-0.015,0.045,-0.140,-0.005,0.021,0.020,-0.035
-0.100,-0.065,0.035,0.082,-0.067,-0.015,0.045,-0.140,-0.005,0.025,0.020,-0.035
-0.100,-0.065,0.035,0.082,-0.067,-0.015,0.045,-0.144,-0.005,0.025,0.020,-0.035
-0.100,-0.065,0.035,0.082,-0.067,-0.015,0.046,-0.145,-0.005,0.025,0.020,-0.035
-0.100,-0.065,0.035,0.082,-0.067,-0.015,0.043,-0.145,-0.005,0.025,0.020,-0.035
-0.099,-0.064,0.035,0.081,-0.067,-0.015,0.040,-0.145,-0.005,0.025,0.020,-0.035
-0.095,-0.060,0.035,0.077,-0.065,-0.012,0.040,-0.145,-0.005,0.025,0.020,-0.035
-0.095,-0.060,0.035,0.077,-0.065,-0.012,0.040,-0.145,-0.005,0.029,0.020,-0.031
-0.095,-0.060,0.035,0.077,-0.065,-0.012,0.041,-0.145,-0.005,0.031,0.020,-0.030
-0.095,-0.060,0.035,0.077,-0.065,-0.012,0.038,-0.145,-0.005,0.029,0.020,-0.028
-0.094,-0.060,0.034,0.077,-0.064,-0.012,0.035,-0.145,-0.005,0.031,0.020,-0.025
-0.095,-0.060,0.035,0.077,-0.065,-0.012,0.035,-0.145,-0.005,0.035,0.020,-0.025
-0.108,-0.061,0.047,0.085,-0.077,-0.007,0.035,-0.144,-0.012,0.035,0.028,-0.020
-0.108,-0.049,0.059,0.078,-0.083,0.004,0.034,-0.156,-0.023,0.034,0.037,-0.022
-0.105,-0.032,0.073,0.068,-0.089,0.020,0.038,-0.173,-0.022,0.037,0.043,-0.011
-0.103,-0.015,0.088,0.058,-0.095,0.036,0.030,-0.189,-0.014,0.049,0.055,0.009
-0.085,0.010,0.095,0.037,-0.090,0.052,-0.005,-0.200,-0.005,0.075,0.085,0.025
-0.069,0.033,0.101,0.018,-0.085,0.066,-0.039,-0.185,0.042,0.112,0.131,0.063
-0.053,0.069,0.122,-0.009,-0.087,0.096,-0.059,-0.170,0.089,0.173,0.188,0.112
-0.022,0.107,0.129,-0.042,-0.075,0.118,-0.085,-0.158,0.133,0.231,0.239,0.157
0.011,0.129,0.118,-0.070,-0.054,0.123,-0.109,-0.158,0.174,0.277,0.289,0.203
0.030,0.145,0.115,-0.088,-0.043,0.130,-0.135,-0.240,0.190,0.330,0.355,0.260
0.063,0.174,0.111,-0.119,-0.024,0.143,-0.212,-0.468,0.175,0.377,0.419,0.323
0.083,0.223,0.140,-0.154,-0.029,0.182,-0.264,-0.687,0.157,0.433,0.487,0.392
0.133,0.258,0.125,-0.196,0.003,0.191,-0.334,-0.855,0.143,0.500,0.567,0.471
0.223,0.284,0.061,-0.254,0.081,0.173,-0.449,-0.982,0.124,0.592,0.668,0.566
0.325,0.335,0.010,-0.330,0.157,0.172,-0.565,-1.070,0.115,0.715,0.800,0.685
0.458,0.382,-0.075,-0.420,0.266,0.153,-0.703,-1.160,0.174,0.845,0.950,0.823
0.610,0.440,-0.170,-0.524,0.389,0.135,-0.852,-1.235,0.252,0.994,1.113,0.973
0.740,0.515,-0.225,-0.627,0.482,0.145,-1.010,-1.356,0.265,1.125,1.276,1.128
0.856,0.611,-0.245,-0.733,0.550,0.182,-1.159,-1.482,0.263,1.251,1.434,1.284
0.980,0.700,-0.280,-0.840,0.630,0.210,-1.260,-1.500,0.340,1.360,1.560,1.410
1.063,0.711,-0.352,-0.887,0.707,0.179,-1.297,-1.442,0.424,1.309,1.578,1.431
1.095,0.605,-0.489,-0.850,0.792,0.058,-1.263,-1.386,0.467,1.256,1.459,1.322
1.089,0.459,-0.629,-0.774,0.859,-0.085,-1.212,-1.344,0.462,1.151,1.280,1.156
1.080,0.345,-0.735,-0.713,0.908,-0.195,-1.168,-1.288,0.441,0.998,1.126,1.014
1.085,0.245,-0.840,-0.665,0.962,-0.297,-1.115,-1.185,0.420,0.885,0.985,0.890
1.059,0.099,-0.960,-0.579,1.010,-0.431,-1.066,-1.030,0.365,0.707,0.783,0.708
1.016,-0.049,-1.065,-0.483,1.041,-0.557,-0.983,-0.951,0.309,0.502,0.584,0.529
0.912,-0.176,-1.088,-0.368,1.000,-0.632,-0.875,-0.884,0.247,0.329,0.410,0.375
0.774,-0.286,-1.060,-0.244,0.917,-0.673,-0.752,-0.798,0.161,0.165,0.234,0.219
0.665,-0.380,-1.045,-0.142,0.855,-0.712,-0.615,-0.750,0.035,-0.030,0.050,0.055
0.532,-0.452,-0.984,-0.040,0.759,-0.718,-0.492,-0.699,-0.143,-0.205,-0.104,-0.075
0.417,-0.488,-0.905,0.035,0.662,-0.696,-0.392,-0.640,-0.276,-0.311,-0.202,-0.154
0.341,-0.466,-0.807,0.062,0.575,-0.636,-0.313,-0.566,-0.292,-0.311,-0.213,-0.168
0.277,-0.413,-0.690,0.068,0.484,-0.551,-0.250,-0.494,-0.245,-0.251,-0.170,-0.145
0.200,-0.370,-0.570,0.085,0.385,-0.470,-0.190,-0.440,-0.215,-0.205,-0.140,-0.130
0.130,-0.319,-0.449,0.094,0.290,-0.383,-0.132,-0.387,-0.179,-0.161,-0.108,-0.114
0.075,-0.267,-0.341,0.096,0.209,-0.303,-0.094,-0.346,-0.146,-0.118,-0.077,-0.101
0.043,-0.228,-0.270,0.093,0.157,-0.249,-0.066,-0.313,-0.113,-0.085,-0.055,-0.089
0.025,-0.197,-0.223,0.086,0.125,-0.210,-0.039,-0.274,-0.075,-0.058,-0.042,-0.078
0.005,-0.170,-0.175,0.083,0.090,-0.172,-0.015,-0.225,-0.040,-0.035,-0.030,-0.070
-0.015,-0.157,-0.143,0.086,0.064,-0.150,0.010,-0.176,-0.012,-0.022,-0.014,-0.063
-0.037,-0.146,-0.109,0.092,0.036,-0.128,0.025,-0.134,0.017,-0.014,0.000,-0.051
-0.048,-0.134,-0.086,0.091,0.019,-0.110,0.037,-0.095,0.039,-0.006,0.008,-0.041
-0.043,-0.122,-0.078,0.083,0.018,-0.100,0.054,-0.064,0.054,0.002,0.011,-0.032
-0.040,-0.110,-0.070,0.075,0.015,-0.090,0.065,-0.050,0.070,0.010,0.015,-0.025
-0.044,-0.102,-0.058,0.074,0.007,-0.079,0.068,-0.038,0.075,0.018,0.019,-0.033
-0.044,-0.094,-0.049,0.070,0.002,-0.071,0.079,-0.023,0.075,0.026,0.020,-0.033
-0.049,-0.088,-0.039,0.069,-0.005,-0.063,0.090,-0.008,0.075,0.033,0.022,-0.029
-0.056,-0.083,-0.028,0.070,-0.014,-0.055,0.097,0.002,0.076,0.035,0.025,-0.030
-0.055,-0.075,-0.020,0.065,-0.017,-0.047,0.105,0.010,0.080,0.035,0.025,-0.030
-0.055,-0.067,-0.012,0.061,-0.021,-0.039,0.110,0.014,0.080,0.035,0.025,-0.030
-0.055,-0.062,-0.007,0.059,-0.024,-0.034,0.110,0.017,0.079,0.035,0.025,-0.030
-0.055,-0.058,-0.003,0.057,-0.026,-0.030,0.110,0.024,0.082,0.035,0.025,-0.030
-0.056,-0.055,0.001,0.055,-0.028,-0.026,0.110,0.031,0.085,0.035,0.025,-0.030
-0.060,-0.055,0.005,0.057,-0.032,-0.025,0.110,0.035,0.085,0.035,0.025,-0.030
-0.064,-0.055,0.009,0.059,-0.036,-0.023,0.110,0.039,0.089,0.035,0.025,-0.026
-0.068,-0.055,0.013,0.061,-0.040,-0.020,0.113,0.046,0.090,0.035,0.025,-0.025
-0.071,-0.055,0.016,0.063,-0.043,-0.020,0.116,0.053,0.090,0.035,0.025,-0.025
-0.069,-0.054,0.014,0.061,-0.041,-0.020,0.115,0.055,0.090,0.035,0.025,-0.025
-0.065,-0.050,0.015,0.057,-0.040,-0.017,0.115,0.055,0.090,0.035,0.025,-0.025
-0.073,-0.050,0.023,0.061,-0.048,-0.013,0.115,0.059,0.090,0.039,0.025,-0.025
-0.076,-0.050,0.026,0.063,-0.051,-0.012,0.114,0.063,0.090,0.040,0.025,-0.025
-0.075,-0.050,0.025,0.062,-0.050,-0.012,0.117,0.067,0.090,0.042,0.025,-0.025
-0.075,-0.050,0.025,0.062,-0.050,-0.012,0.120,0.070,0.090,0.045,0.025,-0.024
-0.075,-0.050,0.025,0.062,-0.050,-0.012,0.120,0.070,0.090,0.045,0.025,-0.020
-0.075,-0.050,0.025,0.062,-0.050,-0.012,0.120,0.074,0.098,0.049,0.029,-0.020
-0.072,-0.047,0.025,0.059,-0.048,-0.011,0.120,0.078,0.104,0.050,0.029,-0.020
-0.069,-0.044,0.025,0.056,-0.047,-0.010,0.120,0.082,0.107,0.050,0.033,-0.020
-0.070,-0.045,0.025,0.057,-0.047,-0.010,0.120,0.086,0.111,0.050,0.042,-0.020
-0.070,-0.045,0.025,0.057,-0.047,-0.010,0.120,0.090,0.115,0.050,0.045,-0.020
-0.070,-0.045,0.025,0.057,-0.047,-0.010,0.120,0.090,0.115,0.050,0.045,-0.020
-0.071,-0.046,0.025,0.058,-0.047,-0.010,0.120,0.090,0.114,0.050,0.045,-0.020
-0.068,-0.043,0.025,0.055,-0.046,-0.009,0.120,0.090,0.117,0.050,0.045,-0.020
-0.065,-0.040,0.026,0.052,-0.045,-0.007,0.120,0.090,0.120,0.050,0.045,-0.019
-0.070,-0.040,0.030,0.055,-0.050,-0.005,0.120,0.095,0.120,0.050,0.045,-0.015
-0.074,-0.040,0.034,0.057,-0.054,-0.002,0.120,0.103,0.120,0.050,0.049,-0.015
-0.075,-0.040,0.035,0.057,-0.055,-0.002,0.120,0.108,0.123,0.050,0.050,-0.015
-0.075,-0.040,0.035,0.057,-0.055,-0.002,0.120,0.112,0.127,0.050,0.050,-0.015
-0.075,-0.040,0.035,0.057,-0.055,-0.002,0.120,0.116,0.130,0.050,0.050,-0.015
-0.075,-0.040,0.035,0.057,-0.055,-0.002,0.120,0.120,0.130,0.050,0.050,-0.015
-0.071,-0.036,0.035,0.053,-0.052,0.000,0.120,0.124,0.130,0.050,0.050,-0.015
-0.070,-0.035,0.035,0.052,-0.052,0.000,0.120,0.129,0.130,0.049,0.050,-0.016
-0.070,-0.035,0.035,0.052,-0.052,0.000,0.122,0.130,0.130,0.052,0.050,-0.013
-0.070,-0.035,0.035,0.052,-0.052,0.000,0.126,0.131,0.129,0.055,0.050,-0.010
-0.070,-0.035,0.035,0.052,-0.052,0.000,0.130,0.135,0.130,0.055,0.050,-0.010
-0.065,-0.031,0.034,0.047,-0.050,0.001,0.134,0.139,0.142,0.059,0.050,-0.010
-0.068,-0.030,0.039,0.049,-0.053,0.004,0.135,0.140,0.150,0.060,0.050,-0.010
-0.069,-0.030,0.039,0.049,-0.054,0.004,0.135,0.141,0.149,0.062,0.050,-0.010
-0.065,-0.030,0.034,0.047,-0.050,0.002,0.135,0.148,0.152,0.065,0.051,-0.010
-0.065,-0.030,0.035,0.047,-0.050,0.002,0.135,0.160,0.160,0.065,0.055,-0.010
-0.061,-0.026,0.035,0.043,-0.048,0.005,0.135,0.168,0.160,0.069,0.059,-0.010
-0.060,-0.025,0.035,0.042,-0.047,0.005,0.135,0.174,0.160,0.071,0.063,-0.007
-0.060,-0.025,0.035,0.042,-0.047,0.005,0.135,0.175,0.160,0.069,0.066,-0.004
-0.060,-0.025,0.035,0.042,-0.047,0.005,0.136,0.175,0.160,0.071,0.065,-0.005
-0.060,-0.025,0.035,0.042,-0.047,0.005,0.140,0.175,0.160,0.075,0.065,-0.005
-0.060,-0.025,0.035,0.042,-0.047,0.005,0.140,0.174,0.168,0.075,0.069,-0.005
-0.057,-0.022,0.035,0.039,-0.046,0.006,0.140,0.180,0.172,0.074,0.071,-0.005
-0.055,-0.019,0.035,0.037,-0.045,0.007,0.140,0.189,0.181,0.077,0.070,-0.005
-0.055,-0.020,0.035,0.037,-0.045,0.007,0.140,0.197,0.192,0.080,0.071,-0.005
-0.055,-0.020,0.035,0.037,-0.045,0.007,0.140,0.205,0.195,0.080,0.075,-0.005
-0.056,-0.020,0.035,0.038,-0.046,0.007,0.140,0.213,0.199,0.080,0.079,-0.005
-0.049,-0.017,0.032,0.033,-0.040,0.007,0.139,0.219,0.204,0.080,0.080,-0.002
-0.044,-0.014,0.029,0.029,-0.036,0.007,0.142,0.219,0.205,0.082,0.080,0.000
-0.045,-0.015,0.030,0.030,-0.037,0.007,0.145,0.222,0.206,0.086,0.080,0.001
-0.045,-0.015,0.030,0.030,-0.037,0.007,0.145,0.235,0.210,0.090,0.080,0.005
-0.045,-0.015,0.030,0.030,-0.037,0.007,0.145,0.239,0.209,0.094,0.084,0.005
-0.046,-0.016,0.030,0.031,-0.037,0.007,0.145,0.246,0.219,0.095,0.088,0.004
-0.043,-0.013,0.030,0.028,-0.036,0.008,0.145,0.254,0.228,0.097,0.092,0.007
-0.040,-0.010,0.030,0.025,-0.035,0.010,0.145,0.263,0.231,0.100,0.095,0.010
-0.040,-0.010,0.030,0.025,-0.035,0.010,0.145,0.275,0.240,0.100,0.095,0.010
-0.036,-0.006,0.030,0.021,-0.032,0.012,0.149,0.284,0.248,0.104,0.095,0.014
-0.035,-0.005,0.030,0.020,-0.032,0.012,0.150,0.288,0.253,0.105,0.094,0.016
-0.033,-0.003,0.030,0.018,-0.031,0.013,0.152,0.292,0.257,0.106,0.097,0.014
-0.029,0.001,0.030,0.014,-0.030,0.015,0.155,0.296,0.261,0.111,0.100,0.016
-0.030,0.000,0.030,0.015,-0.030,0.015,0.155,0.305,0.270,0.115,0.100,0.020
-0.035,-0.001,0.034,0.017,-0.034,0.016,0.159,0.322,0.282,0.119,0.104,0.020
-0.032,0.003,0.035,0.014,-0.034,0.019,0.160,0.328,0.291,0.123,0.105,0.023
-0.030,0.005,0.035,0.012,-0.033,0.020,0.162,0.337,0.301,0.128,0.107,0.026
-0.029,0.006,0.034,0.011,-0.032,0.020,0.165,0.354,0.311,0.130,0.110,0.025
-0.025,0.010,0.035,0.007,-0.030,0.022,0.165,0.365,0.315,0.130,0.110,0.025
-0.037,0.010,0.047,0.014,-0.042,0.028,0.169,0.376,0.331,0.138,0.122,0.029
-0.041,0.013,0.054,0.014,-0.048,0.034,0.174,0.392,0.342,0.144,0.129,0.031
-0.039,0.016,0.055,0.011,-0.048,0.035,0.175,0.406,0.349,0.147,0.130,0.029
-0.040,0.014,0.055,0.013,-0.048,0.035,0.175,0.419,0.356,0.151,0.130,0.031
-0.040,0.015,0.055,0.012,-0.048,0.035,0.175,0.435,0.360,0.155,0.130,0.035
-0.032,0.023,0.055,0.004,-0.044,0.039,0.175,0.442,0.372,0.159,0.130,0.035
-0.027,0.028,0.055,-0.001,-0.041,0.041,0.178,0.457,0.385,0.163,0.133,0.035
-0.023,0.032,0.055,-0.005,-0.039,0.043,0.180,0.469,0.394,0.167,0.135,0.035
-0.019,0.035,0.055,-0.009,-0.038,0.045,0.181,0.479,0.402,0.171,0.136,0.036
-0.020,0.035,0.055,-0.008,-0.038,0.045,0.190,0.500,0.415,0.180,0.140,0.040
-0.025,0.034,0.059,-0.005,-0.043,0.046,0.195,0.515,0.431,0.193,0.140,0.044
-0.019,0.041,0.060,-0.011,-0.040,0.050,0.194,0.538,0.443,0.199,0.145,0.048
-0.013,0.046,0.060,-0.017,-0.037,0.053,0.200,0.559,0.460,0.201,0.157,0.052
-0.016,0.044,0.060,-0.014,-0.038,0.052,0.212,0.574,0.479,0.207,0.167,0.055
-0.015,0.045,0.060,-0.015,-0.038,0.052,0.215,0.590,0.490,0.215,0.170,0.055
-0.002,0.058,0.060,-0.028,-0.031,0.059,0.215,0.601,0.506,0.223,0.174,0.059
0.000,0.060,0.060,-0.030,-0.030,0.060,0.218,0.620,0.519,0.231,0.178,0.060
0.005,0.065,0.060,-0.035,-0.028,0.063,0.220,0.638,0.534,0.239,0.182,0.063
0.018,0.077,0.059,-0.048,-0.021,0.068,0.221,0.656,0.555,0.247,0.186,0.073
0.025,0.080,0.055,-0.053,-0.015,0.067,0.225,0.685,0.575,0.255,0.190,0.080
0.029,0.084,0.055,-0.057,-0.013,0.069,0.229,0.706,0.592,0.267,0.194,0.080
0.031,0.087,0.056,-0.060,-0.012,0.071,0.233,0.722,0.603,0.277,0.201,0.080
0.043,0.096,0.053,-0.070,-0.005,0.074,0.235,0.739,0.619,0.281,0.209,0.081
0.057,0.106,0.050,-0.081,0.003,0.077,0.235,0.760,0.640,0.288,0.216,0.088
0.055,0.105,0.050,-0.080,0.002,0.077,0.235,0.780,0.660,0.305,0.220,0.100
0.054,0.104,0.050,-0.079,0.002,0.077,0.235,0.796,0.676,0.314,0.224,0.105
0.059,0.110,0.050,-0.084,0.004,0.080,0.237,0.812,0.691,0.317,0.227,0.105
0.074,0.122,0.048,-0.098,0.012,0.084,0.243,0.829,0.710,0.325,0.235,0.107
0.087,0.131,0.045,-0.109,0.021,0.087,0.244,0.851,0.730,0.338,0.249,0.119
0.085,0.130,0.045,-0.108,0.020,0.087,0.240,0.875,0.750,0.350,0.260,0.135
0.084,0.130,0.045,-0.108,0.019,0.087,0.240,0.895,0.771,0.358,0.264,0.136
0.090,0.132,0.042,-0.111,0.024,0.086,0.237,0.916,0.786,0.366,0.271,0.134
0.101,0.141,0.040,-0.121,0.031,0.090,0.234,0.933,0.808,0.376,0.276,0.138
0.112,0.152,0.040,-0.132,0.036,0.096,0.235,0.950,0.836,0.388,0.283,0.147
0.115,0.155,0.040,-0.135,0.037,0.097,0.235,0.970,0.855,0.400,0.300,0.155
0.119,0.159,0.040,-0.139,0.039,0.100,0.231,0.978,0.871,0.409,0.304,0.159
0.125,0.162,0.037,-0.143,0.044,0.099,0.229,0.991,0.886,0.411,0.310,0.168
0.122,0.156,0.035,-0.139,0.043,0.095,0.231,1.009,0.908,0.424,0.322,0.182
0.123,0.158,0.035,-0.141,0.043,0.097,0.229,1.023,0.929,0.436,0.331,0.191
0.140,0.175,0.035,-0.158,0.052,0.105,0.225,1.035,0.940,0.435,0.335,0.195
0.136,0.172,0.036,-0.154,0.050,0.103,0.225,1.051,0.965,0.455,0.348,0.207
0.140,0.169,0.029,-0.155,0.055,0.099,0.226,1.066,0.979,0.467,0.352,0.214
0.149,0.171,0.022,-0.160,0.063,0.096,0.223,1.069,0.996,0.474,0.362,0.215
0.150,0.169,0.019,-0.159,0.065,0.094,0.219,1.065,1.019,0.481,0.378,0.216
0.155,0.170,0.015,-0.163,0.070,0.092,0.220,1.065,1.025,0.485,0.380,0.220
0.180,0.187,0.007,-0.184,0.087,0.096,0.221,1.061,1.028,0.489,0.380,0.220
0.187,0.188,0.001,-0.188,0.092,0.094,0.215,1.060,1.037,0.494,0.383,0.225
0.186,0.184,-0.002,-0.185,0.093,0.091,0.205,1.058,1.039,0.495,0.387,0.234
0.191,0.184,-0.007,-0.187,0.098,0.089,0.199,1.055,1.034,0.496,0.391,0.242
0.195,0.180,-0.015,-0.187,0.105,0.082,0.195,1.055,1.035,0.500,0.395,0.245
0.203,0.180,-0.023,-0.191,0.113,0.078,0.187,1.040,1.035,0.501,0.396,0.245
0.208,0.177,-0.031,-0.192,0.119,0.073,0.178,1.023,1.032,0.497,0.392,0.248
0.214,0.175,-0.039,-0.194,0.126,0.068,0.173,1.007,1.029,0.493,0.388,0.251
0.221,0.174,-0.047,-0.197,0.134,0.064,0.168,0.992,1.031,0.490,0.384,0.249
0.225,0.170,-0.055,-0.197,0.140,0.057,0.155,0.980,1.030,0.490,0.380,0.245
0.234,0.170,-0.064,-0.202,0.149,0.053,0.147,0.956,1.018,0.486,0.380,0.245
0.229,0.167,-0.062,-0.198,0.146,0.052,0.139,0.933,1.008,0.481,0.378,0.245
0.225,0.165,-0.060,-0.195,0.142,0.052,0.131,0.905,0.987,0.481,0.372,0.245
0.223,0.164,-0.059,-0.193,0.141,0.052,0.123,0.872,0.959,0.478,0.370,0.245
0.210,0.155,-0.055,-0.182,0.132,0.050,0.115,0.840,0.935,0.465,0.370,0.245
0.202,0.146,-0.055,-0.174,0.128,0.046,0.107,0.807,0.903,0.453,0.366,0.246
0.194,0.142,-0.052,-0.168,0.123,0.045,0.098,0.780,0.871,0.440,0.361,0.240
0.186,0.137,-0.049,-0.161,0.118,0.044,0.093,0.746,0.839,0.432,0.361,0.231
0.178,0.128,-0.050,-0.153,0.114,0.039,0.088,0.706,0.808,0.421,0.358,0.223
0.170,0.120,-0.050,-0.145,0.110,0.035,0.080,0.670,0.775,0.400,0.345,0.215
0.162,0.116,-0.046,-0.139,0.103,0.035,0.076,0.627,0.731,0.384,0.333,0.207
0.155,0.109,-0.045,-0.131,0.099,0.032,0.069,0.581,0.690,0.368,0.321,0.199
0.144,0.101,-0.043,-0.122,0.093,0.029,0.063,0.541,0.650,0.352,0.311,0.191
0.133,0.093,-0.040,-0.113,0.086,0.026,0.059,0.506,0.611,0.336,0.302,0.182
0.125,0.085,-0.040,-0.105,0.082,0.022,0.055,0.470,0.575,0.320,0.290,0.170
0.113,0.077,-0.036,-0.095,0.074,0.020,0.055,0.434,0.535,0.304,0.278,0.162
0.103,0.069,-0.034,-0.086,0.068,0.017,0.055,0.398,0.495,0.288,0.266,0.155
0.097,0.061,-0.036,-0.079,0.066,0.013,0.055,0.362,0.456,0.272,0.256,0.144
0.086,0.053,-0.033,-0.069,0.059,0.010,0.055,0.327,0.422,0.256,0.247,0.133
0.070,0.045,-0.025,-0.057,0.047,0.010,0.055,0.295,0.390,0.240,0.235,0.125
0.061,0.041,-0.021,-0.051,0.041,0.010,0.055,0.263,0.358,0.224,0.223,0.117
0.055,0.037,-0.018,-0.046,0.036,0.010,0.056,0.233,0.329,0.208,0.214,0.109
0.044,0.033,-0.011,-0.038,0.027,0.011,0.053,0.207,0.301,0.194,0.205,0.101
0.033,0.029,-0.004,-0.030,0.018,0.012,0.050,0.185,0.274,0.182,0.192,0.093
0.025,0.025,0.000,-0.025,0.012,0.012,0.050,0.165,0.250,0.170,0.180,0.085
0.017,0.021,0.004,-0.020,0.007,0.012,0.050,0.145,0.222,0.158,0.172,0.077
0.008,0.017,0.009,-0.013,0.000,0.012,0.050,0.125,0.196,0.149,0.164,0.069
0.003,0.013,0.010,-0.008,-0.004,0.011,0.050,0.105,0.176,0.140,0.156,0.061
-0.002,0.009,0.011,-0.004,-0.006,0.010,0.050,0.086,0.161,0.127,0.148,0.053
-0.010,0.005,0.015,0.002,-0.013,0.010,0.050,0.070,0.145,0.115,0.140,0.045
-0.010,0.005,0.015,0.002,-0.013,0.010,0.050,0.057,0.129,0.107,0.132,0.041
-0.012,0.003,0.014,0.004,-0.013,0.008,0.047,0.049,0.113,0.099,0.124,0.038
-0.020,-0.003,0.017,0.011,-0.018,0.007,0.044,0.039,0.099,0.092,0.118,0.031
-0.025,-0.005,0.020,0.015,-0.022,0.007,0.045,0.028,0.087,0.089,0.114,0.024
-0.025,-0.005,0.020,0.015,-0.022,0.007,0.045,0.020,0.075,0.085,0.110,0.020
-0.033,-0.009,0.024,0.020,-0.028,0.007,0.045,0.008,0.067,0.077,0.106,0.016
-0.039,-0.014,0.025,0.026,-0.032,0.006,0.045,-0.001,0.057,0.072,0.101,0.011
-0.040,-0.015,0.025,0.027,-0.032,0.005,0.045,-0.009,0.044,0.068,0.100,0.010
-0.040,-0.016,0.024,0.027,-0.032,0.004,0.045,-0.016,0.033,0.064,0.099,0.009
-0.040,-0.020,0.020,0.030,-0.030,0.000,0.045,-0.020,0.025,0.060,0.095,0.005
-0.044,-0.024,0.020,0.034,-0.031,-0.002,0.045,-0.024,0.021,0.056,0.091,0.005
-0.048,-0.028,0.020,0.038,-0.034,-0.004,0.048,-0.031,0.017,0.052,0.090,0.002
-0.052,-0.032,0.020,0.042,-0.036,-0.006,0.051,-0.038,0.013,0.048,0.089,-0.001
-0.056,-0.036,0.020,0.046,-0.038,-0.008,0.050,-0.041,0.009,0.044,0.084,0.000
-0.060,-0.040,0.020,0.050,-0.040,-0.010,0.050,-0.045,0.005,0.040,0.080,0.000
-0.060,-0.040,0.020,0.050,-0.040,-0.010,0.050,-0.049,0.001,0.036,0.080,-0.004
-0.060,-0.040,0.020,0.050,-0.040,-0.010,0.050,-0.050,-0.003,0.031,0.077,-0.005
-0.060,-0.040,0.020,0.050,-0.040,-0.010,0.050,-0.050,-0.007,0.030,0.074,-0.007
-0.060,-0.040,0.020,0.050,-0.040,-0.010,0.050,-0.050,-0.010,0.029,0.075,-0.010
-0.060,-0.040,0.020,0.050,-0.040,-0.010,0.050,-0.050,-0.010,0.025,0.075,-0.010
-0.060,-0.040,0.020,0.050,-0.040,-0.010,0.050,-0.046,-0.010,0.025,0.075,-0.014
-0.061,-0.040,0.021,0.050,-0.041,-0.010,0.050,-0.045,-0.013,0.022,0.072,-0.016
-0.058,-0.040,0.018,0.049,-0.038,-0.011,0.050,-0.045,-0.016,0.020,0.069,-0.015
-0.055,-0.040,0.015,0.047,-0.035,-0.012,0.050,-0.045,-0.015,0.019,0.070,-0.016
-0.055,-0.040,0.015,0.047,-0.035,-0.012,0.050,-0.045,-0.015,0.015,0.070,-0.020
-0.055,-0.040,0.015,0.047,-0.035,-0.012,0.050,-0.045,-0.019,0.015,0.070,-0.024
-0.058,-0.043,0.015,0.050,-0.036,-0.014,0.050,-0.045,-0.021,0.016,0.067,-0.028
-0.061,-0.046,0.015,0.053,-0.037,-0.015,0.050,-0.045,-0.019,0.013,0.064,-0.030
-0.060,-0.045,0.015,0.052,-0.037,-0.015,0.050,-0.045,-0.021,0.010,0.065,-0.030
-0.060,-0.045,0.015,0.052,-0.037,-0.015,0.050,-0.045,-0.025,0.010,0.065,-0.030
-0.060,-0.045,0.015,0.052,-0.037,-0.015,0.050,-0.045,-0.025,0.006,0.065,-0.030
-0.060,-0.045,0.015,0.052,-0.037,-0.015,0.050,-0.045,-0.024,0.005,0.066,-0.030
-0.060,-0.045,0.015,0.052,-0.037,-0.015,0.050,-0.045,-0.027,0.003,0.063,-0.030
-0.061,-0.046,0.015,0.053,-0.038,-0.015,0.050,-0.044,-0.030,0.000,0.060,-0.030
-0.065,-0.050,0.015,0.057,-0.040,-0.017,0.050,-0.040,-0.030,0.000,0.060,-0.030
-0.065,-0.050,0.015,0.057,-0.040,-0.017,0.050,-0.040,-0.030,-0.004,0.060,-0.030
-0.068,-0.050,0.018,0.059,-0.043,-0.016,0.050,-0.040,-0.033,-0.005,0.061,-0.030
-0.071,-0.050,0.021,0.060,-0.046,-0.015,0.050,-0.040,-0.036,-0.005,0.058,-0.030
-0.070,-0.050,0.020,0.060,-0.045,-0.015,0.051,-0.040,-0.035,-0.004,0.055,-0.030
-0.070,-0.050,0.020,0.060,-0.045,-0.015,0.055,-0.040,-0.035,0.000,0.055,-0.030
-0.074,-0.054,0.020,0.064,-0.047,-0.017,0.055,-0.040,-0.039,0.000,0.055,-0.030
-0.075,-0.055,0.020,0.065,-0.047,-0.017,0.055,-0.040,-0.040,0.000,0.055,-0.030
-0.075,-0.055,0.020,0.065,-0.047,-0.017,0.055,-0.040,-0.040,0.000,0.055,-0.030
-0.075,-0.055,0.020,0.065,-0.047,-0.017,0.055,-0.040,-0.040,0.000,0.055,-0.030
-0.075,-0.055,0.020,0.065,-0.047,-0.017,0.055,-0.040,-0.040,0.000,0.055,-0.030
-0.076,-0.055,0.020,0.065,-0.047,-0.017,0.055,-0.040,-0.044,0.000,0.055,-0.030
-0.071,-0.052,0.019,0.062,-0.045,-0.016,0.055,-0.039,-0.045,0.000,0.055,-0.030
-0.071,-0.049,0.022,0.060,-0.047,-0.014,0.055,-0.042,-0.045,0.000,0.055,-0.030
-0.076,-0.050,0.025,0.062,-0.050,-0.012,0.055,-0.045,-0.045,0.000,0.055,-0.030
-0.075,-0.050,0.025,0.062,-0.050,-0.012,0.055,-0.045,-0.045,0.000,0.055,-0.030
-0.075,-0.050,0.025,0.062,-0.050,-0.012,0.055,-0.045,-0.045,0.000,0.055,-0.029
-0.075,-0.050,0.025,0.062,-0.050,-0.012,0.055,-0.045,-0.045,0.000,0.055,-0.034
-0.075,-0.050,0.025,0.062,-0.050,-0.012,0.055,-0.045,-0.045,0.000,0.055,-0.034
-0.075,-0.050,0.025,0.062,-0.050,-0.012,0.055,-0.045,-0.046,0.000,0.055,-0.029
-0.075,-0.050,0.025,0.062,-0.050,-0.012,0.055,-0.045,-0.050,0.000,0.055,-0.030
-0.071,-0.046,0.025,0.058,-0.047,-0.010,0.055,-0.045,-0.050,0.000,0.055,-0.030
-0.070,-0.045,0.025,0.057,-0.047,-0.010,0.055,-0.048,-0.050,0.000,0.055,-0.030
-0.070,-0.045,0.025,0.057,-0.047,-0.010,0.055,-0.051,-0.050,0.000,0.055,-0.030
-0.071,-0.045,0.026,0.057,-0.048,-0.009,0.055,-0.050,-0.050,0.000,0.055,-0.030
-0.075,-0.045,0.030,0.060,-0.052,-0.007,0.055,-0.050,-0.050,0.000,0.055,-0.030
-0.075,-0.045,0.030,0.060,-0.052,-0.007,0.055,-0.050,-0.050,0.000,0.055,-0.030
-0.075,-0.045,0.030,0.060,-0.052,-0.007,0.055,-0.050,-0.049,0.000,0.055,-0.027
-0.075,-0.045,0.030,0.060,-0.052,-0.007,0.055,-0.050,-0.052,0.000,0.055,-0.024
-0.074,-0.044,0.030,0.059,-0.052,-0.007,0.055,-0.050,-0.055,0.000,0.055,-0.025
-0.070,-0.040,0.030,0.055,-0.050,-0.005,0.055,-0.050,-0.055,0.000,0.055,-0.025
-0.070,-0.040,0.030,0.055,-0.050,-0.005,0.055,-0.054,-0.059,0.000,0.055,-0.025
-0.070,-0.040,0.030,0.055,-0.050,-0.005,0.052,-0.055,-0.060,-0.003,0.055,-0.025
-0.070,-0.040,0.030,0.055,-0.050,-0.005,0.049,-0.055,-0.060,-0.006,0.055,-0.025
-0.070,-0.040,0.030,0.055,-0.050,-0.005,0.050,-0.055,-0.060,-0.005,0.055,-0.025
-0.070,-0.040,0.030,0.055,-0.050,-0.005,0.050,-0.055,-0.060,-0.005,0.055,-0.025
-0.070,-0.040,0.030,0.055,-0.050,-0.005,0.050,-0.055,-0.060,-0.005,0.055,-0.021
-0.069,-0.040,0.029,0.055,-0.049,-0.005,0.050,-0.058,-0.059,-0.005,0.052,-0.020
-0.072,-0.040,0.032,0.056,-0.052,-0.004,0.050,-0.061,-0.062,-0.005,0.049,-0.020
-0.075,-0.039,0.035,0.056,-0.055,-0.001,0.050,-0.060,-0.065,-0.005,0.050,-0.020
-0.070,-0.035,0.035,0.052,-0.052,0.000,0.050,-0.060,-0.065,-0.005,0.050,-0.020
-0.070,-0.035,0.035,0.052,-0.052,0.000,0.050,-0.060,-0.065,-0.005,0.050,-0.020
-0.070,-0.035,0.035,0.052,-0.052,0.000,0.050,-0.059,-0.065,-0.005,0.050,-0.020
-0.070,-0.035,0.035,0.052,-0.052,0.000,0.050,-0.062,-0.065,-0.005,0.050,-0.020
-0.070,-0.035,0.035,0.052,-0.052,0.000,0.050,-0.065,-0.065,-0.005,0.050,-0.020
-0.070,-0.035,0.035,0.052,-0.052,0.000,0.050,-0.065,-0.065,-0.005,0.050,-0.020
-0.070,-0.035,0.035,0.052,-0.052,0.000,0.046,-0.065,-0.065,-0.009,0.050,-0.024
-0.071,-0.036,0.035,0.053,-0.052,0.000,0.045,-0.065,-0.065,-0.010,0.050,-0.025
-0.068,-0.033,0.035,0.050,-0.051,0.001,0.045,-0.065,-0.065,-0.010,0.050,-0.025
-0.065,-0.030,0.035,0.047,-0.050,0.002,0.045,-0.065,-0.065,-0.010,0.050,-0.025
-0.065,-0.030,0.035,0.047,-0.050,0.002,0.045,-0.065,-0.065,-0.010,0.050,-0.025
-0.065,-0.030,0.035,0.047,-0.050,0.002,0.045,-0.069,-0.065,-0.010,0.046,-0.025
-0.068,-0.030,0.038,0.049,-0.053,0.004,0.045,-0.070,-0.065,-0.010,0.045,-0.028
-0.071,-0.030,0.041,0.050,-0.056,0.005,0.045,-0.070,-0.065,-0.010,0.045,-0.031
-0.070,-0.030,0.040,0.050,-0.055,0.005,0.045,-0.070,-0.065,-0.010,0.045,-0.030
-0.070,-0.030,0.040,0.050,-0.055,0.005,0.045,-0.070,-0.065,-0.010,0.045,-0.030
-0.070,-0.030,0.040,0.050,-0.055,0.005,0.045,-0.074,-0.069,-0.010,0.045,-0.030
-0.067,-0.027,0.040,0.047,-0.053,0.006,0.045,-0.076,-0.073,-0.010,0.045,-0.029
-0.065,-0.024,0.040,0.045,-0.052,0.007,0.045,-0.074,-0.077,-0.010,0.045,-0.032
-0.065,-0.025,0.040,0.045,-0.052,0.007,0.046,-0.076,-0.081,-0.011,0.045,-0.035
-0.065,-0.025,0.040,0.045,-0.052,0.007,0.050,-0.080,-0.085,-0.015,0.045,-0.035
-0.069,-0.025,0.044,0.047,-0.056,0.010,0.050,-0.080,-0.085,-0.015,0.045,-0.035
-0.070,-0.025,0.045,0.047,-0.057,0.010,0.050,-0.079,-0.085,-0.018,0.045,-0.035
-0.070,-0.025,0.045,0.047,-0.057,0.010,0.050,-0.082,-0.085,-0.021,0.045,-0.035
-0.070,-0.025,0.045,0.047,-0.057,0.010,0.050,-0.085,-0.085,-0.020,0.044,-0.035
-0.070,-0.025,0.045,0.047,-0.057,0.010,0.050,-0.085,-0.085,-0.020,0.040,-0.035
-0.070,-0.025,0.045,0.047,-0.057,0.010,0.050,-0.085,-0.085,-0.024,0.040,-0.035
-0.067,-0.022,0.045,0.044,-0.056,0.011,0.050,-0.088,-0.088,-0.026,0.040,-0.038
-0.064,-0.019,0.045,0.041,-0.054,0.012,0.050,-0.091,-0.091,-0.024,0.040,-0.041
-0.066,-0.020,0.046,0.043,-0.056,0.012,0.050,-0.090,-0.090,-0.026,0.039,-0.040
-0.070,-0.020,0.050,0.045,-0.060,0.015,0.050,-0.090,-0.090,-0.030,0.035,-0.040
-0.070,-0.020,0.050,0.045,-0.060,0.015,0.050,-0.094,-0.090,-0.030,0.035,-0.040
-0.070,-0.020,0.050,0.045,-0.060,0.015,0.050,-0.095,-0.090,-0.029,0.035,-0.040
-0.070,-0.020,0.050,0.045,-0.060,0.015,0.050,-0.097,-0.089,-0.032,0.035,-0.040
-0.070,-0.020,0.050,0.045,-0.060,0.015,0.050,-0.100,-0.092,-0.035,0.034,-0.040
-0.070,-0.020,0.050,0.045,-0.060,0.015,0.050,-0.100,-0.105,-0.035,0.030,-0.040
-0.070,-0.020,0.050,0.045,-0.060,0.015,0.050,-0.104,-0.110,-0.035,0.030,-0.044
-0.067,-0.020,0.047,0.043,-0.057,0.013,0.050,-0.105,-0.110,-0.035,0.030,-0.045
-0.064,-0.020,0.044,0.041,-0.054,0.012,0.050,-0.105,-0.110,-0.035,0.030,-0.047
-0.065,-0.020,0.045,0.042,-0.055,0.012,0.050,-0.105,-0.111,-0.035,0.030,-0.050
-0.070,-0.020,0.050,0.045,-0.060,0.015,0.050,-0.105,-0.115,-0.035,0.030,-0.050
-0.079,-0.016,0.063,0.047,-0.071,0.024,0.050,-0.105,-0.115,-0.035,0.026,-0.050
-0.078,-0.015,0.063,0.046,-0.070,0.024,0.050,-0.104,-0.114,-0.035,0.025,-0.050
-0.074,-0.015,0.059,0.045,-0.066,0.021,0.050,-0.107,-0.117,-0.035,0.025,-0.050
-0.075,-0.015,0.060,0.045,-0.067,0.022,0.050,-0.110,-0.120,-0.035,0.025,-0.050
-0.075,-0.015,0.060,0.045,-0.067,0.022,0.050,-0.110,-0.120,-0.035,0.025,-0.050
-0.075,-0.015,0.060,0.045,-0.067,0.022,0.050,-0.114,-0.120,-0.034,0.021,-0.050
-0.075,-0.015,0.060,0.045,-0.067,0.022,0.053,-0.115,-0.120,-0.041,0.020,-0.050
-0.075,-0.015,0.060,0.045,-0.067,0.022,0.056,-0.117,-0.120,-0.048,0.020,-0.050
-0.075,-0.015,0.060,0.045,-0.067,0.022,0.055,-0.120,-0.120,-0.050,0.020,-0.050
-0.075,-0.015,0.060,0.045,-0.067,0.022,0.055,-0.120,-0.120,-0.050,0.020,-0.050
-0.075,-0.015,0.060,0.045,-0.067,0.022,0.055,-0.120,-0.124,-0.050,0.020,-0.050
-0.075,-0.015,0.060,0.045,-0.067,0.022,0.055,-0.120,-0.125,-0.050,0.017,-0.050
-0.074,-0.014,0.060,0.044,-0.066,0.022,0.055,-0.120,-0.127,-0.050,0.014,-0.050
-0.077,-0.017,0.060,0.047,-0.068,0.021,0.055,-0.120,-0.130,-0.050,0.015,-0.050
-0.085,-0.025,0.060,0.055,-0.072,0.017,0.055,-0.120,-0.130,-0.050,0.015,-0.050
-0.077,-0.021,0.056,0.049,-0.066,0.017,0.055,-0.120,-0.134,-0.050,0.015,-0.050
-0.074,-0.019,0.055,0.046,-0.064,0.017,0.055,-0.120,-0.135,-0.050,0.015,-0.050
-0.075,-0.020,0.055,0.047,-0.065,0.017,0.055,-0.120,-0.135,-0.050,0.015,-0.050
-0.075,-0.020,0.055,0.047,-0.065,0.017,0.055,-0.121,-0.135,-0.050,0.015,-0.050
-0.075,-0.020,0.055,0.047,-0.065,0.017,0.055,-0.125,-0.135,-0.050,0.015,-0.050
-0.075,-0.020,0.055,0.047,-0.065,0.017,0.055,-0.125,-0.135,-0.050,0.015,-0.050
-0.075,-0.020,0.055,0.047,-0.065,0.017,0.055,-0.125,-0.135,-0.050,0.015,-0.050
-0.075,-0.020,0.055,0.047,-0.065,0.017,0.055,-0.125,-0.135,-0.050,0.015,-0.050
-0.075,-0.020,0.055,0.047,-0.065,0.017,0.055,-0.125,-0.135,-0.050,0.015,-0.050
-0.075,-0.020,0.055,0.047,-0.065,0.017,0.055,-0.125,-0.135,-0.050,0.015,-0.050
-0.075,-0.020,0.055,0.047,-0.065,0.017,0.055,-0.125,-0.135,-0.050,0.015,-0.050
-0.075,-0.020,0.055,0.047,-0.065,0.017,0.055,-0.125,-0.134,-0.050,0.015,-0.050
-0.075,-0.020,0.055,0.047,-0.065,0.017,0.055,-0.125,-0.137,-0.050,0.015,-0.051
-0.076,-0.020,0.056,0.047,-0.066,0.017,0.055,-0.125,-0.140,-0.050,0.015,-0.056
-0.080,-0.020,0.060,0.050,-0.070,0.020,0.055,-0.125,-0.140,-0.050,0.015,-0.060
-0.080,-0.020,0.060,0.050,-0.070,0.020,0.055,-0.129,-0.144,-0.050,0.015,-0.056
-0.080,-0.020,0.060,0.050,-0.070,0.020,0.055,-0.130,-0.145,-0.050,0.015,-0.054
-0.080,-0.020,0.060,0.050,-0.070,0.020,0.055,-0.130,-0.147,-0.050,0.015,-0.055
-0.080,-0.020,0.060,0.050,-0.070,0.020,0.055,-0.130,-0.150,-0.050,0.015,-0.055
-0.080,-0.020,0.060,0.050,-0.070,0.020,0.055,-0.130,-0.150,-0.050,0.015,-0.055
-0.080,-0.020,0.060,0.050,-0.070,0.020,0.055,-0.130,-0.150,-0.050,0.015,-0.055
-0.080,-0.020,0.060,0.050,-0.070,0.020,0.055,-0.130,-0.150,-0.050,0.015,-0.055
-0.080,-0.020,0.060,0.050,-0.070,0.020,0.055,-0.130,-0.150,-0.051,0.015,-0.055
-0.080,-0.020,0.060,0.050,-0.070,0.020,0.055,-0.130,-0.150,-0.056,0.015,-0.055
-0.080,-0.020,0.060,0.050,-0.070,0.020,0.055,-0.130,-0.150,-0.060,0.015,-0.055
-0.080,-0.020,0.060,0.050,-0.070,0.020,0.055,-0.130,-0.150,-0.060,0.015,-0.055
-0.080,-0.020,0.060,0.050,-0.070,0.020,0.055,-0.130,-0.150,-0.060,0.015,-0.055
-0.080,-0.020,0.060,0.050,-0.070,0.020,0.055,-0.130,-0.150,-0.060,0.015,-0.055
-0.080,-0.020,0.060,0.050,-0.070,0.020,0.055,-0.130,-0.150,-0.060,0.015,-0.054
-0.080,-0.020,0.060,0.050,-0.070,0.020,0.055,-0.130,-0.150,-0.060,0.015,-0.050
-0.080,-0.020,0.060,0.050,-0.070,0.020,0.055,-0.130,-0.150,-0.060,0.015,-0.050
-0.078,-0.018,0.060,0.048,-0.069,0.021,0.055,-0.130,-0.148,-0.060,0.015,-0.050
-0.086,-0.026,0.060,0.056,-0.073,0.017,0.055,-0.130,-0.156,-0.060,0.015,-0.050
-0.095,-0.035,0.060,0.065,-0.077,0.012,0.055,-0.130,-0.166,-0.060,0.015,-0.050
-0.090,-0.030,0.060,0.060,-0.075,0.015,0.055,-0.130,-0.165,-0.060,0.015,-0.050
-0.090,-0.030,0.060,0.060,-0.075,0.015,0.055,-0.130,-0.165,-0.060,0.015,-0.050
-0.090,-0.030,0.060,0.060,-0.075,0.015,0.055,-0.130,-0.165,-0.060,0.015,-0.050
-0.090,-0.030,0.060,0.060,-0.075,0.015,0.055,-0.130,-0.165,-0.060,0.015,-0.050
-0.090,-0.030,0.060,0.060,-0.075,0.015,0.055,-0.130,-0.165,-0.060,0.015,-0.050
-0.090,-0.030,0.060,0.060,-0.075,0.015,0.055,-0.130,-0.165,-0.060,0.015,-0.050
-0.090,-0.030,0.060,0.060,-0.075,0.015,0.055,-0.130,-0.165,-0.060,0.015,-0.050
-0.090,-0.030,0.060,0.060,-0.075,0.015,0.055,-0.130,-0.165,-0.060,0.015,-0.050
-0.090,-0.030,0.060,0.060,-0.075,0.015,0.055,-0.130,-0.165,-0.060,0.015,-0.050
-0.090,-0.030,0.060,0.060,-0.075,0.015,0.055,-0.130,-0.165,-0.060,0.015,-0.050
-0.090,-0.030,0.060,0.060,-0.075,0.015,0.055,-0.130,-0.165,-0.060,0.015,-0.050
-0.090,-0.030,0.060,0.060,-0.075,0.015,0.055,-0.130,-0.165,-0.060,0.015,-0.050
-0.091,-0.031,0.060,0.061,-0.075,0.015,0.052,-0.130,-0.165,-0.060,0.015,-0.050
-0.088,-0.028,0.060,0.058,-0.074,0.016,0.049,-0.130,-0.165,-0.060,0.015,-0.050
-0.085,-0.025,0.060,0.055,-0.072,0.017,0.050,-0.130,-0.165,-0.060,0.015,-0.050
-0.085,-0.025,0.060,0.055,-0.072,0.017,0.050,-0.130,-0.165,-0.060,0.015,-0.050
-0.085,-0.025,0.060,0.055,-0.072,0.017,0.050,-0.130,-0.165,-0.060,0.015,-0.050
-0.085,-0.025,0.060,0.055,-0.072,0.017,0.050,-0.130,-0.165,-0.059,0.012,-0.050
-0.085,-0.025,0.060,0.055,-0.072,0.017,0.050,-0.130,-0.165,-0.062,0.009,-0.050
-0.085,-0.025,0.060,0.055,-0.072,0.017,0.050,-0.130,-0.165,-0.065,0.010,-0.050
-0.085,-0.025,0.060,0.055,-0.072,0.017,0.050,-0.130,-0.165,-0.065,0.010,-0.050
-0.085,-0.025,0.060,0.055,-0.072,0.017,0.050,-0.134,-0.165,-0.069,0.010,-0.050
-0.085,-0.025,0.060,0.055,-0.072,0.017,0.050,-0.136,-0.165,-0.070,0.011,-0.050
-0.085,-0.025,0.060,0.055,-0.072,0.017,0.050,-0.134,-0.165,-0.072,0.008,-0.050
-0.085,-0.025,0.060,0.055,-0.072,0.017,0.050,-0.136,-0.165,-0.075,0.005,-0.050
-0.085,-0.025,0.060,0.055,-0.072,0.017,0.050,-0.140,-0.165,-0.075,0.005,-0.050
-0.085,-0.025,0.060,0.055,-0.072,0.017,0.046,-0.140,-0.165,-0.075,0.005,-0.050
-0.082,-0.022,0.060,0.052,-0.071,0.019,0.045,-0.140,-0.168,-0.075,0.005,-0.050
-0.079,-0.019,0.060,0.049,-0.070,0.020,0.045,-0.138,-0.171,-0.075,0.005,-0.050
-0.080,-0.020,0.060,0.050,-0.070,0.020,0.045,-0.135,-0.170,-0.075,0.005,-0.050
-0.080,-0.020,0.060,0.050,-0.070,0.020,0.045,-0.135,-0.170,-0.075,0.005,-0.050
-0.080,-0.020,0.060,0.050,-0.070,0.020,0.045,-0.135,-0.170,-0.075,0.001,-0.050
-0.080,-0.020,0.060,0.050,-0.070,0.020,0.045,-0.135,-0.170,-0.078,0.000,-0.050
-0.080,-0.020,0.060,0.050,-0.070,0.020,0.045,-0.135,-0.170,-0.081,0.000,-0.050
-0.081,-0.020,0.061,0.050,-0.071,0.020,0.045,-0.135,-0.170,-0.080,0.000,-0.050
-0.085,-0.020,0.065,0.052,-0.075,0.022,0.045,-0.135,-0.170,-0.080,0.000,-0.050
-0.085,-0.020,0.065,0.052,-0.075,0.022,0.045,-0.135,-0.170,-0.080,0.000,-0.046
-0.085,-0.020,0.065,0.052,-0.075,0.022,0.045,-0.135,-0.170,-0.080,-0.003,-0.045
-0.085,-0.020,0.065,0.052,-0.075,0.022,0.045,-0.135,-0.170,-0.080,-0.006,-0.045
-0.085,-0.020,0.065,0.052,-0.075,0.022,0.044,-0.135,-0.170,-0.080,-0.005,-0.045
-0.085,-0.020,0.065,0.052,-0.075,0.022,0.040,-0.135,-0.170,-0.080,-0.005,-0.045
-0.085,-0.020,0.065,0.052,-0.075,0.022,0.040,-0.135,-0.174,-0.084,-0.005,-0.045
-0.085,-0.020,0.065,0.052,-0.075,0.022,0.040,-0.135,-0.175,-0.085,-0.005,-0.045
-0.085,-0.020,0.065,0.052,-0.075,0.022,0.040,-0.135,-0.175,-0.085,-0.005,-0.045
-0.085,-0.020,0.065,0.052,-0.075,0.022,0.040,-0.135,-0.175,-0.085,-0.006,-0.045
-0.085,-0.020,0.065,0.052,-0.075,0.022,0.040,-0.135,-0.175,-0.085,-0.010,-0.045
-0.085,-0.020,0.065,0.052,-0.075,0.022,0.040,-0.135,-0.175,-0.085,-0.010,-0.045
-0.084,-0.020,0.064,0.052,-0.074,0.022,0.040,-0.135,-0.175,-0.085,-0.010,-0.045
-0.087,-0.020,0.067,0.053,-0.077,0.023,0.040,-0.135,-0.175,-0.085,-0.010,-0.045
-0.090,-0.020,0.070,0.055,-0.080,0.025,0.040,-0.135,-0.175,-0.085,-0.010,-0.044
-0.090,-0.020,0.070,0.055,-0.080,0.025,0.040,-0.135,-0.175,-0.085,-0.010,-0.040
-0.090,-0.020,0.070,0.055,-0.080,0.025,0.040,-0.135,-0.175,-0.085,-0.010,-0.040
-0.091,-0.020,0.070,0.055,-0.080,0.025,0.040,-0.135,-0.175,-0.085,-0.009,-0.040
-0.089,-0.019,0.070,0.054,-0.079,0.026,0.040,-0.135,-0.175,-0.085,-0.012,-0.040
-0.093,-0.023,0.070,0.058,-0.081,0.024,0.040,-0.135,-0.175,-0.086,-0.015,-0.040
-0.105,-0.035,0.070,0.070,-0.087,0.017,0.040,-0.135,-0.175,-0.090,-0.015,-0.040
-0.101,-0.031,0.070,0.066,-0.086,0.019,0.040,-0.131,-0.175,-0.090,-0.015,-0.040
-0.100,-0.030,0.070,0.065,-0.085,0.020,0.040,-0.130,-0.175,-0.090,-0.015,-0.040
-0.098,-0.028,0.070,0.063,-0.084,0.021,0.040,-0.130,-0.175,-0.090,-0.015,-0.040
-0.094,-0.024,0.070,0.059,-0.082,0.022,0.040,-0.130,-0.176,-0.090,-0.015,-0.040
-0.095,-0.025,0.070,0.060,-0.082,0.022,0.040,-0.130,-0.180,-0.090,-0.015,-0.040
-0.095,-0.025,0.070,0.060,-0.082,0.022,0.040,-0.130,-0.184,-0.090,-0.015,-0.040
-0.092,-0.022,0.070,0.057,-0.081,0.024,0.040,-0.127,-0.185,-0.090,-0.018,-0.041
-0.089,-0.019,0.070,0.054,-0.080,0.025,0.040,-0.124,-0.185,-0.090,-0.021,-0.038
-0.090,-0.020,0.070,0.055,-0.080,0.025,0.040,-0.125,-0.185,-0.090,-0.020,-0.035
-0.090,-0.020,0.070,0.055,-0.080,0.025,0.040,-0.125,-0.185,-0.090,-0.020,-0.035
-0.086,-0.016,0.070,0.051,-0.078,0.027,0.040,-0.125,-0.185,-0.090,-0.020,-0.035
-0.084,-0.014,0.070,0.049,-0.077,0.027,0.043,-0.125,-0.188,-0.091,-0.020,-0.035
-0.086,-0.016,0.070,0.051,-0.077,0.027,0.046,-0.125,-0.191,-0.088,-0.020,-0.035
-0.084,-0.014,0.070,0.049,-0.077,0.027,0.045,-0.124,-0.190,-0.085,-0.020,-0.034
-0.080,-0.010,0.070,0.045,-0.075,0.030,0.045,-0.120,-0.190,-0.085,-0.020,-0.030
-0.080,-0.010,0.070,0.045,-0.075,0.030,0.045,-0.120,-0.190,-0.085,-0.020,-0.030
-0.081,-0.011,0.070,0.046,-0.075,0.029,0.045,-0.120,-0.191,-0.082,-0.017,-0.030
-0.077,-0.006,0.071,0.042,-0.074,0.032,0.045,-0.120,-0.188,-0.079,-0.015,-0.030
-0.067,0.002,0.068,0.033,-0.068,0.035,0.045,-0.120,-0.185,-0.080,-0.014,-0.030
-0.060,0.005,0.065,0.027,-0.063,0.035,0.045,-0.120,-0.185,-0.080,-0.010,-0.030
-0.072,0.009,0.081,0.031,-0.077,0.045,0.049,-0.116,-0.181,-0.076,-0.010,-0.030
-0.074,0.013,0.087,0.030,-0.081,0.050,0.050,-0.115,-0.180,-0.074,-0.011,-0.027
-0.066,0.017,0.083,0.024,-0.075,0.050,0.050,-0.115,-0.178,-0.076,-0.008,-0.024
-0.066,0.021,0.087,0.022,-0.077,0.054,0.050,-0.115,-0.175,-0.074,-0.005,-0.025
-0.075,0.025,0.100,0.025,-0.088,0.062,0.050,-0.115,-0.175,-0.070,-0.005,-0.025
-0.076,0.030,0.105,0.023,-0.090,0.067,0.050,-0.115,-0.171,-0.070,-0.001,-0.025
-0.074,0.029,0.103,0.022,-0.089,0.066,0.050,-0.115,-0.170,-0.071,0.001,-0.026
-0.076,0.035,0.111,0.020,-0.094,0.073,0.049,-0.113,-0.168,-0.068,-0.001,-0.023
-0.073,0.047,0.120,0.013,-0.097,0.083,0.052,-0.109,-0.165,-0.065,0.001,-0.020
-0.065,0.050,0.115,0.007,-0.090,0.082,0.065,-0.105,-0.165,-0.065,0.005,-0.020
-0.065,0.050,0.115,0.007,-0.090,0.082,0.070,-0.101,-0.161,-0.065,0.005,-0.020
-0.062,0.050,0.112,0.006,-0.087,0.081,0.070,-0.097,-0.157,-0.062,0.008,-0.020
-0.060,0.050,0.110,0.005,-0.085,0.080,0.072,-0.093,-0.153,-0.059,0.010,-0.020
-0.059,0.050,0.109,0.005,-0.084,0.080,0.075,-0.090,-0.149,-0.060,0.011,-0.020
-0.055,0.050,0.105,0.002,-0.080,0.077,0.075,-0.090,-0.145,-0.060,0.015,-0.020
-0.055,0.050,0.105,0.002,-0.080,0.077,0.075,-0.086,-0.141,-0.056,0.015,-0.016
-0.052,0.050,0.102,0.001,-0.077,0.076,0.074,-0.085,-0.137,-0.055,0.018,-0.015
-0.050,0.050,0.100,0.000,-0.075,0.075,0.077,-0.085,-0.133,-0.055,0.020,-0.015
-0.049,0.050,0.099,-0.001,-0.074,0.075,0.080,-0.085,-0.130,-0.055,0.021,-0.015
-0.045,0.050,0.095,-0.003,-0.070,0.072,0.075,-0.085,-0.130,-0.055,0.025,-0.015
-0.047,0.049,0.095,-0.002,-0.071,0.071,0.071,-0.085,-0.126,-0.055,0.025,-0.015
-0.032,0.060,0.092,-0.014,-0.062,0.075,0.067,-0.082,-0.125,-0.052,0.028,-0.015
-0.025,0.065,0.090,-0.020,-0.058,0.077,0.063,-0.080,-0.123,-0.049,0.030,-0.015
-0.030,0.059,0.089,-0.015,-0.059,0.074,0.059,-0.080,-0.119,-0.050,0.031,-0.015
-0.025,0.060,0.085,-0.018,-0.055,0.072,0.055,-0.080,-0.120,-0.050,0.035,-0.015
-0.029,0.056,0.085,-0.014,-0.058,0.070,0.056,-0.081,-0.124,-0.050,0.036,-0.015
-0.027,0.055,0.082,-0.014,-0.056,0.069,0.047,-0.078,-0.126,-0.049,0.032,-0.015
-0.025,0.053,0.078,-0.014,-0.052,0.065,0.035,-0.089,-0.140,-0.055,0.030,-0.015
-0.024,0.050,0.074,-0.013,-0.049,0.062,0.028,-0.117,-0.166,-0.068,0.029,-0.014
-0.020,0.050,0.070,-0.015,-0.045,0.060,0.020,-0.135,-0.180,-0.075,0.025,-0.010
-0.020,0.046,0.066,-0.013,-0.043,0.056,0.012,-0.136,-0.185,-0.079,0.025,-0.010
-0.020,0.045,0.065,-0.013,-0.043,0.055,0.004,-0.135,-0.185,-0.080,0.026,-0.010
-0.020,0.043,0.064,-0.012,-0.042,0.053,-0.005,-0.135,-0.185,-0.080,0.023,-0.010
-0.019,0.040,0.059,-0.010,-0.039,0.049,-0.010,-0.135,-0.186,-0.080,0.020,-0.010
-0.015,0.040,0.055,-0.013,-0.035,0.047,-0.005,-0.135,-0.190,-0.080,0.020,-0.010
-0.015,0.036,0.051,-0.010,-0.034,0.043,-0.005,-0.135,-0.190,-0.080,0.016,-0.010
-0.012,0.034,0.047,-0.011,-0.030,0.040,-0.002,-0.135,-0.190,-0.081,0.014,-0.010
-0.009,0.036,0.044,-0.014,-0.027,0.040,0.001,-0.135,-0.188,-0.078,0.016,-0.010
-0.012,0.034,0.046,-0.012,-0.029,0.040,0.000,-0.135,-0.185,-0.075,0.014,-0.010
-0.020,0.030,0.050,-0.005,-0.035,0.040,0.000,-0.135,-0.185,-0.075,0.010,-0.010
-0.021,0.030,0.050,-0.005,-0.035,0.040,0.004,-0.135,-0.185,-0.075,0.010,-0.010
-0.019,0.031,0.049,-0.006,-0.034,0.040,0.005,-0.135,-0.185,-0.075,0.007,-0.010
-0.024,0.028,0.052,-0.002,-0.038,0.040,0.007,-0.135,-0.185,-0.075,0.004,-0.012
-0.031,0.025,0.055,0.003,-0.044,0.040,0.011,-0.135,-0.185,-0.075,0.005,-0.016
-0.030,0.025,0.055,0.002,-0.043,0.040,0.010,-0.135,-0.185,-0.075,0.005,-0.020
-0.030,0.025,0.055,0.002,-0.043,0.040,0.009,-0.135,-0.185,-0.079,0.001,-0.024
-0.029,0.026,0.055,0.001,-0.043,0.040,0.013,-0.135,-0.185,-0.080,-0.001,-0.029
-0.033,0.022,0.055,0.005,-0.045,0.038,0.015,-0.135,-0.185,-0.081,0.000,-0.030
-0.042,0.013,0.055,0.014,-0.049,0.034,0.016,-0.135,-0.185,-0.087,-0.001,-0.031
-0.045,0.010,0.055,0.017,-0.050,0.032,0.020,-0.135,-0.185,-0.095,-0.005,-0.035
-0.049,0.006,0.055,0.021,-0.052,0.030,0.020,-0.135,-0.193,-0.100,-0.010,-0.039
-0.053,0.002,0.055,0.025,-0.054,0.028,0.019,-0.135,-0.198,-0.100,-0.010,-0.043
-0.057,-0.002,0.055,0.029,-0.056,0.026,0.022,-0.135,-0.203,-0.102,-0.012,-0.047
-0.060,-0.005,0.055,0.032,-0.057,0.025,0.025,-0.135,-0.205,-0.105,-0.015,-0.051
-0.065,-0.010,0.055,0.037,-0.060,0.022,0.025,-0.135,-0.200,-0.105,-0.015,-0.050
-0.078,-0.023,0.055,0.050,-0.066,0.016,0.025,-0.135,-0.200,-0.118,-0.019,-0.046
-0.078,-0.023,0.055,0.050,-0.066,0.016,0.025,-0.136,-0.200,-0.118,-0.024,-0.045
-0.074,-0.019,0.055,0.046,-0.065,0.017,0.025,-0.133,-0.200,-0.114,-0.025,-0.045
-0.075,-0.020,0.055,0.047,-0.065,0.017,0.025,-0.130,-0.200,-0.115,-0.026,-0.045
-0.075,-0.020,0.055,0.047,-0.065,0.017,0.025,-0.130,-0.200,-0.115,-0.030,-0.045
-0.075,-0.020,0.055,0.047,-0.065,0.017,0.025,-0.130,-0.200,-0.115,-0.030,-0.045
-0.075,-0.020,0.055,0.047,-0.065,0.017,0.025,-0.130,-0.203,-0.115,-0.032,-0.045
-0.075,-0.020,0.055,0.047,-0.065,0.017,0.025,-0.130,-0.207,-0.115,-0.038,-0.045
-0.075,-0.020,0.055,0.047,-0.065,0.017,0.025,-0.130,-0.211,-0.115,-0.039,-0.045
-0.075,-0.020,0.055,0.047,-0.065,0.017,0.025,-0.130,-0.215,-0.115,-0.035,-0.045
-0.075,-0.020,0.055,0.047,-0.065,0.017,0.025,-0.130,-0.215,-0.115,-0.035,-0.045
-0.073,-0.020,0.053,0.046,-0.063,0.016,0.025,-0.130,-0.215,-0.115,-0.035,-0.045
-0.081,-0.020,0.061,0.050,-0.071,0.020,0.025,-0.130,-0.215,-0.115,-0.035,-0.045
-0.090,-0.020,0.070,0.055,-0.080,0.025,0.024,-0.130,-0.215,-0.115,-0.035,-0.045
-0.085,-0.020,0.065,0.052,-0.075,0.022,0.025,-0.130,-0.215,-0.115,-0.035,-0.045
-0.085,-0.020,0.065,0.052,-0.075,0.022,0.037,-0.130,-0.215,-0.115,-0.035,-0.045
-0.085,-0.020,0.065,0.052,-0.075,0.022,0.044,-0.130,-0.215,-0.115,-0.035,-0.045
-0.084,-0.019,0.065,0.051,-0.075,0.022,0.045,-0.130,-0.215,-0.115,-0.035,-0.045
-0.086,-0.021,0.065,0.053,-0.075,0.022,0.045,-0.130,-0.214,-0.115,-0.035,-0.045
-0.090,-0.025,0.065,0.057,-0.077,0.020,0.045,-0.130,-0.215,-0.115,-0.035,-0.045
-0.089,-0.024,0.065,0.056,-0.076,0.021,0.045,-0.130,-0.228,-0.115,-0.035,-0.045
-0.100,-0.035,0.065,0.067,-0.082,0.015,0.045,-0.130,-0.228,-0.115,-0.035,-0.045
-0.105,-0.040,0.065,0.072,-0.085,0.012,0.045,-0.130,-0.224,-0.115,-0.035,-0.045
-0.099,-0.034,0.065,0.066,-0.082,0.015,0.045,-0.130,-0.225,-0.115,-0.035,-0.045
-0.100,-0.035,0.065,0.067,-0.082,0.015,0.045,-0.130,-0.225,-0.115,-0.035,-0.045
-0.100,-0.035,0.065,0.067,-0.082,0.015,0.049,-0.130,-0.225,-0.115,-0.035,-0.045
-0.100,-0.035,0.066,0.067,-0.083,0.015,0.050,-0.130,-0.226,-0.115,-0.035,-0.046
-0.098,-0.035,0.063,0.066,-0.080,0.014,0.050,-0.130,-0.223,-0.115,-0.035,-0.043
-0.095,-0.035,0.060,0.065,-0.077,0.012,0.050,-0.130,-0.220,-0.114,-0.035,-0.040
-0.095,-0.035,0.060,0.065,-0.077,0.012,0.050,-0.130,-0.220,-0.110,-0.035,-0.040
-0.095,-0.035,0.060,0.065,-0.077,0.012,0.050,-0.126,-0.220,-0.110,-0.035,-0.040
-0.095,-0.035,0.060,0.065,-0.077,0.012,0.050,-0.125,-0.220,-0.110,-0.035,-0.037
-0.095,-0.035,0.060,0.065,-0.077,0.012,0.050,-0.125,-0.220,-0.110,-0.035,-0.035
-0.095,-0.035,0.060,0.065,-0.077,0.012,0.050,-0.125,-0.220,-0.110,-0.035,-0.035
-0.095,-0.035,0.060,0.065,-0.077,0.012,0.050,-0.125,-0.220,-0.110,-0.035,-0.035
-0.095,-0.035,0.060,0.065,-0.077,0.012,0.050,-0.121,-0.216,-0.110,-0.035,-0.035
-0.095,-0.035,0.060,0.065,-0.077,0.012,0.050,-0.120,-0.215,-0.111,-0.032,-0.032
-0.095,-0.035,0.060,0.065,-0.077,0.012,0.050,-0.120,-0.215,-0.108,-0.029,-0.029
-0.095,-0.035,0.060,0.065,-0.077,0.012,0.050,-0.120,-0.215,-0.105,-0.030,-0.030
-0.095,-0.035,0.060,0.065,-0.077,0.012,0.050,-0.120,-0.215,-0.105,-0.030,-0.030
-0.095,-0.035,0.060,0.065,-0.077,0.012,0.050,-0.120,-0.215,-0.105,-0.026,-0.026
-0.095,-0.035,0.060,0.065,-0.077,0.012,0.050,-0.117,-0.212,-0.105,-0.024,-0.025
-0.095,-0.035,0.060,0.065,-0.077,0.012,0.050,-0.114,-0.209,-0.105,-0.026,-0.025
-0.096,-0.036,0.060,0.066,-0.077,0.012,0.050,-0.115,-0.210,-0.105,-0.024,-0.025
-0.095,-0.035,0.060,0.065,-0.077,0.012,0.050,-0.115,-0.210,-0.105,-0.020,-0.025
-0.082,-0.023,0.059,0.053,-0.071,0.018,0.051,-0.115,-0.210,-0.106,-0.020,-0.021
-0.079,-0.014,0.065,0.047,-0.072,0.026,0.041,-0.113,-0.210,-0.100,-0.020,-0.020
-0.079,-0.004,0.075,0.041,-0.077,0.035,0.031,-0.121,-0.211,-0.091,-0.022,-0.020
-0.083,0.007,0.090,0.037,-0.087,0.049,0.022,-0.140,-0.208,-0.083,-0.017,-0.021
-0.095,0.015,0.110,0.040,-0.103,0.062,0.010,-0.155,-0.195,-0.075,0.000,-0.020
-0.088,0.026,0.114,0.031,-0.101,0.070,0.004,-0.166,-0.183,-0.070,0.011,0.003
-0.076,0.046,0.122,0.015,-0.099,0.084,-0.024,-0.183,-0.171,-0.039,0.036,0.028
-0.063,0.077,0.140,-0.007,-0.101,0.108,-0.064,-0.176,-0.160,-0.005,0.076,0.056
-0.037,0.114,0.151,-0.039,-0.094,0.132,-0.089,-0.141,-0.154,0.040,0.131,0.105
0.000,0.145,0.145,-0.073,-0.073,0.145,-0.100,-0.115,-0.150,0.110,0.195,0.165
0.027,0.169,0.142,-0.098,-0.058,0.155,-0.125,-0.135,-0.150,0.151,0.233,0.195
0.062,0.194,0.132,-0.128,-0.035,0.163,-0.175,-0.261,-0.148,0.194,0.296,0.253
0.080,0.229,0.149,-0.155,-0.035,0.189,-0.235,-0.472,-0.140,0.247,0.372,0.325
0.109,0.270,0.161,-0.190,-0.026,0.215,-0.295,-0.700,-0.153,0.305,0.442,0.393
0.190,0.310,0.120,-0.250,0.035,0.215,-0.370,-0.880,-0.180,0.375,0.525,0.480
0.264,0.355,0.091,-0.310,0.086,0.223,-0.488,-0.987,-0.139,0.474,0.640,0.588
0.363,0.388,0.024,-0.375,0.169,0.206,-0.612,-1.085,-0.090,0.579,0.755,0.695
0.507,0.429,-0.078,-0.468,0.292,0.176,-0.744,-1.166,-0.050,0.713,0.899,0.828
0.661,0.491,-0.170,-0.576,0.415,0.160,-0.903,-1.252,-0.010,0.866,1.073,0.991
0.790,0.565,-0.225,-0.677,0.507,0.170,-1.070,-1.380,0.025,0.995,1.235,1.145
0.910,0.656,-0.254,-0.783,0.582,0.201,-1.197,-1.465,0.058,1.110,1.379,1.283
1.024,0.741,-0.283,-0.883,0.653,0.229,-1.301,-1.445,0.118,1.195,1.483,1.395
1.102,0.733,-0.370,-0.917,0.735,0.181,-1.314,-1.391,0.205,1.197,1.479,1.395
1.117,0.606,-0.511,-0.861,0.814,0.048,-1.251,-1.348,0.252,1.088,1.340,1.256
1.095,0.460,-0.635,-0.777,0.865,-0.087,-1.210,-1.305,0.225,0.930,1.150,1.080
1.104,0.382,-0.722,-0.742,0.913,-0.169,-1.176,-1.271,0.210,0.824,1.025,0.971
1.094,0.261,-0.832,-0.677,0.963,-0.285,-1.153,-1.144,0.178,0.678,0.851,0.812
1.066,0.114,-0.952,-0.590,1.009,-0.419,-1.088,-1.004,0.148,0.491,0.644,0.623
1.009,-0.027,-1.036,-0.491,1.023,-0.532,-0.977,-0.923,0.102,0.313,0.462,0.462
0.890,-0.170,-1.060,-0.360,0.975,-0.615,-0.865,-0.850,0.005,0.145,0.290,0.310
0.751,-0.270,-1.021,-0.240,0.886,-0.646,-0.746,-0.759,-0.096,-0.043,0.105,0.141
0.641,-0.342,-0.983,-0.149,0.812,-0.662,-0.624,-0.707,-0.230,-0.224,-0.065,-0.007
0.518,-0.406,-0.924,-0.056,0.721,-0.665,-0.509,-0.681,-0.407,-0.391,-0.205,-0.126
0.413,-0.427,-0.840,0.007,0.627,-0.633,-0.414,-0.635,-0.514,-0.468,-0.270,-0.185
0.370,-0.380,-0.750,0.005,0.560,-0.565,-0.340,-0.560,-0.475,-0.420,-0.245,-0.165
0.274,-0.340,-0.614,0.033,0.444,-0.477,-0.271,-0.477,-0.450,-0.387,-0.229,-0.152
0.197,-0.298,-0.495,0.051,0.346,-0.396,-0.215,-0.421,-0.422,-0.347,-0.203,-0.141
0.141,-0.254,-0.395,0.056,0.269,-0.324,-0.164,-0.377,-0.389,-0.294,-0.168,-0.129
0.079,-0.216,-0.296,0.069,0.188,-0.256,-0.121,-0.328,-0.356,-0.251,-0.138,-0.116
0.030,-0.185,-0.215,0.078,0.123,-0.200,-0.095,-0.285,-0.315,-0.220,-0.115,-0.100
0.021,-0.156,-0.178,0.067,0.100,-0.167,-0.071,-0.241,-0.275,-0.191,-0.094,-0.088
0.007,-0.135,-0.142,0.064,0.075,-0.138,-0.047,-0.195,-0.235,-0.172,-0.083,-0.073
-0.001,-0.114,-0.113,0.058,0.056,-0.114,-0.022,-0.145,-0.194,-0.157,-0.076,-0.058
-0.002,-0.097,-0.095,0.049,0.047,-0.096,-0.001,-0.101,-0.166,-0.141,-0.069,-0.048
-0.015,-0.090,-0.075,0.053,0.030,-0.082,0.010,-0.070,-0.160,-0.125,-0.065,-0.045
-0.019,-0.082,-0.063,0.050,0.022,-0.072,0.018,-0.041,-0.152,-0.112,-0.057,-0.045
-0.026,-0.077,-0.051,0.052,0.013,-0.064,0.029,-0.024,-0.147,-0.106,-0.048,-0.045
-0.033,-0.072,-0.039,0.053,0.004,-0.055,0.039,-0.016,-0.142,-0.105,-0.043,-0.045
-0.036,-0.063,-0.027,0.049,-0.004,-0.044,0.048,-0.007,-0.133,-0.105,-0.039,-0.045
-0.040,-0.055,-0.015,0.048,-0.012,-0.035,0.060,0.005,-0.125,-0.105,-0.035,-0.045
-0.045,-0.051,-0.006,0.048,-0.019,-0.028,0.068,0.013,-0.121,-0.105,-0.035,-0.045
-0.044,-0.047,-0.002,0.045,-0.021,-0.024,0.074,0.024,-0.117,-0.105,-0.035,-0.045
-0.049,-0.045,0.004,0.047,-0.026,-0.020,0.075,0.035,-0.115,-0.105,-0.035,-0.045
-0.055,-0.044,0.011,0.050,-0.033,-0.016,0.075,0.041,-0.114,-0.105,-0.035,-0.045
-0.055,-0.040,0.015,0.047,-0.035,-0.012,0.075,0.045,-0.110,-0.105,-0.035,-0.045
-0.063,-0.040,0.023,0.051,-0.043,-0.008,0.075,0.049,-0.110,-0.105,-0.035,-0.045
-0.065,-0.037,0.028,0.051,-0.046,-0.004,0.075,0.054,-0.107,-0.105,-0.035,-0.046
-0.067,-0.034,0.033,0.050,-0.049,-0.001,0.075,0.054,-0.105,-0.105,-0.035,-0.043
-0.070,-0.035,0.035,0.052,-0.052,0.000,0.076,0.057,-0.104,-0.105,-0.035,-0.040
-0.070,-0.035,0.035,0.052,-0.052,0.000,0.080,0.070,-0.100,-0.105,-0.035,-0.040
-0.079,-0.031,0.048,0.055,-0.063,0.009,0.084,0.079,-0.100,-0.101,-0.035,-0.040
-0.078,-0.030,0.048,0.054,-0.063,0.009,0.088,0.084,-0.097,-0.100,-0.035,-0.040
-0.072,-0.028,0.044,0.050,-0.058,0.008,0.090,0.085,-0.095,-0.100,-0.035,-0.040
-0.070,-0.025,0.045,0.047,-0.057,0.010,0.090,0.086,-0.094,-0.100,-0.035,-0.040
-0.070,-0.025,0.045,0.047,-0.057,0.010,0.090,0.090,-0.090,-0.100,-0.035,-0.040
-0.066,-0.021,0.045,0.043,-0.055,0.012,0.090,0.090,-0.090,-0.100,-0.035,-0.040
-0.065,-0.019,0.046,0.042,-0.055,0.012,0.090,0.093,-0.087,-0.100,-0.035,-0.040
-0.064,-0.021,0.043,0.042,-0.053,0.011,0.090,0.095,-0.085,-0.100,-0.035,-0.040
-0.059,-0.019,0.040,0.039,-0.049,0.010,0.090,0.096,-0.084,-0.100,-0.035,-0.040
-0.055,-0.015,0.040,0.035,-0.047,0.012,0.090,0.100,-0.080,-0.100,-0.035,-0.040
-0.055,-0.015,0.040,0.035,-0.047,0.012,0.090,0.100,-0.080,-0.100,-0.035,-0.040
-0.055,-0.015,0.040,0.035,-0.047,0.012,0.090,0.103,-0.077,-0.100,-0.035,-0.040
-0.055,-0.015,0.040,0.035,-0.047,0.012,0.090,0.105,-0.075,-0.100,-0.035,-0.040
-0.055,-0.014,0.041,0.034,-0.047,0.013,0.090,0.106,-0.074,-0.099,-0.035,-0.040
-0.055,-0.010,0.045,0.032,-0.050,0.017,0.090,0.110,-0.070,-0.095,-0.035,-0.040
-0.058,-0.010,0.049,0.034,-0.053,0.019,0.090,0.109,-0.070,-0.095,-0.035,-0.040
-0.066,-0.010,0.056,0.038,-0.061,0.023,0.090,0.116,-0.067,-0.096,-0.032,-0.040
-0.071,-0.010,0.061,0.041,-0.066,0.025,0.090,0.121,-0.065,-0.093,-0.029,-0.040
-0.069,-0.009,0.060,0.039,-0.064,0.025,0.090,0.119,-0.064,-0.090,-0.030,-0.040
-0.065,-0.005,0.060,0.035,-0.062,0.027,0.090,0.120,-0.060,-0.090,-0.030,-0.040
-0.065,-0.005,0.060,0.035,-0.062,0.027,0.090,0.132,-0.060,-0.090,-0.030,-0.040
-0.065,-0.005,0.060,0.035,-0.062,0.027,0.090,0.139,-0.058,-0.087,-0.027,-0.040
-0.065,-0.005,0.060,0.035,-0.062,0.027,0.090,0.140,-0.052,-0.084,-0.024,-0.040
-0.065,-0.005,0.060,0.035,-0.062,0.027,0.091,0.141,-0.050,-0.085,-0.025,-0.040
-0.065,-0.005,0.060,0.035,-0.062,0.027,0.095,0.145,-0.050,-0.085,-0.025,-0.040
-0.061,-0.001,0.060,0.031,-0.060,0.030,0.095,0.145,-0.046,-0.081,-0.025,-0.040
-0.060,0.000,0.060,0.030,-0.060,0.030,0.094,0.145,-0.041,-0.079,-0.022,-0.040
-0.060,0.000,0.060,0.030,-0.060,0.030,0.097,0.144,-0.040,-0.081,-0.019,-0.040
-0.060,0.000,0.060,0.030,-0.060,0.030,0.100,0.146,-0.039,-0.079,-0.020,-0.040
-0.060,0.000,0.060,0.030,-0.060,0.030,0.100,0.155,-0.030,-0.075,-0.020,-0.040
-0.056,0.004,0.060,0.026,-0.058,0.032,0.100,0.160,-0.026,-0.075,-0.020,-0.040
-0.055,0.005,0.060,0.025,-0.058,0.032,0.103,0.160,-0.022,-0.076,-0.021,-0.040
-0.055,0.005,0.060,0.025,-0.058,0.032,0.106,0.162,-0.018,-0.073,-0.018,-0.040
-0.055,0.005,0.060,0.025,-0.058,0.032,0.105,0.166,-0.014,-0.070,-0.015,-0.040
-0.055,0.005,0.060,0.025,-0.058,0.032,0.105,0.170,-0.010,-0.070,-0.015,-0.040
-0.055,0.005,0.060,0.025,-0.058,0.032,0.105,0.175,-0.006,-0.070,-0.015,-0.040
-0.052,0.008,0.060,0.022,-0.056,0.034,0.105,0.174,-0.002,-0.067,-0.016,-0.040
-0.050,0.010,0.060,0.020,-0.055,0.035,0.105,0.180,0.002,-0.065,-0.013,-0.040
-0.049,0.011,0.060,0.019,-0.055,0.035,0.105,0.192,0.006,-0.065,-0.010,-0.039
-0.045,0.015,0.060,0.015,-0.053,0.037,0.105,0.195,0.010,-0.065,-0.010,-0.035
-0.045,0.015,0.060,0.015,-0.053,0.037,0.105,0.203,0.014,-0.065,-0.010,-0.035
-0.046,0.014,0.060,0.016,-0.053,0.037,0.105,0.208,0.018,-0.062,-0.010,-0.036
-0.043,0.017,0.060,0.013,-0.052,0.038,0.105,0.212,0.022,-0.060,-0.010,-0.033
-0.040,0.020,0.060,0.010,-0.050,0.040,0.105,0.215,0.026,-0.059,-0.009,-0.030
-0.040,0.020,0.060,0.010,-0.050,0.040,0.105,0.215,0.030,-0.055,-0.005,-0.030
-0.040,0.024,0.064,0.008,-0.053,0.044,0.105,0.227,0.038,-0.055,-0.005,-0.030
-0.040,0.026,0.065,0.007,-0.053,0.046,0.105,0.237,0.044,-0.056,-0.002,-0.027
-0.040,0.024,0.065,0.008,-0.053,0.045,0.105,0.242,0.045,-0.053,0.001,-0.024
-0.039,0.026,0.065,0.006,-0.053,0.045,0.106,0.246,0.046,-0.050,0.000,-0.025
-0.035,0.030,0.065,0.002,-0.050,0.047,0.110,0.250,0.055,-0.050,0.000,-0.025
-0.035,0.030,0.065,0.002,-0.050,0.047,0.110,0.258,0.063,-0.046,0.004,-0.021
-0.035,0.033,0.068,0.001,-0.052,0.050,0.109,0.266,0.072,-0.044,0.006,-0.019
-0.035,0.036,0.071,0.000,-0.053,0.053,0.112,0.274,0.077,-0.045,0.004,-0.021
-0.035,0.035,0.070,0.000,-0.053,0.052,0.115,0.282,0.082,-0.044,0.006,-0.019
-0.035,0.035,0.070,0.000,-0.053,0.052,0.115,0.290,0.090,-0.040,0.010,-0.015
-0.031,0.039,0.070,-0.004,-0.051,0.055,0.115,0.303,0.094,-0.036,0.010,-0.015
-0.029,0.041,0.070,-0.006,-0.050,0.055,0.118,0.307,0.103,-0.032,0.009,-0.016
-0.030,0.040,0.070,-0.005,-0.050,0.055,0.121,0.320,0.117,-0.028,0.012,-0.013
-0.029,0.041,0.070,-0.006,-0.050,0.055,0.120,0.337,0.127,-0.024,0.015,-0.010
-0.025,0.045,0.070,-0.010,-0.048,0.057,0.120,0.340,0.135,-0.020,0.015,-0.010
-0.021,0.049,0.070,-0.014,-0.045,0.060,0.124,0.351,0.143,-0.021,0.014,-0.011
-0.019,0.051,0.070,-0.016,-0.045,0.060,0.126,0.365,0.152,-0.014,0.018,-0.007
-0.021,0.049,0.070,-0.014,-0.045,0.060,0.125,0.374,0.157,-0.007,0.020,-0.005
-0.019,0.051,0.070,-0.016,-0.044,0.061,0.126,0.383,0.162,-0.004,0.021,-0.004
-0.010,0.060,0.070,-0.025,-0.040,0.065,0.130,0.400,0.175,0.000,0.025,0.000
-0.005,0.065,0.070,-0.030,-0.038,0.067,0.134,0.416,0.187,0.004,0.029,0.000
-0.008,0.062,0.070,-0.027,-0.039,0.066,0.139,0.432,0.198,0.008,0.033,0.003
-0.011,0.059,0.070,-0.024,-0.041,0.064,0.140,0.448,0.213,0.011,0.037,0.005
-0.008,0.062,0.070,-0.027,-0.039,0.066,0.141,0.464,0.229,0.018,0.041,0.006
0.000,0.070,0.070,-0.035,-0.035,0.070,0.145,0.480,0.240,0.030,0.045,0.010
0.004,0.074,0.070,-0.039,-0.033,0.072,0.149,0.493,0.248,0.034,0.050,0.010
0.008,0.078,0.070,-0.043,-0.031,0.074,0.153,0.500,0.255,0.037,0.049,0.013
0.012,0.083,0.070,-0.047,-0.029,0.076,0.157,0.514,0.267,0.043,0.053,0.015
0.016,0.085,0.069,-0.050,-0.027,0.077,0.161,0.535,0.284,0.052,0.062,0.016
0.015,0.085,0.070,-0.050,-0.028,0.077,0.165,0.555,0.300,0.060,0.065,0.020
0.010,0.093,0.083,-0.052,-0.037,0.087,0.165,0.575,0.316,0.063,0.069,0.020
0.015,0.101,0.086,-0.059,-0.036,0.094,0.168,0.596,0.335,0.075,0.073,0.023
0.023,0.108,0.085,-0.066,-0.031,0.096,0.170,0.611,0.354,0.080,0.077,0.024
0.025,0.110,0.085,-0.068,-0.030,0.097,0.171,0.624,0.368,0.082,0.081,0.027
0.025,0.110,0.085,-0.068,-0.030,0.097,0.175,0.645,0.380,0.095,0.085,0.040
0.029,0.114,0.085,-0.072,-0.028,0.099,0.179,0.661,0.396,0.103,0.089,0.045
0.033,0.118,0.085,-0.076,-0.026,0.101,0.184,0.680,0.412,0.112,0.093,0.045
0.038,0.122,0.084,-0.080,-0.023,0.103,0.185,0.699,0.428,0.116,0.097,0.047
0.039,0.126,0.087,-0.083,-0.024,0.107,0.186,0.714,0.444,0.123,0.102,0.050
0.040,0.135,0.095,-0.088,-0.028,0.115,0.190,0.730,0.460,0.140,0.110,0.050
0.060,0.152,0.091,-0.106,-0.016,0.121,0.189,0.754,0.480,0.144,0.118,0.053
0.070,0.160,0.090,-0.115,-0.010,0.125,0.196,0.778,0.499,0.153,0.129,0.061
0.071,0.160,0.088,-0.116,-0.008,0.124,0.203,0.803,0.524,0.165,0.140,0.070
0.077,0.161,0.084,-0.119,-0.004,0.122,0.205,0.824,0.550,0.172,0.146,0.076
0.080,0.165,0.085,-0.123,-0.003,0.125,0.205,0.835,0.565,0.180,0.150,0.080
0.078,0.164,0.085,-0.122,-0.004,0.125,0.205,0.856,0.586,0.193,0.162,0.092
0.092,0.174,0.082,-0.133,0.005,0.128,0.206,0.869,0.599,0.198,0.169,0.100
0.102,0.182,0.079,-0.142,0.012,0.131,0.203,0.886,0.614,0.204,0.171,0.099
0.099,0.179,0.080,-0.139,0.009,0.130,0.200,0.911,0.635,0.219,0.178,0.102
0.100,0.180,0.080,-0.140,0.010,0.130,0.200,0.930,0.655,0.235,0.190,0.115
0.112,0.188,0.076,-0.150,0.018,0.131,0.196,0.946,0.674,0.239,0.198,0.119
0.121,0.196,0.074,-0.159,0.023,0.134,0.195,0.965,0.699,0.245,0.204,0.124
0.131,0.206,0.076,-0.169,0.027,0.141,0.193,0.984,0.718,0.254,0.206,0.122
0.143,0.217,0.074,-0.180,0.034,0.146,0.190,0.998,0.736,0.262,0.213,0.123
0.150,0.220,0.070,-0.185,0.040,0.145,0.190,1.010,0.760,0.270,0.230,0.140
0.150,0.220,0.070,-0.185,0.040,0.145,0.186,1.018,0.772,0.274,0.235,0.145
0.149,0.220,0.071,-0.184,0.039,0.146,0.185,1.025,0.789,0.283,0.234,0.147
0.154,0.220,0.066,-0.187,0.044,0.143,0.183,1.038,0.809,0.297,0.238,0.156
0.162,0.220,0.058,-0.191,0.052,0.139,0.180,1.053,0.823,0.307,0.247,0.167
0.165,0.220,0.055,-0.193,0.055,0.137,0.180,1.060,0.835,0.310,0.250,0.170
0.169,0.220,0.051,-0.194,0.059,0.135,0.176,1.069,0.850,0.314,0.253,0.170
0.175,0.222,0.047,-0.199,0.064,0.135,0.175,1.065,0.869,0.318,0.261,0.174
0.187,0.230,0.043,-0.209,0.071,0.136,0.173,1.057,0.877,0.321,0.266,0.174
0.196,0.235,0.039,-0.216,0.078,0.137,0.170,1.054,0.883,0.328,0.273,0.178
0.195,0.230,0.035,-0.213,0.080,0.132,0.170,1.050,0.895,0.340,0.285,0.195
0.199,0.226,0.027,-0.213,0.085,0.127,0.162,1.042,0.892,0.337,0.281,0.200
0.204,0.222,0.018,-0.214,0.093,0.120,0.154,1.036,0.886,0.332,0.279,0.200
0.205,0.218,0.013,-0.211,0.096,0.115,0.146,1.034,0.885,0.328,0.280,0.200
0.206,0.215,0.008,-0.211,0.098,0.111,0.138,1.027,0.884,0.324,0.280,0.200
0.215,0.215,0.000,-0.215,0.107,0.107,0.130,1.015,0.880,0.320,0.280,0.200
0.220,0.211,-0.008,-0.215,0.114,0.101,0.122,1.004,0.875,0.320,0.280,0.196
0.220,0.207,-0.014,-0.213,0.117,0.097,0.117,0.980,0.876,0.317,0.277,0.192
0.219,0.203,-0.016,-0.211,0.117,0.094,0.112,0.953,0.868,0.313,0.274,0.188
0.222,0.199,-0.023,-0.210,0.122,0.088,0.103,0.928,0.851,0.309,0.275,0.184
0.230,0.195,-0.035,-0.212,0.132,0.080,0.095,0.895,0.835,0.305,0.275,0.180
0.227,0.196,-0.032,-0.211,0.129,0.081,0.087,0.868,0.807,0.300,0.275,0.180
0.216,0.190,-0.027,-0.203,0.121,0.081,0.079,0.833,0.782,0.302,0.276,0.177
0.203,0.181,-0.023,-0.192,0.113,0.079,0.071,0.799,0.755,0.293,0.270,0.173
0.193,0.173,-0.020,-0.183,0.106,0.076,0.064,0.766,0.722,0.276,0.257,0.169
0.185,0.165,-0.020,-0.175,0.102,0.072,0.060,0.730,0.690,0.265,0.250,0.165
0.173,0.157,-0.016,-0.165,0.094,0.070,0.056,0.694,0.658,0.249,0.242,0.160
0.160,0.148,-0.011,-0.154,0.085,0.068,0.052,0.655,0.626,0.236,0.234,0.161
0.153,0.143,-0.010,-0.148,0.081,0.066,0.048,0.617,0.592,0.223,0.226,0.155
0.148,0.138,-0.009,-0.143,0.079,0.064,0.045,0.580,0.556,0.206,0.218,0.142
0.135,0.130,-0.005,-0.132,0.070,0.062,0.045,0.535,0.520,0.190,0.210,0.135
0.126,0.126,-0.001,-0.126,0.063,0.062,0.041,0.491,0.480,0.174,0.194,0.128
0.122,0.122,0.000,-0.122,0.061,0.061,0.036,0.449,0.440,0.158,0.181,0.116
0.117,0.118,0.001,-0.117,0.057,0.060,0.035,0.411,0.400,0.142,0.167,0.105
0.108,0.114,0.006,-0.111,0.050,0.060,0.034,0.377,0.360,0.126,0.152,0.098
0.100,0.110,0.010,-0.105,0.045,0.060,0.030,0.345,0.325,0.110,0.140,0.090
0.092,0.106,0.014,-0.100,0.039,0.060,0.025,0.317,0.297,0.094,0.128,0.078
0.082,0.099,0.018,-0.091,0.031,0.058,0.025,0.286,0.269,0.081,0.118,0.068
0.068,0.091,0.023,-0.080,0.022,0.056,0.023,0.256,0.241,0.069,0.112,0.062
0.058,0.083,0.025,-0.071,0.016,0.054,0.020,0.227,0.213,0.057,0.102,0.052
0.050,0.075,0.025,-0.063,0.012,0.050,0.020,0.195,0.185,0.045,0.090,0.040
0.034,0.067,0.033,-0.051,0.000,0.050,0.020,0.166,0.157,0.037,0.082,0.032
0.023,0.059,0.036,-0.042,-0.007,0.047,0.020,0.144,0.131,0.027,0.074,0.024
0.016,0.051,0.035,-0.034,-0.010,0.043,0.020,0.127,0.111,0.013,0.066,0.016
0.008,0.043,0.035,-0.026,-0.014,0.039,0.020,0.111,0.096,0.003,0.058,0.009
0.005,0.040,0.035,-0.023,-0.015,0.037,0.020,0.095,0.080,-0.005,0.050,0.005
0.005,0.040,0.035,-0.023,-0.015,0.037,0.020,0.079,0.064,-0.017,0.046,0.001
0.002,0.037,0.035,-0.020,-0.017,0.036,0.017,0.063,0.051,-0.027,0.040,-0.003
0.000,0.035,0.035,-0.018,-0.018,0.035,0.014,0.049,0.038,-0.033,0.030,-0.007
-0.002,0.034,0.036,-0.017,-0.019,0.035,0.015,0.037,0.021,-0.043,0.024,-0.011
-0.010,0.030,0.040,-0.010,-0.025,0.035,0.015,0.025,0.005,-0.055,0.020,-0.015
-0.013,0.030,0.043,-0.009,-0.028,0.036,0.015,0.017,-0.011,-0.063,0.012,-0.018
-0.028,0.027,0.055,0.000,-0.042,0.040,0.015,0.010,-0.027,-0.071,0.007,-0.029
-0.035,0.025,0.060,0.005,-0.048,0.042,0.015,-0.001,-0.042,-0.077,0.003,-0.038
-0.030,0.024,0.054,0.002,-0.043,0.039,0.015,-0.012,-0.052,-0.081,-0.001,-0.040
-0.035,0.020,0.055,0.007,-0.045,0.037,0.015,-0.020,-0.055,-0.085,-0.005,-0.040
-0.035,0.020,0.055,0.007,-0.045,0.037,0.011,-0.028,-0.059,-0.089,-0.009,-0.040
-0.038,0.017,0.055,0.010,-0.047,0.036,0.010,-0.034,-0.063,-0.093,-0.013,-0.040
-0.041,0.014,0.055,0.013,-0.049,0.035,0.010,-0.036,-0.067,-0.097,-0.017,-0.042
-0.039,0.015,0.054,0.011,-0.047,0.035,0.010,-0.043,-0.071,-0.101,-0.020,-0.046
-0.035,0.015,0.050,0.010,-0.043,0.032,0.010,-0.055,-0.075,-0.105,-0.020,-0.050
-0.039,0.011,0.050,0.014,-0.044,0.030,0.010,-0.060,-0.079,-0.109,-0.024,-0.054
-0.041,0.009,0.050,0.016,-0.045,0.030,0.010,-0.060,-0.086,-0.110,-0.025,-0.055
-0.039,0.011,0.050,0.014,-0.045,0.030,0.010,-0.060,-0.093,-0.112,-0.027,-0.055
-0.041,0.009,0.050,0.016,-0.045,0.029,0.010,-0.061,-0.095,-0.115,-0.031,-0.055
-0.045,0.005,0.050,0.020,-0.048,0.027,0.010,-0.065,-0.095,-0.115,-0.030,-0.055
-0.046,0.005,0.050,0.021,-0.049,0.027,0.014,-0.065,-0.095,-0.119,-0.030,-0.063
-0.041,0.006,0.047,0.018,-0.045,0.026,0.015,-0.065,-0.095,-0.120,-0.033,-0.069
-0.041,0.003,0.044,0.019,-0.043,0.024,0.015,-0.063,-0.095,-0.122,-0.036,-0.070
-0.046,0.000,0.045,0.023,-0.045,0.022,0.015,-0.060,-0.095,-0.125,-0.035,-0.070
-0.045,0.000,0.045,0.022,-0.045,0.022,0.015,-0.060,-0.095,-0.125,-0.035,-0.070
-0.044,0.000,0.045,0.021,-0.045,0.022,0.015,-0.060,-0.099,-0.129,-0.039,-0.070
-0.049,-0.003,0.046,0.025,-0.047,0.021,0.015,-0.060,-0.100,-0.130,-0.040,-0.070
-0.049,-0.006,0.043,0.027,-0.045,0.019,0.015,-0.060,-0.102,-0.130,-0.042,-0.070
-0.044,-0.005,0.040,0.025,-0.041,0.017,0.016,-0.060,-0.105,-0.130,-0.045,-0.071
-0.045,-0.005,0.040,0.025,-0.042,0.017,0.020,-0.060,-0.105,-0.130,-0.045,-0.075
-0.049,-0.009,0.040,0.029,-0.045,0.015,0.020,-0.060,-0.105,-0.134,-0.049,-0.079
-0.050,-0.011,0.040,0.031,-0.045,0.015,0.020,-0.060,-0.105,-0.135,-0.050,-0.083
-0.050,-0.009,0.040,0.029,-0.045,0.015,0.020,-0.060,-0.105,-0.137,-0.050,-0.085
-0.051,-0.011,0.040,0.031,-0.045,0.014,0.020,-0.060,-0.105,-0.140,-0.050,-0.085
-0.055,-0.015,0.040,0.035,-0.047,0.012,0.020,-0.060,-0.105,-0.140,-0.050,-0.085
-0.059,-0.015,0.044,0.037,-0.051,0.014,0.020,-0.060,-0.105,-0.140,-0.050,-0.085
-0.060,-0.015,0.045,0.037,-0.052,0.015,0.019,-0.057,-0.105,-0.140,-0.050,-0.085
-0.060,-0.015,0.045,0.037,-0.052,0.015,0.022,-0.054,-0.105,-0.140,-0.050,-0.085
-0.060,-0.015,0.045,0.037,-0.052,0.015,0.025,-0.055,-0.105,-0.140,-0.050,-0.085
-0.060,-0.015,0.045,0.037,-0.052,0.015,0.025,-0.055,-0.105,-0.140,-0.050,-0.085
-0.060,-0.015,0.045,0.037,-0.052,0.015,0.025,-0.055,-0.105,-0.140,-0.050,-0.089
-0.060,-0.015,0.045,0.037,-0.052,0.015,0.025,-0.055,-0.105,-0.140,-0.049,-0.090
-0.060,-0.015,0.045,0.037,-0.052,0.015,0.025,-0.055,-0.105,-0.140,-0.052,-0.090
-0.060,-0.015,0.045,0.037,-0.052,0.015,0.025,-0.055,-0.105,-0.140,-0.055,-0.090
-0.060,-0.015,0.045,0.037,-0.052,0.015,0.025,-0.055,-0.105,-0.140,-0.055,-0.090
-0.060,-0.015,0.045,0.037,-0.052,0.015,0.029,-0.055,-0.105,-0.140,-0.055,-0.090
-0.060,-0.015,0.045,0.037,-0.052,0.015,0.030,-0.055,-0.105,-0.139,-0.055,-0.090
-0.060,-0.015,0.045,0.037,-0.052,0.015,0.030,-0.055,-0.105,-0.142,-0.055,-0.090
-0.060,-0.015,0.045,0.037,-0.052,0.015,0.030,-0.055,-0.105,-0.145,-0.055,-0.089
-0.060,-0.015,0.045,0.037,-0.052,0.015,0.030,-0.055,-0.105,-0.145,-0.055,-0.085
-0.060,-0.015,0.045,0.037,-0.052,0.015,0.030,-0.059,-0.105,-0.154,-0.054,-0.085
-0.060,-0.015,0.045,0.037,-0.052,0.015,0.030,-0.060,-0.105,-0.153,-0.065,-0.085
-0.060,-0.015,0.045,0.037,-0.052,0.015,0.030,-0.060,-0.105,-0.149,-0.070,-0.085
-0.060,-0.015,0.045,0.037,-0.052,0.015,0.030,-0.060,-0.105,-0.150,-0.064,-0.085
-0.060,-0.015,0.045,0.037,-0.052,0.015,0.030,-0.060,-0.105,-0.150,-0.065,-0.085
-0.060,-0.015,0.045,0.037,-0.052,0.015,0.030,-0.060,-0.105,-0.150,-0.065,-0.085
-0.059,-0.015,0.044,0.037,-0.051,0.015,0.030,-0.060,-0.105,-0.150,-0.065,-0.085
-0.062,-0.015,0.047,0.038,-0.054,0.016,0.030,-0.060,-0.105,-0.150,-0.065,-0.085
-0.065,-0.015,0.050,0.040,-0.057,0.017,0.030,-0.060,-0.105,-0.150,-0.065,-0.085
-0.065,-0.015,0.050,0.040,-0.057,0.017,0.030,-0.060,-0.105,-0.150,-0.065,-0.085
-0.065,-0.015,0.050,0.040,-0.057,0.017,0.030,-0.060,-0.105,-0.150,-0.065,-0.085
-0.068,-0.015,0.053,0.041,-0.060,0.019,0.030,-0.060,-0.105,-0.150,-0.062,-0.085
-0.071,-0.015,0.056,0.042,-0.063,0.020,0.030,-0.060,-0.105,-0.150,-0.059,-0.085
-0.070,-0.015,0.055,0.042,-0.062,0.020,0.030,-0.061,-0.105,-0.150,-0.060,-0.085
-0.070,-0.015,0.055,0.042,-0.062,0.020,0.030,-0.065,-0.105,-0.150,-0.060,-0.085
-0.070,-0.015,0.055,0.042,-0.062,0.020,0.030,-0.065,-0.105,-0.146,-0.060,-0.085
-0.067,-0.012,0.055,0.039,-0.061,0.021,0.030,-0.065,-0.105,-0.145,-0.060,-0.085
-0.065,-0.009,0.055,0.037,-0.060,0.022,0.030,-0.065,-0.105,-0.145,-0.060,-0.085
-0.064,-0.010,0.054,0.037,-0.059,0.022,0.030,-0.065,-0.105,-0.145,-0.060,-0.085
-0.065,-0.010,0.055,0.037,-0.060,0.022,0.030,-0.065,-0.105,-0.145,-0.060,-0.085
-0.078,-0.010,0.068,0.044,-0.073,0.029,0.030,-0.065,-0.105,-0.145,-0.056,-0.085
-0.079,-0.011,0.068,0.044,-0.074,0.029,0.031,-0.065,-0.105,-0.145,-0.055,-0.085
-0.072,-0.008,0.064,0.040,-0.068,0.028,0.028,-0.065,-0.105,-0.145,-0.055,-0.085
-0.070,-0.005,0.065,0.037,-0.067,0.030,0.025,-0.065,-0.105,-0.145,-0.055,-0.085
-0.070,-0.005,0.065,0.037,-0.067,0.030,0.025,-0.065,-0.105,-0.145,-0.055,-0.085
-0.070,-0.005,0.065,0.037,-0.067,0.030,0.025,-0.065,-0.105,-0.145,-0.055,-0.085
-0.071,-0.005,0.066,0.037,-0.068,0.030,0.025,-0.064,-0.105,-0.145,-0.055,-0.085
-0.068,-0.005,0.063,0.036,-0.065,0.029,0.025,-0.067,-0.105,-0.145,-0.055,-0.085
-0.065,-0.005,0.060,0.035,-0.062,0.027,0.025,-0.070,-0.105,-0.146,-0.055,-0.085
-0.065,-0.005,0.060,0.035,-0.062,0.027,0.025,-0.070,-0.105,-0.150,-0.055,-0.085
-0.061,-0.001,0.060,0.031,-0.060,0.030,0.025,-0.070,-0.105,-0.150,-0.059,-0.085
-0.060,0.000,0.060,0.030,-0.060,0.030,0.025,-0.073,-0.104,-0.150,-0.060,-0.085
-0.060,0.000,0.060,0.030,-0.060,0.030,0.025,-0.076,-0.107,-0.150,-0.060,-0.085
-0.060,0.000,0.060,0.030,-0.060,0.030,0.025,-0.075,-0.110,-0.150,-0.060,-0.085
-0.060,0.000,0.060,0.030,-0.060,0.030,0.025,-0.075,-0.110,-0.150,-0.060,-0.085
-0.056,0.000,0.056,0.028,-0.056,0.027,0.025,-0.075,-0.110,-0.150,-0.060,-0.085
-0.051,0.003,0.055,0.024,-0.053,0.029,0.022,-0.075,-0.113,-0.149,-0.060,-0.085
-0.050,0.006,0.055,0.022,-0.053,0.030,0.019,-0.075,-0.116,-0.152,-0.060,-0.085
-0.050,0.005,0.055,0.022,-0.053,0.030,0.020,-0.075,-0.115,-0.155,-0.060,-0.085
-0.050,0.005,0.055,0.022,-0.053,0.030,0.020,-0.075,-0.115,-0.155,-0.060,-0.085
-0.050,0.005,0.055,0.022,-0.053,0.030,0.020,-0.075,-0.119,-0.155,-0.060,-0.085
-0.047,0.005,0.052,0.021,-0.050,0.028,0.020,-0.074,-0.120,-0.155,-0.063,-0.085
-0.044,0.005,0.049,0.019,-0.047,0.027,0.020,-0.077,-0.120,-0.155,-0.066,-0.085
-0.046,0.004,0.050,0.021,-0.048,0.027,0.020,-0.080,-0.120,-0.155,-0.065,-0.085
-0.050,0.000,0.050,0.025,-0.050,0.025,0.020,-0.080,-0.120,-0.155,-0.065,-0.085
-0.050,0.000,0.050,0.025,-0.050,0.025,0.020,-0.080,-0.124,-0.155,-0.065,-0.085
-0.050,0.000,0.050,0.025,-0.050,0.025,0.020,-0.080,-0.125,-0.158,-0.065,-0.085
-0.050,0.000,0.050,0.025,-0.050,0.025,0.020,-0.080,-0.125,-0.161,-0.065,-0.085
-0.051,-0.001,0.050,0.026,-0.050,0.025,0.020,-0.080,-0.125,-0.160,-0.065,-0.085
-0.055,-0.005,0.050,0.030,-0.052,0.022,0.020,-0.080,-0.125,-0.160,-0.065,-0.085
-0.055,-0.005,0.050,0.030,-0.052,0.022,0.016,-0.080,-0.129,-0.160,-0.065,-0.085
-0.055,-0.005,0.050,0.030,-0.052,0.022,0.015,-0.080,-0.130,-0.160,-0.064,-0.085
-0.055,-0.005,0.050,0.030,-0.052,0.022,0.015,-0.081,-0.132,-0.160,-0.067,-0.085
-0.056,-0.006,0.050,0.031,-0.052,0.022,0.015,-0.087,-0.135,-0.161,-0.070,-0.086
-0.060,-0.010,0.050,0.035,-0.055,0.020,0.015,-0.095,-0.135,-0.165,-0.070,-0.090
-0.060,-0.010,0.050,0.035,-0.055,0.020,0.015,-0.100,-0.139,-0.165,-0.070,-0.090
-0.060,-0.010,0.050,0.035,-0.055,0.020,0.015,-0.100,-0.140,-0.168,-0.070,-0.089
-0.060,-0.010,0.050,0.035,-0.055,0.020,0.015,-0.100,-0.141,-0.172,-0.070,-0.092
-0.060,-0.010,0.050,0.035,-0.055,0.020,0.015,-0.100,-0.146,-0.176,-0.070,-0.095
-0.060,-0.010,0.050,0.035,-0.055,0.020,0.015,-0.100,-0.150,-0.180,-0.070,-0.095
-0.063,-0.014,0.049,0.039,-0.056,0.017,0.015,-0.100,-0.150,-0.180,-0.070,-0.095
-0.072,-0.015,0.057,0.044,-0.064,0.020,0.015,-0.099,-0.150,-0.180,-0.070,-0.098
-0.074,-0.015,0.059,0.044,-0.066,0.022,0.015,-0.102,-0.150,-0.180,-0.070,-0.101
-0.069,-0.015,0.054,0.041,-0.061,0.020,0.015,-0.105,-0.150,-0.180,-0.070,-0.100
-0.070,-0.015,0.055,0.042,-0.062,0.020,0.015,-0.105,-0.150,-0.180,-0.070,-0.100
-0.074,-0.019,0.055,0.046,-0.065,0.018,0.015,-0.105,-0.158,-0.180,-0.078,-0.100
-0.075,-0.020,0.055,0.047,-0.065,0.017,0.015,-0.105,-0.164,-0.180,-0.084,-0.100
-0.075,-0.020,0.055,0.047,-0.065,0.017,0.015,-0.105,-0.165,-0.180,-0.085,-0.100
-0.075,-0.020,0.055,0.047,-0.065,0.017,0.015,-0.105,-0.165,-0.180,-0.085,-0.100
-0.075,-0.020,0.055,0.047,-0.065,0.017,0.015,-0.105,-0.165,-0.180,-0.085,-0.100
-0.075,-0.020,0.055,0.047,-0.065,0.017,0.015,-0.105,-0.165,-0.180,-0.085,-0.100
-0.078,-0.023,0.055,0.050,-0.066,0.016,0.015,-0.108,-0.165,-0.180,-0.084,-0.100
-0.081,-0.026,0.055,0.053,-0.067,0.015,0.015,-0.111,-0.165,-0.180,-0.087,-0.100
-0.080,-0.025,0.055,0.052,-0.067,0.015,0.015,-0.110,-0.165,-0.180,-0.090,-0.101
-0.080,-0.025,0.055,0.052,-0.067,0.015,0.015,-0.110,-0.165,-0.180,-0.090,-0.105
-0.080,-0.025,0.055,0.052,-0.067,0.015,0.015,-0.110,-0.169,-0.180,-0.090,-0.105
-0.077,-0.025,0.052,0.051,-0.064,0.013,0.014,-0.110,-0.170,-0.183,-0.090,-0.108
-0.074,-0.025,0.049,0.050,-0.061,0.012,0.017,-0.110,-0.170,-0.185,-0.090,-0.111
-0.075,-0.025,0.050,0.050,-0.062,0.012,0.020,-0.110,-0.170,-0.186,-0.091,-0.110
-0.075,-0.025,0.050,0.050,-0.062,0.012,0.020,-0.110,-0.170,-0.190,-0.095,-0.110
-0.075,-0.025,0.050,0.050,-0.062,0.012,0.020,-0.114,-0.170,-0.190,-0.095,-0.110
-0.075,-0.025,0.050,0.050,-0.062,0.012,0.020,-0.115,-0.170,-0.193,-0.095,-0.113
-0.075,-0.025,0.050,0.050,-0.062,0.012,0.020,-0.115,-0.170,-0.196,-0.095,-0.116
-0.075,-0.025,0.050,0.050,-0.062,0.012,0.020,-0.115,-0.171,-0.195,-0.095,-0.115
-0.075,-0.025,0.050,0.050,-0.062,0.012,0.020,-0.115,-0.175,-0.195,-0.095,-0.115
-0.075,-0.025,0.050,0.050,-0.062,0.012,0.020,-0.115,-0.175,-0.195,-0.095,-0.115
-0.075,-0.025,0.050,0.050,-0.062,0.012,0.020,-0.115,-0.175,-0.195,-0.095,-0.115
-0.075,-0.025,0.050,0.050,-0.062,0.012,0.020,-0.115,-0.175,-0.195,-0.095,-0.115
-0.075,-0.025,0.050,0.050,-0.062,0.012,0.020,-0.115,-0.175,-0.195,-0.095,-0.115
-0.075,-0.025,0.050,0.050,-0.062,0.012,0.020,-0.115,-0.175,-0.195,-0.095,-0.115
-0.079,-0.025,0.054,0.052,-0.066,0.015,0.024,-0.115,-0.179,-0.199,-0.095,-0.115
-0.080,-0.025,0.055,0.052,-0.067,0.015,0.025,-0.114,-0.180,-0.200,-0.094,-0.115
-0.080,-0.025,0.055,0.052,-0.067,0.015,0.025,-0.117,-0.180,-0.200,-0.097,-0.115
-0.080,-0.025,0.055,0.052,-0.067,0.015,0.025,-0.120,-0.180,-0.200,-0.100,-0.115
-0.080,-0.025,0.055,0.052,-0.067,0.015,0.025,-0.120,-0.180,-0.200,-0.100,-0.115
-0.080,-0.025,0.055,0.052,-0.067,0.015,0.025,-0.124,-0.180,-0.200,-0.100,-0.115
-0.080,-0.025,0.055,0.052,-0.067,0.015,0.025,-0.125,-0.180,-0.200,-0.100,-0.115
-0.080,-0.025,0.055,0.052,-0.067,0.015,0.025,-0.125,-0.180,-0.200,-0.100,-0.115
-0.081,-0.025,0.056,0.052,-0.068,0.015,0.025,-0.125,-0.180,-0.201,-0.100,-0.115
-0.085,-0.025,0.060,0.055,-0.072,0.017,0.025,-0.125,-0.180,-0.205,-0.100,-0.115
-0.085,-0.025,0.060,0.055,-0.072,0.017,0.025,-0.125,-0.180,-0.205,-0.100,-0.115
-0.085,-0.025,0.060,0.055,-0.072,0.017,0.025,-0.125,-0.180,-0.205,-0.100,-0.115
-0.085,-0.025,0.060,0.055,-0.072,0.017,0.025,-0.125,-0.180,-0.205,-0.100,-0.115
-0.085,-0.025,0.060,0.055,-0.072,0.017,0.025,-0.125,-0.180,-0.205,-0.100,-0.116
-0.085,-0.025,0.060,0.055,-0.072,0.017,0.025,-0.125,-0.180,-0.205,-0.100,-0.120
-0.085,-0.025,0.060,0.055,-0.072,0.017,0.025,-0.125,-0.180,-0.205,-0.100,-0.120
-0.086,-0.025,0.061,0.055,-0.073,0.017,0.025,-0.125,-0.180,-0.202,-0.100,-0.120
-0.083,-0.025,0.058,0.054,-0.070,0.016,0.025,-0.125,-0.180,-0.199,-0.100,-0.120
-0.080,-0.025,0.055,0.052,-0.067,0.015,0.025,-0.125,-0.180,-0.200,-0.100,-0.120
-0.080,-0.025,0.055,0.052,-0.067,0.015,0.025,-0.125,-0.180,-0.200,-0.100,-0.120
-0.080,-0.025,0.055,0.052,-0.067,0.015,0.025,-0.125,-0.180,-0.200,-0.100,-0.120
-0.080,-0.025,0.055,0.052,-0.067,0.015,0.025,-0.125,-0.180,-0.200,-0.100,-0.120
-0.080,-0.025,0.055,0.052,-0.067,0.015,0.025,-0.125,-0.180,-0.200,-0.100,-0.120
-0.080,-0.025,0.055,0.052,-0.067,0.015,0.025,-0.125,-0.180,-0.200,-0.100,-0.120
-0.080,-0.025,0.055,0.052,-0.067,0.015,0.025,-0.125,-0.180,-0.200,-0.100,-0.120
-0.080,-0.025,0.055,0.052,-0.067,0.015,0.025,-0.125,-0.180,-0.200,-0.100,-0.120
-0.080,-0.025,0.055,0.052,-0.067,0.015,0.025,-0.125,-0.180,-0.200,-0.100,-0.120
-0.080,-0.025,0.055,0.052,-0.067,0.015,0.025,-0.125,-0.180,-0.200,-0.100,-0.120
-0.080,-0.025,0.055,0.052,-0.067,0.015,0.025,-0.125,-0.180,-0.200,-0.100,-0.120
-0.080,-0.025,0.055,0.052,-0.067,0.015,0.025,-0.125,-0.180,-0.200,-0.100,-0.120
-0.080,-0.025,0.055,0.052,-0.067,0.015,0.025,-0.125,-0.180,-0.200,-0.100,-0.120
-0.080,-0.025,0.055,0.052,-0.067,0.015,0.025,-0.125,-0.180,-0.200,-0.100,-0.120
-0.080,-0.025,0.055,0.052,-0.067,0.015,0.025,-0.125,-0.180,-0.200,-0.100,-0.120
-0.080,-0.025,0.055,0.052,-0.067,0.015,0.025,-0.125,-0.180,-0.200,-0.100,-0.120
-0.080,-0.025,0.055,0.052,-0.067,0.015,0.025,-0.125,-0.180,-0.200,-0.100,-0.120
-0.080,-0.025,0.055,0.052,-0.067,0.015,0.025,-0.129,-0.180,-0.200,-0.100,-0.120
-0.083,-0.028,0.055,0.055,-0.069,0.013,0.025,-0.130,-0.180,-0.200,-0.100,-0.120
-0.086,-0.031,0.055,0.058,-0.070,0.012,0.025,-0.132,-0.180,-0.200,-0.100,-0.120
-0.085,-0.030,0.055,0.057,-0.070,0.012,0.025,-0.135,-0.180,-0.200,-0.100,-0.120
-0.085,-0.030,0.055,0.057,-0.070,0.012,0.025,-0.135,-0.180,-0.200,-0.100,-0.120
-0.085,-0.030,0.055,0.057,-0.070,0.012,0.029,-0.135,-0.180,-0.200,-0.100,-0.120
-0.085,-0.030,0.055,0.057,-0.070,0.012,0.030,-0.135,-0.180,-0.200,-0.100,-0.120
-0.085,-0.030,0.055,0.057,-0.070,0.012,0.030,-0.135,-0.180,-0.200,-0.100,-0.120
-0.085,-0.030,0.055,0.057,-0.070,0.012,0.030,-0.135,-0.180,-0.201,-0.101,-0.120
-0.085,-0.030,0.055,0.057,-0.070,0.012,0.030,-0.135,-0.180,-0.205,-0.105,-0.120
-0.089,-0.030,0.059,0.060,-0.074,0.015,0.030,-0.135,-0.180,-0.205,-0.105,-0.120
-0.090,-0.030,0.060,0.060,-0.075,0.015,0.030,-0.135,-0.183,-0.208,-0.108,-0.120
-0.090,-0.030,0.060,0.060,-0.075,0.015,0.030,-0.135,-0.187,-0.210,-0.110,-0.120
-0.090,-0.030,0.060,0.060,-0.075,0.015,0.030,-0.135,-0.190,-0.211,-0.111,-0.120
-0.090,-0.030,0.060,0.060,-0.075,0.015,0.030,-0.135,-0.190,-0.215,-0.115,-0.120
-0.090,-0.030,0.060,0.060,-0.075,0.015,0.030,-0.135,-0.190,-0.215,-0.115,-0.120
-0.090,-0.030,0.060,0.060,-0.075,0.015,0.030,-0.135,-0.190,-0.215,-0.115,-0.120
-0.090,-0.030,0.060,0.060,-0.075,0.015,0.030,-0.135,-0.190,-0.215,-0.115,-0.120
-0.090,-0.030,0.060,0.060,-0.075,0.015,0.030,-0.135,-0.190,-0.215,-0.115,-0.120
-0.090,-0.030,0.060,0.060,-0.075,0.015,0.030,-0.135,-0.190,-0.215,-0.115,-0.120
-0.090,-0.030,0.060,0.060,-0.075,0.015,0.030,-0.135,-0.190,-0.219,-0.115,-0.120
-0.090,-0.030,0.060,0.060,-0.075,0.015,0.030,-0.135,-0.190,-0.220,-0.115,-0.120
-0.090,-0.030,0.060,0.060,-0.075,0.015,0.030,-0.135,-0.190,-0.220,-0.115,-0.120
-0.090,-0.030,0.060,0.060,-0.075,0.015,0.030,-0.135,-0.190,-0.220,-0.115,-0.120
-0.090,-0.030,0.060,0.060,-0.075,0.015,0.030,-0.135,-0.190,-0.220,-0.115,-0.120
-0.090,-0.030,0.060,0.060,-0.075,0.015,0.030,-0.135,-0.190,-0.220,-0.115,-0.120
-0.090,-0.030,0.060,0.060,-0.075,0.015,0.030,-0.135,-0.193,-0.217,-0.114,-0.120
-0.090,-0.030,0.060,0.060,-0.075,0.015,0.030,-0.135,-0.196,-0.214,-0.117,-0.120
-0.089,-0.029,0.060,0.059,-0.075,0.015,0.030,-0.135,-0.195,-0.215,-0.120,-0.120
-0.085,-0.025,0.060,0.055,-0.072,0.017,0.030,-0.135,-0.195,-0.215,-0.120,-0.120
-0.085,-0.025,0.060,0.055,-0.072,0.017,0.030,-0.135,-0.195,-0.215,-0.120,-0.120
-0.085,-0.025,0.060,0.055,-0.072,0.017,0.030,-0.134,-0.195,-0.215,-0.120,-0.120
-0.085,-0.025,0.060,0.055,-0.072,0.017,0.030,-0.137,-0.195,-0.215,-0.120,-0.120
-0.085,-0.025,0.060,0.055,-0.072,0.017,0.030,-0.140,-0.195,-0.215,-0.120,-0.120
-0.085,-0.025,0.060,0.055,-0.072,0.017,0.030,-0.140,-0.195,-0.215,-0.120,-0.120
-0.085,-0.025,0.060,0.055,-0.072,0.017,0.030,-0.140,-0.195,-0.215,-0.120,-0.120
-0.086,-0.025,0.061,0.055,-0.073,0.017,0.030,-0.140,-0.195,-0.215,-0.120,-0.120
-0.083,-0.025,0.058,0.054,-0.070,0.016,0.030,-0.140,-0.195,-0.215,-0.120,-0.120
-0.080,-0.025,0.055,0.052,-0.067,0.015,0.030,-0.140,-0.195,-0.215,-0.120,-0.120
-0.080,-0.025,0.055,0.052,-0.067,0.015,0.030,-0.140,-0.195,-0.215,-0.120,-0.120
-0.080,-0.025,0.055,0.052,-0.067,0.015,0.030,-0.140,-0.195,-0.215,-0.120,-0.120
-0.078,-0.026,0.052,0.051,-0.064,0.013,0.030,-0.140,-0.195,-0.215,-0.117,-0.120
-0.072,-0.023,0.049,0.048,-0.060,0.013,0.030,-0.140,-0.195,-0.215,-0.114,-0.120
-0.071,-0.020,0.051,0.045,-0.061,0.016,0.030,-0.140,-0.195,-0.215,-0.115,-0.120
-0.070,-0.020,0.050,0.045,-0.060,0.015,0.030,-0.140,-0.195,-0.215,-0.115,-0.120
-0.054,-0.020,0.034,0.036,-0.044,0.006,0.030,-0.139,-0.195,-0.215,-0.115,-0.120
-0.081,-0.020,0.062,0.050,-0.072,0.021,0.030,-0.150,-0.198,-0.215,-0.115,-0.120
-0.105,-0.020,0.085,0.063,-0.095,0.033,0.030,-0.155,-0.201,-0.215,-0.115,-0.120
-0.099,-0.020,0.079,0.059,-0.089,0.029,0.030,-0.149,-0.199,-0.215,-0.115,-0.120
-0.100,-0.020,0.080,0.060,-0.090,0.030,0.030,-0.150,-0.195,-0.215,-0.115,-0.120
-0.100,-0.020,0.080,0.060,-0.090,0.030,0.030,-0.150,-0.195,-0.215,-0.111,-0.120
-0.100,-0.020,0.080,0.060,-0.090,0.030,0.030,-0.150,-0.196,-0.215,-0.110,-0.120
-0.100,-0.020,0.080,0.060,-0.090,0.030,0.030,-0.150,-0.193,-0.215,-0.110,-0.120
-0.100,-0.020,0.080,0.060,-0.090,0.030,0.030,-0.150,-0.190,-0.214,-0.110,-0.120
-0.100,-0.020,0.080,0.060,-0.090,0.030,0.030,-0.150,-0.190,-0.210,-0.110,-0.120
-0.100,-0.020,0.080,0.060,-0.090,0.030,0.030,-0.146,-0.190,-0.210,-0.110,-0.120
-0.097,-0.017,0.080,0.057,-0.088,0.031,0.030,-0.145,-0.187,-0.211,-0.110,-0.120
-0.094,-0.014,0.080,0.054,-0.087,0.032,0.030,-0.145,-0.184,-0.208,-0.110,-0.120
-0.095,-0.015,0.080,0.055,-0.087,0.032,0.030,-0.145,-0.185,-0.205,-0.109,-0.120
-0.095,-0.015,0.080,0.055,-0.087,0.032,0.030,-0.145,-0.185,-0.205,-0.105,-0.120
-0.091,-0.011,0.080,0.051,-0.085,0.034,0.034,-0.145,-0.181,-0.205,-0.105,-0.120
-0.089,-0.009,0.080,0.049,-0.085,0.035,0.035,-0.146,-0.179,-0.206,-0.105,-0.117
-0.091,-0.011,0.080,0.051,-0.085,0.035,0.035,-0.143,-0.181,-0.203,-0.105,-0.114
-0.089,-0.009,0.080,0.049,-0.084,0.035,0.035,-0.140,-0.179,-0.200,-0.105,-0.115
-0.085,-0.005,0.080,0.045,-0.082,0.037,0.035,-0.140,-0.175,-0.200,-0.105,-0.115
-0.085,-0.005,0.080,0.045,-0.082,0.037,0.035,-0.140,-0.175,-0.200,-0.105,-0.111
-0.085,-0.005,0.080,0.045,-0.082,0.037,0.034,-0.140,-0.176,-0.200,-0.105,-0.110
-0.086,-0.005,0.080,0.045,-0.082,0.037,0.037,-0.140,-0.173,-0.198,-0.105,-0.110
-0.084,-0.004,0.079,0.044,-0.081,0.037,0.040,-0.140,-0.170,-0.195,-0.104,-0.110
-0.080,0.000,0.080,0.040,-0.080,0.040,0.040,-0.140,-0.170,-0.195,-0.100,-0.110
-0.089,0.004,0.093,0.042,-0.091,0.048,0.044,-0.136,-0.170,-0.195,-0.100,-0.106
-0.085,0.009,0.093,0.038,-0.089,0.051,0.044,-0.132,-0.167,-0.192,-0.097,-0.105
-0.079,0.010,0.089,0.034,-0.084,0.050,0.050,-0.128,-0.164,-0.190,-0.095,-0.105
-0.080,0.011,0.090,0.035,-0.085,0.050,0.062,-0.124,-0.165,-0.190,-0.094,-0.105
-0.075,0.015,0.090,0.030,-0.083,0.052,0.065,-0.120,-0.165,-0.190,-0.090,-0.105
-0.070,0.019,0.090,0.026,-0.080,0.055,0.065,-0.116,-0.165,-0.190,-0.090,-0.101
-0.070,0.020,0.090,0.025,-0.080,0.055,0.065,-0.113,-0.162,-0.187,-0.087,-0.099
-0.069,0.021,0.090,0.024,-0.079,0.055,0.065,-0.106,-0.158,-0.184,-0.085,-0.101
-0.064,0.026,0.090,0.019,-0.077,0.058,0.066,-0.099,-0.154,-0.185,-0.084,-0.099
-0.060,0.030,0.090,0.015,-0.075,0.060,0.070,-0.095,-0.150,-0.185,-0.080,-0.095
-0.056,0.029,0.086,0.013,-0.071,0.057,0.074,-0.087,-0.146,-0.185,-0.080,-0.095
-0.049,0.036,0.085,0.006,-0.067,0.060,0.075,-0.082,-0.142,-0.188,-0.077,-0.095
-0.043,0.042,0.085,0.000,-0.064,0.064,0.075,-0.076,-0.139,-0.191,-0.074,-0.095
-0.039,0.046,0.085,-0.004,-0.062,0.066,0.075,-0.069,-0.141,-0.190,-0.075,-0.094
-0.035,0.050,0.085,-0.008,-0.060,0.067,0.075,-0.065,-0.145,-0.190,-0.075,-0.090
-0.039,0.046,0.085,-0.004,-0.062,0.065,0.075,-0.061,-0.145,-0.190,-0.075,-0.090
-0.040,0.045,0.085,-0.003,-0.063,0.065,0.075,-0.059,-0.145,-0.189,-0.075,-0.090
-0.042,0.043,0.085,-0.001,-0.064,0.064,0.076,-0.061,-0.145,-0.192,-0.075,-0.090
-0.045,0.039,0.084,0.002,-0.065,0.061,0.072,-0.059,-0.145,-0.195,-0.075,-0.090
-0.040,0.040,0.080,0.000,-0.060,0.060,0.055,-0.060,-0.145,-0.195,-0.075,-0.090
-0.035,0.040,0.076,-0.003,-0.056,0.058,0.038,-0.080,-0.144,-0.195,-0.075,-0.090
-0.035,0.037,0.072,-0.001,-0.054,0.054,0.028,-0.095,-0.153,-0.195,-0.075,-0.090
-0.034,0.034,0.068,0.000,-0.051,0.051,0.021,-0.123,-0.181,-0.195,-0.075,-0.090
-0.028,0.035,0.064,-0.004,-0.047,0.049,0.013,-0.154,-0.202,-0.194,-0.075,-0.090
-0.025,0.035,0.060,-0.005,-0.043,0.047,0.005,-0.155,-0.195,-0.190,-0.075,-0.090
-0.029,0.031,0.060,-0.001,-0.045,0.045,-0.003,-0.155,-0.194,-0.190,-0.074,-0.089
-0.028,0.029,0.057,-0.001,-0.042,0.043,-0.011,-0.155,-0.196,-0.190,-0.082,-0.096
-0.024,0.031,0.054,-0.004,-0.039,0.042,-0.018,-0.155,-0.193,-0.190,-0.084,-0.103
-0.026,0.029,0.055,-0.002,-0.041,0.042,-0.019,-0.155,-0.190,-0.190,-0.079,-0.105
-0.030,0.025,0.055,0.002,-0.043,0.040,-0.015,-0.155,-0.190,-0.190,-0.080,-0.105
-0.030,0.025,0.055,0.002,-0.043,0.040,-0.015,-0.155,-0.190,-0.190,-0.080,-0.105
-0.033,0.022,0.055,0.005,-0.044,0.038,-0.012,-0.155,-0.190,-0.191,-0.080,-0.105
-0.036,0.019,0.055,0.008,-0.045,0.037,-0.010,-0.155,-0.188,-0.188,-0.080,-0.105
-0.035,0.020,0.055,0.007,-0.045,0.037,-0.009,-0.155,-0.185,-0.185,-0.079,-0.105
-0.035,0.020,0.055,0.007,-0.045,0.037,-0.005,-0.155,-0.185,-0.185,-0.075,-0.105
-0.035,0.016,0.051,0.009,-0.043,0.033,-0.005,-0.155,-0.185,-0.185,-0.075,-0.105
-0.035,0.014,0.050,0.010,-0.043,0.032,-0.002,-0.155,-0.182,-0.185,-0.075,-0.108
-0.035,0.016,0.050,0.010,-0.043,0.032,0.000,-0.155,-0.179,-0.185,-0.075,-0.111
-0.036,0.014,0.050,0.011,-0.043,0.032,0.001,-0.155,-0.180,-0.185,-0.075,-0.110
-0.040,0.010,0.050,0.015,-0.045,0.030,0.005,-0.155,-0.180,-0.185,-0.075,-0.110
-0.040,0.010,0.050,0.015,-0.045,0.030,0.005,-0.155,-0.179,-0.184,-0.078,-0.110
-0.039,0.011,0.050,0.014,-0.044,0.030,0.008,-0.155,-0.189,-0.190,-0.086,-0.110
-0.043,0.008,0.050,0.017,-0.047,0.029,0.010,-0.155,-0.197,-0.199,-0.092,-0.110
-0.044,0.005,0.049,0.020,-0.047,0.027,0.011,-0.155,-0.202,-0.207,-0.096,-0.110
-0.040,0.005,0.045,0.017,-0.043,0.025,0.015,-0.155,-0.215,-0.215,-0.100,-0.110
-0.044,0.001,0.045,0.021,-0.044,0.022,0.015,-0.155,-0.219,-0.219,-0.104,-0.114
-0.045,0.000,0.045,0.022,-0.045,0.022,0.018,-0.155,-0.223,-0.224,-0.111,-0.118
-0.047,-0.002,0.045,0.024,-0.046,0.021,0.021,-0.155,-0.227,-0.224,-0.118,-0.121
-0.050,-0.005,0.045,0.027,-0.047,0.020,0.020,-0.155,-0.230,-0.219,-0.121,-0.128
-0.050,-0.005,0.045,0.027,-0.047,0.020,0.020,-0.155,-0.230,-0.220,-0.125,-0.140
-0.054,-0.009,0.045,0.031,-0.050,0.017,0.020,-0.155,-0.230,-0.220,-0.129,-0.136
-0.055,-0.010,0.045,0.032,-0.050,0.017,0.020,-0.152,-0.230,-0.220,-0.130,-0.134
-0.056,-0.012,0.045,0.034,-0.050,0.016,0.020,-0.149,-0.230,-0.220,-0.130,-0.135
-0.061,-0.015,0.046,0.038,-0.053,0.015,0.020,-0.150,-0.230,-0.220,-0.130,-0.135
-0.065,-0.015,0.050,0.040,-0.057,0.017,0.020,-0.150,-0.230,-0.220,-0.130,-0.135
-0.069,-0.019,0.050,0.044,-0.060,0.015,0.020,-0.150,-0.230,-0.220,-0.130,-0.135
-0.070,-0.020,0.050,0.045,-0.060,0.015,0.020,-0.150,-0.230,-0.220,-0.130,-0.135
-0.072,-0.022,0.050,0.047,-0.061,0.014,0.020,-0.150,-0.230,-0.220,-0.130,-0.135
-0.075,-0.025,0.050,0.050,-0.062,0.012,0.021,-0.150,-0.230,-0.220,-0.130,-0.135
-0.075,-0.025,0.050,0.050,-0.062,0.012,0.025,-0.150,-0.230,-0.220,-0.130,-0.135
-0.079,-0.029,0.050,0.054,-0.064,0.010,0.025,-0.146,-0.230,-0.220,-0.130,-0.135
-0.081,-0.031,0.050,0.056,-0.065,0.010,0.028,-0.145,-0.230,-0.220,-0.130,-0.135
-0.079,-0.029,0.050,0.054,-0.065,0.010,0.030,-0.145,-0.230,-0.220,-0.130,-0.135
-0.081,-0.031,0.050,0.056,-0.065,0.010,0.031,-0.145,-0.230,-0.220,-0.130,-0.134
-0.085,-0.035,0.050,0.060,-0.067,0.007,0.035,-0.145,-0.230,-0.220,-0.130,-0.130
-0.085,-0.035,0.050,0.060,-0.067,0.007,0.035,-0.145,-0.230,-0.220,-0.130,-0.130
-0.089,-0.035,0.053,0.062,-0.070,0.009,0.038,-0.145,-0.230,-0.220,-0.130,-0.130
-0.089,-0.033,0.056,0.060,-0.072,0.011,0.041,-0.145,-0.230,-0.220,-0.130,-0.130
-0.084,-0.030,0.055,0.057,-0.070,0.012,0.040,-0.144,-0.230,-0.220,-0.130,-0.130
-0.085,-0.030,0.055,0.057,-0.070,0.012,0.040,-0.140,-0.230,-0.220,-0.130,-0.130
-0.085,-0.030,0.055,0.057,-0.070,0.012,0.040,-0.140,-0.230,-0.220,-0.130,-0.130
-0.085,-0.030,0.055,0.057,-0.070,0.012,0.040,-0.140,-0.230,-0.220,-0.130,-0.130
-0.085,-0.030,0.055,0.057,-0.070,0.012,0.040,-0.140,-0.230,-0.220,-0.130,-0.130
-0.084,-0.029,0.055,0.056,-0.070,0.012,0.040,-0.140,-0.230,-0.220,-0.130,-0.130
-0.080,-0.025,0.055,0.052,-0.067,0.015,0.040,-0.140,-0.230,-0.220,-0.130,-0.130
-0.080,-0.025,0.055,0.052,-0.067,0.015,0.040,-0.140,-0.234,-0.216,-0.130,-0.130
-0.080,-0.025,0.055,0.052,-0.067,0.015,0.040,-0.140,-0.235,-0.215,-0.131,-0.131
-0.080,-0.025,0.055,0.052,-0.067,0.015,0.040,-0.140,-0.235,-0.215,-0.128,-0.128
-0.080,-0.025,0.055,0.052,-0.067,0.015,0.041,-0.139,-0.235,-0.215,-0.125,-0.125
-0.080,-0.025,0.055,0.052,-0.067,0.015,0.045,-0.135,-0.235,-0.215,-0.125,-0.125
-0.085,-0.025,0.059,0.055,-0.071,0.016,0.046,-0.135,-0.235,-0.211,-0.125,-0.125
-0.082,-0.022,0.060,0.052,-0.071,0.019,0.042,-0.135,-0.235,-0.210,-0.126,-0.125
-0.079,-0.019,0.060,0.049,-0.070,0.020,0.039,-0.135,-0.235,-0.210,-0.123,-0.125
-0.080,-0.020,0.060,0.050,-0.070,0.020,0.040,-0.135,-0.235,-0.210,-0.120,-0.125
-0.080,-0.020,0.060,0.050,-0.070,0.020,0.040,-0.135,-0.235,-0.210,-0.120,-0.125
-0.080,-0.020,0.060,0.050,-0.070,0.020,0.036,-0.135,-0.235,-0.210,-0.120,-0.125
-0.081,-0.021,0.060,0.051,-0.070,0.020,0.035,-0.135,-0.238,-0.207,-0.120,-0.125
-0.078,-0.018,0.060,0.048,-0.069,0.021,0.035,-0.135,-0.241,-0.204,-0.120,-0.125
-0.075,-0.015,0.060,0.045,-0.067,0.022,0.035,-0.135,-0.240,-0.205,-0.119,-0.125
-0.075,-0.015,0.060,0.045,-0.067,0.022,0.035,-0.135,-0.240,-0.205,-0.115,-0.125
-0.075,-0.015,0.060,0.045,-0.067,0.022,0.031,-0.135,-0.240,-0.205,-0.115,-0.125
-0.075,-0.015,0.060,0.045,-0.067,0.022,0.029,-0.135,-0.240,-0.202,-0.115,-0.125
-0.074,-0.015,0.060,0.045,-0.066,0.022,0.031,-0.135,-0.240,-0.199,-0.115,-0.125
-0.076,-0.015,0.061,0.046,-0.068,0.022,0.029,-0.135,-0.240,-0.200,-0.115,-0.125
-0.080,-0.015,0.065,0.047,-0.072,0.025,0.025,-0.135,-0.240,-0.200,-0.115,-0.125
-0.074,-0.007,0.067,0.040,-0.070,0.030,0.025,-0.133,-0.240,-0.200,-0.107,-0.117
-0.087,-0.002,0.085,0.044,-0.086,0.041,0.024,-0.152,-0.241,-0.202,-0.099,-0.109
-0.095,0.004,0.099,0.045,-0.097,0.051,0.027,-0.173,-0.238,-0.193,-0.090,-0.100
-0.089,0.011,0.100,0.039,-0.095,0.056,0.021,-0.182,-0.235,-0.177,-0.086,-0.095
-0.090,0.015,0.105,0.037,-0.098,0.060,-0.005,-0.195,-0.230,-0.160,-0.080,-0.085
-0.083,0.033,0.116,0.025,-0.100,0.074,-0.028,-0.211,-0.199,-0.116,-0.033,-0.042
-0.065,0.068,0.133,-0.001,-0.099,0.100,-0.059,-0.191,-0.165,-0.077,0.011,-0.001
-0.030,0.113,0.144,-0.042,-0.087,0.128,-0.089,-0.150,-0.151,-0.026,0.068,0.049
-0.001,0.144,0.145,-0.072,-0.073,0.144,-0.108,-0.127,-0.149,0.041,0.134,0.108
0.010,0.155,0.145,-0.083,-0.068,0.150,-0.130,-0.165,-0.145,0.100,0.185,0.155
0.050,0.194,0.144,-0.122,-0.048,0.169,-0.189,-0.317,-0.142,0.148,0.256,0.217
0.085,0.235,0.150,-0.161,-0.033,0.192,-0.248,-0.546,-0.130,0.197,0.330,0.289
0.150,0.278,0.128,-0.214,0.010,0.203,-0.303,-0.772,-0.158,0.256,0.399,0.362
0.232,0.318,0.086,-0.276,0.073,0.201,-0.386,-0.931,-0.182,0.339,0.486,0.450
0.295,0.340,0.045,-0.318,0.125,0.192,-0.505,-1.025,-0.125,0.445,0.605,0.560
0.401,0.365,-0.036,-0.383,0.218,0.164,-0.612,-1.115,-0.079,0.553,0.729,0.673
0.551,0.418,-0.133,-0.484,0.341,0.143,-0.737,-1.191,-0.048,0.696,0.888,0.818
0.705,0.496,-0.209,-0.600,0.456,0.143,-0.904,-1.310,-0.024,0.834,1.057,0.981
0.835,0.581,-0.254,-0.708,0.545,0.163,-1.073,-1.458,0.012,0.950,1.214,1.138
0.950,0.670,-0.280,-0.810,0.615,0.195,-1.195,-1.525,0.065,1.065,1.360,1.280
1.064,0.751,-0.314,-0.907,0.689,0.218,-1.275,-1.470,0.109,1.135,1.442,1.367
1.115,0.673,-0.443,-0.894,0.779,0.114,-1.247,-1.404,0.190,1.083,1.365,1.286
1.105,0.495,-0.610,-0.800,0.857,-0.058,-1.179,-1.357,0.218,0.933,1.170,1.096
1.089,0.361,-0.728,-0.724,0.908,-0.183,-1.135,-1.325,0.167,0.784,0.988,0.932
1.090,0.285,-0.805,-0.687,0.947,-0.260,-1.105,-1.280,0.140,0.675,0.860,0.820
1.067,0.152,-0.915,-0.609,0.990,-0.381,-1.078,-1.134,0.160,0.515,0.671,0.654
1.036,0.011,-1.026,-0.523,1.031,-0.507,-1.005,-1.007,0.128,0.340,0.481,0.487
0.952,-0.104,-1.056,-0.424,1.004,-0.579,-0.904,-0.944,0.033,0.171,0.311,0.334
0.825,-0.207,-1.031,-0.308,0.928,-0.619,-0.796,-0.878,-0.067,0.003,0.142,0.182
0.710,-0.310,-1.020,-0.200,0.865,-0.665,-0.675,-0.785,-0.155,-0.170,-0.030,0.030
0.579,-0.381,-0.960,-0.099,0.770,-0.670,-0.558,-0.745,-0.296,-0.344,-0.189,-0.105
0.449,-0.431,-0.880,-0.009,0.664,-0.655,-0.453,-0.720,-0.475,-0.489,-0.314,-0.208
0.370,-0.430,-0.800,0.030,0.585,-0.615,-0.360,-0.656,-0.533,-0.522,-0.347,-0.255
0.310,-0.392,-0.702,0.041,0.506,-0.547,-0.283,-0.561,-0.479,-0.475,-0.319,-0.252
0.215,-0.365,-0.580,0.075,0.398,-0.472,-0.220,-0.480,-0.455,-0.445,-0.305,-0.235
0.154,-0.314,-0.468,0.080,0.311,-0.391,-0.158,-0.430,-0.419,-0.398,-0.274,-0.223
0.095,-0.262,-0.357,0.084,0.226,-0.310,-0.117,-0.387,-0.386,-0.350,-0.243,-0.208
0.056,-0.220,-0.276,0.082,0.166,-0.248,-0.081,-0.344,-0.351,-0.313,-0.218,-0.192
0.040,-0.180,-0.220,0.070,0.130,-0.199,-0.049,-0.305,-0.311,-0.282,-0.194,-0.176
0.015,-0.145,-0.160,0.065,0.088,-0.152,-0.035,-0.265,-0.275,-0.255,-0.175,-0.160
-0.002,-0.132,-0.130,0.067,0.064,-0.131,-0.019,-0.217,-0.236,-0.239,-0.167,-0.147
-0.015,-0.121,-0.107,0.069,0.046,-0.114,-0.002,-0.170,-0.195,-0.223,-0.159,-0.141
-0.023,-0.109,-0.086,0.067,0.031,-0.097,0.011,-0.132,-0.173,-0.207,-0.151,-0.140
-0.025,-0.097,-0.072,0.061,0.024,-0.084,0.024,-0.095,-0.168,-0.191,-0.143,-0.140
-0.025,-0.085,-0.060,0.055,0.018,-0.072,0.040,-0.060,-0.160,-0.180,-0.135,-0.140
-0.033,-0.077,-0.044,0.055,0.006,-0.060,0.052,-0.047,-0.156,-0.175,-0.127,-0.140
-0.038,-0.069,-0.030,0.054,-0.003,-0.049,0.067,-0.039,-0.150,-0.175,-0.121,-0.137
-0.043,-0.063,-0.020,0.053,-0.011,-0.041,0.082,-0.031,-0.140,-0.175,-0.121,-0.134
-0.045,-0.058,-0.014,0.052,-0.015,-0.036,0.092,-0.022,-0.134,-0.175,-0.127,-0.135
-0.040,-0.050,-0.010,0.045,-0.015,-0.030,0.095,-0.010,-0.130,-0.175,-0.130,-0.135
-0.040,-0.042,-0.002,0.041,-0.019,-0.022,0.095,-0.002,-0.126,-0.171,-0.126,-0.135
-0.040,-0.037,0.003,0.038,-0.021,-0.017,0.095,0.006,-0.125,-0.170,-0.124,-0.132
-0.042,-0.033,0.009,0.037,-0.025,-0.012,0.095,0.014,-0.123,-0.170,-0.125,-0.129
-0.046,-0.030,0.016,0.037,-0.031,-0.006,0.095,0.021,-0.120,-0.170,-0.125,-0.130
-0.050,-0.030,0.020,0.040,-0.035,-0.005,0.095,0.025,-0.120,-0.170,-0.125,-0.130
-0.055,-0.030,0.024,0.042,-0.039,-0.003,0.095,0.029,-0.116,-0.166,-0.125,-0.130
-0.054,-0.027,0.028,0.040,-0.041,0.000,0.098,0.036,-0.115,-0.165,-0.125,-0.131
-0.058,-0.025,0.034,0.042,-0.046,0.004,0.101,0.043,-0.113,-0.165,-0.125,-0.128
-0.067,-0.025,0.042,0.046,-0.054,0.008,0.100,0.046,-0.110,-0.165,-0.125,-0.125
-0.070,-0.025,0.045,0.047,-0.057,0.010,0.100,0.050,-0.110,-0.165,-0.125,-0.125
-0.071,-0.025,0.045,0.047,-0.057,0.010,0.100,0.054,-0.106,-0.165,-0.125,-0.125
-0.067,-0.022,0.045,0.044,-0.056,0.011,0.100,0.055,-0.105,-0.162,-0.125,-0.126
-0.064,-0.019,0.045,0.041,-0.055,0.012,0.100,0.057,-0.103,-0.159,-0.125,-0.123
-0.065,-0.020,0.045,0.042,-0.055,0.012,0.101,0.060,-0.100,-0.160,-0.124,-0.120
-0.065,-0.020,0.045,0.042,-0.055,0.012,0.105,0.060,-0.100,-0.160,-0.120,-0.120
-0.065,-0.020,0.045,0.042,-0.055,0.012,0.105,0.064,-0.096,-0.160,-0.120,-0.120
-0.065,-0.017,0.048,0.041,-0.056,0.015,0.108,0.068,-0.095,-0.157,-0.120,-0.120
-0.065,-0.014,0.051,0.040,-0.057,0.018,0.110,0.074,-0.093,-0.154,-0.120,-0.120
-0.065,-0.015,0.050,0.040,-0.057,0.017,0.111,0.082,-0.090,-0.155,-0.120,-0.119
-0.065,-0.015,0.050,0.040,-0.057,0.017,0.115,0.085,-0.090,-0.155,-0.120,-0.115
-0.061,-0.011,0.050,0.036,-0.055,0.020,0.115,0.085,-0.086,-0.155,-0.120,-0.115
-0.060,-0.010,0.050,0.035,-0.055,0.020,0.115,0.085,-0.085,-0.156,-0.120,-0.115
-0.060,-0.010,0.050,0.035,-0.055,0.020,0.115,0.085,-0.083,-0.153,-0.120,-0.115
-0.060,-0.010,0.050,0.035,-0.055,0.020,0.115,0.086,-0.079,-0.150,-0.120,-0.115
-0.060,-0.010,0.050,0.035,-0.055,0.020,0.115,0.090,-0.080,-0.150,-0.120,-0.115
-0.056,-0.006,0.050,0.031,-0.052,0.022,0.115,0.094,-0.081,-0.146,-0.120,-0.111
-0.055,-0.005,0.050,0.030,-0.052,0.022,0.115,0.098,-0.077,-0.144,-0.121,-0.110
-0.054,-0.005,0.049,0.029,-0.051,0.021,0.115,0.102,-0.075,-0.146,-0.118,-0.110
-0.058,-0.005,0.053,0.031,-0.055,0.023,0.115,0.105,-0.074,-0.144,-0.115,-0.110
-0.070,-0.005,0.065,0.037,-0.067,0.030,0.115,0.105,-0.070,-0.140,-0.115,-0.110
-0.063,-0.001,0.061,0.032,-0.062,0.030,0.119,0.109,-0.070,-0.140,-0.115,-0.110
-0.056,0.003,0.059,0.026,-0.058,0.031,0.120,0.110,-0.067,-0.137,-0.112,-0.111
-0.054,0.007,0.061,0.023,-0.057,0.033,0.120,0.111,-0.064,-0.134,-0.110,-0.108
-0.048,0.011,0.059,0.019,-0.054,0.035,0.120,0.117,-0.065,-0.135,-0.110,-0.105
-0.040,0.015,0.055,0.012,-0.048,0.035,0.120,0.125,-0.065,-0.135,-0.110,-0.105
-0.036,0.019,0.055,0.008,-0.045,0.037,0.120,0.130,-0.057,-0.131,-0.110,-0.105
-0.034,0.021,0.055,0.006,-0.044,0.037,0.120,0.131,-0.051,-0.130,-0.107,-0.105
-0.037,0.018,0.055,0.009,-0.047,0.036,0.120,0.143,-0.049,-0.128,-0.104,-0.105
-0.040,0.015,0.054,0.012,-0.047,0.034,0.120,0.157,-0.043,-0.124,-0.105,-0.104
-0.035,0.015,0.050,0.010,-0.043,0.032,0.120,0.160,-0.035,-0.125,-0.105,-0.100
-0.035,0.015,0.050,0.010,-0.043,0.032,0.120,0.160,-0.031,-0.125,-0.101,-0.100
-0.035,0.015,0.050,0.010,-0.043,0.032,0.123,0.163,-0.028,-0.122,-0.100,-0.100
-0.035,0.015,0.050,0.010,-0.043,0.032,0.126,0.167,-0.021,-0.119,-0.100,-0.100
-0.034,0.015,0.049,0.010,-0.042,0.032,0.125,0.171,-0.014,-0.120,-0.100,-0.100
-0.030,0.015,0.045,0.007,-0.038,0.030,0.125,0.175,-0.010,-0.120,-0.100,-0.100
-0.030,0.015,0.045,0.007,-0.038,0.030,0.125,0.183,-0.006,-0.116,-0.096,-0.100
-0.031,0.015,0.046,0.007,-0.039,0.030,0.125,0.187,-0.002,-0.115,-0.095,-0.097
-0.028,0.015,0.043,0.006,-0.036,0.029,0.125,0.196,0.002,-0.113,-0.095,-0.094
-0.025,0.015,0.040,0.005,-0.033,0.027,0.125,0.207,0.006,-0.110,-0.095,-0.095
-0.025,0.015,0.040,0.005,-0.033,0.027,0.125,0.210,0.010,-0.110,-0.095,-0.095
-0.025,0.015,0.040,0.005,-0.033,0.027,0.129,0.214,0.014,-0.106,-0.091,-0.091
-0.026,0.015,0.041,0.005,-0.034,0.027,0.130,0.218,0.018,-0.105,-0.090,-0.089
-0.023,0.015,0.038,0.004,-0.031,0.026,0.130,0.222,0.022,-0.103,-0.088,-0.091
-0.020,0.015,0.035,0.002,-0.028,0.025,0.130,0.226,0.026,-0.100,-0.085,-0.089
-0.020,0.015,0.035,0.002,-0.028,0.025,0.130,0.230,0.030,-0.100,-0.085,-0.085
-0.020,0.015,0.035,0.002,-0.028,0.025,0.130,0.242,0.034,-0.096,-0.081,-0.085
-0.019,0.015,0.034,0.001,-0.027,0.024,0.130,0.251,0.038,-0.095,-0.080,-0.086
-0.024,0.015,0.039,0.004,-0.032,0.027,0.130,0.259,0.044,-0.094,-0.078,-0.083
-0.031,0.015,0.046,0.007,-0.039,0.030,0.131,0.266,0.052,-0.089,-0.075,-0.080
-0.030,0.015,0.045,0.007,-0.038,0.030,0.135,0.270,0.060,-0.085,-0.075,-0.080
-0.030,0.015,0.045,0.007,-0.038,0.030,0.139,0.282,0.073,-0.081,-0.071,-0.080
-0.030,0.015,0.045,0.007,-0.038,0.030,0.143,0.291,0.078,-0.077,-0.070,-0.077
-0.030,0.015,0.045,0.007,-0.038,0.030,0.147,0.300,0.085,-0.073,-0.069,-0.074
-0.031,0.014,0.045,0.008,-0.038,0.030,0.151,0.313,0.098,-0.069,-0.064,-0.075
-0.030,0.015,0.045,0.007,-0.038,0.030,0.155,0.325,0.105,-0.065,-0.060,-0.075
-0.018,0.027,0.045,-0.005,-0.031,0.036,0.155,0.337,0.113,-0.061,-0.056,-0.071
-0.011,0.034,0.045,-0.012,-0.028,0.039,0.155,0.347,0.118,-0.057,-0.052,-0.069
-0.010,0.035,0.045,-0.013,-0.028,0.040,0.155,0.352,0.124,-0.053,-0.048,-0.070
-0.010,0.035,0.045,-0.013,-0.028,0.040,0.155,0.357,0.132,-0.049,-0.045,-0.069
-0.010,0.035,0.045,-0.013,-0.028,0.040,0.155,0.370,0.140,-0.045,-0.045,-0.065
-0.010,0.035,0.045,-0.013,-0.028,0.040,0.155,0.386,0.152,-0.041,-0.041,-0.060
-0.010,0.035,0.045,-0.013,-0.028,0.040,0.155,0.399,0.162,-0.037,-0.037,-0.060
-0.010,0.035,0.045,-0.013,-0.028,0.040,0.155,0.411,0.168,-0.033,-0.033,-0.058
-0.009,0.036,0.045,-0.014,-0.027,0.040,0.156,0.424,0.178,-0.029,-0.029,-0.055
-0.005,0.040,0.045,-0.018,-0.025,0.042,0.160,0.440,0.195,-0.025,-0.025,-0.055
-0.005,0.040,0.045,-0.018,-0.025,0.042,0.164,0.457,0.208,-0.021,-0.020,-0.051
-0.002,0.044,0.046,-0.022,-0.024,0.045,0.165,0.465,0.215,-0.017,-0.021,-0.046
0.000,0.042,0.043,-0.022,-0.022,0.043,0.165,0.480,0.227,-0.013,-0.017,-0.045
0.002,0.051,0.049,-0.027,-0.024,0.050,0.165,0.498,0.235,-0.009,-0.008,-0.044
0.010,0.080,0.070,-0.045,-0.030,0.075,0.165,0.505,0.235,-0.005,-0.005,-0.040
0.006,0.077,0.071,-0.042,-0.033,0.074,0.176,0.528,0.254,0.007,-0.002,-0.041
0.004,0.074,0.069,-0.039,-0.033,0.071,0.191,0.551,0.275,0.017,0.006,-0.034
0.006,0.076,0.070,-0.041,-0.033,0.072,0.196,0.568,0.296,0.023,0.013,-0.027
0.004,0.074,0.070,-0.039,-0.033,0.072,0.195,0.584,0.313,0.033,0.016,-0.024
0.000,0.070,0.070,-0.035,-0.035,0.070,0.195,0.600,0.320,0.045,0.020,-0.020
0.000,0.070,0.070,-0.035,-0.035,0.070,0.195,0.612,0.336,0.053,0.024,-0.016
0.000,0.070,0.070,-0.035,-0.035,0.070,0.194,0.629,0.349,0.060,0.025,-0.012
-0.001,0.069,0.070,-0.034,-0.035,0.070,0.200,0.653,0.362,0.072,0.027,-0.008
0.002,0.072,0.070,-0.037,-0.034,0.071,0.212,0.675,0.379,0.081,0.031,-0.003
0.015,0.085,0.070,-0.050,-0.028,0.077,0.215,0.690,0.395,0.085,0.035,0.005
0.028,0.099,0.070,-0.064,-0.021,0.084,0.215,0.710,0.414,0.102,0.043,0.009
0.028,0.098,0.070,-0.063,-0.021,0.084,0.218,0.731,0.439,0.105,0.051,0.013
0.023,0.093,0.070,-0.058,-0.024,0.081,0.221,0.748,0.459,0.111,0.059,0.017
0.028,0.098,0.070,-0.063,-0.022,0.083,0.219,0.765,0.474,0.129,0.067,0.021
0.040,0.110,0.070,-0.075,-0.015,0.090,0.215,0.785,0.490,0.140,0.075,0.025
0.044,0.114,0.071,-0.079,-0.014,0.092,0.211,0.802,0.510,0.145,0.079,0.030
0.054,0.120,0.067,-0.087,-0.006,0.093,0.207,0.814,0.525,0.145,0.082,0.028
0.063,0.145,0.082,-0.104,-0.010,0.114,0.204,0.826,0.534,0.145,0.075,0.022
0.066,0.167,0.101,-0.116,-0.018,0.134,0.207,0.847,0.551,0.154,0.080,0.029
0.070,0.160,0.090,-0.115,-0.010,0.125,0.220,0.880,0.585,0.180,0.110,0.055
0.078,0.159,0.082,-0.119,-0.002,0.121,0.233,0.910,0.618,0.202,0.123,0.072
0.086,0.160,0.074,-0.123,0.006,0.117,0.233,0.925,0.645,0.211,0.131,0.080
0.094,0.160,0.066,-0.127,0.014,0.113,0.228,0.938,0.663,0.222,0.138,0.079
0.102,0.160,0.058,-0.131,0.022,0.109,0.224,0.954,0.680,0.239,0.149,0.082
0.110,0.160,0.050,-0.135,0.030,0.105,0.220,0.965,0.700,0.250,0.165,0.095
0.118,0.160,0.042,-0.139,0.038,0.101,0.220,0.977,0.716,0.254,0.170,0.100
0.127,0.163,0.036,-0.145,0.045,0.100,0.218,0.989,0.736,0.261,0.172,0.099
0.130,0.165,0.035,-0.148,0.047,0.100,0.212,1.001,0.750,0.269,0.179,0.104
0.131,0.165,0.034,-0.149,0.048,0.100,0.210,1.014,0.766,0.278,0.186,0.111
0.140,0.170,0.030,-0.155,0.055,0.100,0.210,1.030,0.795,0.290,0.190,0.115
0.152,0.181,0.030,-0.167,0.061,0.105,0.206,1.046,0.812,0.299,0.198,0.123
0.165,0.196,0.031,-0.180,0.067,0.113,0.201,1.061,0.827,0.302,0.202,0.129
0.173,0.201,0.028,-0.187,0.073,0.114,0.200,1.064,0.843,0.310,0.211,0.130
0.175,0.200,0.025,-0.188,0.075,0.112,0.199,1.059,0.859,0.324,0.222,0.139
0.175,0.200,0.025,-0.188,0.075,0.112,0.195,1.060,0.875,0.335,0.225,0.155
0.173,0.194,0.021,-0.184,0.076,0.107,0.191,1.060,0.879,0.335,0.229,0.156
0.189,0.208,0.019,-0.198,0.084,0.113,0.187,1.060,0.883,0.336,0.231,0.155
0.193,0.214,0.021,-0.203,0.085,0.117,0.183,1.060,0.886,0.332,0.229,0.153
0.185,0.203,0.018,-0.194,0.083,0.110,0.179,1.061,0.894,0.332,0.233,0.159
0.195,0.200,0.005,-0.198,0.095,0.102,0.175,1.060,0.910,0.350,0.250,0.180
0.200,0.197,-0.003,-0.198,0.101,0.097,0.172,1.048,0.903,0.364,0.264,0.185
0.199,0.189,-0.010,-0.193,0.104,0.089,0.161,1.036,0.897,0.363,0.263,0.189
0.203,0.182,-0.021,-0.193,0.112,0.081,0.150,1.023,0.891,0.358,0.258,0.189
0.212,0.179,-0.032,-0.195,0.122,0.073,0.143,1.013,0.884,0.354,0.254,0.185
0.215,0.175,-0.040,-0.195,0.127,0.067,0.135,1.005,0.880,0.350,0.250,0.185
0.219,0.171,-0.048,-0.195,0.133,0.062,0.127,0.978,0.871,0.346,0.250,0.181
0.224,0.167,-0.057,-0.196,0.141,0.055,0.119,0.949,0.869,0.341,0.248,0.180
0.222,0.163,-0.059,-0.192,0.140,0.051,0.111,0.921,0.855,0.341,0.242,0.178
0.214,0.159,-0.055,-0.186,0.134,0.052,0.103,0.893,0.830,0.338,0.240,0.175
0.210,0.155,-0.055,-0.182,0.132,0.050,0.095,0.865,0.810,0.325,0.240,0.175
0.201,0.150,-0.051,-0.176,0.126,0.050,0.091,0.829,0.778,0.317,0.236,0.171
0.201,0.151,-0.050,-0.176,0.125,0.050,0.087,0.793,0.746,0.309,0.231,0.170
0.195,0.147,-0.048,-0.171,0.122,0.049,0.083,0.757,0.712,0.302,0.231,0.168
0.183,0.138,-0.045,-0.160,0.114,0.046,0.079,0.721,0.677,0.292,0.228,0.165
0.175,0.130,-0.045,-0.152,0.110,0.042,0.075,0.685,0.645,0.275,0.215,0.165
0.163,0.122,-0.041,-0.142,0.102,0.041,0.071,0.645,0.605,0.259,0.203,0.154
0.154,0.114,-0.040,-0.134,0.097,0.037,0.067,0.605,0.565,0.240,0.191,0.140
0.144,0.106,-0.038,-0.124,0.091,0.033,0.065,0.565,0.523,0.221,0.179,0.131
0.134,0.099,-0.035,-0.116,0.084,0.032,0.065,0.526,0.480,0.206,0.167,0.122
0.130,0.095,-0.035,-0.112,0.082,0.030,0.065,0.490,0.440,0.190,0.155,0.110
0.114,0.087,-0.028,-0.100,0.070,0.030,0.065,0.454,0.400,0.174,0.147,0.098
0.100,0.082,-0.018,-0.090,0.059,0.031,0.066,0.418,0.363,0.157,0.136,0.089
0.091,0.078,-0.013,-0.084,0.052,0.032,0.063,0.383,0.327,0.144,0.126,0.081
0.082,0.074,-0.008,-0.078,0.045,0.032,0.060,0.352,0.291,0.131,0.117,0.073
0.070,0.070,0.000,-0.070,0.035,0.035,0.060,0.320,0.255,0.115,0.100,0.065
0.058,0.066,0.008,-0.062,0.024,0.037,0.060,0.284,0.215,0.099,0.088,0.057
0.049,0.063,0.014,-0.056,0.017,0.038,0.060,0.250,0.176,0.083,0.076,0.049
0.041,0.056,0.015,-0.049,0.013,0.035,0.060,0.222,0.146,0.067,0.064,0.041
0.034,0.049,0.015,-0.042,0.009,0.031,0.060,0.200,0.125,0.051,0.052,0.033
0.030,0.045,0.015,-0.038,0.007,0.030,0.060,0.180,0.105,0.040,0.040,0.025
0.022,0.037,0.015,-0.030,0.003,0.026,0.056,0.160,0.077,0.032,0.032,0.017
0.017,0.032,0.015,-0.025,0.001,0.023,0.055,0.143,0.051,0.021,0.024,0.009
0.010,0.026,0.016,-0.018,-0.003,0.021,0.055,0.127,0.031,0.011,0.016,0.001
-0.003,0.019,0.021,-0.008,-0.012,0.020,0.055,0.111,0.016,0.002,0.008,-0.007
-0.010,0.015,0.025,-0.003,-0.018,0.020,0.055,0.095,0.000,-0.010,0.000,-0.015
-0.014,0.011,0.025,0.001,-0.020,0.018,0.055,0.083,-0.016,-0.018,-0.008,-0.023
-0.017,0.007,0.024,0.005,-0.021,0.015,0.052,0.071,-0.032,-0.026,-0.016,-0.028
-0.024,0.003,0.027,0.010,-0.026,0.015,0.049,0.061,-0.048,-0.034,-0.023,-0.032
-0.032,-0.001,0.030,0.016,-0.031,0.014,0.050,0.052,-0.063,-0.043,-0.026,-0.035
-0.035,-0.005,0.030,0.020,-0.032,0.012,0.050,0.040,-0.075,-0.055,-0.030,-0.035
-0.035,-0.005,0.030,0.020,-0.032,0.012,0.050,0.028,-0.086,-0.059,-0.038,-0.043
-0.035,-0.008,0.027,0.021,-0.031,0.009,0.050,0.019,-0.103,-0.063,-0.043,-0.049
-0.037,-0.012,0.024,0.024,-0.030,0.006,0.050,0.011,-0.113,-0.067,-0.048,-0.050
-0.041,-0.016,0.025,0.028,-0.033,0.005,0.050,0.004,-0.116,-0.071,-0.050,-0.051
-0.045,-0.020,0.025,0.032,-0.035,0.002,0.050,0.000,-0.120,-0.075,-0.045,-0.055
-0.049,-0.024,0.025,0.036,-0.037,0.000,0.050,-0.008,-0.123,-0.074,-0.043,-0.054
-0.050,-0.025,0.025,0.037,-0.037,0.000,0.050,-0.013,-0.137,-0.084,-0.057,-0.063
-0.052,-0.027,0.025,0.039,-0.038,-0.001,0.050,-0.019,-0.149,-0.094,-0.071,-0.077
-0.056,-0.030,0.025,0.043,-0.040,-0.002,0.050,-0.027,-0.151,-0.095,-0.076,-0.087
-0.055,-0.030,0.025,0.042,-0.040,-0.002,0.050,-0.030,-0.155,-0.095,-0.080,-0.090
-0.051,-0.030,0.021,0.040,-0.036,-0.005,0.050,-0.026,-0.160,-0.095,-0.080,-0.090
-0.049,-0.030,0.020,0.039,-0.034,-0.005,0.050,-0.025,-0.160,-0.098,-0.079,-0.090
-0.052,-0.032,0.020,0.042,-0.036,-0.005,0.050,-0.025,-0.162,-0.101,-0.082,-0.090
-0.056,-0.036,0.020,0.046,-0.038,-0.008,0.050,-0.025,-0.165,-0.100,-0.085,-0.090
-0.060,-0.040,0.020,0.050,-0.040,-0.010,0.050,-0.025,-0.165,-0.100,-0.085,-0.090
-0.064,-0.044,0.020,0.054,-0.042,-0.012,0.050,-0.025,-0.169,-0.104,-0.085,-0.090
-0.066,-0.046,0.020,0.056,-0.042,-0.012,0.050,-0.025,-0.170,-0.108,-0.088,-0.090
-0.063,-0.043,0.020,0.053,-0.042,-0.011,0.050,-0.025,-0.172,-0.112,-0.091,-0.090
-0.059,-0.040,0.019,0.049,-0.039,-0.010,0.050,-0.025,-0.175,-0.115,-0.090,-0.090
-0.055,-0.040,0.015,0.047,-0.035,-0.012,0.050,-0.025,-0.175,-0.115,-0.090,-0.090
-0.055,-0.040,0.015,0.047,-0.035,-0.012,0.050,-0.025,-0.179,-0.115,-0.090,-0.090
-0.054,-0.039,0.015,0.046,-0.035,-0.011,0.053,-0.025,-0.181,-0.118,-0.090,-0.090
-0.058,-0.043,0.015,0.050,-0.037,-0.014,0.055,-0.025,-0.179,-0.121,-0.090,-0.090
-0.067,-0.052,0.015,0.059,-0.041,-0.018,0.056,-0.024,-0.181,-0.120,-0.091,-0.090
-0.070,-0.055,0.015,0.062,-0.042,-0.020,0.060,-0.020,-0.185,-0.120,-0.095,-0.090
-0.070,-0.055,0.015,0.062,-0.042,-0.020,0.060,-0.020,-0.185,-0.124,-0.100,-0.090
-0.070,-0.055,0.015,0.062,-0.042,-0.020,0.060,-0.020,-0.185,-0.126,-0.097,-0.090
-0.070,-0.055,0.015,0.062,-0.042,-0.020,0.060,-0.020,-0.183,-0.123,-0.094,-0.090
-0.071,-0.055,0.016,0.062,-0.043,-0.019,0.060,-0.020,-0.180,-0.120,-0.095,-0.090
-0.075,-0.055,0.020,0.065,-0.047,-0.017,0.060,-0.020,-0.180,-0.120,-0.095,-0.090
-0.079,-0.059,0.020,0.069,-0.050,-0.019,0.060,-0.020,-0.180,-0.120,-0.095,-0.090
-0.080,-0.060,0.020,0.070,-0.050,-0.020,0.060,-0.020,-0.180,-0.120,-0.095,-0.090
-0.080,-0.060,0.020,0.070,-0.050,-0.020,0.060,-0.020,-0.180,-0.120,-0.095,-0.090
-0.080,-0.060,0.020,0.070,-0.050,-0.020,0.060,-0.020,-0.180,-0.120,-0.095,-0.090
-0.080,-0.060,0.020,0.070,-0.050,-0.020,0.060,-0.020,-0.180,-0.120,-0.095,-0.090
-0.085,-0.060,0.024,0.072,-0.054,-0.018,0.060,-0.020,-0.180,-0.120,-0.095,-0.090
-0.082,-0.057,0.025,0.069,-0.054,-0.016,0.060,-0.021,-0.180,-0.117,-0.095,-0.087
-0.079,-0.054,0.025,0.066,-0.052,-0.015,0.060,-0.018,-0.180,-0.114,-0.095,-0.084
-0.080,-0.055,0.025,0.067,-0.052,-0.015,0.060,-0.015,-0.180,-0.115,-0.095,-0.085
-0.080,-0.055,0.025,0.067,-0.052,-0.015,0.060,-0.015,-0.180,-0.115,-0.095,-0.085
-0.080,-0.055,0.025,0.067,-0.052,-0.015,0.060,-0.015,-0.180,-0.115,-0.095,-0.085
-0.083,-0.055,0.028,0.069,-0.055,-0.013,0.060,-0.015,-0.177,-0.115,-0.095,-0.082
-0.086,-0.055,0.031,0.070,-0.058,-0.012,0.060,-0.015,-0.174,-0.115,-0.095,-0.079
-0.085,-0.055,0.030,0.070,-0.057,-0.012,0.060,-0.015,-0.175,-0.115,-0.095,-0.080
-0.085,-0.055,0.030,0.070,-0.057,-0.012,0.060,-0.015,-0.175,-0.115,-0.095,-0.080
-0.085,-0.055,0.030,0.070,-0.057,-0.012,0.060,-0.015,-0.175,-0.111,-0.095,-0.080
-0.085,-0.055,0.030,0.070,-0.057,-0.012,0.057,-0.015,-0.175,-0.110,-0.095,-0.077
-0.085,-0.055,0.030,0.070,-0.057,-0.012,0.054,-0.015,-0.175,-0.110,-0.095,-0.074
-0.085,-0.055,0.030,0.070,-0.057,-0.012,0.055,-0.015,-0.175,-0.110,-0.095,-0.075
-0.085,-0.055,0.030,0.070,-0.057,-0.012,0.055,-0.015,-0.175,-0.110,-0.095,-0.075
-0.081,-0.051,0.030,0.066,-0.055,-0.010,0.055,-0.015,-0.175,-0.110,-0.095,-0.075
-0.080,-0.050,0.030,0.065,-0.055,-0.010,0.055,-0.015,-0.175,-0.110,-0.095,-0.076
-0.080,-0.050,0.030,0.065,-0.055,-0.010,0.055,-0.015,-0.175,-0.110,-0.095,-0.073
-0.080,-0.050,0.030,0.065,-0.055,-0.010,0.055,-0.015,-0.175,-0.110,-0.094,-0.070
-0.080,-0.050,0.030,0.065,-0.055,-0.010,0.055,-0.015,-0.175,-0.110,-0.090,-0.070
-0.080,-0.050,0.030,0.065,-0.055,-0.010,0.055,-0.015,-0.175,-0.106,-0.090,-0.070
-0.080,-0.050,0.030,0.065,-0.055,-0.010,0.055,-0.015,-0.175,-0.104,-0.090,-0.071
-0.080,-0.050,0.030,0.065,-0.055,-0.010,0.055,-0.015,-0.175,-0.106,-0.090,-0.068
-0.080,-0.050,0.030,0.065,-0.055,-0.010,0.055,-0.015,-0.175,-0.104,-0.090,-0.065
-0.080,-0.050,0.030,0.065,-0.055,-0.010,0.055,-0.015,-0.175,-0.100,-0.090,-0.065
-0.080,-0.050,0.030,0.065,-0.055,-0.010,0.055,-0.015,-0.175,-0.100,-0.086,-0.065
-0.080,-0.050,0.030,0.065,-0.055,-0.010,0.055,-0.015,-0.175,-0.100,-0.085,-0.065
-0.080,-0.050,0.030,0.065,-0.055,-0.010,0.055,-0.015,-0.175,-0.100,-0.085,-0.065
-0.079,-0.049,0.030,0.064,-0.055,-0.010,0.055,-0.015,-0.175,-0.099,-0.085,-0.065
-0.075,-0.045,0.030,0.060,-0.052,-0.007,0.055,-0.015,-0.175,-0.095,-0.085,-0.065
-0.075,-0.045,0.030,0.060,-0.052,-0.007,0.055,-0.019,-0.175,-0.095,-0.085,-0.065
-0.075,-0.045,0.030,0.060,-0.052,-0.007,0.055,-0.020,-0.175,-0.095,-0.086,-0.065
-0.075,-0.045,0.030,0.060,-0.052,-0.007,0.055,-0.020,-0.175,-0.095,-0.083,-0.065
-0.074,-0.045,0.029,0.060,-0.051,-0.008,0.055,-0.020,-0.175,-0.094,-0.080,-0.065
-0.070,-0.045,0.025,0.057,-0.047,-0.010,0.055,-0.020,-0.175,-0.090,-0.080,-0.065
-0.070,-0.045,0.025,0.057,-0.047,-0.010,0.055,-0.024,-0.175,-0.090,-0.080,-0.065
-0.071,-0.046,0.025,0.058,-0.047,-0.010,0.055,-0.025,-0.175,-0.091,-0.080,-0.065
-0.068,-0.043,0.025,0.055,-0.046,-0.009,0.055,-0.025,-0.177,-0.088,-0.080,-0.065
-0.065,-0.040,0.025,0.052,-0.045,-0.007,0.055,-0.025,-0.181,-0.085,-0.079,-0.065
-0.065,-0.040,0.025,0.052,-0.045,-0.007,0.055,-0.025,-0.180,-0.085,-0.075,-0.065
-0.065,-0.040,0.025,0.052,-0.045,-0.007,0.055,-0.025,-0.176,-0.085,-0.075,-0.065
-0.065,-0.040,0.025,0.052,-0.045,-0.007,0.055,-0.028,-0.175,-0.086,-0.075,-0.065
-0.065,-0.040,0.025,0.052,-0.045,-0.007,0.055,-0.031,-0.175,-0.083,-0.075,-0.065
-0.065,-0.040,0.025,0.052,-0.045,-0.007,0.055,-0.030,-0.175,-0.080,-0.075,-0.065
-0.065,-0.040,0.025,0.052,-0.045,-0.007,0.055,-0.030,-0.175,-0.080,-0.075,-0.065
-0.065,-0.040,0.025,0.052,-0.045,-0.007,0.055,-0.030,-0.175,-0.080,-0.075,-0.065
-0.062,-0.037,0.025,0.049,-0.043,-0.006,0.055,-0.029,-0.174,-0.079,-0.078,-0.065
-0.059,-0.034,0.025,0.046,-0.042,-0.005,0.055,-0.032,-0.177,-0.082,-0.081,-0.065
-0.060,-0.035,0.025,0.047,-0.042,-0.005,0.055,-0.035,-0.180,-0.085,-0.080,-0.065
-0.060,-0.035,0.025,0.047,-0.042,-0.005,0.055,-0.035,-0.180,-0.085,-0.080,-0.065
-0.060,-0.035,0.025,0.047,-0.042,-0.005,0.055,-0.035,-0.183,-0.085,-0.080,-0.065
-0.060,-0.035,0.025,0.047,-0.042,-0.005,0.055,-0.035,-0.191,-0.085,-0.080,-0.065
-0.060,-0.035,0.025,0.047,-0.042,-0.005,0.055,-0.035,-0.198,-0.085,-0.080,-0.065
-0.060,-0.035,0.025,0.047,-0.042,-0.005,0.055,-0.035,-0.200,-0.086,-0.080,-0.065
-0.060,-0.035,0.025,0.047,-0.042,-0.005,0.055,-0.035,-0.200,-0.090,-0.080,-0.065
-0.060,-0.035,0.025,0.047,-0.042,-0.005,0.055,-0.039,-0.200,-0.090,-0.080,-0.065
-0.060,-0.035,0.025,0.047,-0.042,-0.005,0.055,-0.040,-0.200,-0.090,-0.079,-0.068
-0.060,-0.035,0.025,0.047,-0.042,-0.005,0.055,-0.041,-0.200,-0.090,-0.082,-0.071
-0.060,-0.035,0.025,0.047,-0.042,-0.005,0.055,-0.046,-0.201,-0.090,-0.085,-0.070
-0.060,-0.035,0.025,0.047,-0.042,-0.005,0.055,-0.050,-0.205,-0.090,-0.085,-0.070
-0.059,-0.034,0.025,0.046,-0.041,-0.005,0.055,-0.054,-0.205,-0.094,-0.085,-0.070
-0.069,-0.041,0.028,0.054,-0.048,-0.006,0.055,-0.055,-0.205,-0.095,-0.085,-0.070
-0.079,-0.048,0.031,0.063,-0.054,-0.008,0.055,-0.055,-0.205,-0.095,-0.085,-0.070
-0.080,-0.050,0.030,0.065,-0.055,-0.010,0.055,-0.055,-0.205,-0.095,-0.085,-0.070
-0.080,-0.050,0.030,0.065,-0.055,-0.010,0.055,-0.055,-0.205,-0.095,-0.085,-0.070
-0.080,-0.050,0.030,0.065,-0.055,-0.010,0.055,-0.055,-0.209,-0.095,-0.085,-0.070
-0.080,-0.050,0.030,0.065,-0.055,-0.010,0.052,-0.058,-0.211,-0.098,-0.085,-0.070
-0.080,-0.050,0.030,0.065,-0.055,-0.010,0.049,-0.061,-0.209,-0.101,-0.085,-0.070
-0.080,-0.050,0.030,0.065,-0.055,-0.010,0.050,-0.060,-0.211,-0.100,-0.085,-0.069
-0.080,-0.050,0.030,0.065,-0.055,-0.010,0.050,-0.060,-0.215,-0.100,-0.085,-0.065
-0.080,-0.050,0.030,0.065,-0.055,-0.010,0.050,-0.060,-0.215,-0.100,-0.085,-0.065
-0.080,-0.050,0.030,0.065,-0.055,-0.010,0.050,-0.059,-0.215,-0.100,-0.085,-0.065
-0.080,-0.050,0.030,0.065,-0.055,-0.010,0.050,-0.062,-0.215,-0.100,-0.085,-0.065
-0.081,-0.051,0.030,0.066,-0.055,-0.010,0.050,-0.065,-0.215,-0.100,-0.085,-0.065
-0.085,-0.055,0.030,0.070,-0.057,-0.012,0.050,-0.065,-0.215,-0.100,-0.085,-0.065
-0.085,-0.055,0.030,0.070,-0.057,-0.012,0.050,-0.065,-0.215,-0.100,-0.085,-0.065
-0.085,-0.055,0.030,0.070,-0.057,-0.012,0.050,-0.065,-0.215,-0.100,-0.085,-0.065
-0.085,-0.055,0.030,0.070,-0.057,-0.012,0.050,-0.065,-0.215,-0.100,-0.085,-0.065
-0.085,-0.055,0.030,0.070,-0.057,-0.012,0.050,-0.066,-0.215,-0.100,-0.085,-0.065
-0.085,-0.055,0.030,0.070,-0.057,-0.012,0.050,-0.070,-0.215,-0.100,-0.085,-0.065
-0.085,-0.055,0.030,0.070,-0.057,-0.012,0.050,-0.070,-0.211,-0.100,-0.085,-0.061
-0.085,-0.055,0.030,0.070,-0.057,-0.012,0.050,-0.070,-0.208,-0.100,-0.085,-0.060
-0.085,-0.055,0.030,0.070,-0.057,-0.012,0.050,-0.070,-0.215,-0.100,-0.085,-0.060
-0.085,-0.055,0.030,0.070,-0.057,-0.012,0.050,-0.070,-0.227,-0.100,-0.085,-0.060
-0.085,-0.055,0.030,0.070,-0.057,-0.012,0.050,-0.070,-0.230,-0.100,-0.085,-0.060
-0.081,-0.051,0.030,0.066,-0.055,-0.010,0.050,-0.074,-0.230,-0.100,-0.085,-0.060
-0.080,-0.050,0.030,0.065,-0.055,-0.010,0.050,-0.076,-0.230,-0.100,-0.085,-0.060
-0.080,-0.050,0.030,0.065,-0.055,-0.010,0.050,-0.074,-0.230,-0.100,-0.085,-0.060
-0.081,-0.050,0.031,0.065,-0.056,-0.009,0.050,-0.076,-0.230,-0.100,-0.085,-0.060
-0.085,-0.050,0.035,0.067,-0.060,-0.007,0.050,-0.080,-0.230,-0.100,-0.085,-0.060
-0.085,-0.050,0.035,0.067,-0.060,-0.007,0.050,-0.080,-0.230,-0.100,-0.085,-0.060
-0.085,-0.050,0.035,0.067,-0.060,-0.007,0.050,-0.080,-0.230,-0.100,-0.088,-0.063
-0.085,-0.050,0.035,0.067,-0.060,-0.007,0.050,-0.080,-0.230,-0.100,-0.092,-0.067
-0.085,-0.050,0.035,0.067,-0.060,-0.007,0.049,-0.080,-0.230,-0.100,-0.095,-0.072
-0.085,-0.050,0.035,0.067,-0.060,-0.007,0.045,-0.080,-0.230,-0.100,-0.095,-0.080
-0.085,-0.050,0.035,0.067,-0.060,-0.007,0.045,-0.080,-0.230,-0.100,-0.095,-0.080
-0.085,-0.050,0.035,0.067,-0.060,-0.007,0.045,-0.080,-0.230,-0.100,-0.095,-0.080
-0.085,-0.050,0.035,0.067,-0.060,-0.007,0.045,-0.080,-0.230,-0.100,-0.095,-0.080
-0.084,-0.049,0.035,0.066,-0.060,-0.007,0.045,-0.080,-0.230,-0.100,-0.095,-0.080
-0.080,-0.045,0.035,0.062,-0.057,-0.005,0.045,-0.080,-0.230,-0.100,-0.095,-0.080
-0.080,-0.045,0.035,0.062,-0.057,-0.005,0.045,-0.080,-0.230,-0.096,-0.095,-0.080
-0.080,-0.045,0.035,0.062,-0.057,-0.005,0.045,-0.080,-0.230,-0.095,-0.095,-0.080
-0.080,-0.045,0.035,0.062,-0.057,-0.005,0.045,-0.080,-0.230,-0.095,-0.095,-0.080
-0.080,-0.045,0.035,0.062,-0.057,-0.005,0.045,-0.080,-0.230,-0.095,-0.095,-0.080
-0.080,-0.045,0.035,0.062,-0.057,-0.005,0.045,-0.080,-0.230,-0.095,-0.095,-0.080
-0.080,-0.045,0.035,0.062,-0.057,-0.005,0.045,-0.080,-0.230,-0.095,-0.095,-0.080
-0.080,-0.045,0.035,0.062,-0.057,-0.005,0.046,-0.080,-0.230,-0.095,-0.095,-0.080
-0.080,-0.045,0.035,0.062,-0.057,-0.005,0.043,-0.080,-0.230,-0.095,-0.095,-0.080
-0.080,-0.045,0.035,0.062,-0.057,-0.005,0.040,-0.080,-0.230,-0.095,-0.095,-0.080
-0.080,-0.045,0.035,0.062,-0.057,-0.005,0.040,-0.080,-0.230,-0.095,-0.095,-0.080
-0.080,-0.045,0.035,0.062,-0.057,-0.005,0.040,-0.080,-0.230,-0.095,-0.095,-0.080
-0.079,-0.044,0.035,0.061,-0.057,-0.005,0.040,-0.080,-0.227,-0.095,-0.095,-0.080
-0.082,-0.047,0.035,0.064,-0.058,-0.006,0.040,-0.080,-0.224,-0.095,-0.095,-0.080
-0.085,-0.050,0.035,0.067,-0.060,-0.007,0.040,-0.080,-0.225,-0.094,-0.095,-0.080
-0.085,-0.050,0.035,0.067,-0.060,-0.007,0.040,-0.080,-0.225,-0.090,-0.095,-0.080
-0.085,-0.050,0.035,0.067,-0.060,-0.007,0.040,-0.080,-0.224,-0.090,-0.095,-0.080
-0.082,-0.050,0.032,0.066,-0.057,-0.009,0.040,-0.078,-0.232,-0.090,-0.098,-0.080
-0.079,-0.050,0.029,0.065,-0.054,-0.010,0.040,-0.086,-0.234,-0.090,-0.102,-0.080
-0.080,-0.050,0.030,0.065,-0.055,-0.010,0.040,-0.095,-0.229,-0.090,-0.105,-0.080
-0.080,-0.050,0.030,0.065,-0.055,-0.010,0.040,-0.090,-0.230,-0.090,-0.105,-0.080
-0.080,-0.050,0.030,0.065,-0.055,-0.010,0.039,-0.090,-0.230,-0.090,-0.105,-0.080
-0.080,-0.050,0.030,0.065,-0.055,-0.010,0.050,-0.090,-0.230,-0.090,-0.105,-0.081
-0.080,-0.050,0.030,0.065,-0.055,-0.010,0.055,-0.090,-0.230,-0.090,-0.105,-0.078
-0.080,-0.050,0.030,0.065,-0.055,-0.010,0.049,-0.090,-0.230,-0.090,-0.105,-0.075
-0.080,-0.050,0.030,0.065,-0.055,-0.010,0.050,-0.090,-0.230,-0.090,-0.105,-0.075
-0.080,-0.050,0.030,0.065,-0.055,-0.010,0.050,-0.090,-0.230,-0.090,-0.105,-0.075
-0.080,-0.050,0.030,0.065,-0.055,-0.010,0.050,-0.090,-0.230,-0.091,-0.105,-0.075
-0.080,-0.050,0.030,0.065,-0.055,-0.010,0.050,-0.090,-0.230,-0.088,-0.105,-0.075
-0.080,-0.050,0.030,0.065,-0.055,-0.010,0.050,-0.090,-0.230,-0.085,-0.105,-0.074
-0.080,-0.050,0.030,0.065,-0.055,-0.010,0.050,-0.090,-0.230,-0.085,-0.105,-0.070
-0.072,-0.046,0.026,0.058,-0.048,-0.010,0.050,-0.090,-0.230,-0.085,-0.105,-0.070
-0.068,-0.043,0.025,0.055,-0.046,-0.009,0.047,-0.090,-0.230,-0.085,-0.105,-0.070
-0.060,-0.035,0.025,0.047,-0.043,-0.005,0.044,-0.090,-0.230,-0.085,-0.105,-0.070
-0.065,-0.040,0.025,0.052,-0.044,-0.007,0.045,-0.090,-0.230,-0.085,-0.105,-0.070
-0.090,-0.065,0.025,0.077,-0.057,-0.020,0.045,-0.090,-0.230,-0.085,-0.105,-0.070
-0.087,-0.062,0.025,0.074,-0.056,-0.018,0.045,-0.090,-0.230,-0.085,-0.105,-0.070
-0.084,-0.059,0.025,0.071,-0.054,-0.016,0.045,-0.090,-0.230,-0.085,-0.105,-0.067
-0.085,-0.060,0.025,0.072,-0.055,-0.017,0.045,-0.090,-0.230,-0.085,-0.105,-0.064
-0.085,-0.060,0.025,0.072,-0.055,-0.017,0.045,-0.090,-0.230,-0.085,-0.105,-0.065
-0.085,-0.060,0.025,0.072,-0.055,-0.017,0.045,-0.090,-0.230,-0.085,-0.105,-0.065
-0.085,-0.060,0.025,0.072,-0.055,-0.017,0.041,-0.090,-0.230,-0.085,-0.105,-0.065
-0.085,-0.060,0.025,0.072,-0.055,-0.017,0.040,-0.090,-0.230,-0.082,-0.105,-0.066
-0.085,-0.060,0.025,0.072,-0.055,-0.017,0.040,-0.090,-0.230,-0.079,-0.105,-0.063
-0.084,-0.060,0.024,0.072,-0.054,-0.017,0.040,-0.090,-0.230,-0.080,-0.105,-0.060
-0.080,-0.060,0.020,0.070,-0.050,-0.020,0.040,-0.090,-0.230,-0.080,-0.105,-0.060
-0.080,-0.060,0.020,0.070,-0.050,-0.020,0.040,-0.090,-0.226,-0.080,-0.105,-0.060
-0.080,-0.060,0.020,0.070,-0.050,-0.020,0.040,-0.090,-0.225,-0.080,-0.105,-0.060
-0.080,-0.060,0.020,0.070,-0.050,-0.020,0.040,-0.090,-0.225,-0.080,-0.105,-0.060
-0.079,-0.059,0.020,0.069,-0.050,-0.020,0.040,-0.090,-0.225,-0.080,-0.105,-0.060
-0.075,-0.055,0.020,0.065,-0.047,-0.017,0.040,-0.090,-0.225,-0.080,-0.105,-0.060
-0.075,-0.055,0.020,0.065,-0.047,-0.017,0.040,-0.090,-0.225,-0.080,-0.105,-0.056
-0.075,-0.055,0.020,0.065,-0.047,-0.017,0.039,-0.090,-0.225,-0.080,-0.105,-0.055
-0.075,-0.055,0.020,0.065,-0.047,-0.017,0.042,-0.090,-0.225,-0.080,-0.105,-0.055
-0.075,-0.055,0.020,0.065,-0.047,-0.017,0.045,-0.090,-0.225,-0.080,-0.105,-0.055
-0.075,-0.055,0.020,0.065,-0.047,-0.017,0.045,-0.090,-0.225,-0.080,-0.105,-0.055
-0.075,-0.055,0.020,0.065,-0.047,-0.017,0.045,-0.090,-0.225,-0.076,-0.105,-0.051
-0.075,-0.055,0.020,0.065,-0.047,-0.017,0.045,-0.090,-0.225,-0.075,-0.105,-0.050
-0.075,-0.055,0.020,0.065,-0.047,-0.017,0.045,-0.090,-0.225,-0.075,-0.105,-0.050
-0.075,-0.055,0.020,0.065,-0.047,-0.017,0.045,-0.090,-0.224,-0.075,-0.105,-0.050
-0.075,-0.055,0.020,0.065,-0.047,-0.017,0.045,-0.090,-0.220,-0.075,-0.105,-0.050
-0.075,-0.055,0.020,0.065,-0.047,-0.017,0.045,-0.090,-0.220,-0.075,-0.105,-0.046
-0.074,-0.054,0.020,0.064,-0.047,-0.017,0.045,-0.090,-0.220,-0.075,-0.105,-0.045
-0.077,-0.057,0.020,0.067,-0.048,-0.018,0.045,-0.090,-0.220,-0.075,-0.105,-0.045
-0.080,-0.060,0.020,0.070,-0.050,-0.020,0.045,-0.090,-0.220,-0.075,-0.105,-0.045
-0.080,-0.060,0.020,0.070,-0.050,-0.020,0.045,-0.090,-0.220,-0.075,-0.105,-0.045
-0.080,-0.060,0.020,0.070,-0.050,-0.020,0.045,-0.090,-0.220,-0.075,-0.105,-0.045
-0.080,-0.060,0.020,0.070,-0.050,-0.020,0.045,-0.090,-0.220,-0.075,-0.105,-0.042
-0.080,-0.060,0.020,0.070,-0.050,-0.020,0.045,-0.090,-0.220,-0.075,-0.105,-0.039
-0.080,-0.060,0.020,0.070,-0.050,-0.020,0.045,-0.090,-0.220,-0.074,-0.105,-0.040
-0.080,-0.060,0.020,0.070,-0.050,-0.020,0.045,-0.090,-0.220,-0.070,-0.105,-0.040
-0.080,-0.060,0.020,0.070,-0.050,-0.020,0.045,-0.090,-0.220,-0.070,-0.105,-0.040
-0.083,-0.060,0.023,0.071,-0.053,-0.018,0.045,-0.090,-0.220,-0.070,-0.105,-0.037
-0.086,-0.060,0.026,0.072,-0.056,-0.017,0.045,-0.090,-0.220,-0.070,-0.105,-0.034
-0.085,-0.060,0.025,0.072,-0.055,-0.017,0.045,-0.089,-0.220,-0.070,-0.104,-0.035
-0.085,-0.060,0.025,0.072,-0.055,-0.017,0.045,-0.085,-0.220,-0.070,-0.100,-0.035
-0.085,-0.060,0.025,0.072,-0.055,-0.017,0.045,-0.085,-0.220,-0.070,-0.100,-0.035
-0.085,-0.060,0.025,0.072,-0.055,-0.017,0.045,-0.085,-0.220,-0.070,-0.100,-0.034
-0.085,-0.060,0.025,0.072,-0.055,-0.017,0.045,-0.085,-0.220,-0.070,-0.100,-0.037
-0.084,-0.060,0.024,0.072,-0.054,-0.017,0.045,-0.085,-0.220,-0.070,-0.099,-0.040
-0.080,-0.060,0.020,0.070,-0.050,-0.020,0.045,-0.085,-0.220,-0.070,-0.095,-0.040
-0.079,-0.060,0.019,0.070,-0.049,-0.021,0.045,-0.084,-0.225,-0.070,-0.095,-0.044
-0.087,-0.060,0.027,0.073,-0.057,-0.016,0.042,-0.092,-0.224,-0.070,-0.095,-0.049
-0.107,-0.060,0.047,0.083,-0.077,-0.006,0.039,-0.094,-0.231,-0.069,-0.095,-0.048
-0.121,-0.060,0.061,0.090,-0.091,0.001,0.040,-0.089,-0.240,-0.064,-0.095,-0.044
-0.115,-0.060,0.055,0.087,-0.085,-0.002,0.040,-0.090,-0.230,-0.060,-0.095,-0.045
-0.119,-0.064,0.055,0.091,-0.086,-0.005,0.040,-0.090,-0.226,-0.060,-0.091,-0.045
-0.122,-0.066,0.055,0.094,-0.088,-0.006,0.040,-0.090,-0.222,-0.057,-0.090,-0.045
-0.116,-0.061,0.055,0.088,-0.085,-0.003,0.040,-0.090,-0.218,-0.055,-0.090,-0.045
-0.109,-0.054,0.055,0.081,-0.081,0.001,0.040,-0.089,-0.214,-0.055,-0.090,-0.044
-0.105,-0.050,0.055,0.077,-0.080,0.002,0.040,-0.085,-0.210,-0.050,-0.090,-0.040
-0.101,-0.046,0.055,0.073,-0.078,0.004,0.040,-0.085,-0.206,-0.045,-0.086,-0.040
-0.097,-0.042,0.055,0.069,-0.076,0.006,0.040,-0.085,-0.202,-0.045,-0.085,-0.040
-0.093,-0.038,0.055,0.065,-0.074,0.008,0.040,-0.085,-0.198,-0.043,-0.085,-0.040
-0.089,-0.034,0.055,0.061,-0.072,0.010,0.041,-0.085,-0.194,-0.040,-0.085,-0.040
-0.085,-0.030,0.055,0.057,-0.070,0.012,0.045,-0.085,-0.190,-0.040,-0.085,-0.040
-0.081,-0.026,0.055,0.053,-0.067,0.014,0.049,-0.077,-0.190,-0.036,-0.085,-0.036
-0.080,-0.025,0.056,0.052,-0.067,0.016,0.052,-0.071,-0.188,-0.032,-0.082,-0.032
-0.078,-0.025,0.053,0.051,-0.065,0.014,0.059,-0.068,-0.182,-0.028,-0.077,-0.028
-0.075,-0.025,0.050,0.050,-0.062,0.012,0.066,-0.064,-0.180,-0.025,-0.075,-0.025
-0.075,-0.025,0.050,0.050,-0.062,0.012,0.070,-0.060,-0.180,-0.025,-0.075,-0.025
-0.075,-0.025,0.050,0.050,-0.062,0.012,0.074,-0.056,-0.176,-0.021,-0.071,-0.021
-0.075,-0.025,0.050,0.050,-0.062,0.012,0.079,-0.052,-0.171,-0.016,-0.066,-0.016
-0.075,-0.025,0.050,0.050,-0.062,0.012,0.080,-0.048,-0.170,-0.015,-0.065,-0.015
-0.075,-0.025,0.050,0.050,-0.062,0.012,0.081,-0.044,-0.169,-0.014,-0.064,-0.014
-0.075,-0.025,0.050,0.050,-0.062,0.012,0.085,-0.040,-0.165,-0.010,-0.060,-0.010
-0.075,-0.025,0.050,0.050,-0.062,0.012,0.086,-0.036,-0.160,-0.005,-0.060,-0.005
-0.075,-0.025,0.050,0.050,-0.062,0.012,0.082,-0.035,-0.160,-0.005,-0.060,-0.005
-0.075,-0.025,0.050,0.050,-0.062,0.012,0.080,-0.034,-0.158,-0.003,-0.060,-0.003
-0.074,-0.024,0.050,0.049,-0.062,0.012,0.080,-0.029,-0.155,0.000,-0.060,0.000
-0.070,-0.020,0.050,0.045,-0.060,0.015,0.080,-0.025,-0.155,0.000,-0.060,0.000
-0.070,-0.020,0.050,0.045,-0.060,0.015,0.080,-0.025,-0.151,0.004,-0.060,0.000
-0.067,-0.020,0.047,0.043,-0.057,0.013,0.080,-0.022,-0.146,0.005,-0.060,0.000
-0.063,-0.020,0.043,0.041,-0.053,0.011,0.081,-0.018,-0.145,0.007,-0.060,0.000
-0.059,-0.020,0.039,0.039,-0.049,0.009,0.077,-0.014,-0.145,0.011,-0.060,0.000
-0.055,-0.020,0.035,0.037,-0.045,0.007,0.060,-0.015,-0.140,0.010,-0.060,0.000
-0.051,-0.020,0.031,0.035,-0.041,0.005,0.043,-0.025,-0.138,0.006,-0.060,0.000
-0.046,-0.020,0.026,0.033,-0.036,0.003,0.033,-0.048,-0.156,0.004,-0.060,0.003
-0.045,-0.020,0.025,0.032,-0.035,0.002,0.028,-0.084,-0.181,0.006,-0.060,0.006
-0.044,-0.020,0.024,0.032,-0.034,0.002,0.024,-0.107,-0.191,0.004,-0.060,0.005
-0.040,-0.020,0.020,0.030,-0.030,0.000,0.020,-0.100,-0.190,0.000,-0.060,0.005
-0.036,-0.020,0.016,0.028,-0.026,-0.002,0.012,-0.099,-0.190,0.000,-0.060,0.005
-0.031,-0.019,0.012,0.025,-0.022,-0.003,0.007,-0.100,-0.190,0.001,-0.060,0.005
-0.030,-0.022,0.008,0.026,-0.019,-0.007,0.003,-0.100,-0.190,-0.002,-0.060,0.005
-0.029,-0.025,0.004,0.027,-0.016,-0.011,0.000,-0.100,-0.190,-0.005,-0.060,0.005
-0.025,-0.025,0.000,0.025,-0.012,-0.012,0.005,-0.100,-0.190,-0.005,-0.060,0.005
-0.021,-0.025,-0.004,0.024,-0.008,-0.015,0.010,-0.100,-0.190,-0.005,-0.060,0.001
-0.015,-0.023,-0.008,0.019,-0.003,-0.015,0.010,-0.100,-0.193,-0.008,-0.060,-0.003
-0.019,-0.031,-0.012,0.025,-0.003,-0.021,0.012,-0.100,-0.197,-0.011,-0.060,-0.007
-0.025,-0.041,-0.016,0.033,-0.004,-0.028,0.015,-0.100,-0.201,-0.010,-0.060,-0.011
-0.015,-0.035,-0.020,0.025,0.003,-0.027,0.015,-0.100,-0.205,-0.010,-0.060,-0.010
-0.006,-0.030,-0.025,0.018,0.010,-0.027,0.019,-0.100,-0.205,-0.014,-0.060,-0.002
-0.008,-0.030,-0.022,0.019,0.007,-0.026,0.024,-0.100,-0.205,-0.016,-0.060,0.006
-0.009,-0.029,-0.019,0.019,0.005,-0.024,0.025,-0.100,-0.205,-0.014,-0.060,0.014
-0.004,-0.024,-0.020,0.014,0.009,-0.021,0.026,-0.100,-0.205,-0.016,-0.060,0.022
0.000,-0.020,-0.020,0.010,0.010,-0.020,0.030,-0.100,-0.205,-0.020,-0.060,0.025
0.002,-0.019,-0.020,0.009,0.011,-0.020,0.030,-0.100,-0.205,-0.020,-0.060,0.017
-0.011,-0.028,-0.017,0.020,0.003,-0.022,0.033,-0.100,-0.205,-0.019,-0.060,0.009
-0.027,-0.042,-0.014,0.035,-0.006,-0.028,0.036,-0.100,-0.205,-0.022,-0.059,0.001
-0.037,-0.052,-0.015,0.045,-0.011,-0.033,0.035,-0.100,-0.205,-0.025,-0.063,-0.007
-0.040,-0.055,-0.015,0.048,-0.012,-0.035,0.035,-0.100,-0.205,-0.025,-0.075,-0.015
-0.043,-0.059,-0.015,0.052,-0.014,-0.037,0.035,-0.100,-0.205,-0.025,-0.074,-0.023
-0.052,-0.064,-0.012,0.058,-0.020,-0.037,0.035,-0.100,-0.205,-0.026,-0.084,-0.032
-0.056,-0.065,-0.009,0.060,-0.022,-0.037,0.035,-0.100,-0.205,-0.023,-0.090,-0.034
-0.056,-0.066,-0.010,0.061,-0.022,-0.037,0.035,-0.100,-0.205,-0.020,-0.084,-0.029
-0.060,-0.070,-0.010,0.065,-0.025,-0.040,0.035,-0.100,-0.205,-0.020,-0.085,-0.030
-0.061,-0.071,-0.010,0.066,-0.026,-0.040,0.039,-0.100,-0.205,-0.020,-0.085,-0.030
-0.056,-0.067,-0.011,0.061,-0.023,-0.038,0.040,-0.097,-0.205,-0.020,-0.085,-0.030
-0.056,-0.065,-0.008,0.061,-0.024,-0.036,0.040,-0.094,-0.205,-0.020,-0.085,-0.030
-0.060,-0.065,-0.005,0.063,-0.027,-0.035,0.040,-0.095,-0.205,-0.020,-0.085,-0.030
-0.060,-0.065,-0.005,0.063,-0.027,-0.035,0.040,-0.095,-0.205,-0.020,-0.085,-0.030
-0.061,-0.065,-0.005,0.063,-0.027,-0.035,0.040,-0.095,-0.205,-0.020,-0.085,-0.030
-0.057,-0.063,-0.006,0.061,-0.025,-0.034,0.040,-0.095,-0.205,-0.020,-0.082,-0.030
-0.070,-0.073,-0.003,0.071,-0.033,-0.038,0.040,-0.095,-0.205,-0.020,-0.079,-0.030
-0.087,-0.087,0.000,0.087,-0.043,-0.043,0.041,-0.095,-0.205,-0.020,-0.080,-0.030
-0.085,-0.085,0.000,0.085,-0.042,-0.042,0.045,-0.095,-0.205,-0.020,-0.080,-0.030
-0.085,-0.085,0.000,0.085,-0.042,-0.042,0.045,-0.095,-0.205,-0.020,-0.080,-0.030
-0.085,-0.085,0.000,0.085,-0.042,-0.042,0.045,-0.095,-0.205,-0.020,-0.080,-0.027
-0.085,-0.085,0.000,0.085,-0.042,-0.042,0.045,-0.095,-0.205,-0.020,-0.080,-0.024
-0.086,-0.085,0.001,0.085,-0.043,-0.042,0.045,-0.095,-0.205,-0.020,-0.080,-0.025
-0.090,-0.085,0.005,0.087,-0.047,-0.040,0.045,-0.095,-0.205,-0.020,-0.080,-0.025
-0.090,-0.085,0.005,0.087,-0.047,-0.040,0.045,-0.095,-0.205,-0.020,-0.076,-0.025
-0.089,-0.085,0.004,0.087,-0.046,-0.040,0.044,-0.095,-0.205,-0.020,-0.075,-0.025
-0.092,-0.085,0.007,0.088,-0.049,-0.039,0.047,-0.095,-0.205,-0.020,-0.075,-0.025
-0.095,-0.085,0.010,0.090,-0.052,-0.037,0.050,-0.095,-0.205,-0.020,-0.075,-0.025
-0.095,-0.085,0.010,0.090,-0.052,-0.037,0.050,-0.095,-0.205,-0.020,-0.075,-0.025
-0.095,-0.085,0.009,0.090,-0.052,-0.037,0.050,-0.095,-0.205,-0.020,-0.075,-0.025
-0.098,-0.085,0.013,0.091,-0.055,-0.036,0.050,-0.095,-0.205,-0.020,-0.075,-0.025
-0.100,-0.085,0.015,0.092,-0.057,-0.035,0.050,-0.095,-0.205,-0.020,-0.075,-0.025
-0.100,-0.085,0.015,0.092,-0.057,-0.035,0.050,-0.095,-0.205,-0.020,-0.075,-0.025
-0.100,-0.085,0.015,0.092,-0.057,-0.035,0.050,-0.095,-0.205,-0.020,-0.075,-0.025
-0.098,-0.086,0.012,0.092,-0.055,-0.037,0.050,-0.095,-0.205,-0.016,-0.071,-0.024
-0.108,-0.074,0.034,0.091,-0.071,-0.020,0.048,-0.095,-0.205,-0.014,-0.070,-0.035
-0.088,-0.042,0.046,0.065,-0.067,0.002,0.043,-0.095,-0.205,-0.016,-0.070,-0.040
-0.092,-0.053,0.039,0.073,-0.066,-0.007,0.049,-0.095,-0.204,-0.014,-0.070,-0.034
-0.165,-0.125,0.040,0.145,-0.102,-0.042,0.065,-0.095,-0.200,-0.010,-0.070,-0.035
-0.157,-0.121,0.036,0.138,-0.096,-0.042,0.062,-0.095,-0.200,-0.010,-0.066,-0.035
-0.144,-0.110,0.034,0.127,-0.089,-0.038,0.060,-0.095,-0.201,-0.010,-0.065,-0.035
-0.142,-0.107,0.036,0.124,-0.089,-0.035,0.058,-0.095,-0.198,-0.010,-0.065,-0.035
-0.133,-0.099,0.034,0.115,-0.083,-0.032,0.055,-0.095,-0.195,-0.009,-0.065,-0.035
-0.125,-0.095,0.030,0.110,-0.077,-0.032,0.055,-0.095,-0.195,-0.005,-0.065,-0.035
-0.117,-0.087,0.030,0.102,-0.073,-0.028,0.051,-0.095,-0.195,-0.005,-0.065,-0.035
-0.112,-0.082,0.031,0.097,-0.071,-0.025,0.049,-0.095,-0.195,-0.006,-0.062,-0.032
-0.106,-0.078,0.028,0.092,-0.067,-0.025,0.051,-0.095,-0.193,-0.003,-0.059,-0.029
-0.099,-0.075,0.025,0.086,-0.061,-0.025,0.049,-0.095,-0.190,0.000,-0.060,-0.030
-0.100,-0.075,0.025,0.087,-0.062,-0.025,0.045,-0.095,-0.190,0.000,-0.060,-0.030
-0.101,-0.075,0.025,0.088,-0.063,-0.025,0.045,-0.095,-0.190,0.000,-0.060,-0.030
-0.094,-0.072,0.022,0.083,-0.058,-0.025,0.042,-0.095,-0.187,-0.001,-0.057,-0.030
-0.089,-0.069,0.020,0.079,-0.054,-0.025,0.040,-0.095,-0.184,0.002,-0.054,-0.030
-0.091,-0.071,0.020,0.081,-0.055,-0.025,0.039,-0.095,-0.185,0.005,-0.055,-0.031
-0.090,-0.070,0.020,0.080,-0.055,-0.025,0.035,-0.095,-0.185,0.005,-0.055,-0.030
-0.081,-0.054,0.027,0.068,-0.054,-0.014,0.034,-0.093,-0.183,0.006,-0.054,-0.018
-0.082,-0.041,0.041,0.061,-0.061,0.000,0.038,-0.107,-0.196,0.002,-0.059,-0.011
-0.070,-0.027,0.043,0.048,-0.056,0.008,0.025,-0.119,-0.194,0.018,-0.042,0.009
-0.055,-0.012,0.042,0.033,-0.048,0.014,-0.001,-0.130,-0.177,0.053,-0.007,0.042
-0.065,0.000,0.065,0.032,-0.065,0.032,-0.025,-0.145,-0.165,0.085,0.025,0.070
-0.057,0.031,0.087,0.013,-0.072,0.059,-0.061,-0.116,-0.123,0.129,0.074,0.112
-0.022,0.066,0.089,-0.022,-0.056,0.077,-0.090,-0.079,-0.068,0.204,0.143,0.165
0.006,0.089,0.083,-0.048,-0.038,0.085,-0.110,-0.072,0.003,0.264,0.199,0.212
0.026,0.105,0.079,-0.066,-0.026,0.092,-0.140,-0.135,0.031,0.308,0.251,0.266
0.060,0.135,0.075,-0.098,-0.008,0.105,-0.190,-0.300,-0.030,0.370,0.325,0.340
0.101,0.179,0.078,-0.140,0.011,0.128,-0.246,-0.536,-0.081,0.422,0.392,0.403
0.170,0.222,0.052,-0.197,0.058,0.137,-0.302,-0.753,-0.141,0.484,0.471,0.480
0.248,0.270,0.022,-0.259,0.112,0.146,-0.392,-0.897,-0.141,0.574,0.576,0.587
0.327,0.306,-0.020,-0.316,0.174,0.142,-0.498,-0.985,-0.081,0.682,0.702,0.703
0.435,0.330,-0.105,-0.382,0.270,0.112,-0.590,-1.065,-0.040,0.805,0.845,0.825
0.580,0.395,-0.185,-0.487,0.382,0.105,-0.735,-1.152,-0.019,0.974,1.020,0.992
0.707,0.475,-0.231,-0.591,0.469,0.122,-0.890,-1.282,-0.004,1.122,1.193,1.154
0.811,0.571,-0.240,-0.691,0.526,0.166,-1.039,-1.405,0.017,1.262,1.371,1.323
0.909,0.673,-0.236,-0.790,0.572,0.218,-1.168,-1.480,0.039,1.385,1.527,1.477
0.985,0.710,-0.275,-0.847,0.630,0.217,-1.225,-1.490,0.065,1.430,1.580,1.535
1.010,0.605,-0.405,-0.807,0.708,0.100,-1.170,-1.398,0.128,1.364,1.492,1.454
1.005,0.411,-0.593,-0.708,0.799,-0.091,-1.103,-1.340,0.108,1.201,1.297,1.273
0.998,0.284,-0.714,-0.641,0.855,-0.215,-1.061,-1.333,0.034,1.062,1.144,1.136
0.993,0.211,-0.783,-0.602,0.888,-0.285,-1.035,-1.274,0.014,0.962,1.029,1.040
0.975,0.085,-0.890,-0.530,0.932,-0.402,-1.005,-1.135,0.040,0.825,0.855,0.885
0.921,-0.021,-0.942,-0.450,0.932,-0.481,-0.934,-1.043,-0.009,0.674,0.703,0.736
0.822,-0.121,-0.943,-0.350,0.883,-0.532,-0.828,-0.967,-0.062,0.515,0.539,0.589
0.711,-0.231,-0.942,-0.240,0.827,-0.586,-0.714,-0.864,-0.116,0.325,0.345,0.425
0.601,-0.332,-0.934,-0.134,0.767,-0.633,-0.600,-0.765,-0.198,0.121,0.148,0.254
0.475,-0.400,-0.875,-0.037,0.675,-0.637,-0.480,-0.715,-0.320,-0.065,-0.025,0.105
0.348,-0.435,-0.783,0.043,0.566,-0.608,-0.382,-0.668,-0.478,-0.229,-0.159,-0.011
0.283,-0.415,-0.698,0.066,0.491,-0.556,-0.300,-0.580,-0.491,-0.247,-0.207,-0.060
0.227,-0.378,-0.605,0.076,0.416,-0.492,-0.234,-0.488,-0.441,-0.214,-0.198,-0.064
0.153,-0.346,-0.499,0.097,0.327,-0.422,-0.174,-0.427,-0.418,-0.198,-0.181,-0.060
0.095,-0.305,-0.400,0.105,0.248,-0.352,-0.115,-0.385,-0.380,-0.155,-0.165,-0.060
0.036,-0.268,-0.304,0.117,0.170,-0.286,-0.086,-0.345,-0.349,-0.118,-0.149,-0.056
0.007,-0.236,-0.243,0.115,0.125,-0.240,-0.059,-0.302,-0.308,-0.089,-0.136,-0.055
-0.009,-0.203,-0.194,0.106,0.093,-0.198,-0.034,-0.258,-0.264,-0.060,-0.124,-0.053
-0.021,-0.174,-0.153,0.098,0.066,-0.164,-0.016,-0.214,-0.226,-0.035,-0.112,-0.050
-0.020,-0.160,-0.140,0.090,0.060,-0.150,0.000,-0.170,-0.190,-0.025,-0.100,-0.050
-0.024,-0.148,-0.124,0.086,0.051,-0.136,0.012,-0.125,-0.156,-0.017,-0.096,-0.046
-0.026,-0.133,-0.107,0.079,0.041,-0.120,0.024,-0.090,-0.139,-0.006,-0.092,-0.044
-0.024,-0.118,-0.094,0.072,0.035,-0.105,0.036,-0.058,-0.132,0.004,-0.088,-0.046
-0.026,-0.108,-0.082,0.067,0.028,-0.094,0.048,-0.029,-0.122,0.013,-0.085,-0.044
-0.030,-0.100,-0.070,0.065,0.020,-0.085,0.060,-0.010,-0.110,0.025,-0.085,-0.040
-0.034,-0.096,-0.062,0.065,0.014,-0.078,0.072,0.010,-0.102,0.033,-0.081,-0.040
-0.037,-0.092,-0.055,0.065,0.009,-0.073,0.085,0.029,-0.091,0.039,-0.076,-0.040
-0.044,-0.088,-0.044,0.066,0.000,-0.066,0.093,0.039,-0.080,0.040,-0.075,-0.040
-0.051,-0.084,-0.033,0.068,-0.009,-0.058,0.095,0.040,-0.074,0.040,-0.074,-0.039
-0.055,-0.080,-0.025,0.068,-0.015,-0.052,0.095,0.040,-0.070,0.040,-0.070,-0.035
-0.059,-0.076,-0.017,0.068,-0.021,-0.046,0.095,0.048,-0.066,0.040,-0.065,-0.035
-0.060,-0.071,-0.012,0.066,-0.024,-0.042,0.095,0.054,-0.061,0.040,-0.065,-0.035
-0.062,-0.070,-0.008,0.066,-0.027,-0.039,0.095,0.056,-0.060,0.040,-0.063,-0.035
-0.064,-0.069,-0.005,0.067,-0.030,-0.037,0.095,0.063,-0.059,0.040,-0.060,-0.034
-0.060,-0.065,-0.005,0.063,-0.027,-0.035,0.095,0.075,-0.055,0.040,-0.060,-0.030
-0.064,-0.065,-0.001,0.065,-0.031,-0.033,0.098,0.079,-0.051,0.040,-0.060,-0.030
-0.062,-0.062,0.000,0.062,-0.031,-0.031,0.107,0.083,-0.050,0.040,-0.061,-0.031
-0.061,-0.059,0.001,0.060,-0.031,-0.029,0.111,0.087,-0.049,0.040,-0.058,-0.028
-0.067,-0.060,0.006,0.063,-0.037,-0.027,0.110,0.091,-0.044,0.040,-0.055,-0.025
-0.070,-0.060,0.010,0.065,-0.040,-0.025,0.110,0.095,-0.040,0.040,-0.055,-0.025
-0.065,-0.056,0.010,0.061,-0.037,-0.023,0.110,0.099,-0.040,0.040,-0.055,-0.025
-0.068,-0.055,0.013,0.061,-0.040,-0.021,0.110,0.100,-0.038,0.040,-0.056,-0.026
-0.068,-0.053,0.015,0.060,-0.041,-0.019,0.110,0.102,-0.032,0.040,-0.053,-0.023
-0.065,-0.050,0.016,0.057,-0.040,-0.017,0.110,0.105,-0.030,0.041,-0.050,-0.020
-0.070,-0.050,0.020,0.060,-0.045,-0.015,0.110,0.105,-0.030,0.045,-0.050,-0.020
-0.070,-0.046,0.024,0.057,-0.047,-0.011,0.110,0.109,-0.026,0.045,-0.050,-0.020
-0.073,-0.044,0.028,0.058,-0.050,-0.008,0.110,0.113,-0.025,0.045,-0.050,-0.021
-0.076,-0.046,0.030,0.061,-0.053,-0.007,0.110,0.117,-0.024,0.045,-0.050,-0.018
-0.074,-0.044,0.030,0.059,-0.052,-0.007,0.110,0.120,-0.019,0.045,-0.049,-0.015
-0.070,-0.040,0.030,0.055,-0.050,-0.005,0.110,0.120,-0.015,0.045,-0.045,-0.015
-0.070,-0.040,0.030,0.055,-0.050,-0.005,0.110,0.124,-0.015,0.049,-0.045,-0.015
-0.071,-0.041,0.030,0.056,-0.051,-0.005,0.110,0.125,-0.012,0.050,-0.045,-0.015
-0.068,-0.038,0.030,0.053,-0.048,-0.004,0.110,0.127,-0.010,0.050,-0.045,-0.015
-0.065,-0.035,0.031,0.050,-0.048,-0.001,0.110,0.131,-0.009,0.050,-0.044,-0.015
-0.070,-0.035,0.035,0.052,-0.052,0.000,0.110,0.135,-0.005,0.050,-0.040,-0.015
-0.070,-0.035,0.035,0.052,-0.052,0.000,0.110,0.143,-0.001,0.050,-0.040,-0.015
-0.070,-0.035,0.035,0.052,-0.052,0.000,0.110,0.149,0.003,0.050,-0.040,-0.012
-0.068,-0.033,0.035,0.050,-0.051,0.001,0.110,0.149,0.005,0.050,-0.040,-0.009
-0.064,-0.030,0.035,0.047,-0.050,0.002,0.110,0.152,0.006,0.050,-0.040,-0.010
-0.065,-0.030,0.035,0.047,-0.050,0.002,0.110,0.160,0.010,0.050,-0.040,-0.010
-0.065,-0.030,0.035,0.047,-0.050,0.002,0.110,0.161,0.014,0.050,-0.036,-0.010
-0.062,-0.027,0.035,0.044,-0.048,0.004,0.110,0.158,0.015,0.050,-0.034,-0.010
-0.060,-0.025,0.035,0.042,-0.047,0.005,0.110,0.165,0.016,0.049,-0.036,-0.010
-0.060,-0.025,0.035,0.042,-0.047,0.005,0.110,0.177,0.021,0.052,-0.034,-0.010
-0.060,-0.025,0.035,0.042,-0.047,0.005,0.110,0.180,0.025,0.060,-0.030,-0.010
-0.060,-0.025,0.035,0.042,-0.047,0.005,0.114,0.180,0.025,0.056,-0.030,-0.006
-0.057,-0.022,0.035,0.039,-0.046,0.006,0.115,0.183,0.028,0.054,-0.030,-0.005
-0.054,-0.019,0.035,0.036,-0.045,0.007,0.115,0.187,0.030,0.055,-0.030,-0.005
-0.055,-0.020,0.035,0.037,-0.045,0.007,0.115,0.191,0.031,0.055,-0.029,-0.005
-0.055,-0.020,0.035,0.037,-0.045,0.007,0.115,0.195,0.035,0.055,-0.025,-0.005
-0.055,-0.020,0.035,0.037,-0.045,0.007,0.115,0.195,0.035,0.055,-0.025,-0.005
-0.052,-0.017,0.035,0.034,-0.043,0.009,0.115,0.198,0.038,0.054,-0.025,-0.005
-0.050,-0.014,0.036,0.032,-0.043,0.011,0.115,0.202,0.042,0.058,-0.025,-0.005
-0.048,-0.015,0.033,0.031,-0.040,0.009,0.115,0.206,0.046,0.067,-0.024,-0.005
-0.045,-0.015,0.030,0.030,-0.037,0.007,0.115,0.210,0.050,0.070,-0.020,-0.005
-0.066,-0.015,0.051,0.040,-0.058,0.018,0.115,0.214,0.055,0.070,-0.020,-0.001
-0.069,-0.015,0.054,0.042,-0.061,0.019,0.115,0.216,0.053,0.072,-0.021,0.001
-0.063,-0.015,0.049,0.039,-0.055,0.016,0.115,0.228,0.062,0.079,-0.018,-0.001
-0.066,-0.016,0.050,0.041,-0.058,0.017,0.115,0.242,0.077,0.087,-0.015,0.001
-0.070,-0.020,0.050,0.045,-0.060,0.015,0.115,0.245,0.080,0.090,-0.015,0.005
-0.071,-0.021,0.050,0.046,-0.060,0.015,0.115,0.249,0.084,0.090,-0.015,0.005
-0.067,-0.017,0.051,0.042,-0.059,0.017,0.115,0.250,0.084,0.090,-0.016,0.004
-0.063,-0.015,0.048,0.039,-0.055,0.016,0.116,0.252,0.088,0.090,-0.013,0.007
-0.059,-0.014,0.045,0.036,-0.051,0.015,0.121,0.263,0.096,0.091,-0.010,0.010
-0.055,-0.010,0.045,0.032,-0.050,0.017,0.125,0.275,0.100,0.095,-0.010,0.010
-0.055,-0.010,0.045,0.032,-0.050,0.017,0.125,0.278,0.108,0.098,-0.010,0.010
-0.052,-0.007,0.045,0.029,-0.048,0.019,0.125,0.295,0.116,0.109,-0.011,0.013
-0.050,-0.005,0.045,0.027,-0.047,0.020,0.125,0.309,0.124,0.118,-0.008,0.016
-0.049,-0.004,0.045,0.026,-0.047,0.020,0.125,0.310,0.132,0.120,-0.005,0.015
-0.045,0.000,0.045,0.022,-0.045,0.022,0.125,0.315,0.135,0.120,-0.005,0.015
-0.041,0.000,0.041,0.021,-0.041,0.020,0.125,0.323,0.135,0.120,-0.001,0.019
-0.036,0.003,0.040,0.017,-0.038,0.021,0.125,0.328,0.137,0.123,0.001,0.021
-0.035,0.005,0.040,0.015,-0.038,0.022,0.125,0.334,0.144,0.126,-0.001,0.019
-0.034,0.006,0.040,0.014,-0.037,0.022,0.125,0.342,0.152,0.125,0.001,0.021
-0.030,0.010,0.040,0.010,-0.035,0.025,0.125,0.350,0.160,0.125,0.005,0.025
-0.031,0.010,0.040,0.010,-0.035,0.025,0.129,0.365,0.168,0.128,0.005,0.025
-0.024,0.013,0.037,0.005,-0.031,0.025,0.134,0.384,0.179,0.136,0.004,0.024
-0.019,0.015,0.034,0.002,-0.027,0.025,0.135,0.392,0.189,0.143,0.007,0.027
-0.019,0.016,0.035,0.001,-0.028,0.025,0.136,0.398,0.198,0.146,0.010,0.030
-0.015,0.020,0.035,-0.003,-0.025,0.027,0.140,0.415,0.210,0.150,0.010,0.030
-0.015,0.020,0.035,-0.003,-0.025,0.027,0.140,0.423,0.218,0.154,0.010,0.030
-0.015,0.020,0.035,-0.003,-0.025,0.027,0.143,0.434,0.225,0.155,0.013,0.030
-0.015,0.020,0.035,-0.003,-0.025,0.027,0.145,0.444,0.236,0.155,0.016,0.030
-0.015,0.021,0.036,-0.003,-0.025,0.028,0.146,0.452,0.248,0.155,0.015,0.030
-0.015,0.025,0.040,-0.005,-0.028,0.032,0.150,0.465,0.255,0.155,0.015,0.030
-0.016,0.028,0.044,-0.007,-0.030,0.036,0.150,0.480,0.262,0.158,0.018,0.034
-0.009,0.039,0.048,-0.015,-0.029,0.043,0.152,0.504,0.280,0.172,0.029,0.039
-0.003,0.048,0.050,-0.023,-0.027,0.049,0.158,0.522,0.295,0.184,0.039,0.040
0.001,0.051,0.050,-0.026,-0.024,0.050,0.160,0.534,0.302,0.186,0.040,0.040
0.005,0.055,0.050,-0.030,-0.023,0.052,0.160,0.550,0.315,0.190,0.040,0.040
0.002,0.052,0.050,-0.027,-0.024,0.051,0.164,0.562,0.327,0.195,0.044,0.039
-0.004,0.045,0.049,-0.020,-0.027,0.047,0.165,0.576,0.338,0.195,0.045,0.046
-0.003,0.049,0.052,-0.023,-0.028,0.050,0.165,0.594,0.353,0.197,0.047,0.053
0.009,0.064,0.055,-0.037,-0.023,0.059,0.165,0.608,0.368,0.200,0.050,0.055
0.025,0.075,0.050,-0.050,-0.013,0.062,0.165,0.620,0.380,0.200,0.050,0.055
0.030,0.080,0.050,-0.055,-0.010,0.065,0.173,0.644,0.395,0.212,0.057,0.067
0.029,0.080,0.051,-0.054,-0.011,0.065,0.178,0.661,0.415,0.220,0.070,0.073
0.034,0.082,0.048,-0.058,-0.007,0.065,0.184,0.683,0.433,0.234,0.077,0.079
0.041,0.085,0.045,-0.064,-0.003,0.065,0.192,0.711,0.450,0.254,0.083,0.087
0.040,0.085,0.045,-0.063,-0.003,0.065,0.195,0.725,0.470,0.265,0.100,0.090
0.044,0.089,0.045,-0.067,-0.001,0.066,0.195,0.737,0.482,0.269,0.105,0.094
0.047,0.093,0.046,-0.071,0.001,0.069,0.194,0.752,0.499,0.272,0.104,0.101
0.054,0.098,0.043,-0.076,0.005,0.070,0.197,0.768,0.521,0.279,0.108,0.109
0.060,0.100,0.040,-0.080,0.010,0.070,0.200,0.785,0.539,0.287,0.117,0.116
0.060,0.100,0.040,-0.080,0.010,0.070,0.200,0.805,0.555,0.290,0.120,0.120
0.072,0.112,0.040,-0.092,0.015,0.075,0.200,0.825,0.574,0.293,0.124,0.124
0.082,0.122,0.040,-0.102,0.020,0.081,0.197,0.842,0.602,0.306,0.131,0.131
0.089,0.127,0.038,-0.108,0.025,0.082,0.195,0.858,0.623,0.322,0.139,0.138
0.097,0.132,0.035,-0.115,0.031,0.083,0.194,0.874,0.633,0.332,0.147,0.141
0.105,0.140,0.035,-0.123,0.035,0.087,0.190,0.890,0.650,0.340,0.155,0.145
0.105,0.141,0.035,-0.124,0.035,0.088,0.190,0.911,0.670,0.357,0.162,0.153
0.106,0.138,0.032,-0.122,0.037,0.085,0.191,0.925,0.691,0.364,0.175,0.159
0.118,0.148,0.030,-0.133,0.044,0.089,0.188,0.936,0.706,0.366,0.180,0.161
0.132,0.162,0.030,-0.147,0.051,0.096,0.185,0.948,0.720,0.373,0.182,0.167
0.130,0.160,0.030,-0.145,0.050,0.095,0.185,0.965,0.745,0.385,0.195,0.180
0.128,0.159,0.030,-0.143,0.049,0.094,0.185,0.986,0.765,0.393,0.199,0.189
0.142,0.169,0.027,-0.156,0.057,0.098,0.182,0.997,0.786,0.405,0.205,0.193
0.154,0.178,0.024,-0.167,0.064,0.101,0.179,1.003,0.801,0.411,0.214,0.197
0.155,0.180,0.025,-0.168,0.065,0.102,0.180,1.013,0.815,0.419,0.221,0.201
0.155,0.180,0.025,-0.168,0.065,0.102,0.180,1.025,0.835,0.440,0.225,0.205
0.154,0.180,0.025,-0.167,0.064,0.102,0.176,1.029,0.846,0.440,0.228,0.209
0.161,0.183,0.022,-0.172,0.069,0.102,0.174,1.033,0.866,0.448,0.239,0.213
0.168,0.186,0.018,-0.177,0.074,0.102,0.176,1.036,0.878,0.459,0.248,0.217
0.170,0.184,0.014,-0.178,0.078,0.099,0.174,1.033,0.883,0.460,0.251,0.222
0.175,0.185,0.010,-0.180,0.082,0.097,0.165,1.025,0.900,0.460,0.255,0.230
0.188,0.194,0.006,-0.191,0.090,0.100,0.161,1.021,0.910,0.464,0.259,0.234
0.192,0.193,0.001,-0.193,0.095,0.098,0.158,1.018,0.907,0.469,0.263,0.239
0.187,0.187,0.000,-0.187,0.094,0.093,0.151,1.011,0.904,0.468,0.267,0.239
0.186,0.185,-0.001,-0.185,0.092,0.092,0.144,1.003,0.905,0.464,0.271,0.243
0.190,0.185,-0.005,-0.187,0.097,0.090,0.140,1.000,0.905,0.465,0.275,0.255
0.190,0.181,-0.009,-0.185,0.099,0.086,0.136,0.998,0.905,0.465,0.280,0.252
0.193,0.180,-0.013,-0.186,0.104,0.083,0.129,0.981,0.904,0.465,0.278,0.247
0.194,0.179,-0.015,-0.186,0.104,0.081,0.121,0.962,0.907,0.465,0.272,0.243
0.189,0.174,-0.016,-0.181,0.102,0.079,0.113,0.944,0.901,0.466,0.270,0.240
0.190,0.170,-0.020,-0.180,0.105,0.075,0.105,0.915,0.875,0.465,0.270,0.240
0.195,0.170,-0.024,-0.182,0.110,0.072,0.097,0.891,0.855,0.453,0.266,0.236
0.192,0.167,-0.025,-0.179,0.108,0.071,0.088,0.864,0.832,0.444,0.261,0.231
0.192,0.165,-0.026,-0.178,0.108,0.069,0.083,0.838,0.809,0.434,0.260,0.230
0.195,0.164,-0.031,-0.179,0.113,0.066,0.078,0.812,0.782,0.423,0.259,0.230
0.190,0.155,-0.035,-0.172,0.112,0.060,0.070,0.775,0.750,0.415,0.250,0.225
0.182,0.146,-0.036,-0.164,0.109,0.055,0.066,0.739,0.722,0.399,0.242,0.220
0.171,0.142,-0.029,-0.156,0.100,0.056,0.063,0.700,0.689,0.386,0.234,0.221
0.159,0.137,-0.022,-0.148,0.091,0.057,0.056,0.662,0.652,0.372,0.226,0.215
0.147,0.128,-0.019,-0.137,0.083,0.054,0.049,0.625,0.615,0.357,0.218,0.202
0.135,0.120,-0.015,-0.127,0.075,0.052,0.045,0.585,0.575,0.345,0.210,0.195
0.127,0.116,-0.011,-0.122,0.069,0.052,0.041,0.549,0.540,0.325,0.203,0.187
0.116,0.109,-0.007,-0.112,0.061,0.051,0.037,0.510,0.497,0.307,0.189,0.179
0.106,0.103,-0.003,-0.104,0.054,0.050,0.035,0.472,0.454,0.292,0.172,0.171
0.097,0.098,0.001,-0.098,0.048,0.050,0.035,0.436,0.416,0.276,0.156,0.163
0.085,0.090,0.005,-0.088,0.040,0.047,0.035,0.400,0.380,0.260,0.140,0.155
0.077,0.086,0.009,-0.082,0.034,0.047,0.035,0.368,0.344,0.244,0.124,0.143
0.066,0.079,0.013,-0.073,0.026,0.046,0.035,0.336,0.311,0.228,0.110,0.133
0.055,0.072,0.017,-0.064,0.019,0.045,0.035,0.304,0.279,0.212,0.101,0.127
0.048,0.069,0.021,-0.059,0.014,0.045,0.035,0.273,0.248,0.197,0.093,0.117
0.040,0.065,0.025,-0.053,0.007,0.045,0.035,0.245,0.220,0.185,0.085,0.105
0.031,0.061,0.030,-0.046,0.000,0.046,0.031,0.221,0.192,0.173,0.077,0.097
0.032,0.057,0.025,-0.045,0.003,0.041,0.030,0.200,0.164,0.162,0.069,0.089
0.021,0.053,0.032,-0.038,-0.005,0.042,0.030,0.180,0.136,0.147,0.061,0.081
0.001,0.049,0.048,-0.025,-0.023,0.048,0.030,0.159,0.108,0.132,0.053,0.074
-0.005,0.045,0.050,-0.020,-0.028,0.047,0.030,0.135,0.080,0.120,0.045,0.070
-0.008,0.041,0.050,-0.017,-0.029,0.046,0.030,0.110,0.055,0.108,0.037,0.062
-0.019,0.034,0.053,-0.008,-0.036,0.043,0.030,0.092,0.037,0.096,0.029,0.057
-0.029,0.028,0.057,0.000,-0.043,0.042,0.030,0.077,0.022,0.086,0.021,0.051
-0.038,0.023,0.061,0.007,-0.050,0.042,0.029,0.061,0.006,0.078,0.013,0.044
-0.050,0.015,0.065,0.017,-0.058,0.040,0.025,0.045,-0.010,0.070,0.005,0.040
-0.054,0.011,0.065,0.021,-0.060,0.038,0.025,0.032,-0.026,0.062,0.001,0.032
-0.060,0.004,0.065,0.027,-0.063,0.034,0.025,0.024,-0.039,0.054,-0.003,0.027
-0.069,-0.004,0.065,0.036,-0.067,0.030,0.025,0.016,-0.053,0.046,-0.007,0.023
-0.068,-0.003,0.065,0.035,-0.066,0.031,0.025,0.008,-0.068,0.039,-0.011,0.019
-0.055,0.010,0.065,0.022,-0.060,0.037,0.025,0.000,-0.075,0.035,-0.015,0.015
-0.046,0.019,0.065,0.013,-0.055,0.042,0.025,-0.008,-0.087,0.031,-0.019,0.011
-0.048,0.017,0.065,0.015,-0.057,0.041,0.025,-0.016,-0.094,0.027,-0.023,0.007
-0.050,0.015,0.065,0.017,-0.058,0.040,0.025,-0.024,-0.097,0.023,-0.027,0.003
-0.051,0.014,0.065,0.018,-0.058,0.040,0.026,-0.033,-0.101,0.019,-0.032,0.000
-0.055,0.010,0.065,0.022,-0.060,0.037,0.030,-0.045,-0.105,0.015,-0.040,0.000
-0.055,0.010,0.065,0.022,-0.060,0.037,0.030,-0.050,-0.114,0.011,-0.044,-0.004
-0.055,0.007,0.062,0.024,-0.059,0.034,0.030,-0.050,-0.117,0.010,-0.048,-0.006
-0.055,0.005,0.059,0.025,-0.058,0.032,0.030,-0.052,-0.128,0.009,-0.052,-0.004
-0.056,0.004,0.060,0.026,-0.058,0.032,0.030,-0.056,-0.142,0.004,-0.056,-0.006
-0.060,0.000,0.060,0.030,-0.060,0.030,0.030,-0.055,-0.145,0.000,-0.060,-0.010
-0.060,0.000,0.060,0.030,-0.060,0.030,0.030,-0.054,-0.145,-0.004,-0.060,-0.010
-0.059,0.001,0.060,0.029,-0.060,0.030,0.030,-0.065,-0.144,-0.009,-0.060,-0.013
-0.062,-0.002,0.060,0.032,-0.061,0.029,0.030,-0.070,-0.147,-0.010,-0.060,-0.016
-0.065,-0.005,0.060,0.035,-0.062,0.027,0.030,-0.064,-0.150,-0.011,-0.060,-0.015
-0.065,-0.005,0.060,0.035,-0.062,0.027,0.030,-0.065,-0.150,-0.015,-0.060,-0.015
-0.069,-0.009,0.060,0.039,-0.065,0.025,0.030,-0.065,-0.150,-0.019,-0.060,-0.019
-0.070,-0.010,0.060,0.040,-0.065,0.025,0.030,-0.065,-0.147,-0.023,-0.060,-0.020
-0.072,-0.012,0.060,0.042,-0.066,0.024,0.030,-0.065,-0.144,-0.027,-0.061,-0.022
-0.075,-0.015,0.060,0.045,-0.067,0.022,0.030,-0.065,-0.145,-0.030,-0.066,-0.026
-0.075,-0.015,0.060,0.045,-0.067,0.022,0.030,-0.065,-0.145,-0.030,-0.070,-0.025
-0.079,-0.019,0.060,0.049,-0.069,0.020,0.030,-0.074,-0.145,-0.034,-0.070,-0.025
-0.080,-0.020,0.060,0.050,-0.070,0.020,0.030,-0.073,-0.145,-0.038,-0.070,-0.028
-0.080,-0.020,0.060,0.050,-0.070,0.020,0.030,-0.069,-0.145,-0.042,-0.070,-0.031
-0.080,-0.020,0.060,0.050,-0.070,0.020,0.030,-0.070,-0.145,-0.045,-0.070,-0.030
-0.080,-0.020,0.060,0.050,-0.070,0.020,0.030,-0.070,-0.145,-0.045,-0.070,-0.030
-0.080,-0.020,0.060,0.050,-0.070,0.020,0.030,-0.070,-0.145,-0.045,-0.070,-0.034
-0.080,-0.020,0.060,0.050,-0.070,0.020,0.030,-0.071,-0.145,-0.045,-0.070,-0.035
-0.080,-0.020,0.060,0.050,-0.070,0.020,0.030,-0.068,-0.145,-0.045,-0.071,-0.035
-0.080,-0.020,0.060,0.050,-0.070,0.020,0.030,-0.065,-0.145,-0.045,-0.076,-0.035
-0.080,-0.020,0.060,0.050,-0.070,0.020,0.030,-0.065,-0.145,-0.045,-0.080,-0.035
-0.080,-0.020,0.060,0.050,-0.070,0.020,0.030,-0.065,-0.145,-0.041,-0.076,-0.035
-0.083,-0.023,0.060,0.053,-0.071,0.018,0.027,-0.065,-0.145,-0.040,-0.074,-0.035
-0.087,-0.027,0.060,0.057,-0.073,0.016,0.024,-0.065,-0.145,-0.040,-0.075,-0.035
-0.083,-0.023,0.060,0.053,-0.071,0.018,0.025,-0.065,-0.145,-0.040,-0.075,-0.036
-0.080,-0.020,0.060,0.050,-0.070,0.020,0.025,-0.065,-0.145,-0.040,-0.075,-0.040
-0.109,-0.049,0.060,0.079,-0.084,0.005,0.025,-0.061,-0.145,-0.040,-0.075,-0.040
-0.115,-0.055,0.060,0.085,-0.088,0.002,0.025,-0.060,-0.145,-0.040,-0.075,-0.040
-0.107,-0.047,0.060,0.077,-0.083,0.006,0.025,-0.060,-0.145,-0.040,-0.075,-0.040
-0.104,-0.044,0.060,0.074,-0.082,0.007,0.025,-0.060,-0.145,-0.039,-0.075,-0.040
-0.100,-0.040,0.060,0.070,-0.080,0.010,0.025,-0.060,-0.145,-0.040,-0.075,-0.040
-0.100,-0.040,0.060,0.070,-0.080,0.010,0.025,-0.060,-0.145,-0.057,-0.075,-0.040
-0.098,-0.038,0.060,0.068,-0.078,0.011,0.025,-0.057,-0.145,-0.059,-0.075,-0.041
-0.092,-0.032,0.060,0.062,-0.076,0.013,0.025,-0.054,-0.145,-0.054,-0.075,-0.038
-0.090,-0.030,0.060,0.060,-0.075,0.015,0.025,-0.055,-0.144,-0.055,-0.074,-0.035
-0.090,-0.030,0.060,0.060,-0.075,0.015,0.025,-0.055,-0.140,-0.055,-0.070,-0.035
-0.086,-0.026,0.060,0.056,-0.073,0.016,0.025,-0.055,-0.140,-0.055,-0.070,-0.035
-0.082,-0.022,0.060,0.052,-0.071,0.019,0.025,-0.055,-0.140,-0.055,-0.070,-0.035
-0.078,-0.018,0.060,0.048,-0.069,0.021,0.025,-0.055,-0.140,-0.055,-0.070,-0.035
-0.083,-0.023,0.060,0.053,-0.071,0.018,0.025,-0.056,-0.139,-0.055,-0.070,-0.034
-0.095,-0.035,0.060,0.065,-0.077,0.012,0.025,-0.060,-0.135,-0.055,-0.070,-0.030
-0.091,-0.031,0.060,0.061,-0.076,0.014,0.025,-0.060,-0.135,-0.051,-0.070,-0.030
-0.089,-0.029,0.060,0.059,-0.075,0.015,0.025,-0.060,-0.135,-0.050,-0.070,-0.030
-0.090,-0.030,0.060,0.060,-0.075,0.015,0.025,-0.060,-0.135,-0.050,-0.070,-0.030
-0.090,-0.030,0.060,0.060,-0.075,0.015,0.025,-0.060,-0.134,-0.050,-0.070,-0.030
-0.090,-0.030,0.060,0.060,-0.075,0.015,0.025,-0.060,-0.130,-0.050,-0.070,-0.030
-0.090,-0.030,0.060,0.060,-0.075,0.015,0.025,-0.060,-0.130,-0.050,-0.070,-0.030
-0.090,-0.030,0.060,0.060,-0.075,0.015,0.025,-0.060,-0.130,-0.050,-0.069,-0.027
-0.090,-0.030,0.060,0.060,-0.075,0.015,0.025,-0.060,-0.130,-0.050,-0.072,-0.024
-0.090,-0.030,0.060,0.060,-0.075,0.015,0.025,-0.060,-0.130,-0.049,-0.075,-0.025
-0.090,-0.030,0.060,0.060,-0.075,0.015,0.025,-0.060,-0.130,-0.045,-0.075,-0.025
-0.090,-0.030,0.060,0.060,-0.075,0.015,0.025,-0.060,-0.126,-0.045,-0.075,-0.025
-0.087,-0.030,0.057,0.058,-0.072,0.013,0.025,-0.060,-0.125,-0.045,-0.075,-0.026
-0.084,-0.030,0.054,0.057,-0.069,0.012,0.025,-0.060,-0.125,-0.045,-0.075,-0.023
-0.085,-0.030,0.055,0.057,-0.070,0.012,0.025,-0.060,-0.125,-0.045,-0.075,-0.020
-0.085,-0.030,0.055,0.057,-0.070,0.012,0.025,-0.060,-0.125,-0.045,-0.075,-0.020
-0.085,-0.030,0.055,0.057,-0.070,0.012,0.025,-0.060,-0.121,-0.045,-0.075,-0.020
-0.082,-0.030,0.052,0.056,-0.067,0.011,0.025,-0.060,-0.120,-0.045,-0.075,-0.020
-0.079,-0.030,0.049,0.055,-0.064,0.010,0.025,-0.060,-0.120,-0.045,-0.075,-0.020
-0.080,-0.030,0.050,0.055,-0.065,0.010,0.025,-0.060,-0.120,-0.046,-0.075,-0.020
-0.080,-0.030,0.050,0.055,-0.065,0.010,0.025,-0.060,-0.120,-0.050,-0.075,-0.020
-0.080,-0.030,0.050,0.055,-0.065,0.010,0.025,-0.060,-0.120,-0.051,-0.075,-0.024
-0.081,-0.030,0.051,0.055,-0.066,0.010,0.025,-0.063,-0.117,-0.047,-0.075,-0.025
-0.078,-0.030,0.048,0.054,-0.063,0.009,0.025,-0.065,-0.113,-0.044,-0.075,-0.025
-0.075,-0.030,0.045,0.052,-0.060,0.007,0.025,-0.066,-0.118,-0.045,-0.075,-0.025
-0.075,-0.030,0.045,0.052,-0.060,0.007,0.025,-0.070,-0.135,-0.045,-0.075,-0.025
-0.075,-0.030,0.045,0.052,-0.060,0.007,0.025,-0.070,-0.136,-0.045,-0.075,-0.025
-0.075,-0.030,0.045,0.052,-0.060,0.007,0.025,-0.073,-0.135,-0.045,-0.075,-0.025
-0.074,-0.028,0.045,0.051,-0.059,0.008,0.025,-0.075,-0.135,-0.045,-0.075,-0.025
-0.068,-0.024,0.044,0.046,-0.056,0.010,0.025,-0.076,-0.135,-0.046,-0.075,-0.025
-0.060,-0.020,0.040,0.040,-0.050,0.010,0.025,-0.080,-0.135,-0.050,-0.075,-0.025
-0.054,-0.015,0.039,0.035,-0.046,0.012,0.025,-0.080,-0.135,-0.050,-0.075,-0.025
-0.064,-0.017,0.047,0.040,-0.055,0.014,0.025,-0.083,-0.135,-0.052,-0.075,-0.024
-0.072,-0.005,0.067,0.038,-0.069,0.031,0.025,-0.086,-0.135,-0.057,-0.075,-0.030
-0.069,0.012,0.081,0.029,-0.075,0.046,0.025,-0.085,-0.135,-0.060,-0.075,-0.042
-0.070,0.005,0.075,0.032,-0.073,0.040,0.025,-0.085,-0.135,-0.060,-0.075,-0.045
-0.074,0.001,0.075,0.036,-0.075,0.037,0.025,-0.089,-0.135,-0.060,-0.079,-0.045
-0.075,-0.003,0.072,0.039,-0.073,0.034,0.028,-0.091,-0.135,-0.060,-0.080,-0.045
-0.077,-0.007,0.069,0.042,-0.073,0.031,0.031,-0.089,-0.135,-0.060,-0.080,-0.045
-0.081,-0.010,0.070,0.045,-0.076,0.030,0.030,-0.091,-0.135,-0.060,-0.080,-0.045
-0.080,-0.010,0.070,0.045,-0.075,0.030,0.030,-0.095,-0.135,-0.060,-0.080,-0.045
-0.080,-0.014,0.066,0.046,-0.072,0.026,0.030,-0.095,-0.135,-0.060,-0.080,-0.045
-0.083,-0.018,0.064,0.050,-0.073,0.023,0.030,-0.095,-0.135,-0.060,-0.080,-0.045
-0.087,-0.022,0.066,0.054,-0.076,0.022,0.030,-0.095,-0.135,-0.060,-0.080,-0.045
-0.090,-0.026,0.064,0.058,-0.077,0.019,0.030,-0.094,-0.134,-0.059,-0.080,-0.045
-0.090,-0.030,0.060,0.060,-0.075,0.015,0.030,-0.095,-0.135,-0.060,-0.080,-0.045
-0.089,-0.030,0.060,0.060,-0.075,0.015,0.030,-0.107,-0.147,-0.072,-0.080,-0.045
-0.094,-0.033,0.061,0.064,-0.077,0.013,0.030,-0.114,-0.154,-0.079,-0.083,-0.045
-0.093,-0.035,0.058,0.064,-0.075,0.011,0.030,-0.115,-0.155,-0.080,-0.086,-0.045
-0.090,-0.036,0.055,0.063,-0.072,0.009,0.030,-0.115,-0.155,-0.080,-0.085,-0.045
-0.095,-0.040,0.055,0.067,-0.075,0.007,0.030,-0.115,-0.155,-0.080,-0.085,-0.045
-0.091,-0.040,0.051,0.066,-0.071,0.005,0.034,-0.119,-0.155,-0.080,-0.085,-0.045
-0.089,-0.040,0.049,0.065,-0.069,0.005,0.035,-0.121,-0.155,-0.080,-0.085,-0.045
-0.091,-0.040,0.051,0.065,-0.071,0.005,0.035,-0.119,-0.155,-0.080,-0.085,-0.045
-0.089,-0.040,0.049,0.064,-0.069,0.005,0.035,-0.121,-0.155,-0.080,-0.085,-0.045
-0.085,-0.040,0.045,0.062,-0.065,0.002,0.035,-0.125,-0.155,-0.080,-0.085,-0.045
-0.085,-0.040,0.045,0.062,-0.065,0.002,0.035,-0.125,-0.155,-0.084,-0.085,-0.045
-0.086,-0.040,0.046,0.062,-0.066,0.002,0.035,-0.125,-0.155,-0.085,-0.084,-0.045
-0.083,-0.040,0.043,0.061,-0.063,0.001,0.035,-0.125,-0.155,-0.085,-0.087,-0.045
-0.080,-0.040,0.040,0.060,-0.060,0.000,0.035,-0.125,-0.156,-0.085,-0.090,-0.045
-0.080,-0.040,0.040,0.060,-0.060,0.000,0.035,-0.125,-0.160,-0.085,-0.090,-0.045
-0.080,-0.040,0.040,0.060,-0.060,0.000,0.035,-0.129,-0.160,-0.085,-0.090,-0.045
-0.077,-0.040,0.037,0.058,-0.057,-0.001,0.035,-0.130,-0.160,-0.085,-0.090,-0.045
-0.074,-0.040,0.034,0.057,-0.054,-0.002,0.035,-0.130,-0.160,-0.085,-0.090,-0.045
-0.075,-0.040,0.035,0.057,-0.055,-0.002,0.036,-0.130,-0.160,-0.086,-0.090,-0.045
-0.075,-0.040,0.035,0.057,-0.055,-0.002,0.040,-0.130,-0.160,-0.090,-0.090,-0.045
-0.075,-0.040,0.035,0.057,-0.055,-0.002,0.040,-0.130,-0.160,-0.090,-0.090,-0.045
-0.075,-0.040,0.035,0.057,-0.055,-0.002,0.040,-0.133,-0.160,-0.090,-0.093,-0.045
-0.075,-0.040,0.035,0.057,-0.055,-0.002,0.040,-0.136,-0.160,-0.090,-0.096,-0.045
-0.075,-0.040,0.035,0.057,-0.055,-0.002,0.040,-0.135,-0.160,-0.090,-0.095,-0.045
-0.075,-0.040,0.035,0.057,-0.055,-0.002,0.040,-0.135,-0.160,-0.090,-0.095,-0.045
-0.075,-0.040,0.035,0.057,-0.055,-0.002,0.040,-0.135,-0.160,-0.090,-0.095,-0.045
-0.075,-0.040,0.035,0.057,-0.055,-0.002,0.040,-0.134,-0.159,-0.090,-0.095,-0.045
-0.074,-0.039,0.035,0.056,-0.054,-0.001,0.040,-0.137,-0.162,-0.090,-0.095,-0.045
-0.078,-0.043,0.035,0.060,-0.056,-0.003,0.040,-0.140,-0.165,-0.090,-0.095,-0.045
-0.090,-0.055,0.035,0.072,-0.062,-0.010,0.040,-0.140,-0.165,-0.090,-0.095,-0.045
-0.086,-0.051,0.035,0.068,-0.061,-0.008,0.040,-0.140,-0.165,-0.090,-0.099,-0.045
-0.084,-0.049,0.035,0.066,-0.060,-0.007,0.039,-0.140,-0.165,-0.090,-0.100,-0.045
-0.085,-0.050,0.035,0.067,-0.060,-0.007,0.042,-0.140,-0.165,-0.090,-0.100,-0.045
-0.085,-0.050,0.035,0.067,-0.060,-0.007,0.045,-0.141,-0.165,-0.090,-0.100,-0.045
-0.085,-0.050,0.035,0.067,-0.060,-0.007,0.045,-0.145,-0.165,-0.090,-0.100,-0.045
-0.085,-0.050,0.035,0.067,-0.060,-0.007,0.045,-0.145,-0.165,-0.090,-0.100,-0.045
-0.085,-0.050,0.035,0.067,-0.060,-0.007,0.045,-0.145,-0.165,-0.090,-0.100,-0.045
-0.085,-0.050,0.035,0.067,-0.060,-0.007,0.045,-0.145,-0.165,-0.090,-0.100,-0.045
-0.085,-0.050,0.035,0.067,-0.060,-0.007,0.045,-0.145,-0.165,-0.091,-0.100,-0.045
-0.085,-0.050,0.035,0.067,-0.060,-0.007,0.045,-0.145,-0.165,-0.095,-0.100,-0.045
-0.085,-0.050,0.035,0.067,-0.060,-0.007,0.045,-0.145,-0.165,-0.100,-0.100,-0.045
-0.085,-0.050,0.035,0.067,-0.060,-0.007,0.045,-0.148,-0.168,-0.100,-0.103,-0.045
-0.085,-0.050,0.035,0.067,-0.060,-0.007,0.045,-0.151,-0.171,-0.102,-0.106,-0.045
-0.084,-0.050,0.034,0.067,-0.059,-0.007,0.045,-0.150,-0.170,-0.105,-0.105,-0.046
-0.080,-0.050,0.030,0.065,-0.055,-0.010,0.045,-0.150,-0.170,-0.105,-0.105,-0.050
-0.080,-0.050,0.030,0.065,-0.055,-0.010,0.045,-0.150,-0.170,-0.109,-0.105,-0.050
-0.080,-0.050,0.030,0.065,-0.055,-0.010,0.042,-0.150,-0.170,-0.110,-0.105,-0.050
-0.080,-0.050,0.030,0.065,-0.055,-0.010,0.039,-0.150,-0.170,-0.110,-0.105,-0.050
-0.080,-0.050,0.030,0.065,-0.055,-0.010,0.040,-0.150,-0.170,-0.110,-0.105,-0.050
-0.080,-0.050,0.030,0.065,-0.055,-0.010,0.040,-0.150,-0.170,-0.110,-0.105,-0.050
-0.080,-0.050,0.030,0.065,-0.055,-0.010,0.040,-0.154,-0.170,-0.110,-0.105,-0.050
-0.080,-0.050,0.030,0.065,-0.055,-0.010,0.040,-0.155,-0.170,-0.110,-0.104,-0.050
-0.080,-0.050,0.030,0.065,-0.055,-0.010,0.040,-0.155,-0.170,-0.110,-0.107,-0.050
-0.080,-0.050,0.030,0.065,-0.055,-0.010,0.040,-0.155,-0.170,-0.110,-0.110,-0.050
-0.080,-0.050,0.030,0.065,-0.055,-0.010,0.040,-0.155,-0.170,-0.110,-0.110,-0.050
-0.080,-0.050,0.030,0.065,-0.055,-0.010,0.040,-0.155,-0.170,-0.110,-0.110,-0.050
-0.079,-0.049,0.030,0.064,-0.055,-0.010,0.040,-0.155,-0.170,-0.110,-0.110,-0.049
-0.082,-0.052,0.030,0.067,-0.056,-0.011,0.040,-0.155,-0.170,-0.110,-0.110,-0.052
-0.085,-0.055,0.030,0.070,-0.057,-0.012,0.040,-0.156,-0.170,-0.110,-0.110,-0.055
-0.085,-0.055,0.030,0.070,-0.057,-0.012,0.040,-0.160,-0.170,-0.110,-0.110,-0.055
-0.085,-0.055,0.030,0.070,-0.057,-0.012,0.036,-0.160,-0.170,-0.110,-0.110,-0.055
-0.086,-0.056,0.030,0.071,-0.057,-0.012,0.035,-0.160,-0.170,-0.110,-0.110,-0.055
-0.083,-0.053,0.030,0.068,-0.056,-0.011,0.035,-0.160,-0.170,-0.110,-0.110,-0.055
-0.080,-0.050,0.030,0.065,-0.055,-0.010,0.035,-0.160,-0.170,-0.110,-0.110,-0.055
-0.080,-0.050,0.030,0.065,-0.055,-0.010,0.035,-0.160,-0.170,-0.110,-0.110,-0.055
-0.080,-0.050,0.030,0.065,-0.055,-0.010,0.035,-0.160,-0.170,-0.110,-0.110,-0.055
-0.080,-0.050,0.030,0.065,-0.055,-0.010,0.035,-0.160,-0.170,-0.109,-0.110,-0.055
-0.080,-0.050,0.030,0.065,-0.055,-0.010,0.035,-0.160,-0.170,-0.112,-0.110,-0.055
-0.080,-0.050,0.030,0.065,-0.055,-0.010,0.035,-0.160,-0.171,-0.115,-0.110,-0.055
-0.080,-0.050,0.030,0.065,-0.055,-0.010,0.035,-0.160,-0.175,-0.115,-0.110,-0.055
-0.080,-0.050,0.030,0.065,-0.055,-0.010,0.035,-0.160,-0.175,-0.119,-0.114,-0.055
-0.078,-0.050,0.028,0.064,-0.053,-0.011,0.035,-0.160,-0.175,-0.124,-0.115,-0.058
-0.087,-0.050,0.036,0.068,-0.061,-0.007,0.035,-0.160,-0.175,-0.125,-0.115,-0.061
-0.095,-0.049,0.045,0.072,-0.070,-0.001,0.036,-0.160,-0.175,-0.125,-0.115,-0.060
-0.090,-0.050,0.040,0.070,-0.065,-0.005,0.040,-0.160,-0.175,-0.125,-0.115,-0.060
-0.103,-0.063,0.040,0.083,-0.071,-0.011,0.040,-0.160,-0.175,-0.129,-0.115,-0.060
-0.103,-0.063,0.040,0.083,-0.072,-0.011,0.040,-0.163,-0.175,-0.131,-0.115,-0.060
-0.099,-0.059,0.040,0.079,-0.069,-0.010,0.040,-0.166,-0.175,-0.129,-0.115,-0.060
-0.100,-0.060,0.040,0.080,-0.070,-0.010,0.040,-0.165,-0.175,-0.131,-0.115,-0.060
-0.100,-0.060,0.040,0.080,-0.070,-0.010,0.040,-0.165,-0.175,-0.135,-0.115,-0.060
-0.096,-0.060,0.036,0.077,-0.066,-0.012,0.040,-0.165,-0.175,-0.135,-0.115,-0.060
-0.095,-0.060,0.035,0.077,-0.065,-0.012,0.040,-0.165,-0.175,-0.135,-0.115,-0.060
-0.095,-0.060,0.035,0.077,-0.065,-0.012,0.040,-0.165,-0.175,-0.135,-0.115,-0.060
-0.095,-0.060,0.035,0.077,-0.065,-0.012,0.040,-0.165,-0.175,-0.135,-0.115,-0.060
-0.095,-0.060,0.035,0.077,-0.065,-0.012,0.040,-0.165,-0.175,-0.135,-0.115,-0.060
-0.095,-0.060,0.035,0.077,-0.065,-0.012,0.040,-0.169,-0.175,-0.135,-0.115,-0.060
-0.096,-0.060,0.036,0.077,-0.066,-0.012,0.037,-0.170,-0.175,-0.135,-0.115,-0.060
-0.093,-0.060,0.033,0.076,-0.063,-0.013,0.034,-0.170,-0.175,-0.135,-0.115,-0.060
-0.090,-0.060,0.030,0.075,-0.060,-0.015,0.035,-0.170,-0.175,-0.135,-0.115,-0.060
-0.090,-0.060,0.030,0.075,-0.060,-0.015,0.035,-0.170,-0.175,-0.135,-0.115,-0.060
-0.090,-0.060,0.030,0.075,-0.060,-0.015,0.035,-0.170,-0.175,-0.135,-0.115,-0.060
-0.090,-0.060,0.030,0.075,-0.060,-0.015,0.035,-0.170,-0.175,-0.135,-0.115,-0.060
-0.090,-0.060,0.030,0.075,-0.060,-0.015,0.035,-0.170,-0.175,-0.135,-0.115,-0.060
-0.089,-0.060,0.029,0.075,-0.059,-0.015,0.035,-0.171,-0.175,-0.135,-0.115,-0.060
-0.085,-0.060,0.025,0.072,-0.055,-0.017,0.035,-0.175,-0.175,-0.135,-0.115,-0.060
-0.085,-0.060,0.025,0.072,-0.055,-0.017,0.035,-0.175,-0.175,-0.135,-0.115,-0.060
-0.085,-0.060,0.025,0.072,-0.055,-0.017,0.035,-0.175,-0.175,-0.135,-0.114,-0.060
-0.085,-0.060,0.025,0.072,-0.055,-0.017,0.035,-0.175,-0.175,-0.135,-0.117,-0.060
-0.085,-0.060,0.025,0.072,-0.055,-0.017,0.035,-0.175,-0.175,-0.135,-0.120,-0.061
-0.085,-0.060,0.025,0.072,-0.055,-0.017,0.035,-0.175,-0.175,-0.135,-0.120,-0.065
-0.085,-0.060,0.025,0.072,-0.055,-0.017,0.035,-0.175,-0.175,-0.135,-0.120,-0.065
-0.088,-0.060,0.028,0.074,-0.058,-0.016,0.035,-0.175,-0.175,-0.138,-0.120,-0.065
-0.091,-0.060,0.030,0.076,-0.060,-0.015,0.035,-0.175,-0.175,-0.141,-0.120,-0.065
-0.090,-0.059,0.031,0.074,-0.060,-0.014,0.035,-0.175,-0.175,-0.140,-0.120,-0.065
-0.090,-0.055,0.035,0.072,-0.062,-0.010,0.035,-0.175,-0.175,-0.140,-0.120,-0.065
-0.090,-0.055,0.035,0.072,-0.062,-0.010,0.035,-0.179,-0.175,-0.144,-0.120,-0.065
-0.093,-0.055,0.038,0.074,-0.065,-0.008,0.035,-0.180,-0.178,-0.146,-0.120,-0.065
-0.096,-0.055,0.041,0.075,-0.068,-0.007,0.035,-0.180,-0.180,-0.144,-0.120,-0.065
-0.095,-0.055,0.040,0.075,-0.067,-0.007,0.035,-0.180,-0.181,-0.146,-0.120,-0.065
-0.095,-0.055,0.040,0.075,-0.067,-0.007,0.035,-0.180,-0.185,-0.150,-0.120,-0.065
-0.095,-0.055,0.040,0.075,-0.067,-0.007,0.035,-0.180,-0.185,-0.150,-0.120,-0.069
-0.092,-0.052,0.040,0.072,-0.066,-0.006,0.035,-0.180,-0.185,-0.149,-0.120,-0.070
-0.089,-0.049,0.040,0.069,-0.065,-0.005,0.035,-0.180,-0.185,-0.152,-0.120,-0.070
-0.090,-0.050,0.040,0.070,-0.065,-0.005,0.034,-0.180,-0.185,-0.155,-0.120,-0.070
-0.090,-0.050,0.040,0.070,-0.065,-0.005,0.030,-0.180,-0.185,-0.155,-0.120,-0.070
-0.090,-0.050,0.040,0.070,-0.065,-0.005,0.030,-0.180,-0.185,-0.155,-0.120,-0.070
-0.089,-0.050,0.039,0.070,-0.064,-0.005,0.030,-0.177,-0.185,-0.152,-0.120,-0.070
-0.092,-0.050,0.042,0.071,-0.067,-0.004,0.030,-0.174,-0.185,-0.150,-0.120,-0.070
-0.095,-0.049,0.045,0.071,-0.070,-0.001,0.030,-0.175,-0.185,-0.149,-0.120,-0.070
-0.090,-0.045,0.045,0.067,-0.067,0.000,0.030,-0.175,-0.185,-0.145,-0.120,-0.070
-0.090,-0.045,0.045,0.067,-0.067,0.000,0.030,-0.175,-0.185,-0.145,-0.120,-0.070
-0.090,-0.045,0.045,0.067,-0.067,0.000,0.031,-0.175,-0.182,-0.146,-0.120,-0.067
-0.090,-0.045,0.045,0.067,-0.067,0.000,0.028,-0.175,-0.180,-0.143,-0.120,-0.064
-0.090,-0.045,0.045,0.067,-0.067,0.000,0.025,-0.175,-0.179,-0.140,-0.120,-0.065
-0.090,-0.045,0.045,0.067,-0.067,0.000,0.025,-0.175,-0.175,-0.140,-0.120,-0.065
-0.091,-0.046,0.045,0.068,-0.067,0.000,0.025,-0.171,-0.175,-0.136,-0.116,-0.061
-0.084,-0.039,0.045,0.061,-0.064,0.003,0.025,-0.170,-0.172,-0.134,-0.112,-0.059
-0.077,-0.032,0.045,0.054,-0.061,0.006,0.025,-0.170,-0.170,-0.136,-0.108,-0.061
-0.075,-0.029,0.045,0.051,-0.060,0.008,0.025,-0.170,-0.169,-0.134,-0.105,-0.059
-0.075,-0.025,0.050,0.050,-0.062,0.012,0.025,-0.170,-0.165,-0.130,-0.105,-0.055
-0.079,-0.021,0.058,0.050,-0.069,0.019,0.024,-0.170,-0.165,-0.130,-0.101,-0.055
-0.080,-0.017,0.063,0.048,-0.072,0.023,0.031,-0.170,-0.162,-0.127,-0.096,-0.056
-0.080,-0.013,0.067,0.046,-0.073,0.027,0.037,-0.171,-0.160,-0.124,-0.095,-0.053
-0.080,-0.009,0.071,0.044,-0.076,0.031,0.043,-0.169,-0.159,-0.125,-0.094,-0.050
-0.080,-0.005,0.075,0.042,-0.077,0.035,0.055,-0.160,-0.155,-0.125,-0.090,-0.050
-0.076,-0.005,0.071,0.041,-0.073,0.032,0.056,-0.156,-0.155,-0.121,-0.086,-0.050
-0.071,-0.002,0.069,0.037,-0.070,0.033,0.055,-0.153,-0.152,-0.119,-0.084,-0.047
-0.070,0.001,0.071,0.035,-0.070,0.036,0.055,-0.146,-0.150,-0.121,-0.087,-0.044
-0.069,0.000,0.069,0.035,-0.069,0.034,0.054,-0.139,-0.149,-0.119,-0.090,-0.045
-0.065,0.000,0.065,0.032,-0.065,0.032,0.055,-0.135,-0.145,-0.115,-0.090,-0.045
-0.061,0.004,0.065,0.028,-0.063,0.034,0.067,-0.131,-0.141,-0.115,-0.090,-0.041
-0.059,0.006,0.065,0.026,-0.063,0.035,0.072,-0.124,-0.137,-0.116,-0.090,-0.039
-0.061,0.004,0.065,0.028,-0.064,0.035,0.069,-0.117,-0.135,-0.113,-0.090,-0.041
-0.058,0.006,0.064,0.026,-0.062,0.035,0.072,-0.114,-0.134,-0.110,-0.090,-0.039
-0.050,0.010,0.060,0.020,-0.055,0.035,0.080,-0.110,-0.130,-0.110,-0.090,-0.035
-0.049,0.010,0.060,0.020,-0.054,0.035,0.073,-0.106,-0.126,-0.110,-0.090,-0.035
-0.051,0.009,0.061,0.021,-0.056,0.035,0.064,-0.102,-0.125,-0.107,-0.093,-0.035
-0.046,0.012,0.058,0.017,-0.052,0.035,0.056,-0.097,-0.124,-0.104,-0.096,-0.034
-0.039,0.015,0.055,0.011,-0.047,0.035,0.048,-0.095,-0.119,-0.105,-0.095,-0.036
-0.040,0.015,0.055,0.012,-0.048,0.035,0.040,-0.100,-0.115,-0.105,-0.095,-0.040
-0.039,0.015,0.055,0.012,-0.048,0.035,0.032,-0.103,-0.114,-0.105,-0.095,-0.040
-0.044,0.012,0.056,0.015,-0.050,0.034,0.027,-0.118,-0.123,-0.106,-0.095,-0.043
-0.042,0.009,0.052,0.016,-0.047,0.030,0.021,-0.141,-0.138,-0.117,-0.095,-0.044
-0.033,0.010,0.043,0.011,-0.038,0.026,0.014,-0.167,-0.162,-0.133,-0.095,-0.048
-0.030,0.010,0.040,0.010,-0.035,0.025,0.010,-0.195,-0.185,-0.140,-0.095,-0.060
-0.031,0.006,0.037,0.012,-0.034,0.021,0.002,-0.209,-0.182,-0.144,-0.099,-0.056
-0.024,0.004,0.029,0.009,-0.027,0.017,-0.003,-0.208,-0.179,-0.145,-0.100,-0.054
-0.017,0.006,0.022,0.005,-0.020,0.014,-0.009,-0.202,-0.181,-0.144,-0.100,-0.055
-0.015,0.004,0.019,0.005,-0.017,0.011,-0.017,-0.200,-0.179,-0.146,-0.100,-0.055
-0.015,0.000,0.015,0.007,-0.015,0.007,-0.020,-0.200,-0.175,-0.150,-0.100,-0.055
-0.011,0.000,0.011,0.006,-0.011,0.005,-0.016,-0.196,-0.175,-0.150,-0.100,-0.055
-0.006,0.001,0.007,0.003,-0.007,0.003,-0.014,-0.195,-0.175,-0.150,-0.099,-0.055
-0.005,-0.002,0.003,0.003,-0.004,0.000,-0.016,-0.194,-0.175,-0.148,-0.102,-0.055
-0.005,-0.005,-0.001,0.005,-0.001,-0.003,-0.014,-0.189,-0.174,-0.145,-0.105,-0.054
0.000,-0.005,-0.005,0.003,0.003,-0.005,-0.010,-0.185,-0.170,-0.145,-0.105,-0.050
0.005,-0.005,-0.009,0.000,0.008,-0.006,-0.010,-0.185,-0.170,-0.145,-0.105,-0.050
0.003,-0.008,-0.011,0.003,0.007,-0.009,-0.010,-0.182,-0.171,-0.142,-0.105,-0.050
-0.003,-0.011,-0.008,0.007,0.003,-0.009,-0.010,-0.180,-0.168,-0.139,-0.105,-0.050
-0.005,-0.010,-0.005,0.008,0.000,-0.007,-0.009,-0.179,-0.165,-0.140,-0.106,-0.050
-0.005,-0.010,-0.005,0.008,0.000,-0.007,-0.005,-0.175,-0.165,-0.140,-0.110,-0.050
-0.009,-0.014,-0.005,0.012,-0.001,-0.010,-0.005,-0.175,-0.165,-0.140,-0.110,-0.050
-0.014,-0.016,-0.002,0.015,-0.006,-0.009,-0.005,-0.173,-0.165,-0.139,-0.110,-0.049
-0.014,-0.013,0.001,0.014,-0.007,-0.006,-0.005,-0.167,-0.167,-0.145,-0.110,-0.053
-0.018,-0.018,0.000,0.018,-0.008,-0.009,-0.004,-0.174,-0.180,-0.158,-0.110,-0.063
-0.035,-0.035,0.000,0.035,-0.017,-0.017,0.000,-0.195,-0.200,-0.165,-0.110,-0.075
-0.044,-0.040,0.004,0.042,-0.024,-0.017,0.000,-0.200,-0.205,-0.170,-0.114,-0.080
-0.046,-0.040,0.006,0.042,-0.026,-0.017,-0.001,-0.203,-0.204,-0.170,-0.115,-0.080
-0.045,-0.040,0.004,0.042,-0.024,-0.017,0.002,-0.206,-0.207,-0.172,-0.116,-0.082
-0.046,-0.040,0.006,0.042,-0.026,-0.017,0.005,-0.205,-0.210,-0.176,-0.121,-0.085
-0.050,-0.040,0.010,0.045,-0.030,-0.015,0.005,-0.205,-0.210,-0.180,-0.125,-0.085
-0.054,-0.044,0.010,0.049,-0.032,-0.016,0.005,-0.205,-0.214,-0.184,-0.129,-0.089
-0.058,-0.049,0.009,0.053,-0.033,-0.019,0.004,-0.205,-0.215,-0.185,-0.130,-0.094
-0.062,-0.050,0.012,0.056,-0.037,-0.019,0.007,-0.205,-0.215,-0.185,-0.130,-0.095
-0.065,-0.050,0.015,0.057,-0.040,-0.017,0.010,-0.205,-0.215,-0.185,-0.130,-0.095
-0.065,-0.050,0.015,0.057,-0.040,-0.017,0.010,-0.205,-0.215,-0.185,-0.130,-0.095
-0.065,-0.050,0.015,0.057,-0.040,-0.017,0.010,-0.205,-0.215,-0.185,-0.130,-0.095
-0.068,-0.050,0.018,0.059,-0.043,-0.016,0.010,-0.205,-0.215,-0.184,-0.130,-0.095
-0.071,-0.050,0.021,0.060,-0.046,-0.015,0.012,-0.205,-0.215,-0.187,-0.130,-0.095
-0.070,-0.050,0.020,0.060,-0.045,-0.015,0.015,-0.205,-0.216,-0.190,-0.131,-0.095
-0.070,-0.050,0.020,0.060,-0.045,-0.015,0.015,-0.205,-0.220,-0.190,-0.135,-0.095
-0.074,-0.050,0.024,0.062,-0.049,-0.012,0.015,-0.205,-0.220,-0.190,-0.135,-0.099
-0.075,-0.050,0.025,0.062,-0.050,-0.012,0.018,-0.205,-0.220,-0.193,-0.135,-0.100
-0.075,-0.050,0.025,0.062,-0.050,-0.012,0.020,-0.205,-0.220,-0.195,-0.135,-0.102
-0.075,-0.050,0.025,0.062,-0.050,-0.012,0.020,-0.205,-0.220,-0.195,-0.135,-0.105
-0.075,-0.050,0.025,0.062,-0.050,-0.012,0.020,-0.205,-0.220,-0.195,-0.135,-0.105
-0.079,-0.050,0.029,0.064,-0.054,-0.011,0.020,-0.205,-0.220,-0.191,-0.135,-0.109
-0.084,-0.050,0.034,0.067,-0.059,-0.008,0.023,-0.205,-0.219,-0.190,-0.134,-0.110
-0.083,-0.050,0.033,0.066,-0.058,-0.008,0.026,-0.205,-0.222,-0.190,-0.137,-0.112
-0.079,-0.050,0.029,0.065,-0.054,-0.010,0.025,-0.205,-0.225,-0.190,-0.140,-0.115
-0.080,-0.050,0.030,0.065,-0.055,-0.010,0.025,-0.205,-0.225,-0.190,-0.140,-0.115
-0.080,-0.050,0.030,0.065,-0.055,-0.010,0.029,-0.205,-0.225,-0.190,-0.140,-0.115
-0.080,-0.050,0.030,0.065,-0.055,-0.010,0.030,-0.205,-0.225,-0.190,-0.140,-0.115
-0.080,-0.050,0.030,0.065,-0.055,-0.010,0.030,-0.205,-0.225,-0.190,-0.140,-0.115
-0.080,-0.050,0.030,0.065,-0.055,-0.010,0.030,-0.205,-0.225,-0.190,-0.140,-0.115
-0.080,-0.050,0.030,0.065,-0.055,-0.010,0.030,-0.205,-0.225,-0.190,-0.140,-0.115
-0.080,-0.050,0.030,0.065,-0.055,-0.010,0.030,-0.209,-0.225,-0.190,-0.140,-0.115
-0.080,-0.050,0.030,0.065,-0.055,-0.010,0.030,-0.210,-0.225,-0.190,-0.140,-0.115
-0.080,-0.050,0.030,0.065,-0.055,-0.010,0.030,-0.210,-0.225,-0.190,-0.140,-0.115
-0.080,-0.050,0.030,0.065,-0.055,-0.010,0.030,-0.210,-0.225,-0.189,-0.140,-0.115
-0.080,-0.050,0.030,0.065,-0.055,-0.010,0.030,-0.210,-0.225,-0.185,-0.140,-0.115
-0.076,-0.046,0.030,0.061,-0.053,-0.008,0.030,-0.210,-0.225,-0.185,-0.140,-0.115
-0.074,-0.044,0.030,0.059,-0.052,-0.007,0.030,-0.210,-0.225,-0.185,-0.140,-0.115
-0.076,-0.046,0.030,0.061,-0.052,-0.007,0.030,-0.210,-0.225,-0.185,-0.140,-0.115
-0.074,-0.044,0.030,0.059,-0.052,-0.007,0.030,-0.210,-0.225,-0.185,-0.140,-0.115
-0.070,-0.040,0.030,0.055,-0.050,-0.005,0.030,-0.210,-0.225,-0.185,-0.140,-0.115
-0.070,-0.040,0.030,0.055,-0.050,-0.005,0.030,-0.210,-0.225,-0.185,-0.140,-0.115
-0.070,-0.040,0.030,0.055,-0.050,-0.005,0.030,-0.210,-0.225,-0.185,-0.140,-0.115
-0.070,-0.040,0.030,0.055,-0.050,-0.005,0.030,-0.210,-0.225,-0.185,-0.140,-0.115
-0.069,-0.039,0.030,0.054,-0.050,-0.005,0.030,-0.210,-0.225,-0.185,-0.140,-0.115
-0.065,-0.035,0.030,0.050,-0.047,-0.002,0.030,-0.210,-0.225,-0.185,-0.140,-0.115
-0.065,-0.035,0.030,0.050,-0.047,-0.002,0.030,-0.210,-0.225,-0.185,-0.140,-0.115
-0.066,-0.036,0.030,0.051,-0.047,-0.002,0.030,-0.210,-0.225,-0.185,-0.140,-0.115
-0.063,-0.033,0.030,0.048,-0.046,-0.001,0.030,-0.210,-0.225,-0.183,-0.140,-0.115
-0.059,-0.030,0.030,0.044,-0.044,0.000,0.030,-0.210,-0.225,-0.179,-0.140,-0.115
-0.060,-0.030,0.030,0.045,-0.045,0.000,0.030,-0.210,-0.225,-0.175,-0.140,-0.115
-0.068,-0.030,0.038,0.049,-0.053,0.004,0.030,-0.211,-0.217,-0.171,-0.132,-0.107
-0.077,-0.031,0.045,0.054,-0.061,0.007,0.031,-0.207,-0.211,-0.167,-0.124,-0.099
-0.082,-0.025,0.058,0.053,-0.070,0.017,0.025,-0.221,-0.209,-0.162,-0.115,-0.090
-0.086,-0.013,0.073,0.049,-0.079,0.029,0.013,-0.244,-0.203,-0.160,-0.109,-0.085
-0.085,-0.005,0.080,0.045,-0.082,0.037,0.000,-0.250,-0.195,-0.155,-0.100,-0.080
-0.073,0.019,0.092,0.027,-0.083,0.056,-0.032,-0.255,-0.191,-0.123,-0.064,-0.045
-0.062,0.040,0.101,0.011,-0.082,0.070,-0.061,-0.247,-0.187,-0.096,-0.033,-0.008
-0.045,0.080,0.125,-0.017,-0.086,0.102,-0.092,-0.236,-0.183,-0.055,0.010,0.032
-0.026,0.121,0.147,-0.048,-0.087,0.134,-0.121,-0.226,-0.180,0.005,0.069,0.083
-0.010,0.130,0.140,-0.060,-0.075,0.135,-0.135,-0.215,-0.180,0.060,0.120,0.130
0.016,0.156,0.140,-0.086,-0.063,0.148,-0.158,-0.270,-0.180,0.113,0.173,0.176
0.061,0.196,0.136,-0.129,-0.038,0.166,-0.223,-0.467,-0.181,0.155,0.248,0.240
0.106,0.245,0.138,-0.176,-0.016,0.191,-0.289,-0.700,-0.178,0.199,0.315,0.307
0.154,0.281,0.127,-0.218,0.013,0.204,-0.356,-0.882,-0.183,0.263,0.379,0.374
0.225,0.305,0.080,-0.265,0.072,0.192,-0.460,-1.020,-0.180,0.350,0.480,0.465
0.313,0.357,0.044,-0.335,0.135,0.200,-0.570,-1.102,-0.111,0.467,0.615,0.582
0.434,0.399,-0.034,-0.416,0.234,0.182,-0.701,-1.181,-0.034,0.604,0.755,0.719
0.579,0.448,-0.131,-0.513,0.355,0.158,-0.853,-1.252,0.016,0.761,0.913,0.875
0.716,0.518,-0.198,-0.617,0.457,0.160,-1.017,-1.346,0.047,0.908,1.079,1.032
0.840,0.610,-0.230,-0.725,0.535,0.190,-1.175,-1.485,0.085,1.025,1.230,1.175
0.971,0.720,-0.251,-0.846,0.611,0.235,-1.290,-1.539,0.157,1.147,1.385,1.321
1.001,0.693,-0.308,-0.847,0.654,0.193,-1.344,-1.492,0.253,1.201,1.457,1.395
1.050,0.621,-0.429,-0.835,0.740,0.095,-1.328,-1.427,0.324,1.154,1.386,1.326
1.122,0.541,-0.581,-0.831,0.851,-0.021,-1.278,-1.385,0.337,1.021,1.213,1.155
1.100,0.400,-0.700,-0.750,0.900,-0.150,-1.235,-1.335,0.310,0.865,1.040,0.995
1.099,0.310,-0.789,-0.704,0.944,-0.240,-1.178,-1.248,0.293,0.755,0.917,0.883
1.090,0.180,-0.910,-0.635,1.000,-0.365,-1.130,-1.097,0.245,0.605,0.729,0.720
1.053,0.024,-1.029,-0.538,1.041,-0.502,-1.056,-0.992,0.189,0.411,0.524,0.538
0.967,-0.112,-1.079,-0.427,1.023,-0.595,-0.948,-0.938,0.134,0.228,0.352,0.382
0.835,-0.230,-1.065,-0.302,0.950,-0.647,-0.835,-0.855,0.050,0.065,0.175,0.225
0.724,-0.336,-1.060,-0.194,0.892,-0.698,-0.695,-0.801,-0.071,-0.138,-0.013,0.055
0.595,-0.420,-1.015,-0.087,0.805,-0.717,-0.566,-0.753,-0.249,-0.332,-0.190,-0.092
0.492,-0.438,-0.930,-0.027,0.711,-0.684,-0.459,-0.694,-0.413,-0.471,-0.311,-0.195
0.420,-0.417,-0.837,-0.001,0.628,-0.627,-0.370,-0.629,-0.472,-0.513,-0.344,-0.231
0.330,-0.405,-0.735,0.038,0.533,-0.570,-0.300,-0.570,-0.435,-0.460,-0.310,-0.210
0.256,-0.352,-0.608,0.048,0.432,-0.480,-0.244,-0.514,-0.406,-0.415,-0.285,-0.197
0.193,-0.290,-0.482,0.049,0.338,-0.386,-0.186,-0.459,-0.379,-0.373,-0.263,-0.187
0.126,-0.245,-0.371,0.060,0.249,-0.308,-0.141,-0.415,-0.353,-0.328,-0.237,-0.174
0.077,-0.212,-0.289,0.068,0.183,-0.250,-0.113,-0.382,-0.327,-0.293,-0.215,-0.162
0.060,-0.180,-0.240,0.060,0.150,-0.210,-0.085,-0.345,-0.290,-0.270,-0.200,-0.155
0.039,-0.152,-0.190,0.057,0.115,-0.171,-0.065,-0.305,-0.253,-0.245,-0.184,-0.151
0.033,-0.125,-0.158,0.047,0.096,-0.141,-0.044,-0.265,-0.221,-0.229,-0.168,-0.144
0.021,-0.109,-0.130,0.045,0.076,-0.120,-0.028,-0.226,-0.189,-0.221,-0.153,-0.138
0.002,-0.103,-0.105,0.051,0.054,-0.104,-0.017,-0.184,-0.166,-0.213,-0.143,-0.133
0.000,-0.095,-0.095,0.048,0.048,-0.095,-0.005,-0.145,-0.160,-0.205,-0.140,-0.125
0.000,-0.087,-0.087,0.044,0.044,-0.087,0.008,-0.128,-0.156,-0.197,-0.140,-0.121
0.000,-0.079,-0.079,0.040,0.040,-0.079,0.015,-0.114,-0.152,-0.190,-0.140,-0.117
0.000,-0.071,-0.071,0.036,0.036,-0.071,0.029,-0.097,-0.148,-0.179,-0.140,-0.115
-0.001,-0.064,-0.063,0.033,0.032,-0.063,0.049,-0.082,-0.144,-0.176,-0.140,-0.115
-0.005,-0.060,-0.055,0.033,0.025,-0.057,0.060,-0.070,-0.140,-0.185,-0.140,-0.115
-0.009,-0.056,-0.047,0.033,0.019,-0.052,0.065,-0.062,-0.136,-0.181,-0.140,-0.115
-0.012,-0.051,-0.039,0.032,0.014,-0.045,0.065,-0.057,-0.131,-0.179,-0.141,-0.115
-0.019,-0.050,-0.031,0.035,0.006,-0.040,0.065,-0.053,-0.130,-0.180,-0.138,-0.115
-0.026,-0.049,-0.023,0.038,-0.001,-0.036,0.066,-0.049,-0.129,-0.180,-0.135,-0.115
-0.030,-0.045,-0.015,0.038,-0.007,-0.030,0.070,-0.045,-0.125,-0.180,-0.135,-0.115
-0.038,-0.045,-0.007,0.042,-0.015,-0.026,0.070,-0.041,-0.125,-0.180,-0.135,-0.111
-0.042,-0.043,-0.001,0.042,-0.020,-0.022,0.069,-0.037,-0.122,-0.180,-0.135,-0.110
-0.037,-0.037,0.000,0.037,-0.018,-0.019,0.072,-0.033,-0.120,-0.180,-0.135,-0.110
-0.036,-0.035,0.001,0.035,-0.018,-0.017,0.076,-0.029,-0.119,-0.179,-0.135,-0.110
-0.040,-0.035,0.005,0.037,-0.022,-0.015,0.080,-0.025,-0.115,-0.175,-0.135,-0.110
-0.036,-0.031,0.005,0.033,-0.020,-0.013,0.084,-0.021,-0.115,-0.175,-0.135,-0.110
-0.038,-0.030,0.008,0.034,-0.023,-0.011,0.085,-0.020,-0.112,-0.175,-0.132,-0.110
-0.038,-0.028,0.010,0.033,-0.024,-0.009,0.085,-0.019,-0.110,-0.175,-0.129,-0.110
-0.035,-0.025,0.011,0.030,-0.022,-0.006,0.085,-0.014,-0.109,-0.175,-0.130,-0.109
-0.040,-0.025,0.015,0.032,-0.027,-0.005,0.085,-0.010,-0.105,-0.175,-0.130,-0.105
-0.041,-0.025,0.016,0.032,-0.028,-0.005,0.085,-0.010,-0.105,-0.175,-0.130,-0.105
-0.038,-0.025,0.013,0.031,-0.025,-0.006,0.085,-0.008,-0.102,-0.176,-0.130,-0.105
-0.048,-0.025,0.023,0.036,-0.035,-0.001,0.085,-0.002,-0.100,-0.173,-0.130,-0.105
-0.061,-0.025,0.036,0.042,-0.048,0.005,0.085,0.000,-0.099,-0.170,-0.130,-0.105
-0.055,-0.025,0.030,0.040,-0.042,0.002,0.085,0.000,-0.095,-0.170,-0.130,-0.105
-0.055,-0.025,0.030,0.040,-0.042,0.002,0.085,0.004,-0.095,-0.170,-0.130,-0.105
-0.052,-0.022,0.030,0.037,-0.041,0.004,0.085,0.008,-0.096,-0.170,-0.127,-0.105
-0.049,-0.019,0.030,0.034,-0.040,0.005,0.085,0.012,-0.093,-0.170,-0.124,-0.105
-0.050,-0.020,0.030,0.035,-0.040,0.005,0.086,0.016,-0.090,-0.170,-0.125,-0.104
-0.050,-0.020,0.030,0.035,-0.040,0.005,0.090,0.020,-0.090,-0.170,-0.125,-0.100
-0.050,-0.020,0.030,0.035,-0.040,0.005,0.090,0.024,-0.086,-0.170,-0.121,-0.100
-0.051,-0.020,0.031,0.035,-0.041,0.005,0.090,0.025,-0.085,-0.171,-0.120,-0.100
-0.048,-0.020,0.028,0.034,-0.038,0.004,0.090,0.027,-0.083,-0.168,-0.120,-0.100
-0.045,-0.020,0.025,0.032,-0.035,0.002,0.090,0.030,-0.079,-0.165,-0.120,-0.100
-0.045,-0.020,0.025,0.032,-0.035,0.002,0.090,0.030,-0.080,-0.165,-0.120,-0.100
-0.041,-0.016,0.025,0.028,-0.033,0.005,0.090,0.034,-0.080,-0.165,-0.116,-0.100
-0.040,-0.015,0.025,0.027,-0.032,0.005,0.090,0.035,-0.077,-0.162,-0.115,-0.100
-0.040,-0.015,0.025,0.027,-0.032,0.005,0.090,0.037,-0.073,-0.160,-0.115,-0.100
-0.040,-0.015,0.025,0.027,-0.032,0.005,0.090,0.040,-0.069,-0.160,-0.115,-0.100
-0.040,-0.015,0.025,0.027,-0.032,0.005,0.090,0.040,-0.065,-0.160,-0.115,-0.100
-0.040,-0.015,0.025,0.027,-0.032,0.005,0.090,0.048,-0.061,-0.160,-0.111,-0.100
-0.037,-0.015,0.022,0.026,-0.029,0.003,0.089,0.056,-0.056,-0.157,-0.109,-0.101
-0.034,-0.015,0.019,0.025,-0.026,0.002,0.092,0.063,-0.055,-0.154,-0.111,-0.098
-0.035,-0.015,0.020,0.025,-0.027,0.002,0.095,0.065,-0.054,-0.155,-0.109,-0.095
-0.035,-0.015,0.020,0.025,-0.027,0.002,0.095,0.065,-0.050,-0.155,-0.105,-0.095
-0.031,-0.011,0.020,0.021,-0.025,0.004,0.095,0.069,-0.046,-0.155,-0.105,-0.095
-0.029,-0.009,0.020,0.019,-0.025,0.005,0.095,0.072,-0.042,-0.152,-0.105,-0.095
-0.031,-0.011,0.020,0.021,-0.025,0.005,0.095,0.066,-0.038,-0.149,-0.105,-0.095
-0.029,-0.009,0.020,0.019,-0.024,0.005,0.096,0.068,-0.034,-0.150,-0.104,-0.095
-0.025,-0.005,0.020,0.015,-0.022,0.007,0.100,0.085,-0.030,-0.150,-0.100,-0.095
-0.025,-0.005,0.020,0.015,-0.022,0.007,0.100,0.090,-0.026,-0.146,-0.100,-0.095
-0.026,-0.006,0.020,0.016,-0.022,0.007,0.100,0.093,-0.022,-0.145,-0.100,-0.095
-0.023,-0.003,0.020,0.013,-0.021,0.008,0.100,0.097,-0.018,-0.145,-0.100,-0.095
-0.020,0.000,0.020,0.010,-0.020,0.010,0.100,0.101,-0.014,-0.145,-0.099,-0.095
-0.020,0.000,0.020,0.010,-0.020,0.010,0.100,0.105,-0.010,-0.145,-0.095,-0.095
-0.020,0.000,0.020,0.010,-0.020,0.010,0.104,0.109,-0.006,-0.141,-0.095,-0.095
-0.017,0.003,0.020,0.007,-0.019,0.011,0.105,0.116,-0.001,-0.140,-0.096,-0.092
-0.014,0.006,0.020,0.004,-0.018,0.012,0.105,0.123,0.000,-0.140,-0.093,-0.089
-0.015,0.005,0.020,0.005,-0.018,0.012,0.105,0.133,0.001,-0.140,-0.090,-0.090
-0.015,0.005,0.020,0.005,-0.018,0.012,0.105,0.145,0.010,-0.140,-0.090,-0.090
-0.011,0.009,0.020,0.001,-0.016,0.014,0.105,0.144,0.014,-0.136,-0.090,-0.086
-0.009,0.011,0.020,-0.001,-0.015,0.015,0.104,0.154,0.018,-0.132,-0.087,-0.084
-0.011,0.009,0.020,0.001,-0.015,0.015,0.107,0.163,0.022,-0.128,-0.084,-0.086
-0.009,0.011,0.020,-0.001,-0.015,0.015,0.110,0.166,0.026,-0.125,-0.085,-0.084
-0.005,0.015,0.020,-0.005,-0.013,0.017,0.110,0.170,0.030,-0.125,-0.085,-0.080
-0.005,0.015,0.020,-0.005,-0.013,0.017,0.110,0.173,0.033,-0.121,-0.081,-0.080
-0.006,0.014,0.020,-0.004,-0.014,0.017,0.113,0.188,0.044,-0.116,-0.079,-0.081
-0.002,0.017,0.019,-0.007,-0.011,0.018,0.116,0.198,0.052,-0.115,-0.081,-0.078
-0.001,0.020,0.021,-0.010,-0.011,0.021,0.115,0.202,0.057,-0.114,-0.079,-0.075
-0.010,0.020,0.030,-0.005,-0.020,0.025,0.115,0.215,0.070,-0.110,-0.075,-0.075
-0.015,0.020,0.035,-0.003,-0.025,0.027,0.119,0.219,0.078,-0.106,-0.075,-0.075
-0.016,0.019,0.035,-0.002,-0.025,0.027,0.120,0.228,0.086,-0.105,-0.076,-0.072
-0.013,0.022,0.035,-0.005,-0.024,0.028,0.122,0.242,0.092,-0.104,-0.073,-0.069
-0.010,0.025,0.035,-0.008,-0.023,0.030,0.125,0.251,0.097,-0.099,-0.070,-0.070
-0.010,0.025,0.035,-0.008,-0.023,0.030,0.125,0.255,0.105,-0.095,-0.070,-0.070
-0.010,0.025,0.035,-0.008,-0.023,0.030,0.129,0.263,0.113,-0.091,-0.070,-0.066
-0.010,0.025,0.035,-0.008,-0.023,0.030,0.130,0.273,0.120,-0.087,-0.067,-0.064
-0.009,0.026,0.035,-0.009,-0.022,0.030,0.131,0.290,0.131,-0.083,-0.063,-0.066
-0.002,0.033,0.035,-0.016,-0.019,0.034,0.136,0.309,0.142,-0.079,-0.059,-0.064
0.010,0.045,0.035,-0.028,-0.013,0.040,0.140,0.320,0.150,-0.075,-0.055,-0.060
0.011,0.046,0.035,-0.029,-0.013,0.040,0.144,0.337,0.162,-0.067,-0.051,-0.060
0.009,0.045,0.036,-0.027,-0.014,0.040,0.148,0.346,0.172,-0.062,-0.046,-0.060
0.012,0.045,0.033,-0.029,-0.011,0.039,0.152,0.357,0.178,-0.058,-0.045,-0.060
0.015,0.045,0.030,-0.030,-0.008,0.037,0.155,0.373,0.188,-0.054,-0.044,-0.059
0.015,0.045,0.030,-0.030,-0.008,0.037,0.155,0.385,0.200,-0.050,-0.040,-0.055
0.024,0.047,0.024,-0.036,0.000,0.035,0.159,0.406,0.212,-0.046,-0.036,-0.051
0.024,0.064,0.041,-0.044,-0.009,0.052,0.160,0.416,0.226,-0.043,-0.032,-0.046
0.032,0.083,0.051,-0.058,-0.010,0.067,0.162,0.428,0.244,-0.036,-0.028,-0.045
0.047,0.091,0.044,-0.069,0.001,0.067,0.166,0.451,0.258,-0.029,-0.024,-0.044
0.045,0.090,0.045,-0.068,0.000,0.067,0.170,0.475,0.270,-0.025,-0.020,-0.040
0.045,0.090,0.045,-0.068,0.000,0.067,0.178,0.499,0.294,-0.017,-0.016,-0.036
0.045,0.090,0.045,-0.068,0.000,0.067,0.181,0.519,0.310,-0.012,-0.009,-0.035
0.045,0.090,0.045,-0.068,0.000,0.067,0.179,0.529,0.320,-0.006,0.000,-0.034
0.046,0.090,0.044,-0.068,0.001,0.067,0.182,0.539,0.333,0.001,0.006,-0.029
0.050,0.090,0.040,-0.070,0.005,0.065,0.195,0.555,0.345,0.005,0.010,-0.025
0.050,0.090,0.040,-0.070,0.005,0.065,0.199,0.565,0.356,0.017,0.018,-0.026
0.053,0.093,0.040,-0.073,0.006,0.066,0.203,0.593,0.377,0.027,0.027,-0.019
0.057,0.097,0.040,-0.077,0.008,0.068,0.208,0.622,0.403,0.034,0.032,-0.012
0.061,0.101,0.040,-0.081,0.011,0.071,0.210,0.639,0.425,0.042,0.036,-0.009
0.070,0.110,0.040,-0.090,0.015,0.075,0.210,0.660,0.440,0.050,0.040,-0.005
0.086,0.127,0.040,-0.106,0.023,0.084,0.214,0.685,0.455,0.058,0.044,0.003
0.097,0.134,0.037,-0.116,0.030,0.086,0.216,0.703,0.475,0.066,0.051,0.008
0.102,0.136,0.034,-0.120,0.033,0.085,0.213,0.717,0.493,0.072,0.058,0.012
0.106,0.141,0.035,-0.124,0.035,0.088,0.210,0.735,0.510,0.076,0.061,0.016
0.110,0.145,0.035,-0.128,0.037,0.090,0.210,0.755,0.530,0.085,0.065,0.020
0.110,0.145,0.035,-0.128,0.037,0.090,0.206,0.770,0.546,0.101,0.073,0.024
0.112,0.147,0.036,-0.130,0.038,0.091,0.204,0.793,0.567,0.115,0.078,0.031
0.120,0.153,0.033,-0.137,0.044,0.093,0.206,0.813,0.593,0.124,0.083,0.039
0.133,0.163,0.030,-0.148,0.052,0.096,0.204,0.830,0.615,0.132,0.092,0.046
0.145,0.175,0.030,-0.160,0.057,0.102,0.200,0.855,0.635,0.140,0.100,0.050
0.149,0.179,0.030,-0.164,0.060,0.105,0.200,0.871,0.655,0.147,0.108,0.054
0.153,0.183,0.030,-0.168,0.061,0.106,0.201,0.887,0.674,0.161,0.115,0.056
0.157,0.187,0.030,-0.172,0.063,0.108,0.198,0.904,0.700,0.178,0.126,0.068
0.161,0.191,0.030,-0.176,0.065,0.111,0.195,0.918,0.723,0.186,0.137,0.083
0.165,0.195,0.030,-0.180,0.067,0.112,0.195,0.925,0.730,0.190,0.140,0.085
0.177,0.199,0.022,-0.188,0.078,0.111,0.195,0.932,0.749,0.202,0.148,0.084
0.184,0.200,0.016,-0.192,0.084,0.108,0.192,0.948,0.771,0.211,0.157,0.091
0.187,0.200,0.013,-0.194,0.087,0.106,0.189,0.958,0.789,0.219,0.162,0.098
0.190,0.199,0.009,-0.195,0.091,0.104,0.191,0.961,0.803,0.226,0.166,0.100
0.195,0.200,0.005,-0.198,0.095,0.102,0.190,0.970,0.815,0.230,0.175,0.105
0.212,0.213,0.001,-0.213,0.105,0.106,0.182,0.988,0.837,0.242,0.188,0.117
0.215,0.213,-0.002,-0.214,0.109,0.105,0.177,0.986,0.840,0.249,0.194,0.124
0.219,0.209,-0.009,-0.213,0.114,0.100,0.171,0.975,0.846,0.252,0.197,0.127
0.226,0.209,-0.016,-0.217,0.121,0.096,0.164,0.969,0.856,0.255,0.201,0.131
0.225,0.205,-0.020,-0.215,0.122,0.092,0.160,0.965,0.850,0.250,0.205,0.135
0.233,0.205,-0.028,-0.219,0.130,0.088,0.152,0.957,0.850,0.246,0.206,0.139
0.235,0.202,-0.033,-0.218,0.134,0.084,0.148,0.948,0.847,0.242,0.202,0.144
0.239,0.200,-0.039,-0.219,0.139,0.080,0.140,0.944,0.845,0.240,0.200,0.144
0.246,0.199,-0.046,-0.222,0.146,0.076,0.127,0.937,0.844,0.239,0.199,0.139
0.245,0.195,-0.050,-0.220,0.147,0.072,0.120,0.920,0.840,0.235,0.195,0.135
0.249,0.195,-0.054,-0.222,0.151,0.071,0.112,0.905,0.841,0.231,0.195,0.135
0.248,0.192,-0.056,-0.219,0.152,0.068,0.104,0.877,0.829,0.230,0.192,0.132
0.243,0.190,-0.053,-0.216,0.148,0.068,0.096,0.846,0.812,0.229,0.190,0.130
0.238,0.189,-0.050,-0.214,0.144,0.069,0.088,0.817,0.795,0.224,0.189,0.130
0.230,0.180,-0.050,-0.205,0.140,0.065,0.080,0.785,0.770,0.220,0.185,0.125
0.221,0.176,-0.046,-0.198,0.133,0.065,0.072,0.758,0.747,0.221,0.185,0.120
0.218,0.173,-0.045,-0.195,0.131,0.063,0.064,0.721,0.714,0.209,0.182,0.120
0.209,0.166,-0.043,-0.187,0.126,0.061,0.056,0.680,0.679,0.193,0.181,0.118
0.198,0.159,-0.040,-0.178,0.119,0.059,0.048,0.640,0.646,0.182,0.177,0.115
0.195,0.155,-0.040,-0.175,0.117,0.057,0.040,0.600,0.610,0.170,0.160,0.115
0.187,0.151,-0.036,-0.169,0.111,0.057,0.032,0.560,0.575,0.159,0.148,0.103
0.179,0.144,-0.035,-0.161,0.107,0.054,0.027,0.520,0.533,0.141,0.136,0.094
0.169,0.136,-0.033,-0.152,0.101,0.051,0.023,0.480,0.487,0.119,0.124,0.084
0.158,0.128,-0.030,-0.143,0.094,0.049,0.020,0.440,0.445,0.101,0.112,0.073
0.150,0.120,-0.030,-0.135,0.090,0.045,0.020,0.400,0.405,0.085,0.100,0.065
0.138,0.112,-0.026,-0.125,0.082,0.043,0.020,0.364,0.365,0.069,0.092,0.053
0.129,0.103,-0.025,-0.115,0.077,0.039,0.020,0.331,0.328,0.052,0.081,0.044
0.121,0.098,-0.023,-0.109,0.072,0.037,0.020,0.299,0.292,0.040,0.071,0.036
0.113,0.093,-0.020,-0.103,0.066,0.036,0.020,0.266,0.256,0.025,0.063,0.028
0.105,0.085,-0.020,-0.095,0.062,0.032,0.020,0.230,0.220,0.000,0.050,0.020
0.092,0.077,-0.016,-0.084,0.054,0.030,0.020,0.193,0.184,-0.021,0.038,0.012
0.086,0.072,-0.014,-0.079,0.050,0.029,0.017,0.163,0.150,-0.034,0.029,0.004
0.082,0.067,-0.016,-0.074,0.049,0.025,0.014,0.136,0.121,-0.046,0.020,-0.004
0.072,0.058,-0.014,-0.064,0.043,0.021,0.015,0.108,0.093,-0.057,0.007,-0.012
0.060,0.050,-0.010,-0.055,0.035,0.020,0.015,0.085,0.065,-0.065,-0.005,-0.020
0.056,0.046,-0.010,-0.051,0.033,0.018,0.015,0.065,0.037,-0.081,-0.013,-0.032
0.049,0.039,-0.010,-0.044,0.029,0.014,0.015,0.045,0.011,-0.091,-0.020,-0.041
0.043,0.032,-0.010,-0.038,0.026,0.011,0.015,0.025,-0.011,-0.101,-0.031,-0.049
0.039,0.029,-0.009,-0.034,0.024,0.010,0.015,0.005,-0.029,-0.112,-0.043,-0.056
0.030,0.025,-0.005,-0.027,0.017,0.010,0.015,-0.010,-0.045,-0.120,-0.050,-0.060
0.022,0.017,-0.005,-0.019,0.013,0.006,0.011,-0.022,-0.060,-0.131,-0.053,-0.068
0.017,0.012,-0.005,-0.014,0.011,0.003,0.010,-0.037,-0.084,-0.148,-0.064,-0.073
0.014,0.008,-0.005,-0.010,0.009,0.001,0.010,-0.052,-0.100,-0.157,-0.073,-0.077
0.008,0.004,-0.004,-0.005,0.006,0.000,0.010,-0.063,-0.108,-0.154,-0.076,-0.081
0.000,0.000,0.000,0.000,0.000,0.000,0.010,-0.075,-0.125,-0.155,-0.080,-0.085
0.000,0.000,0.000,0.000,0.000,0.000,0.010,-0.088,-0.146,-0.167,-0.084,-0.089
-0.002,-0.003,-0.001,0.003,-0.001,-0.001,0.010,-0.093,-0.158,-0.174,-0.088,-0.093
-0.008,-0.006,0.002,0.006,-0.004,-0.001,0.010,-0.098,-0.162,-0.177,-0.092,-0.097
-0.010,-0.005,0.005,0.007,-0.007,0.000,0.010,-0.107,-0.167,-0.181,-0.096,-0.101
-0.010,-0.005,0.005,0.007,-0.007,0.000,0.010,-0.115,-0.175,-0.185,-0.100,-0.105
-0.014,-0.009,0.005,0.011,-0.010,-0.002,0.010,-0.123,-0.183,-0.193,-0.104,-0.105
-0.015,-0.011,0.004,0.012,-0.010,-0.002,0.010,-0.129,-0.189,-0.198,-0.108,-0.105
-0.016,-0.009,0.007,0.013,-0.012,-0.001,0.010,-0.130,-0.191,-0.202,-0.112,-0.105
-0.021,-0.011,0.010,0.016,-0.016,0.000,0.010,-0.131,-0.198,-0.206,-0.115,-0.106
-0.025,-0.015,0.010,0.020,-0.017,-0.002,0.010,-0.135,-0.210,-0.210,-0.115,-0.110
-0.025,-0.015,0.010,0.020,-0.017,-0.002,0.010,-0.135,-0.214,-0.210,-0.115,-0.110
-0.025,-0.014,0.011,0.020,-0.017,-0.001,0.010,-0.138,-0.218,-0.209,-0.118,-0.113
-0.025,-0.017,0.008,0.021,-0.016,-0.004,0.010,-0.140,-0.221,-0.212,-0.121,-0.115
-0.025,-0.020,0.005,0.022,-0.015,-0.007,0.010,-0.141,-0.220,-0.215,-0.120,-0.116
-0.025,-0.020,0.005,0.022,-0.015,-0.007,0.010,-0.145,-0.220,-0.215,-0.120,-0.120
-0.029,-0.024,0.005,0.026,-0.017,-0.009,0.010,-0.145,-0.220,-0.215,-0.124,-0.120
-0.031,-0.026,0.005,0.028,-0.017,-0.010,0.010,-0.144,-0.220,-0.218,-0.125,-0.119
-0.029,-0.024,0.005,0.026,-0.017,-0.010,0.010,-0.147,-0.220,-0.221,-0.125,-0.122
-0.031,-0.026,0.005,0.028,-0.017,-0.010,0.010,-0.150,-0.220,-0.220,-0.125,-0.125
-0.035,-0.030,0.005,0.032,-0.020,-0.012,0.010,-0.150,-0.220,-0.220,-0.125,-0.125
-0.035,-0.030,0.005,0.032,-0.020,-0.012,0.010,-0.150,-0.228,-0.220,-0.125,-0.125
-0.034,-0.029,0.005,0.031,-0.020,-0.012,0.010,-0.147,-0.234,-0.220,-0.125,-0.128
-0.037,-0.032,0.005,0.034,-0.021,-0.013,0.010,-0.144,-0.237,-0.219,-0.125,-0.131
-0.040,-0.035,0.005,0.037,-0.022,-0.015,0.010,-0.145,-0.241,-0.222,-0.126,-0.130
-0.040,-0.035,0.005,0.037,-0.022,-0.015,0.010,-0.145,-0.245,-0.235,-0.130,-0.130
-0.040,-0.035,0.005,0.037,-0.022,-0.015,0.010,-0.145,-0.245,-0.240,-0.130,-0.130
-0.037,-0.036,0.002,0.036,-0.019,-0.017,0.010,-0.145,-0.245,-0.240,-0.130,-0.129
-0.033,-0.034,-0.001,0.033,-0.016,-0.016,0.010,-0.145,-0.245,-0.240,-0.130,-0.132
-0.038,-0.038,0.000,0.038,-0.019,-0.018,0.010,-0.145,-0.245,-0.241,-0.130,-0.135
-0.050,-0.050,0.000,0.050,-0.025,-0.025,0.010,-0.145,-0.245,-0.245,-0.130,-0.135
-0.046,-0.046,0.000,0.046,-0.023,-0.023,0.010,-0.145,-0.245,-0.245,-0.130,-0.135
-0.044,-0.044,0.000,0.044,-0.022,-0.022,0.009,-0.145,-0.248,-0.244,-0.131,-0.135
-0.045,-0.045,0.000,0.045,-0.022,-0.022,0.012,-0.145,-0.251,-0.247,-0.128,-0.135
-0.045,-0.045,0.000,0.045,-0.022,-0.022,0.015,-0.145,-0.250,-0.250,-0.125,-0.136
-0.045,-0.045,0.000,0.045,-0.022,-0.022,0.015,-0.145,-0.250,-0.250,-0.125,-0.140
-0.045,-0.045,0.000,0.045,-0.022,-0.022,0.015,-0.145,-0.250,-0.250,-0.125,-0.140
-0.045,-0.045,0.000,0.045,-0.022,-0.022,0.018,-0.145,-0.249,-0.253,-0.125,-0.140
-0.045,-0.045,0.000,0.045,-0.022,-0.022,0.020,-0.145,-0.252,-0.255,-0.125,-0.140
-0.045,-0.045,0.000,0.045,-0.022,-0.022,0.020,-0.145,-0.255,-0.255,-0.125,-0.140
-0.045,-0.045,0.000,0.045,-0.022,-0.022,0.020,-0.145,-0.255,-0.255,-0.125,-0.140
-0.049,-0.045,0.004,0.047,-0.026,-0.020,0.016,-0.145,-0.255,-0.251,-0.125,-0.144
-0.050,-0.045,0.005,0.047,-0.027,-0.020,0.015,-0.145,-0.255,-0.250,-0.125,-0.145
-0.050,-0.045,0.005,0.047,-0.027,-0.020,0.015,-0.145,-0.255,-0.250,-0.125,-0.145
-0.050,-0.045,0.005,0.047,-0.027,-0.020,0.015,-0.145,-0.255,-0.250,-0.125,-0.145
-0.050,-0.045,0.005,0.047,-0.027,-0.020,0.015,-0.145,-0.255,-0.250,-0.125,-0.145
-0.050,-0.045,0.005,0.047,-0.027,-0.020,0.015,-0.145,-0.255,-0.250,-0.125,-0.145
-0.050,-0.045,0.005,0.047,-0.027,-0.020,0.015,-0.145,-0.255,-0.250,-0.122,-0.142
-0.050,-0.045,0.005,0.047,-0.027,-0.020,0.015,-0.145,-0.255,-0.250,-0.119,-0.139
-0.050,-0.045,0.005,0.047,-0.027,-0.020,0.015,-0.146,-0.255,-0.250,-0.120,-0.140
-0.050,-0.045,0.005,0.047,-0.027,-0.020,0.015,-0.150,-0.255,-0.250,-0.120,-0.140
-0.050,-0.045,0.005,0.047,-0.027,-0.020,0.015,-0.150,-0.255,-0.250,-0.120,-0.140
-0.050,-0.045,0.005,0.047,-0.027,-0.020,0.015,-0.150,-0.255,-0.250,-0.120,-0.140
-0.050,-0.045,0.005,0.047,-0.027,-0.020,0.015,-0.150,-0.255,-0.250,-0.120,-0.140
-0.050,-0.045,0.005,0.047,-0.027,-0.020,0.015,-0.150,-0.255,-0.250,-0.120,-0.140
-0.050,-0.045,0.005,0.047,-0.027,-0.020,0.015,-0.150,-0.255,-0.250,-0.120,-0.140
-0.050,-0.045,0.005,0.047,-0.027,-0.020,0.015,-0.150,-0.255,-0.250,-0.120,-0.136
-0.051,-0.046,0.005,0.048,-0.027,-0.020,0.015,-0.150,-0.255,-0.250,-0.120,-0.135
-0.048,-0.043,0.005,0.045,-0.026,-0.019,0.015,-0.150,-0.255,-0.250,-0.120,-0.135
-0.045,-0.040,0.005,0.042,-0.025,-0.017,0.015,-0.150,-0.255,-0.250,-0.120,-0.135
-0.045,-0.040,0.005,0.042,-0.025,-0.017,0.015,-0.150,-0.255,-0.250,-0.120,-0.135
-0.045,-0.040,0.005,0.042,-0.025,-0.017,0.015,-0.150,-0.255,-0.250,-0.116,-0.135
-0.042,-0.037,0.005,0.039,-0.023,-0.016,0.015,-0.150,-0.255,-0.250,-0.115,-0.135
-0.040,-0.035,0.005,0.037,-0.022,-0.015,0.015,-0.150,-0.255,-0.250,-0.115,-0.135
-0.040,-0.035,0.005,0.037,-0.022,-0.015,0.015,-0.150,-0.255,-0.250,-0.115,-0.134
-0.040,-0.035,0.005,0.037,-0.022,-0.015,0.015,-0.150,-0.255,-0.250,-0.115,-0.130
-0.041,-0.035,0.005,0.037,-0.022,-0.015,0.015,-0.150,-0.255,-0.250,-0.115,-0.130
-0.036,-0.032,0.004,0.034,-0.020,-0.013,0.015,-0.150,-0.255,-0.249,-0.115,-0.130
-0.036,-0.029,0.007,0.033,-0.022,-0.011,0.015,-0.150,-0.255,-0.252,-0.115,-0.130
-0.040,-0.030,0.010,0.035,-0.025,-0.010,0.015,-0.150,-0.255,-0.255,-0.115,-0.130
-0.040,-0.030,0.010,0.035,-0.025,-0.010,0.015,-0.150,-0.255,-0.255,-0.115,-0.130
-0.040,-0.030,0.010,0.035,-0.025,-0.010,0.015,-0.150,-0.255,-0.255,-0.115,-0.130
-0.037,-0.027,0.010,0.032,-0.023,-0.008,0.015,-0.150,-0.258,-0.255,-0.115,-0.130
-0.034,-0.024,0.010,0.029,-0.021,-0.007,0.015,-0.150,-0.261,-0.255,-0.115,-0.130
-0.036,-0.025,0.011,0.031,-0.023,-0.007,0.015,-0.150,-0.260,-0.255,-0.115,-0.131
-0.040,-0.025,0.015,0.032,-0.027,-0.005,0.015,-0.150,-0.260,-0.255,-0.115,-0.135
-0.036,-0.021,0.015,0.028,-0.026,-0.002,0.015,-0.150,-0.260,-0.255,-0.115,-0.135
-0.034,-0.020,0.015,0.027,-0.025,-0.002,0.015,-0.153,-0.259,-0.255,-0.115,-0.135
-0.035,-0.020,0.015,0.027,-0.025,-0.002,0.015,-0.156,-0.262,-0.255,-0.115,-0.135
-0.035,-0.020,0.015,0.027,-0.025,-0.002,0.015,-0.155,-0.265,-0.255,-0.115,-0.135
-0.035,-0.020,0.015,0.027,-0.025,-0.002,0.015,-0.155,-0.265,-0.255,-0.115,-0.135
-0.035,-0.016,0.019,0.025,-0.027,0.001,0.015,-0.155,-0.265,-0.255,-0.115,-0.135
-0.035,-0.015,0.020,0.025,-0.027,0.002,0.015,-0.158,-0.265,-0.258,-0.115,-0.135
-0.035,-0.015,0.020,0.025,-0.027,0.002,0.015,-0.161,-0.265,-0.261,-0.115,-0.135
-0.035,-0.015,0.020,0.025,-0.027,0.002,0.015,-0.160,-0.265,-0.260,-0.115,-0.135
-0.035,-0.015,0.020,0.025,-0.027,0.002,0.015,-0.160,-0.265,-0.260,-0.115,-0.135
-0.031,-0.011,0.020,0.021,-0.025,0.005,0.015,-0.164,-0.264,-0.260,-0.115,-0.135
-0.030,-0.010,0.020,0.020,-0.025,0.005,0.015,-0.166,-0.274,-0.260,-0.115,-0.135
-0.030,-0.010,0.020,0.020,-0.025,0.005,0.015,-0.164,-0.284,-0.260,-0.115,-0.135
-0.030,-0.010,0.020,0.020,-0.025,0.005,0.015,-0.166,-0.285,-0.260,-0.115,-0.135
-0.030,-0.010,0.020,0.020,-0.025,0.005,0.015,-0.170,-0.285,-0.260,-0.115,-0.135
-0.030,-0.010,0.020,0.020,-0.025,0.005,0.015,-0.170,-0.285,-0.260,-0.115,-0.135
-0.030,-0.010,0.020,0.020,-0.025,0.005,0.015,-0.169,-0.285,-0.260,-0.115,-0.135
-0.030,-0.010,0.020,0.020,-0.025,0.005,0.015,-0.172,-0.285,-0.260,-0.115,-0.135
-0.031,-0.010,0.021,0.020,-0.026,0.005,0.015,-0.175,-0.286,-0.260,-0.115,-0.135
-0.035,-0.010,0.025,0.022,-0.030,0.007,0.015,-0.175,-0.290,-0.260,-0.115,-0.135
-0.035,-0.010,0.025,0.022,-0.030,0.007,0.011,-0.175,-0.290,-0.264,-0.115,-0.135
-0.035,-0.010,0.025,0.022,-0.030,0.007,0.010,-0.178,-0.290,-0.265,-0.115,-0.135
-0.035,-0.010,0.025,0.022,-0.030,0.007,0.010,-0.181,-0.290,-0.265,-0.116,-0.135
-0.035,-0.010,0.025,0.022,-0.030,0.007,0.010,-0.180,-0.290,-0.265,-0.121,-0.135
-0.035,-0.010,0.025,0.022,-0.030,0.007,0.010,-0.180,-0.290,-0.265,-0.125,-0.135
-0.035,-0.010,0.025,0.022,-0.030,0.007,0.010,-0.184,-0.294,-0.265,-0.125,-0.135
-0.035,-0.010,0.025,0.022,-0.030,0.007,0.010,-0.186,-0.296,-0.265,-0.124,-0.138
-0.035,-0.010,0.025,0.022,-0.030,0.007,0.010,-0.184,-0.294,-0.265,-0.127,-0.141
-0.035,-0.010,0.025,0.022,-0.030,0.007,0.010,-0.186,-0.296,-0.265,-0.130,-0.140
-0.035,-0.010,0.025,0.022,-0.030,0.007,0.010,-0.190,-0.300,-0.265,-0.130,-0.140
-0.035,-0.010,0.025,0.022,-0.030,0.007,0.010,-0.190,-0.300,-0.265,-0.130,-0.140
-0.036,-0.010,0.026,0.022,-0.031,0.007,0.010,-0.190,-0.299,-0.264,-0.133,-0.140
-0.033,-0.010,0.023,0.021,-0.028,0.006,0.010,-0.190,-0.302,-0.267,-0.136,-0.140
-0.029,-0.010,0.020,0.020,-0.025,0.005,0.009,-0.191,-0.305,-0.270,-0.135,-0.140
-0.030,-0.010,0.020,0.020,-0.025,0.005,0.005,-0.195,-0.305,-0.270,-0.135,-0.140
-0.031,-0.010,0.021,0.020,-0.026,0.005,0.005,-0.195,-0.305,-0.274,-0.135,-0.140
-0.026,-0.010,0.017,0.018,-0.022,0.003,0.005,-0.198,-0.305,-0.275,-0.135,-0.140
-0.027,-0.012,0.015,0.018,-0.020,0.001,0.005,-0.200,-0.306,-0.277,-0.135,-0.140
-0.030,-0.016,0.014,0.023,-0.022,-0.001,0.005,-0.201,-0.311,-0.280,-0.136,-0.141
-0.035,-0.020,0.015,0.027,-0.025,-0.002,0.005,-0.205,-0.315,-0.280,-0.140,-0.145
-0.056,-0.024,0.032,0.039,-0.044,0.004,0.005,-0.205,-0.315,-0.280,-0.140,-0.149
-0.062,-0.028,0.034,0.045,-0.047,0.003,0.005,-0.205,-0.315,-0.280,-0.140,-0.150
-0.061,-0.032,0.029,0.046,-0.045,-0.001,0.005,-0.205,-0.315,-0.280,-0.140,-0.150
-0.067,-0.036,0.030,0.051,-0.048,-0.003,0.005,-0.205,-0.315,-0.280,-0.140,-0.150
-0.070,-0.040,0.030,0.055,-0.050,-0.005,0.005,-0.205,-0.315,-0.280,-0.140,-0.150
-0.066,-0.036,0.030,0.051,-0.048,-0.003,0.005,-0.205,-0.315,-0.280,-0.140,-0.150
-0.065,-0.035,0.030,0.050,-0.047,-0.002,0.004,-0.208,-0.314,-0.283,-0.140,-0.150
-0.065,-0.035,0.030,0.050,-0.047,-0.002,0.007,-0.210,-0.317,-0.286,-0.140,-0.150
-0.065,-0.035,0.030,0.050,-0.047,-0.002,0.010,-0.211,-0.320,-0.285,-0.140,-0.150
-0.065,-0.035,0.030,0.050,-0.047,-0.002,0.010,-0.215,-0.320,-0.285,-0.140,-0.150
-0.057,-0.031,0.026,0.043,-0.041,-0.002,0.010,-0.215,-0.324,-0.285,-0.140,-0.150
-0.054,-0.030,0.025,0.041,-0.039,-0.002,0.010,-0.218,-0.325,-0.285,-0.140,-0.150
-0.055,-0.030,0.025,0.042,-0.040,-0.002,0.010,-0.221,-0.327,-0.285,-0.140,-0.150
-0.055,-0.030,0.025,0.042,-0.040,-0.002,0.010,-0.220,-0.330,-0.285,-0.140,-0.150
-0.055,-0.030,0.025,0.042,-0.040,-0.002,0.010,-0.220,-0.330,-0.285,-0.140,-0.150
-0.051,-0.026,0.025,0.038,-0.038,0.000,0.010,-0.220,-0.334,-0.289,-0.140,-0.150
-0.049,-0.025,0.025,0.037,-0.037,0.000,0.010,-0.220,-0.335,-0.290,-0.143,-0.150
-0.051,-0.025,0.025,0.037,-0.038,0.000,0.010,-0.220,-0.335,-0.290,-0.146,-0.150
-0.049,-0.025,0.024,0.037,-0.036,0.000,0.010,-0.220,-0.335,-0.290,-0.145,-0.150
-0.045,-0.025,0.020,0.035,-0.032,-0.002,0.010,-0.220,-0.335,-0.290,-0.145,-0.150
-0.045,-0.025,0.020,0.035,-0.032,-0.002,0.014,-0.220,-0.335,-0.290,-0.145,-0.150
-0.042,-0.022,0.020,0.032,-0.031,-0.001,0.015,-0.220,-0.335,-0.290,-0.145,-0.150
-0.039,-0.019,0.020,0.029,-0.030,0.000,0.015,-0.220,-0.335,-0.290,-0.145,-0.150
-0.040,-0.020,0.020,0.030,-0.030,0.000,0.015,-0.220,-0.335,-0.291,-0.145,-0.150
-0.040,-0.020,0.020,0.030,-0.030,0.000,0.015,-0.220,-0.335,-0.295,-0.145,-0.150
-0.040,-0.020,0.020,0.030,-0.030,0.000,0.015,-0.220,-0.335,-0.295,-0.145,-0.150
-0.037,-0.017,0.020,0.027,-0.028,0.001,0.015,-0.220,-0.335,-0.295,-0.145,-0.150
-0.035,-0.014,0.020,0.025,-0.027,0.002,0.015,-0.220,-0.335,-0.295,-0.145,-0.150
-0.034,-0.015,0.019,0.025,-0.026,0.002,0.015,-0.220,-0.335,-0.295,-0.145,-0.151
-0.030,-0.015,0.015,0.022,-0.022,0.000,0.015,-0.220,-0.335,-0.295,-0.145,-0.155
-0.030,-0.015,0.015,0.022,-0.022,0.000,0.015,-0.220,-0.335,-0.295,-0.145,-0.155
-0.029,-0.014,0.015,0.021,-0.022,0.001,0.015,-0.220,-0.335,-0.294,-0.145,-0.155
-0.034,-0.019,0.015,0.026,-0.024,-0.002,0.015,-0.220,-0.335,-0.297,-0.145,-0.155
-0.041,-0.026,0.015,0.033,-0.027,-0.005,0.015,-0.221,-0.335,-0.300,-0.145,-0.155
-0.040,-0.025,0.015,0.032,-0.027,-0.005,0.015,-0.225,-0.335,-0.300,-0.145,-0.155
-0.040,-0.025,0.015,0.032,-0.027,-0.005,0.015,-0.225,-0.335,-0.300,-0.145,-0.155
-0.040,-0.025,0.015,0.032,-0.027,-0.005,0.015,-0.228,-0.334,-0.300,-0.145,-0.154
-0.040,-0.025,0.015,0.032,-0.027,-0.005,0.015,-0.231,-0.337,-0.300,-0.145,-0.157
-0.040,-0.025,0.015,0.032,-0.027,-0.005,0.015,-0.230,-0.340,-0.300,-0.145,-0.160
-0.040,-0.025,0.015,0.032,-0.027,-0.005,0.015,-0.230,-0.340,-0.300,-0.145,-0.160
-0.040,-0.025,0.015,0.032,-0.027,-0.005,0.015,-0.230,-0.340,-0.300,-0.145,-0.160
-0.042,-0.025,0.017,0.033,-0.029,-0.004,0.015,-0.230,-0.340,-0.300,-0.145,-0.160
-0.051,-0.025,0.026,0.038,-0.038,0.001,0.015,-0.230,-0.340,-0.300,-0.145,-0.160
-0.062,-0.025,0.037,0.043,-0.049,0.006,0.015,-0.230,-0.340,-0.300,-0.145,-0.160
-0.065,-0.025,0.040,0.045,-0.052,0.007,0.015,-0.230,-0.340,-0.300,-0.145,-0.160
-0.065,-0.025,0.040,0.045,-0.052,0.007,0.015,-0.230,-0.340,-0.300,-0.145,-0.160
-0.065,-0.025,0.040,0.045,-0.052,0.007,0.015,-0.230,-0.340,-0.300,-0.145,-0.163
-0.065,-0.025,0.040,0.045,-0.052,0.007,0.015,-0.230,-0.340,-0.300,-0.145,-0.166
-0.065,-0.025,0.040,0.045,-0.052,0.007,0.015,-0.230,-0.340,-0.300,-0.145,-0.165
-0.065,-0.025,0.040,0.045,-0.052,0.007,0.015,-0.230,-0.340,-0.300,-0.145,-0.165
-0.065,-0.025,0.040,0.045,-0.052,0.007,0.015,-0.230,-0.340,-0.300,-0.145,-0.165
-0.065,-0.025,0.040,0.045,-0.052,0.007,0.015,-0.230,-0.340,-0.300,-0.145,-0.165
-0.065,-0.025,0.040,0.045,-0.052,0.007,0.015,-0.230,-0.340,-0.300,-0.145,-0.165
-0.065,-0.025,0.040,0.045,-0.052,0.007,0.015,-0.230,-0.340,-0.300,-0.145,-0.165
-0.065,-0.025,0.040,0.045,-0.052,0.007,0.015,-0.230,-0.340,-0.300,-0.145,-0.165
-0.065,-0.025,0.040,0.045,-0.052,0.007,0.015,-0.230,-0.344,-0.304,-0.145,-0.165
-0.065,-0.025,0.040,0.045,-0.052,0.007,0.015,-0.230,-0.345,-0.305,-0.145,-0.165
-0.065,-0.025,0.040,0.045,-0.052,0.007,0.015,-0.230,-0.347,-0.305,-0.145,-0.165
-0.065,-0.025,0.040,0.045,-0.052,0.007,0.015,-0.230,-0.350,-0.305,-0.145,-0.165
-0.065,-0.025,0.040,0.045,-0.052,0.007,0.015,-0.230,-0.350,-0.305,-0.145,-0.165
-0.065,-0.025,0.040,0.045,-0.052,0.007,0.015,-0.230,-0.354,-0.305,-0.145,-0.169
-0.062,-0.022,0.040,0.042,-0.051,0.009,0.015,-0.230,-0.355,-0.305,-0.145,-0.170
-0.059,-0.019,0.040,0.039,-0.050,0.010,0.015,-0.230,-0.355,-0.305,-0.145,-0.170
-0.060,-0.020,0.040,0.040,-0.050,0.010,0.015,-0.230,-0.355,-0.305,-0.145,-0.170
-0.060,-0.020,0.040,0.040,-0.050,0.010,0.015,-0.230,-0.355,-0.305,-0.145,-0.170
-0.060,-0.020,0.040,0.040,-0.050,0.010,0.015,-0.230,-0.355,-0.305,-0.145,-0.170
-0.061,-0.021,0.040,0.041,-0.050,0.010,0.015,-0.230,-0.355,-0.305,-0.145,-0.170
-0.058,-0.018,0.040,0.038,-0.049,0.011,0.015,-0.230,-0.355,-0.305,-0.145,-0.170
-0.055,-0.015,0.040,0.035,-0.047,0.012,0.015,-0.230,-0.355,-0.305,-0.145,-0.170
-0.055,-0.015,0.040,0.035,-0.047,0.012,0.015,-0.230,-0.355,-0.305,-0.145,-0.170
-0.055,-0.015,0.040,0.035,-0.047,0.012,0.015,-0.230,-0.355,-0.313,-0.145,-0.170
-0.055,-0.015,0.040,0.035,-0.047,0.012,0.015,-0.230,-0.355,-0.319,-0.145,-0.170
-0.055,-0.015,0.040,0.035,-0.047,0.012,0.015,-0.230,-0.355,-0.320,-0.145,-0.170
-0.055,-0.015,0.040,0.035,-0.047,0.012,0.015,-0.230,-0.356,-0.320,-0.145,-0.171
-0.055,-0.015,0.040,0.035,-0.047,0.012,0.015,-0.230,-0.360,-0.320,-0.145,-0.175
-0.051,-0.011,0.040,0.031,-0.045,0.015,0.011,-0.230,-0.360,-0.320,-0.145,-0.175
-0.050,-0.010,0.040,0.030,-0.045,0.015,0.010,-0.230,-0.360,-0.320,-0.145,-0.175
-0.050,-0.010,0.040,0.030,-0.045,0.015,0.010,-0.230,-0.360,-0.320,-0.145,-0.175
-0.050,-0.010,0.040,0.030,-0.045,0.015,0.010,-0.230,-0.360,-0.320,-0.145,-0.175
-0.050,-0.010,0.040,0.030,-0.045,0.015,0.010,-0.230,-0.360,-0.320,-0.145,-0.175
-0.050,-0.010,0.040,0.030,-0.045,0.015,0.010,-0.230,-0.360,-0.320,-0.145,-0.175
-0.047,-0.007,0.040,0.027,-0.043,0.016,0.010,-0.233,-0.360,-0.320,-0.145,-0.175
-0.044,-0.004,0.040,0.024,-0.042,0.017,0.010,-0.235,-0.360,-0.320,-0.145,-0.175
-0.045,-0.005,0.040,0.025,-0.042,0.017,0.010,-0.236,-0.360,-0.320,-0.145,-0.175
-0.045,-0.005,0.040,0.025,-0.042,0.017,0.010,-0.240,-0.360,-0.320,-0.145,-0.175
-0.045,-0.005,0.040,0.025,-0.042,0.017,0.010,-0.240,-0.360,-0.320,-0.145,-0.175
-0.045,-0.005,0.040,0.025,-0.042,0.017,0.010,-0.240,-0.359,-0.320,-0.145,-0.175
-0.045,-0.005,0.040,0.025,-0.042,0.017,0.010,-0.240,-0.362,-0.320,-0.145,-0.175
-0.046,-0.006,0.040,0.026,-0.042,0.017,0.009,-0.240,-0.365,-0.320,-0.145,-0.175
-0.050,-0.010,0.040,0.030,-0.045,0.015,0.005,-0.240,-0.365,-0.320,-0.145,-0.175
-0.050,-0.010,0.040,0.030,-0.045,0.015,0.005,-0.240,-0.365,-0.320,-0.145,-0.175
-0.050,-0.010,0.040,0.030,-0.045,0.015,0.005,-0.243,-0.365,-0.320,-0.145,-0.175
-0.050,-0.010,0.040,0.030,-0.045,0.015,0.005,-0.246,-0.365,-0.320,-0.145,-0.175
-0.050,-0.010,0.040,0.030,-0.045,0.015,0.005,-0.245,-0.365,-0.320,-0.145,-0.175
-0.050,-0.010,0.040,0.030,-0.045,0.015,0.005,-0.245,-0.365,-0.320,-0.145,-0.175
-0.050,-0.010,0.040,0.030,-0.045,0.015,0.005,-0.245,-0.365,-0.320,-0.145,-0.175
-0.050,-0.010,0.040,0.030,-0.045,0.015,0.005,-0.245,-0.365,-0.320,-0.145,-0.175
-0.050,-0.010,0.040,0.030,-0.045,0.015,0.005,-0.245,-0.365,-0.320,-0.145,-0.175
-0.051,-0.010,0.041,0.030,-0.046,0.015,0.005,-0.245,-0.365,-0.321,-0.145,-0.175
-0.055,-0.010,0.045,0.032,-0.050,0.017,0.005,-0.245,-0.365,-0.325,-0.145,-0.175
-0.055,-0.010,0.045,0.032,-0.050,0.017,0.005,-0.245,-0.365,-0.325,-0.145,-0.175
-0.055,-0.010,0.045,0.032,-0.050,0.017,0.006,-0.245,-0.368,-0.325,-0.145,-0.175
-0.055,-0.010,0.045,0.032,-0.050,0.017,0.003,-0.245,-0.371,-0.325,-0.145,-0.175
-0.055,-0.010,0.045,0.032,-0.050,0.017,0.000,-0.245,-0.370,-0.325,-0.145,-0.175
-0.055,-0.010,0.045,0.032,-0.050,0.017,0.000,-0.245,-0.370,-0.325,-0.145,-0.175
-0.055,-0.010,0.045,0.032,-0.050,0.017,0.000,-0.245,-0.370,-0.325,-0.145,-0.175
-0.055,-0.010,0.045,0.032,-0.050,0.017,0.000,-0.245,-0.370,-0.325,-0.145,-0.175
-0.055,-0.010,0.045,0.032,-0.050,0.017,0.000,-0.245,-0.370,-0.325,-0.145,-0.175
-0.055,-0.010,0.045,0.032,-0.050,0.017,0.000,-0.245,-0.370,-0.325,-0.145,-0.175
-0.055,-0.010,0.045,0.032,-0.050,0.017,0.000,-0.245,-0.370,-0.325,-0.145,-0.175
-0.055,-0.011,0.044,0.032,-0.050,0.016,0.000,-0.245,-0.370,-0.325,-0.145,-0.175
-0.053,-0.005,0.049,0.029,-0.051,0.022,0.000,-0.245,-0.370,-0.322,-0.145,-0.175
-0.046,0.003,0.049,0.021,-0.048,0.026,0.000,-0.245,-0.370,-0.319,-0.145,-0.175
-0.048,0.004,0.053,0.022,-0.051,0.028,0.000,-0.244,-0.370,-0.320,-0.145,-0.175
-0.065,0.000,0.065,0.032,-0.065,0.032,0.000,-0.240,-0.370,-0.320,-0.145,-0.175
-0.061,0.000,0.061,0.030,-0.061,0.031,0.000,-0.240,-0.366,-0.320,-0.145,-0.175
-0.062,-0.003,0.059,0.032,-0.060,0.028,0.000,-0.240,-0.365,-0.320,-0.145,-0.175
-0.066,-0.006,0.060,0.036,-0.063,0.026,0.000,-0.240,-0.365,-0.319,-0.145,-0.175
-0.064,-0.004,0.060,0.034,-0.062,0.028,0.000,-0.240,-0.365,-0.321,-0.145,-0.175
-0.060,0.000,0.060,0.030,-0.060,0.030,0.000,-0.240,-0.365,-0.325,-0.145,-0.175
-0.056,0.000,0.056,0.028,-0.056,0.027,0.000,-0.240,-0.361,-0.324,-0.145,-0.175
-0.051,0.003,0.055,0.024,-0.053,0.029,0.000,-0.237,-0.360,-0.335,-0.145,-0.175
-0.050,0.005,0.055,0.022,-0.053,0.030,0.000,-0.234,-0.360,-0.340,-0.145,-0.175
-0.049,0.006,0.055,0.021,-0.052,0.030,0.000,-0.235,-0.360,-0.334,-0.145,-0.175
-0.045,0.010,0.055,0.017,-0.050,0.032,0.000,-0.235,-0.360,-0.335,-0.145,-0.175
-0.046,0.010,0.055,0.017,-0.050,0.032,0.000,-0.235,-0.360,-0.331,-0.145,-0.175
-0.039,0.013,0.052,0.013,-0.046,0.032,0.000,-0.235,-0.357,-0.329,-0.142,-0.175
-0.034,0.015,0.049,0.010,-0.043,0.032,0.000,-0.235,-0.354,-0.331,-0.137,-0.175
-0.034,0.016,0.050,0.009,-0.043,0.032,0.000,-0.234,-0.355,-0.329,-0.135,-0.174
-0.030,0.020,0.050,0.005,-0.040,0.035,0.000,-0.230,-0.355,-0.325,-0.135,-0.170
-0.031,0.020,0.050,0.005,-0.040,0.035,0.004,-0.230,-0.355,-0.325,-0.131,-0.170
-0.025,0.023,0.049,0.001,-0.037,0.035,0.009,-0.230,-0.352,-0.322,-0.126,-0.167
-0.030,0.025,0.055,0.002,-0.043,0.040,0.010,-0.230,-0.349,-0.319,-0.125,-0.165
-0.041,0.026,0.067,0.007,-0.055,0.046,0.011,-0.230,-0.350,-0.320,-0.124,-0.164
-0.040,0.030,0.070,0.005,-0.055,0.050,0.015,-0.230,-0.350,-0.320,-0.120,-0.160
-0.043,0.031,0.073,0.006,-0.058,0.052,0.015,-0.231,-0.350,-0.316,-0.120,-0.160
-0.054,0.028,0.082,0.013,-0.068,0.054,0.017,-0.224,-0.351,-0.311,-0.117,-0.161
-0.047,0.037,0.084,0.004,-0.065,0.060,0.023,-0.217,-0.347,-0.310,-0.115,-0.158
-0.027,0.053,0.079,-0.013,-0.053,0.066,0.025,-0.214,-0.338,-0.309,-0.114,-0.155
-0.025,0.055,0.080,-0.015,-0.053,0.067,0.025,-0.210,-0.335,-0.305,-0.110,-0.155
-0.025,0.055,0.080,-0.015,-0.053,0.067,0.029,-0.206,-0.331,-0.301,-0.110,-0.151
-0.025,0.055,0.080,-0.015,-0.053,0.067,0.030,-0.202,-0.327,-0.299,-0.107,-0.150
-0.023,0.055,0.078,-0.016,-0.051,0.066,0.031,-0.198,-0.323,-0.302,-0.105,-0.148
-0.020,0.055,0.075,-0.018,-0.048,0.065,0.037,-0.194,-0.319,-0.305,-0.104,-0.145
-0.020,0.055,0.075,-0.018,-0.048,0.065,0.045,-0.190,-0.315,-0.305,-0.100,-0.145
-0.020,0.055,0.075,-0.018,-0.048,0.065,0.049,-0.190,-0.311,-0.305,-0.100,-0.145
-0.020,0.055,0.075,-0.018,-0.048,0.065,0.054,-0.187,-0.310,-0.305,-0.097,-0.145
-0.020,0.055,0.075,-0.018,-0.048,0.065,0.054,-0.185,-0.310,-0.305,-0.094,-0.145
-0.019,0.055,0.074,-0.018,-0.047,0.064,0.049,-0.184,-0.310,-0.305,-0.095,-0.145
-0.015,0.055,0.070,-0.020,-0.043,0.062,0.050,-0.180,-0.310,-0.305,-0.095,-0.145
-0.014,0.055,0.070,-0.021,-0.043,0.062,0.050,-0.180,-0.310,-0.305,-0.095,-0.145
-0.018,0.052,0.070,-0.017,-0.044,0.061,0.047,-0.177,-0.307,-0.305,-0.095,-0.145
-0.021,0.049,0.070,-0.014,-0.045,0.060,0.044,-0.175,-0.305,-0.305,-0.095,-0.145
-0.020,0.050,0.070,-0.015,-0.045,0.060,0.046,-0.174,-0.305,-0.305,-0.095,-0.145
-0.020,0.050,0.070,-0.015,-0.045,0.060,0.045,-0.170,-0.305,-0.305,-0.095,-0.145
-0.020,0.046,0.066,-0.013,-0.044,0.056,0.030,-0.169,-0.306,-0.305,-0.095,-0.145
-0.017,0.044,0.062,-0.014,-0.040,0.053,0.012,-0.175,-0.302,-0.305,-0.095,-0.145
-0.012,0.046,0.058,-0.017,-0.036,0.051,-0.002,-0.202,-0.315,-0.305,-0.095,-0.145
-0.010,0.044,0.054,-0.018,-0.032,0.049,-0.012,-0.237,-0.341,-0.305,-0.095,-0.145
-0.010,0.040,0.050,-0.015,-0.030,0.045,-0.020,-0.250,-0.355,-0.305,-0.095,-0.145
-0.006,0.040,0.046,-0.017,-0.026,0.042,-0.032,-0.246,-0.351,-0.305,-0.095,-0.145
-0.001,0.041,0.042,-0.020,-0.022,0.041,-0.043,-0.244,-0.349,-0.305,-0.095,-0.145
0.000,0.038,0.038,-0.019,-0.019,0.038,-0.044,-0.246,-0.351,-0.305,-0.095,-0.145
0.000,0.035,0.035,-0.018,-0.018,0.035,-0.040,-0.244,-0.349,-0.305,-0.095,-0.145
0.000,0.035,0.035,-0.018,-0.018,0.035,-0.040,-0.240,-0.345,-0.305,-0.095,-0.145
0.000,0.035,0.035,-0.018,-0.018,0.035,-0.036,-0.240,-0.345,-0.309,-0.095,-0.145
-0.003,0.032,0.035,-0.015,-0.019,0.033,-0.034,-0.241,-0.345,-0.310,-0.095,-0.145
-0.006,0.029,0.035,-0.012,-0.020,0.032,-0.036,-0.238,-0.345,-0.312,-0.095,-0.145
-0.005,0.030,0.035,-0.013,-0.020,0.032,-0.034,-0.235,-0.344,-0.316,-0.095,-0.145
-0.005,0.030,0.035,-0.013,-0.020,0.032,-0.030,-0.235,-0.340,-0.315,-0.095,-0.145
-0.010,0.026,0.035,-0.009,-0.023,0.031,-0.030,-0.235,-0.340,-0.311,-0.095,-0.145
-0.007,0.024,0.032,-0.009,-0.020,0.028,-0.027,-0.235,-0.341,-0.306,-0.095,-0.145
-0.004,0.026,0.029,-0.011,-0.017,0.027,-0.024,-0.235,-0.338,-0.305,-0.095,-0.145
-0.006,0.024,0.030,-0.009,-0.018,0.027,-0.025,-0.235,-0.335,-0.304,-0.096,-0.145
-0.010,0.020,0.030,-0.005,-0.020,0.025,-0.025,-0.235,-0.335,-0.300,-0.100,-0.145
-0.010,0.020,0.030,-0.005,-0.020,0.025,-0.021,-0.235,-0.335,-0.296,-0.100,-0.145
-0.010,0.020,0.030,-0.005,-0.020,0.025,-0.019,-0.235,-0.335,-0.295,-0.099,-0.145
-0.010,0.020,0.030,-0.005,-0.020,0.025,-0.021,-0.235,-0.335,-0.295,-0.102,-0.144
-0.011,0.019,0.030,-0.004,-0.021,0.025,-0.019,-0.235,-0.344,-0.304,-0.105,-0.148
-0.015,0.015,0.030,0.000,-0.023,0.022,-0.015,-0.235,-0.360,-0.325,-0.105,-0.160
-0.015,0.011,0.026,0.002,-0.020,0.018,-0.015,-0.239,-0.365,-0.330,-0.105,-0.159
-0.017,0.007,0.025,0.005,-0.021,0.016,-0.016,-0.244,-0.368,-0.330,-0.107,-0.168
-0.023,0.003,0.025,0.010,-0.024,0.014,-0.013,-0.243,-0.373,-0.330,-0.114,-0.179
-0.025,0.000,0.025,0.012,-0.025,0.012,-0.010,-0.239,-0.375,-0.331,-0.121,-0.180
-0.025,0.000,0.025,0.012,-0.025,0.012,-0.010,-0.240,-0.375,-0.335,-0.125,-0.180
-0.029,-0.004,0.025,0.016,-0.026,0.011,-0.010,-0.240,-0.379,-0.335,-0.130,-0.180
-0.033,-0.008,0.025,0.020,-0.029,0.008,-0.007,-0.240,-0.380,-0.334,-0.127,-0.183
-0.037,-0.012,0.025,0.024,-0.031,0.006,-0.004,-0.240,-0.380,-0.337,-0.124,-0.186
-0.041,-0.016,0.025,0.028,-0.032,0.004,-0.005,-0.240,-0.380,-0.340,-0.125,-0.185
-0.045,-0.020,0.025,0.032,-0.035,0.002,-0.005,-0.240,-0.380,-0.340,-0.125,-0.185
-0.049,-0.020,0.029,0.035,-0.039,0.004,-0.001,-0.240,-0.380,-0.340,-0.125,-0.189
-0.050,-0.020,0.030,0.035,-0.040,0.005,0.001,-0.240,-0.380,-0.340,-0.125,-0.190
-0.050,-0.020,0.030,0.035,-0.040,0.005,-0.001,-0.240,-0.380,-0.340,-0.125,-0.190
-0.050,-0.020,0.030,0.035,-0.040,0.005,0.001,-0.240,-0.380,-0.340,-0.125,-0.190
-0.050,-0.020,0.030,0.035,-0.040,0.005,0.005,-0.240,-0.380,-0.340,-0.125,-0.190
-0.050,-0.020,0.030,0.035,-0.040,0.005,0.005,-0.240,-0.380,-0.340,-0.125,-0.190
-0.050,-0.020,0.030,0.035,-0.040,0.005,0.004,-0.237,-0.380,-0.340,-0.125,-0.190
-0.048,-0.020,0.028,0.034,-0.038,0.004,0.007,-0.234,-0.380,-0.340,-0.125,-0.190
-0.044,-0.020,0.024,0.031,-0.034,0.001,0.010,-0.235,-0.380,-0.340,-0.125,-0.190
-0.045,-0.020,0.025,0.032,-0.035,0.002,0.010,-0.235,-0.380,-0.340,-0.125,-0.190
-0.057,-0.020,0.038,0.039,-0.048,0.009,0.010,-0.235,-0.380,-0.340,-0.125,-0.190
-0.062,-0.020,0.041,0.041,-0.051,0.010,0.009,-0.235,-0.380,-0.340,-0.125,-0.190
-0.058,-0.019,0.040,0.038,-0.049,0.011,0.012,-0.235,-0.380,-0.340,-0.125,-0.190
-0.063,-0.023,0.040,0.043,-0.051,0.009,0.015,-0.235,-0.380,-0.340,-0.125,-0.190
-0.075,-0.035,0.040,0.055,-0.057,0.002,0.015,-0.235,-0.380,-0.340,-0.125,-0.190
-0.071,-0.031,0.040,0.051,-0.056,0.004,0.015,-0.235,-0.380,-0.340,-0.125,-0.190
-0.069,-0.029,0.040,0.049,-0.055,0.005,0.014,-0.235,-0.380,-0.340,-0.125,-0.190
-0.070,-0.030,0.040,0.050,-0.055,0.005,0.017,-0.235,-0.380,-0.340,-0.125,-0.190
-0.070,-0.030,0.040,0.050,-0.055,0.005,0.020,-0.235,-0.380,-0.340,-0.125,-0.190
-0.070,-0.030,0.040,0.050,-0.055,0.005,0.020,-0.235,-0.380,-0.340,-0.125,-0.190
-0.070,-0.030,0.040,0.050,-0.055,0.005,0.020,-0.231,-0.384,-0.344,-0.125,-0.190
-0.071,-0.031,0.040,0.051,-0.055,0.005,0.020,-0.230,-0.388,-0.345,-0.125,-0.190
-0.068,-0.028,0.040,0.048,-0.054,0.006,0.020,-0.230,-0.392,-0.345,-0.125,-0.190
-0.065,-0.025,0.040,0.045,-0.052,0.007,0.021,-0.230,-0.395,-0.345,-0.125,-0.190
-0.065,-0.025,0.040,0.045,-0.052,0.007,0.025,-0.230,-0.395,-0.345,-0.125,-0.190
-0.065,-0.025,0.040,0.045,-0.052,0.007,0.025,-0.230,-0.395,-0.345,-0.125,-0.190
-0.065,-0.025,0.040,0.045,-0.052,0.007,0.025,-0.230,-0.395,-0.346,-0.125,-0.191
-0.065,-0.025,0.040,0.045,-0.052,0.007,0.025,-0.230,-0.395,-0.343,-0.125,-0.188
-0.065,-0.025,0.040,0.045,-0.052,0.007,0.025,-0.230,-0.395,-0.340,-0.125,-0.185
-0.065,-0.025,0.040,0.045,-0.052,0.007,0.025,-0.230,-0.395,-0.340,-0.125,-0.185
-0.061,-0.021,0.040,0.041,-0.050,0.010,0.021,-0.230,-0.395,-0.336,-0.125,-0.181
-0.060,-0.020,0.040,0.040,-0.050,0.010,0.019,-0.230,-0.395,-0.335,-0.125,-0.180
-0.060,-0.020,0.040,0.040,-0.050,0.010,0.021,-0.230,-0.395,-0.333,-0.125,-0.178
-0.060,-0.020,0.040,0.040,-0.050,0.010,0.019,-0.230,-0.395,-0.330,-0.125,-0.175
-0.060,-0.020,0.040,0.040,-0.050,0.010,0.015,-0.230,-0.395,-0.330,-0.125,-0.175
-0.060,-0.020,0.040,0.040,-0.050,0.010,0.015,-0.230,-0.395,-0.326,-0.125,-0.171
-0.061,-0.021,0.040,0.041,-0.051,0.010,0.016,-0.230,-0.395,-0.325,-0.125,-0.170
-0.056,-0.016,0.039,0.036,-0.048,0.012,0.013,-0.230,-0.395,-0.323,-0.125,-0.168
-0.050,-0.009,0.041,0.029,-0.045,0.016,0.010,-0.230,-0.395,-0.320,-0.125,-0.165
-0.050,-0.005,0.045,0.027,-0.047,0.020,0.010,-0.230,-0.395,-0.320,-0.125,-0.165
-0.040,0.003,0.043,0.018,-0.042,0.023,0.010,-0.233,-0.395,-0.316,-0.127,-0.161
-0.051,0.008,0.059,0.021,-0.055,0.033,0.012,-0.246,-0.395,-0.315,-0.114,-0.160
-0.064,0.014,0.078,0.025,-0.071,0.046,0.004,-0.262,-0.394,-0.312,-0.099,-0.157
-0.066,0.021,0.087,0.022,-0.076,0.053,-0.014,-0.272,-0.396,-0.311,-0.086,-0.156
-0.065,0.025,0.090,0.020,-0.078,0.057,-0.030,-0.280,-0.395,-0.310,-0.070,-0.155
-0.050,0.042,0.091,0.003,-0.071,0.066,-0.048,-0.294,-0.372,-0.275,-0.061,-0.120
-0.032,0.083,0.115,-0.026,-0.074,0.099,-0.082,-0.283,-0.348,-0.242,-0.022,-0.084
-0.002,0.121,0.123,-0.060,-0.063,0.122,-0.114,-0.258,-0.335,-0.200,0.030,-0.041
0.039,0.146,0.107,-0.093,-0.034,0.126,-0.134,-0.242,-0.329,-0.140,0.077,0.013
0.070,0.170,0.100,-0.120,-0.015,0.135,-0.155,-0.255,-0.325,-0.085,0.130,0.060
0.101,0.193,0.092,-0.147,0.004,0.142,-0.195,-0.351,-0.317,-0.036,0.188,0.115
0.144,0.228,0.084,-0.186,0.030,0.156,-0.263,-0.568,-0.313,0.010,0.260,0.177
0.198,0.273,0.075,-0.236,0.061,0.174,-0.320,-0.793,-0.305,0.065,0.340,0.245
0.244,0.314,0.070,-0.279,0.086,0.191,-0.389,-0.950,-0.301,0.142,0.428,0.327
0.285,0.345,0.060,-0.315,0.112,0.202,-0.510,-1.070,-0.295,0.240,0.530,0.425
0.383,0.384,0.001,-0.384,0.191,0.192,-0.624,-1.164,-0.238,0.340,0.643,0.534
0.518,0.429,-0.089,-0.473,0.303,0.170,-0.761,-1.245,-0.171,0.475,0.785,0.670
0.663,0.485,-0.178,-0.574,0.420,0.154,-0.922,-1.328,-0.125,0.621,0.946,0.821
0.804,0.561,-0.243,-0.683,0.523,0.159,-1.085,-1.445,-0.100,0.751,1.104,0.974
0.930,0.655,-0.275,-0.792,0.602,0.190,-1.230,-1.560,-0.070,0.870,1.255,1.130
1.040,0.739,-0.302,-0.889,0.671,0.218,-1.330,-1.534,0.010,0.979,1.386,1.261
1.126,0.746,-0.381,-0.936,0.754,0.182,-1.365,-1.495,0.107,0.996,1.406,1.282
1.155,0.650,-0.506,-0.902,0.831,0.072,-1.342,-1.458,0.136,0.898,1.281,1.151
1.141,0.505,-0.636,-0.823,0.889,-0.065,-1.293,-1.410,0.110,0.748,1.098,0.964
1.135,0.385,-0.750,-0.760,0.942,-0.182,-1.255,-1.360,0.100,0.615,0.950,0.835
1.138,0.281,-0.857,-0.709,0.997,-0.287,-1.225,-1.247,0.082,0.491,0.794,0.695
1.108,0.136,-0.973,-0.621,1.040,-0.418,-1.135,-1.095,0.081,0.328,0.604,0.527
1.046,-0.018,-1.065,-0.514,1.055,-0.541,-1.018,-1.000,0.019,0.143,0.413,0.358
0.943,-0.145,-1.088,-0.399,1.016,-0.616,-0.914,-0.941,-0.094,-0.032,0.235,0.201
0.805,-0.250,-1.055,-0.277,0.930,-0.652,-0.800,-0.855,-0.175,-0.200,0.055,0.045
0.699,-0.331,-1.030,-0.184,0.865,-0.681,-0.658,-0.816,-0.301,-0.383,-0.115,-0.109
0.565,-0.402,-0.967,-0.081,0.766,-0.685,-0.542,-0.788,-0.498,-0.566,-0.265,-0.242
0.470,-0.415,-0.885,-0.027,0.677,-0.649,-0.449,-0.733,-0.635,-0.674,-0.351,-0.321
0.410,-0.384,-0.795,-0.013,0.603,-0.589,-0.366,-0.654,-0.644,-0.671,-0.355,-0.333
0.315,-0.365,-0.680,0.025,0.498,-0.522,-0.300,-0.580,-0.600,-0.610,-0.315,-0.305
0.250,-0.315,-0.565,0.033,0.407,-0.439,-0.244,-0.531,-0.563,-0.552,-0.282,-0.280
0.184,-0.259,-0.443,0.038,0.314,-0.351,-0.186,-0.484,-0.531,-0.509,-0.257,-0.262
0.120,-0.214,-0.334,0.047,0.228,-0.274,-0.141,-0.439,-0.500,-0.469,-0.233,-0.249
0.085,-0.176,-0.260,0.046,0.173,-0.218,-0.113,-0.401,-0.465,-0.433,-0.209,-0.236
0.070,-0.140,-0.210,0.035,0.140,-0.175,-0.085,-0.360,-0.420,-0.410,-0.185,-0.220
0.044,-0.112,-0.155,0.034,0.100,-0.134,-0.065,-0.312,-0.378,-0.389,-0.164,-0.207
0.044,-0.085,-0.129,0.021,0.087,-0.107,-0.045,-0.265,-0.356,-0.378,-0.155,-0.201
0.051,-0.069,-0.120,0.009,0.086,-0.094,-0.026,-0.227,-0.343,-0.371,-0.155,-0.200
0.042,-0.064,-0.106,0.011,0.074,-0.085,-0.012,-0.190,-0.326,-0.364,-0.155,-0.200
0.030,-0.060,-0.090,0.015,0.060,-0.075,0.000,-0.155,-0.310,-0.360,-0.155,-0.200
0.022,-0.056,-0.078,0.018,0.050,-0.067,0.012,-0.142,-0.297,-0.352,-0.151,-0.196
0.014,-0.052,-0.066,0.019,0.040,-0.059,0.025,-0.135,-0.291,-0.343,-0.150,-0.194
0.007,-0.048,-0.055,0.020,0.032,-0.051,0.034,-0.124,-0.290,-0.338,-0.150,-0.196
0.004,-0.044,-0.048,0.020,0.027,-0.046,0.043,-0.113,-0.289,-0.334,-0.150,-0.194
0.000,-0.040,-0.040,0.020,0.020,-0.040,0.055,-0.105,-0.285,-0.330,-0.150,-0.190
-0.008,-0.036,-0.028,0.023,0.010,-0.032,0.060,-0.093,-0.285,-0.330,-0.146,-0.190
-0.013,-0.031,-0.019,0.023,0.003,-0.025,0.060,-0.084,-0.286,-0.330,-0.145,-0.191
-0.019,-0.030,-0.011,0.025,-0.004,-0.020,0.060,-0.076,-0.283,-0.330,-0.145,-0.188
-0.026,-0.029,-0.004,0.028,-0.011,-0.016,0.061,-0.069,-0.280,-0.330,-0.145,-0.185
-0.025,-0.025,0.000,0.025,-0.012,-0.012,0.065,-0.065,-0.280,-0.330,-0.145,-0.185
-0.024,-0.020,0.004,0.022,-0.014,-0.008,0.065,-0.057,-0.276,-0.326,-0.141,-0.185
-0.029,-0.020,0.009,0.024,-0.019,-0.006,0.064,-0.052,-0.274,-0.325,-0.139,-0.182
-0.028,-0.018,0.010,0.023,-0.019,-0.004,0.067,-0.046,-0.275,-0.325,-0.141,-0.179
-0.025,-0.015,0.011,0.020,-0.017,-0.002,0.070,-0.039,-0.274,-0.325,-0.139,-0.180
-0.030,-0.015,0.015,0.022,-0.022,0.000,0.070,-0.035,-0.270,-0.325,-0.135,-0.180
-0.034,-0.015,0.019,0.025,-0.026,0.002,0.070,-0.031,-0.266,-0.325,-0.135,-0.176
-0.035,-0.016,0.020,0.026,-0.027,0.002,0.070,-0.027,-0.261,-0.326,-0.135,-0.174
-0.034,-0.013,0.021,0.024,-0.028,0.004,0.070,-0.023,-0.260,-0.323,-0.135,-0.176
-0.036,-0.010,0.026,0.022,-0.031,0.008,0.070,-0.020,-0.259,-0.320,-0.134,-0.174
-0.040,-0.010,0.030,0.025,-0.035,0.010,0.070,-0.020,-0.255,-0.320,-0.130,-0.170
-0.040,-0.010,0.030,0.025,-0.035,0.010,0.074,-0.016,-0.251,-0.320,-0.130,-0.170
-0.043,-0.011,0.032,0.026,-0.038,0.011,0.075,-0.011,-0.250,-0.320,-0.130,-0.170
-0.046,-0.008,0.037,0.026,-0.041,0.014,0.077,-0.010,-0.249,-0.320,-0.130,-0.170
-0.045,-0.005,0.040,0.025,-0.042,0.017,0.080,-0.009,-0.244,-0.319,-0.129,-0.169
-0.045,-0.005,0.040,0.025,-0.042,0.017,0.080,-0.005,-0.240,-0.315,-0.125,-0.165
-0.045,-0.005,0.040,0.025,-0.042,0.017,0.084,-0.001,-0.240,-0.315,-0.125,-0.165
-0.045,-0.005,0.040,0.025,-0.042,0.017,0.085,0.000,-0.238,-0.315,-0.125,-0.165
-0.045,-0.005,0.040,0.025,-0.042,0.017,0.085,0.001,-0.232,-0.315,-0.125,-0.165
-0.044,-0.004,0.040,0.024,-0.042,0.017,0.085,0.006,-0.230,-0.315,-0.125,-0.165
-0.040,0.000,0.040,0.020,-0.040,0.020,0.085,0.010,-0.230,-0.315,-0.125,-0.165
-0.040,0.000,0.040,0.020,-0.040,0.020,0.085,0.014,-0.226,-0.315,-0.125,-0.165
-0.040,0.000,0.040,0.020,-0.040,0.020,0.085,0.018,-0.221,-0.312,-0.125,-0.166
-0.040,0.000,0.040,0.020,-0.040,0.020,0.085,0.022,-0.220,-0.309,-0.125,-0.163
-0.039,0.001,0.040,0.019,-0.040,0.020,0.085,0.025,-0.219,-0.310,-0.125,-0.160
-0.035,0.005,0.040,0.015,-0.038,0.022,0.085,0.025,-0.215,-0.310,-0.125,-0.160
-0.035,0.005,0.040,0.015,-0.038,0.022,0.085,0.029,-0.211,-0.306,-0.125,-0.160
-0.035,0.005,0.040,0.015,-0.038,0.022,0.085,0.030,-0.207,-0.305,-0.125,-0.160
-0.035,0.005,0.040,0.015,-0.038,0.022,0.085,0.033,-0.205,-0.305,-0.125,-0.160
-0.035,0.005,0.040,0.015,-0.038,0.022,0.085,0.042,-0.204,-0.305,-0.125,-0.160
-0.035,0.005,0.040,0.015,-0.038,0.022,0.085,0.045,-0.200,-0.305,-0.125,-0.160
-0.031,0.009,0.040,0.011,-0.035,0.025,0.085,0.045,-0.196,-0.301,-0.125,-0.160
-0.030,0.010,0.040,0.010,-0.035,0.025,0.084,0.048,-0.195,-0.300,-0.125,-0.157
-0.028,0.012,0.040,0.008,-0.034,0.026,0.087,0.052,-0.194,-0.300,-0.125,-0.154
-0.024,0.016,0.040,0.004,-0.033,0.027,0.090,0.057,-0.189,-0.300,-0.125,-0.155
-0.025,0.015,0.040,0.005,-0.033,0.027,0.090,0.065,-0.185,-0.300,-0.125,-0.155
-0.026,0.014,0.040,0.006,-0.033,0.027,0.090,0.073,-0.186,-0.296,-0.125,-0.155
-0.022,0.018,0.040,0.002,-0.031,0.029,0.090,0.078,-0.179,-0.294,-0.125,-0.155
-0.020,0.020,0.040,0.000,-0.030,0.030,0.090,0.082,-0.173,-0.296,-0.125,-0.155
-0.019,0.021,0.040,-0.001,-0.030,0.030,0.090,0.086,-0.168,-0.294,-0.125,-0.155
-0.015,0.025,0.040,-0.005,-0.028,0.032,0.090,0.090,-0.160,-0.290,-0.125,-0.155
-0.014,0.025,0.040,-0.006,-0.027,0.032,0.090,0.095,-0.156,-0.290,-0.125,-0.155
-0.019,0.024,0.043,-0.003,-0.031,0.034,0.089,0.094,-0.149,-0.290,-0.122,-0.152
-0.019,0.027,0.046,-0.005,-0.032,0.036,0.093,0.100,-0.143,-0.290,-0.120,-0.149
-0.014,0.030,0.045,-0.008,-0.030,0.037,0.102,0.112,-0.137,-0.289,-0.119,-0.150
-0.015,0.030,0.045,-0.008,-0.030,0.037,0.105,0.115,-0.120,-0.285,-0.115,-0.150
-0.015,0.030,0.045,-0.008,-0.030,0.037,0.105,0.119,-0.104,-0.285,-0.115,-0.150
-0.015,0.030,0.045,-0.008,-0.030,0.037,0.105,0.123,-0.088,-0.285,-0.116,-0.147
-0.015,0.030,0.045,-0.008,-0.030,0.037,0.105,0.127,-0.073,-0.285,-0.113,-0.144
-0.014,0.031,0.045,-0.009,-0.030,0.037,0.105,0.131,-0.063,-0.284,-0.110,-0.145
-0.010,0.035,0.045,-0.013,-0.028,0.040,0.105,0.135,-0.055,-0.280,-0.110,-0.145
-0.010,0.035,0.045,-0.013,-0.028,0.040,0.105,0.143,-0.051,-0.276,-0.106,-0.145
-0.010,0.035,0.045,-0.013,-0.028,0.040,0.108,0.151,-0.044,-0.271,-0.104,-0.142
-0.010,0.035,0.045,-0.013,-0.028,0.040,0.110,0.161,-0.038,-0.270,-0.106,-0.139
-0.010,0.035,0.045,-0.013,-0.028,0.040,0.111,0.172,-0.033,-0.269,-0.104,-0.140
-0.010,0.035,0.045,-0.013,-0.028,0.040,0.115,0.180,-0.025,-0.265,-0.100,-0.140
-0.014,0.031,0.045,-0.009,-0.030,0.037,0.115,0.188,-0.021,-0.261,-0.100,-0.140
-0.015,0.030,0.045,-0.008,-0.030,0.037,0.118,0.193,-0.014,-0.260,-0.097,-0.141
-0.016,0.029,0.045,-0.007,-0.031,0.037,0.120,0.200,-0.006,-0.259,-0.094,-0.138
-0.022,0.023,0.045,-0.001,-0.034,0.034,0.121,0.213,0.002,-0.254,-0.095,-0.135
-0.020,0.025,0.045,-0.003,-0.033,0.035,0.125,0.225,0.010,-0.250,-0.095,-0.135
0.001,0.046,0.045,-0.024,-0.022,0.045,0.125,0.233,0.018,-0.251,-0.091,-0.135
0.007,0.052,0.045,-0.030,-0.019,0.048,0.128,0.243,0.027,-0.244,-0.089,-0.136
0.004,0.049,0.045,-0.027,-0.020,0.047,0.132,0.257,0.032,-0.237,-0.090,-0.133
0.005,0.050,0.045,-0.028,-0.020,0.047,0.136,0.267,0.036,-0.234,-0.089,-0.130
0.005,0.050,0.045,-0.028,-0.020,0.047,0.140,0.275,0.045,-0.230,-0.085,-0.130
0.005,0.050,0.045,-0.028,-0.020,0.047,0.140,0.287,0.057,-0.226,-0.080,-0.130
0.005,0.050,0.045,-0.028,-0.020,0.047,0.143,0.299,0.069,-0.222,-0.080,-0.130
0.005,0.050,0.045,-0.028,-0.020,0.047,0.145,0.311,0.079,-0.218,-0.078,-0.130
0.006,0.051,0.045,-0.029,-0.020,0.048,0.145,0.322,0.087,-0.214,-0.075,-0.129
0.010,0.055,0.045,-0.033,-0.018,0.050,0.150,0.330,0.095,-0.210,-0.075,-0.125
0.011,0.055,0.045,-0.033,-0.018,0.050,0.154,0.340,0.107,-0.206,-0.071,-0.120
0.008,0.056,0.048,-0.033,-0.020,0.052,0.156,0.364,0.120,-0.202,-0.066,-0.120
0.016,0.066,0.051,-0.041,-0.018,0.058,0.154,0.382,0.128,-0.198,-0.065,-0.118
0.026,0.076,0.050,-0.051,-0.012,0.062,0.157,0.394,0.139,-0.194,-0.064,-0.115
0.025,0.075,0.050,-0.050,-0.013,0.062,0.165,0.415,0.160,-0.190,-0.060,-0.115
0.021,0.074,0.053,-0.048,-0.016,0.063,0.169,0.432,0.172,-0.186,-0.061,-0.111
0.015,0.081,0.065,-0.048,-0.025,0.073,0.173,0.443,0.187,-0.179,-0.054,-0.106
0.018,0.088,0.070,-0.053,-0.026,0.078,0.177,0.459,0.201,-0.171,-0.047,-0.105
0.026,0.090,0.064,-0.058,-0.019,0.077,0.181,0.481,0.214,-0.163,-0.044,-0.104
0.025,0.090,0.065,-0.058,-0.020,0.077,0.185,0.500,0.230,-0.155,-0.040,-0.100
0.029,0.094,0.065,-0.062,-0.019,0.079,0.188,0.512,0.242,-0.147,-0.036,-0.101
0.033,0.098,0.065,-0.066,-0.017,0.082,0.199,0.529,0.257,-0.139,-0.032,-0.094
0.039,0.102,0.063,-0.071,-0.012,0.082,0.209,0.552,0.272,-0.131,-0.028,-0.088
0.046,0.106,0.060,-0.076,-0.007,0.082,0.210,0.575,0.291,-0.122,-0.023,-0.083
0.050,0.110,0.060,-0.080,-0.005,0.085,0.210,0.595,0.315,-0.110,-0.015,-0.075
0.054,0.114,0.060,-0.084,-0.003,0.087,0.214,0.615,0.327,-0.102,-0.007,-0.071
0.057,0.117,0.061,-0.087,-0.002,0.089,0.218,0.632,0.344,-0.094,0.001,-0.064
0.066,0.124,0.058,-0.095,0.004,0.091,0.222,0.650,0.366,-0.086,0.009,-0.058
0.077,0.131,0.055,-0.105,0.011,0.093,0.226,0.669,0.383,-0.078,0.017,-0.053
0.080,0.135,0.055,-0.108,0.012,0.095,0.230,0.685,0.395,-0.070,0.025,-0.045
0.084,0.139,0.055,-0.112,0.014,0.097,0.234,0.705,0.419,-0.062,0.030,-0.041
0.088,0.143,0.055,-0.116,0.016,0.099,0.238,0.725,0.438,-0.051,0.029,-0.037
0.092,0.147,0.055,-0.120,0.018,0.101,0.242,0.745,0.453,-0.040,0.035,-0.033
0.097,0.151,0.054,-0.124,0.021,0.102,0.245,0.765,0.477,-0.033,0.047,-0.029
0.105,0.155,0.050,-0.130,0.027,0.102,0.245,0.785,0.505,-0.025,0.050,-0.025
0.113,0.163,0.050,-0.138,0.031,0.106,0.245,0.805,0.521,-0.013,0.057,-0.021
0.121,0.171,0.050,-0.146,0.035,0.110,0.245,0.822,0.543,-0.003,0.071,-0.014
0.128,0.178,0.050,-0.153,0.038,0.114,0.245,0.838,0.563,0.003,0.075,-0.007
0.131,0.180,0.049,-0.155,0.041,0.115,0.245,0.855,0.581,0.013,0.078,-0.004
0.135,0.180,0.045,-0.158,0.045,0.112,0.245,0.875,0.605,0.025,0.095,0.000
0.143,0.188,0.045,-0.166,0.049,0.116,0.241,0.895,0.620,0.033,0.103,0.008
0.151,0.196,0.045,-0.174,0.053,0.120,0.236,0.916,0.644,0.044,0.114,0.014
0.158,0.203,0.045,-0.181,0.056,0.124,0.235,0.930,0.661,0.054,0.123,0.016
0.160,0.205,0.045,-0.183,0.057,0.125,0.234,0.938,0.675,0.063,0.126,0.022
0.160,0.205,0.045,-0.183,0.057,0.125,0.230,0.955,0.700,0.075,0.130,0.035
0.168,0.209,0.041,-0.189,0.063,0.125,0.230,0.971,0.717,0.083,0.138,0.048
0.173,0.210,0.037,-0.192,0.068,0.123,0.228,0.985,0.732,0.090,0.143,0.054
0.178,0.211,0.033,-0.195,0.072,0.122,0.222,0.993,0.748,0.101,0.147,0.055
0.188,0.216,0.029,-0.202,0.079,0.122,0.220,0.995,0.763,0.112,0.150,0.056
0.195,0.220,0.025,-0.208,0.085,0.122,0.220,1.000,0.775,0.115,0.155,0.060
0.195,0.216,0.021,-0.206,0.087,0.118,0.216,1.013,0.787,0.119,0.172,0.060
0.197,0.214,0.017,-0.206,0.090,0.116,0.215,1.011,0.797,0.123,0.179,0.063
0.202,0.215,0.013,-0.209,0.094,0.114,0.212,1.000,0.803,0.127,0.182,0.067
0.206,0.215,0.009,-0.210,0.098,0.111,0.203,0.994,0.813,0.132,0.186,0.072
0.210,0.215,0.005,-0.213,0.102,0.110,0.195,0.990,0.825,0.140,0.190,0.080
0.214,0.215,0.001,-0.215,0.106,0.108,0.187,0.982,0.822,0.145,0.194,0.084
0.215,0.212,-0.004,-0.213,0.109,0.104,0.179,0.973,0.817,0.145,0.199,0.088
0.215,0.210,-0.005,-0.211,0.110,0.102,0.171,0.969,0.813,0.145,0.200,0.093
0.216,0.210,-0.006,-0.212,0.111,0.102,0.164,0.961,0.809,0.145,0.201,0.095
0.220,0.210,-0.010,-0.215,0.115,0.100,0.160,0.940,0.805,0.145,0.205,0.090
0.225,0.211,-0.014,-0.217,0.119,0.098,0.152,0.920,0.800,0.145,0.206,0.086
0.225,0.207,-0.018,-0.216,0.121,0.094,0.143,0.897,0.800,0.146,0.199,0.082
0.244,0.221,-0.023,-0.232,0.133,0.099,0.138,0.873,0.783,0.140,0.192,0.080
0.259,0.235,-0.024,-0.246,0.141,0.106,0.133,0.848,0.753,0.128,0.189,0.079
0.245,0.220,-0.025,-0.232,0.135,0.097,0.125,0.820,0.730,0.120,0.185,0.075
0.266,0.208,-0.059,-0.236,0.162,0.074,0.116,0.793,0.706,0.108,0.181,0.071
0.262,0.196,-0.066,-0.229,0.163,0.065,0.112,0.756,0.683,0.099,0.177,0.070
0.242,0.185,-0.057,-0.214,0.150,0.064,0.106,0.715,0.653,0.089,0.174,0.069
0.232,0.178,-0.054,-0.205,0.143,0.062,0.099,0.675,0.617,0.078,0.167,0.064
0.220,0.170,-0.050,-0.195,0.135,0.060,0.095,0.635,0.585,0.070,0.155,0.060
0.208,0.162,-0.046,-0.184,0.127,0.057,0.091,0.595,0.549,0.054,0.147,0.061
0.199,0.157,-0.041,-0.178,0.120,0.057,0.087,0.555,0.514,0.041,0.136,0.052
0.192,0.152,-0.040,-0.172,0.115,0.055,0.083,0.515,0.472,0.026,0.126,0.040
0.182,0.143,-0.039,-0.162,0.110,0.051,0.079,0.475,0.423,0.005,0.117,0.033
0.170,0.135,-0.035,-0.152,0.102,0.050,0.075,0.435,0.380,-0.015,0.100,0.025
0.162,0.131,-0.031,-0.147,0.096,0.050,0.071,0.399,0.344,-0.031,0.088,0.017
0.151,0.124,-0.027,-0.138,0.089,0.048,0.070,0.360,0.308,-0.047,0.076,0.009
0.139,0.116,-0.023,-0.127,0.081,0.046,0.070,0.321,0.272,-0.064,0.064,0.001
0.127,0.108,-0.019,-0.117,0.073,0.044,0.070,0.287,0.236,-0.077,0.052,-0.008
0.115,0.100,-0.015,-0.107,0.065,0.042,0.070,0.255,0.200,-0.085,0.040,-0.020
0.103,0.092,-0.011,-0.097,0.057,0.040,0.070,0.223,0.167,-0.101,0.028,-0.028
0.090,0.084,-0.006,-0.087,0.048,0.039,0.070,0.193,0.140,-0.114,0.019,-0.036
0.081,0.076,-0.005,-0.078,0.043,0.035,0.070,0.168,0.108,-0.128,0.010,-0.044
0.072,0.068,-0.004,-0.070,0.038,0.031,0.070,0.143,0.070,-0.143,-0.003,-0.052
0.060,0.060,0.000,-0.060,0.030,0.030,0.070,0.115,0.035,-0.155,-0.015,-0.060
0.056,0.056,0.000,-0.056,0.028,0.027,0.070,0.086,0.010,-0.167,-0.023,-0.068
0.049,0.052,0.003,-0.051,0.023,0.027,0.070,0.064,-0.010,-0.179,-0.031,-0.075
0.042,0.048,0.006,-0.046,0.018,0.027,0.070,0.045,-0.030,-0.189,-0.039,-0.086
0.039,0.044,0.005,-0.042,0.017,0.024,0.070,0.025,-0.049,-0.197,-0.046,-0.097
0.035,0.040,0.005,-0.038,0.015,0.022,0.070,0.010,-0.065,-0.205,-0.050,-0.100
0.027,0.036,0.009,-0.032,0.008,0.022,0.070,-0.002,-0.085,-0.213,-0.054,-0.104
0.022,0.031,0.010,-0.026,0.006,0.021,0.070,-0.017,-0.103,-0.218,-0.057,-0.105
0.018,0.030,0.012,-0.024,0.003,0.021,0.070,-0.032,-0.116,-0.224,-0.066,-0.107
0.014,0.029,0.015,-0.022,-0.001,0.022,0.070,-0.043,-0.129,-0.231,-0.077,-0.110
0.010,0.025,0.015,-0.018,-0.003,0.020,0.070,-0.055,-0.145,-0.235,-0.080,-0.110
0.006,0.025,0.019,-0.016,-0.007,0.022,0.070,-0.067,-0.154,-0.247,-0.080,-0.114
0.002,0.022,0.020,-0.012,-0.010,0.021,0.070,-0.076,-0.160,-0.254,-0.083,-0.115
0.000,0.020,0.020,-0.010,-0.010,0.020,0.070,-0.084,-0.171,-0.257,-0.085,-0.118
0.000,0.019,0.019,-0.010,-0.010,0.019,0.070,-0.091,-0.182,-0.261,-0.086,-0.127
0.000,0.015,0.015,-0.008,-0.008,0.015,0.070,-0.095,-0.190,-0.265,-0.090,-0.130
0.000,0.015,0.015,-0.008,-0.008,0.015,0.070,-0.099,-0.198,-0.265,-0.090,-0.130
-0.003,0.012,0.015,-0.005,-0.009,0.013,0.070,-0.103,-0.204,-0.268,-0.093,-0.133
-0.005,0.010,0.015,-0.003,-0.010,0.012,0.070,-0.107,-0.206,-0.270,-0.095,-0.137
-0.006,0.009,0.015,-0.002,-0.010,0.012,0.070,-0.111,-0.213,-0.271,-0.096,-0.141
-0.010,0.005,0.015,0.002,-0.013,0.010,0.070,-0.115,-0.225,-0.275,-0.100,-0.145
-0.010,0.005,0.015,0.002,-0.013,0.010,0.070,-0.119,-0.229,-0.279,-0.104,-0.145
-0.013,0.002,0.015,0.005,-0.014,0.008,0.070,-0.120,-0.233,-0.283,-0.108,-0.144
-0.015,0.000,0.015,0.007,-0.015,0.007,0.070,-0.122,-0.238,-0.286,-0.110,-0.147
-0.016,-0.001,0.015,0.008,-0.015,0.007,0.070,-0.125,-0.240,-0.285,-0.110,-0.150
-0.020,-0.005,0.015,0.012,-0.017,0.005,0.070,-0.125,-0.240,-0.285,-0.110,-0.150
-0.024,-0.009,0.015,0.016,-0.019,0.002,0.070,-0.129,-0.244,-0.289,-0.110,-0.150
-0.028,-0.013,0.016,0.020,-0.022,0.001,0.070,-0.131,-0.248,-0.291,-0.113,-0.153
-0.031,-0.018,0.013,0.024,-0.022,-0.002,0.070,-0.128,-0.252,-0.290,-0.117,-0.156
-0.029,-0.020,0.010,0.024,-0.019,-0.005,0.070,-0.125,-0.256,-0.291,-0.121,-0.155
-0.025,-0.015,0.010,0.020,-0.017,-0.002,0.070,-0.125,-0.260,-0.295,-0.125,-0.155
-0.025,-0.015,0.010,0.020,-0.017,-0.002,0.070,-0.125,-0.264,-0.299,-0.125,-0.159
-0.025,-0.015,0.010,0.020,-0.017,-0.002,0.070,-0.125,-0.265,-0.300,-0.125,-0.160
-0.025,-0.015,0.010,0.020,-0.017,-0.002,0.070,-0.125,-0.267,-0.300,-0.125,-0.160
-0.025,-0.015,0.010,0.020,-0.017,-0.002,0.069,-0.125,-0.270,-0.300,-0.125,-0.160
-0.030,-0.020,0.010,0.025,-0.020,-0.005,0.070,-0.125,-0.270,-0.300,-0.125,-0.160
-0.047,-0.037,0.010,0.042,-0.029,-0.014,0.082,-0.125,-0.270,-0.300,-0.129,-0.159
-0.049,-0.039,0.010,0.044,-0.029,-0.014,0.089,-0.122,-0.270,-0.300,-0.130,-0.170
-0.044,-0.034,0.010,0.039,-0.026,-0.011,0.090,-0.119,-0.270,-0.300,-0.130,-0.175
-0.045,-0.035,0.010,0.040,-0.027,-0.012,0.090,-0.120,-0.270,-0.300,-0.130,-0.169
-0.045,-0.035,0.010,0.040,-0.027,-0.012,0.090,-0.120,-0.270,-0.300,-0.130,-0.170
-0.045,-0.035,0.010,0.040,-0.027,-0.012,0.090,-0.120,-0.270,-0.300,-0.130,-0.170
-0.045,-0.035,0.010,0.040,-0.027,-0.012,0.090,-0.120,-0.270,-0.300,-0.127,-0.170
-0.045,-0.035,0.010,0.040,-0.027,-0.012,0.090,-0.120,-0.270,-0.300,-0.124,-0.170
-0.045,-0.035,0.010,0.040,-0.027,-0.012,0.090,-0.120,-0.270,-0.300,-0.125,-0.170
-0.050,-0.040,0.010,0.045,-0.030,-0.015,0.090,-0.120,-0.270,-0.300,-0.125,-0.170
-0.063,-0.053,0.010,0.058,-0.036,-0.021,0.090,-0.116,-0.270,-0.300,-0.125,-0.170
-0.063,-0.053,0.010,0.058,-0.036,-0.021,0.090,-0.115,-0.270,-0.300,-0.125,-0.170
-0.059,-0.049,0.010,0.054,-0.035,-0.020,0.090,-0.115,-0.270,-0.300,-0.125,-0.170
-0.060,-0.050,0.010,0.055,-0.035,-0.020,0.090,-0.115,-0.270,-0.300,-0.125,-0.170
-0.060,-0.050,0.010,0.055,-0.035,-0.020,0.090,-0.115,-0.270,-0.300,-0.125,-0.170
-0.060,-0.050,0.010,0.055,-0.035,-0.020,0.094,-0.115,-0.270,-0.300,-0.125,-0.170
-0.061,-0.051,0.010,0.056,-0.035,-0.020,0.095,-0.115,-0.270,-0.300,-0.125,-0.170
-0.058,-0.048,0.010,0.053,-0.034,-0.019,0.095,-0.115,-0.270,-0.300,-0.125,-0.170
-0.055,-0.045,0.010,0.050,-0.032,-0.017,0.095,-0.115,-0.270,-0.300,-0.125,-0.170
-0.055,-0.045,0.010,0.050,-0.032,-0.017,0.095,-0.115,-0.270,-0.300,-0.125,-0.170
-0.055,-0.045,0.010,0.050,-0.032,-0.017,0.095,-0.115,-0.270,-0.300,-0.125,-0.170
-0.055,-0.045,0.010,0.050,-0.032,-0.017,0.095,-0.115,-0.270,-0.300,-0.125,-0.170
-0.055,-0.045,0.010,0.050,-0.032,-0.017,0.095,-0.115,-0.270,-0.300,-0.125,-0.170
-0.055,-0.045,0.010,0.050,-0.032,-0.017,0.095,-0.115,-0.270,-0.299,-0.125,-0.170
-0.055,-0.045,0.010,0.050,-0.032,-0.017,0.095,-0.115,-0.270,-0.295,-0.125,-0.170
-0.051,-0.041,0.010,0.046,-0.030,-0.015,0.095,-0.115,-0.270,-0.295,-0.125,-0.170
-0.050,-0.040,0.010,0.045,-0.030,-0.015,0.095,-0.115,-0.269,-0.292,-0.125,-0.170
-0.050,-0.040,0.010,0.045,-0.030,-0.015,0.095,-0.115,-0.272,-0.289,-0.125,-0.170
-0.050,-0.040,0.010,0.045,-0.030,-0.015,0.094,-0.115,-0.275,-0.290,-0.125,-0.170
-0.050,-0.040,0.010,0.045,-0.030,-0.015,0.090,-0.115,-0.275,-0.290,-0.125,-0.170
-0.050,-0.040,0.010,0.045,-0.030,-0.015,0.090,-0.115,-0.275,-0.286,-0.125,-0.166
-0.047,-0.037,0.010,0.042,-0.028,-0.013,0.091,-0.115,-0.275,-0.285,-0.125,-0.165
-0.044,-0.034,0.010,0.039,-0.026,-0.012,0.088,-0.115,-0.275,-0.283,-0.125,-0.165
-0.046,-0.035,0.011,0.040,-0.028,-0.012,0.085,-0.115,-0.275,-0.279,-0.124,-0.165
-0.050,-0.035,0.015,0.042,-0.032,-0.010,0.085,-0.115,-0.275,-0.280,-0.120,-0.165
-0.050,-0.035,0.015,0.042,-0.032,-0.010,0.085,-0.115,-0.275,-0.281,-0.120,-0.165
-0.050,-0.035,0.015,0.042,-0.032,-0.010,0.086,-0.115,-0.275,-0.277,-0.120,-0.162
-0.050,-0.035,0.015,0.042,-0.032,-0.010,0.083,-0.115,-0.275,-0.275,-0.120,-0.159
-0.049,-0.034,0.015,0.041,-0.032,-0.010,0.080,-0.115,-0.275,-0.274,-0.120,-0.160
-0.045,-0.030,0.015,0.037,-0.030,-0.007,0.080,-0.115,-0.275,-0.270,-0.120,-0.160
-0.045,-0.030,0.015,0.037,-0.030,-0.007,0.080,-0.115,-0.275,-0.270,-0.116,-0.160
-0.045,-0.030,0.015,0.037,-0.030,-0.007,0.080,-0.115,-0.278,-0.271,-0.115,-0.160
-0.045,-0.030,0.015,0.037,-0.030,-0.007,0.078,-0.115,-0.281,-0.268,-0.115,-0.160
-0.045,-0.030,0.015,0.037,-0.030,-0.007,0.075,-0.115,-0.280,-0.265,-0.115,-0.159
-0.045,-0.030,0.015,0.037,-0.030,-0.007,0.075,-0.115,-0.280,-0.265,-0.115,-0.155
-0.045,-0.030,0.015,0.037,-0.030,-0.007,0.075,-0.115,-0.280,-0.265,-0.115,-0.155
-0.045,-0.030,0.015,0.037,-0.030,-0.007,0.072,-0.115,-0.280,-0.262,-0.116,-0.155
-0.045,-0.030,0.015,0.037,-0.030,-0.007,0.070,-0.115,-0.280,-0.259,-0.113,-0.155
-0.045,-0.030,0.015,0.037,-0.030,-0.007,0.070,-0.115,-0.280,-0.260,-0.110,-0.155
-0.045,-0.030,0.015,0.037,-0.030,-0.007,0.070,-0.115,-0.280,-0.260,-0.110,-0.155
-0.045,-0.030,0.015,0.037,-0.030,-0.007,0.070,-0.115,-0.280,-0.260,-0.110,-0.151
-0.045,-0.030,0.015,0.037,-0.030,-0.007,0.067,-0.115,-0.280,-0.260,-0.110,-0.150
-0.045,-0.030,0.015,0.037,-0.030,-0.007,0.064,-0.115,-0.280,-0.260,-0.110,-0.150
-0.045,-0.030,0.015,0.037,-0.030,-0.007,0.065,-0.115,-0.280,-0.260,-0.109,-0.150
-0.045,-0.030,0.015,0.037,-0.030,-0.007,0.065,-0.115,-0.280,-0.260,-0.105,-0.150
-0.045,-0.030,0.015,0.037,-0.030,-0.007,0.064,-0.115,-0.284,-0.260,-0.105,-0.150
-0.045,-0.030,0.015,0.037,-0.030,-0.007,0.072,-0.115,-0.285,-0.260,-0.105,-0.151
-0.045,-0.030,0.015,0.037,-0.030,-0.007,0.074,-0.115,-0.285,-0.260,-0.105,-0.148
-0.045,-0.030,0.015,0.037,-0.030,-0.007,0.069,-0.115,-0.285,-0.260,-0.105,-0.145
-0.045,-0.030,0.015,0.037,-0.030,-0.007,0.070,-0.115,-0.285,-0.260,-0.105,-0.145
-0.045,-0.030,0.015,0.037,-0.030,-0.007,0.070,-0.115,-0.285,-0.256,-0.105,-0.145
-0.042,-0.030,0.012,0.036,-0.027,-0.009,0.070,-0.115,-0.285,-0.255,-0.108,-0.145
-0.039,-0.030,0.009,0.035,-0.024,-0.010,0.070,-0.115,-0.285,-0.255,-0.111,-0.145
-0.040,-0.030,0.010,0.035,-0.025,-0.010,0.070,-0.115,-0.285,-0.255,-0.110,-0.145
-0.040,-0.030,0.010,0.035,-0.025,-0.010,0.070,-0.115,-0.285,-0.255,-0.110,-0.145
-0.040,-0.030,0.010,0.035,-0.025,-0.010,0.070,-0.115,-0.285,-0.255,-0.110,-0.145
-0.040,-0.030,0.010,0.035,-0.025,-0.010,0.070,-0.115,-0.285,-0.255,-0.110,-0.145
-0.040,-0.030,0.010,0.035,-0.025,-0.010,0.070,-0.115,-0.285,-0.255,-0.110,-0.145
-0.040,-0.030,0.010,0.035,-0.025,-0.010,0.070,-0.115,-0.285,-0.255,-0.110,-0.145
-0.040,-0.030,0.010,0.035,-0.025,-0.010,0.070,-0.115,-0.285,-0.255,-0.110,-0.145
-0.036,-0.030,0.006,0.032,-0.021,-0.012,0.070,-0.119,-0.285,-0.255,-0.110,-0.145
-0.035,-0.030,0.005,0.032,-0.020,-0.012,0.070,-0.123,-0.284,-0.255,-0.110,-0.145
-0.035,-0.030,0.005,0.032,-0.020,-0.012,0.070,-0.127,-0.288,-0.255,-0.110,-0.145
-0.035,-0.030,0.005,0.032,-0.020,-0.012,0.070,-0.131,-0.297,-0.255,-0.110,-0.145
-0.035,-0.030,0.005,0.032,-0.020,-0.012,0.070,-0.135,-0.300,-0.255,-0.110,-0.145
-0.035,-0.030,0.005,0.032,-0.020,-0.012,0.070,-0.139,-0.300,-0.255,-0.110,-0.145
-0.035,-0.030,0.005,0.032,-0.020,-0.012,0.070,-0.140,-0.300,-0.255,-0.110,-0.145
-0.034,-0.029,0.005,0.031,-0.020,-0.011,0.070,-0.140,-0.300,-0.255,-0.110,-0.145
-0.037,-0.033,0.004,0.034,-0.020,-0.014,0.070,-0.140,-0.300,-0.255,-0.110,-0.145
-0.045,-0.045,0.000,0.045,-0.022,-0.022,0.070,-0.140,-0.300,-0.255,-0.110,-0.145
-0.041,-0.041,0.000,0.041,-0.020,-0.021,0.070,-0.140,-0.304,-0.255,-0.110,-0.145
-0.039,-0.039,0.000,0.039,-0.020,-0.020,0.070,-0.140,-0.305,-0.255,-0.110,-0.145
-0.040,-0.040,0.000,0.040,-0.020,-0.020,0.070,-0.140,-0.305,-0.255,-0.110,-0.145
-0.040,-0.040,0.000,0.040,-0.020,-0.020,0.070,-0.140,-0.305,-0.255,-0.110,-0.145
-0.040,-0.040,0.000,0.040,-0.020,-0.020,0.070,-0.140,-0.305,-0.255,-0.110,-0.145
-0.040,-0.040,0.000,0.040,-0.020,-0.020,0.066,-0.140,-0.305,-0.255,-0.110,-0.149
-0.040,-0.040,0.000,0.040,-0.020,-0.020,0.065,-0.140,-0.308,-0.255,-0.110,-0.150
-0.040,-0.040,0.000,0.040,-0.020,-0.020,0.065,-0.140,-0.311,-0.255,-0.110,-0.150
-0.041,-0.040,0.001,0.040,-0.021,-0.019,0.065,-0.140,-0.310,-0.255,-0.111,-0.150
-0.045,-0.040,0.005,0.042,-0.025,-0.017,0.065,-0.140,-0.310,-0.255,-0.115,-0.150
-0.045,-0.040,0.005,0.042,-0.025,-0.017,0.065,-0.140,-0.310,-0.255,-0.115,-0.150
-0.048,-0.040,0.008,0.044,-0.028,-0.016,0.065,-0.140,-0.310,-0.255,-0.118,-0.153
-0.051,-0.040,0.010,0.046,-0.030,-0.015,0.065,-0.140,-0.310,-0.255,-0.121,-0.156
-0.050,-0.039,0.011,0.044,-0.030,-0.014,0.065,-0.140,-0.310,-0.255,-0.120,-0.155
-0.050,-0.035,0.015,0.042,-0.032,-0.010,0.065,-0.140,-0.310,-0.255,-0.120,-0.155
-0.050,-0.035,0.016,0.042,-0.033,-0.010,0.065,-0.140,-0.310,-0.255,-0.120,-0.155
-0.047,-0.035,0.012,0.041,-0.029,-0.011,0.065,-0.139,-0.310,-0.255,-0.120,-0.156
-0.044,-0.035,0.009,0.040,-0.026,-0.012,0.065,-0.142,-0.310,-0.255,-0.120,-0.153
-0.045,-0.035,0.010,0.040,-0.027,-0.012,0.065,-0.145,-0.310,-0.255,-0.120,-0.150
-0.045,-0.035,0.010,0.040,-0.027,-0.012,0.065,-0.145,-0.310,-0.255,-0.120,-0.150
-0.045,-0.035,0.010,0.040,-0.027,-0.012,0.065,-0.145,-0.310,-0.255,-0.120,-0.150
-0.046,-0.035,0.011,0.040,-0.028,-0.012,0.065,-0.148,-0.310,-0.258,-0.123,-0.150
-0.043,-0.035,0.008,0.039,-0.025,-0.013,0.065,-0.151,-0.310,-0.261,-0.126,-0.150
-0.040,-0.035,0.005,0.037,-0.022,-0.015,0.065,-0.150,-0.309,-0.260,-0.125,-0.150
-0.040,-0.035,0.005,0.037,-0.022,-0.015,0.065,-0.150,-0.305,-0.260,-0.125,-0.150
-0.040,-0.035,0.005,0.037,-0.022,-0.015,0.065,-0.154,-0.305,-0.264,-0.125,-0.150
-0.039,-0.034,0.005,0.036,-0.022,-0.015,0.065,-0.155,-0.305,-0.265,-0.125,-0.147
-0.042,-0.037,0.005,0.039,-0.023,-0.016,0.065,-0.155,-0.305,-0.265,-0.125,-0.144
-0.046,-0.040,0.005,0.043,-0.025,-0.017,0.065,-0.155,-0.305,-0.264,-0.125,-0.145
-0.045,-0.040,0.005,0.042,-0.025,-0.017,0.065,-0.155,-0.305,-0.260,-0.125,-0.145
-0.041,-0.040,0.001,0.040,-0.021,-0.019,0.065,-0.155,-0.305,-0.260,-0.125,-0.145
-0.040,-0.040,0.000,0.040,-0.020,-0.020,0.066,-0.155,-0.305,-0.260,-0.125,-0.145
-0.040,-0.040,0.000,0.040,-0.020,-0.020,0.063,-0.155,-0.305,-0.260,-0.125,-0.145
-0.040,-0.040,0.000,0.040,-0.020,-0.020,0.060,-0.155,-0.305,-0.260,-0.125,-0.145
-0.040,-0.040,0.000,0.040,-0.020,-0.020,0.060,-0.155,-0.305,-0.260,-0.125,-0.145
-0.040,-0.040,0.000,0.040,-0.020,-0.020,0.060,-0.155,-0.305,-0.260,-0.125,-0.141
-0.037,-0.040,-0.003,0.039,-0.017,-0.021,0.060,-0.155,-0.306,-0.260,-0.125,-0.140
-0.033,-0.039,-0.006,0.037,-0.014,-0.022,0.060,-0.155,-0.303,-0.260,-0.125,-0.140
-0.038,-0.042,-0.005,0.041,-0.016,-0.023,0.060,-0.155,-0.300,-0.260,-0.125,-0.140
-0.050,-0.055,-0.005,0.053,-0.022,-0.030,0.060,-0.155,-0.300,-0.260,-0.125,-0.140
-0.051,-0.056,-0.005,0.054,-0.022,-0.030,0.060,-0.155,-0.300,-0.260,-0.125,-0.140
-0.050,-0.055,-0.005,0.053,-0.022,-0.030,0.060,-0.155,-0.300,-0.261,-0.125,-0.140
-0.050,-0.055,-0.005,0.053,-0.022,-0.030,0.060,-0.155,-0.300,-0.258,-0.125,-0.140
-0.051,-0.055,-0.004,0.053,-0.023,-0.029,0.060,-0.155,-0.300,-0.255,-0.125,-0.140
-0.055,-0.055,0.000,0.055,-0.027,-0.027,0.060,-0.155,-0.300,-0.255,-0.125,-0.140
-0.055,-0.055,0.000,0.055,-0.027,-0.027,0.060,-0.155,-0.300,-0.255,-0.125,-0.136
-0.058,-0.055,0.003,0.056,-0.030,-0.026,0.060,-0.155,-0.300,-0.255,-0.125,-0.135
-0.060,-0.055,0.005,0.057,-0.032,-0.025,0.060,-0.155,-0.300,-0.255,-0.125,-0.135
-0.061,-0.055,0.006,0.057,-0.033,-0.025,0.060,-0.155,-0.300,-0.255,-0.125,-0.135
-0.065,-0.055,0.010,0.060,-0.037,-0.022,0.060,-0.155,-0.300,-0.255,-0.125,-0.135
-0.066,-0.055,0.011,0.060,-0.038,-0.022,0.060,-0.155,-0.300,-0.255,-0.121,-0.135
-0.062,-0.055,0.007,0.058,-0.034,-0.024,0.060,-0.156,-0.297,-0.255,-0.120,-0.135
-0.060,-0.055,0.005,0.057,-0.032,-0.025,0.060,-0.153,-0.294,-0.255,-0.120,-0.135
-0.060,-0.055,0.005,0.057,-0.032,-0.025,0.060,-0.150,-0.295,-0.255,-0.120,-0.134
-0.060,-0.055,0.005,0.057,-0.032,-0.025,0.060,-0.150,-0.295,-0.255,-0.120,-0.130
-0.060,-0.055,0.005,0.057,-0.032,-0.025,0.060,-0.150,-0.295,-0.255,-0.120,-0.130
-0.060,-0.055,0.005,0.057,-0.032,-0.025,0.060,-0.150,-0.292,-0.255,-0.120,-0.130
-0.060,-0.055,0.005,0.057,-0.032,-0.025,0.060,-0.150,-0.289,-0.255,-0.120,-0.130
-0.059,-0.055,0.004,0.057,-0.031,-0.025,0.060,-0.150,-0.290,-0.255,-0.120,-0.130
-0.055,-0.055,0.000,0.055,-0.027,-0.027,0.060,-0.150,-0.290,-0.255,-0.120,-0.130
-0.055,-0.055,0.000,0.055,-0.027,-0.027,0.056,-0.150,-0.290,-0.255,-0.120,-0.130
-0.055,-0.055,0.000,0.055,-0.027,-0.027,0.055,-0.147,-0.287,-0.255,-0.120,-0.131
-0.055,-0.055,0.000,0.055,-0.027,-0.027,0.055,-0.144,-0.284,-0.255,-0.120,-0.128
-0.055,-0.055,0.000,0.055,-0.027,-0.027,0.055,-0.145,-0.285,-0.255,-0.120,-0.125
-0.055,-0.055,0.000,0.055,-0.027,-0.027,0.055,-0.145,-0.285,-0.255,-0.120,-0.125
-0.055,-0.055,0.000,0.055,-0.027,-0.027,0.055,-0.145,-0.285,-0.255,-0.120,-0.125
-0.052,-0.056,-0.003,0.054,-0.024,-0.029,0.052,-0.145,-0.286,-0.255,-0.120,-0.125
-0.047,-0.053,-0.006,0.051,-0.021,-0.029,0.049,-0.145,-0.283,-0.255,-0.120,-0.125
-0.045,-0.050,-0.005,0.048,-0.020,-0.027,0.050,-0.145,-0.280,-0.255,-0.120,-0.125
-0.045,-0.050,-0.005,0.048,-0.020,-0.027,0.050,-0.145,-0.280,-0.255,-0.120,-0.125
-0.041,-0.046,-0.005,0.044,-0.017,-0.025,0.050,-0.141,-0.280,-0.255,-0.120,-0.125
-0.041,-0.045,-0.005,0.044,-0.018,-0.025,0.050,-0.140,-0.281,-0.255,-0.120,-0.125
-0.036,-0.042,-0.006,0.040,-0.015,-0.024,0.050,-0.140,-0.278,-0.256,-0.120,-0.126
-0.039,-0.041,-0.002,0.040,-0.018,-0.021,0.049,-0.140,-0.275,-0.254,-0.120,-0.131
-0.055,-0.040,0.015,0.047,-0.035,-0.012,0.045,-0.140,-0.275,-0.255,-0.120,-0.135
-0.042,-0.013,0.029,0.027,-0.036,0.008,0.045,-0.140,-0.275,-0.276,-0.120,-0.131
-0.050,-0.025,0.025,0.038,-0.037,0.000,0.045,-0.140,-0.275,-0.279,-0.121,-0.130
-0.081,-0.063,0.018,0.072,-0.049,-0.022,0.045,-0.140,-0.275,-0.272,-0.118,-0.130
-0.095,-0.081,0.013,0.087,-0.054,-0.034,0.045,-0.140,-0.276,-0.269,-0.115,-0.130
-0.080,-0.075,0.005,0.077,-0.042,-0.035,0.045,-0.140,-0.280,-0.265,-0.115,-0.130
-0.076,-0.075,0.001,0.075,-0.038,-0.036,0.041,-0.144,-0.280,-0.261,-0.115,-0.126
-0.069,-0.075,-0.006,0.072,-0.031,-0.040,0.040,-0.149,-0.280,-0.257,-0.116,-0.125
-0.062,-0.075,-0.012,0.069,-0.024,-0.043,0.040,-0.148,-0.280,-0.253,-0.113,-0.125
-0.059,-0.075,-0.016,0.067,-0.021,-0.045,0.040,-0.144,-0.280,-0.249,-0.110,-0.125
-0.055,-0.075,-0.020,0.065,-0.017,-0.047,0.040,-0.145,-0.280,-0.245,-0.110,-0.125
-0.055,-0.075,-0.020,0.065,-0.017,-0.047,0.040,-0.145,-0.280,-0.245,-0.110,-0.121
-0.056,-0.076,-0.020,0.066,-0.017,-0.047,0.039,-0.145,-0.280,-0.246,-0.111,-0.120
-0.053,-0.073,-0.020,0.063,-0.016,-0.046,0.042,-0.145,-0.280,-0.243,-0.108,-0.120
-0.050,-0.070,-0.020,0.060,-0.015,-0.045,0.045,-0.145,-0.280,-0.240,-0.105,-0.120
-0.050,-0.070,-0.020,0.060,-0.015,-0.045,0.045,-0.145,-0.280,-0.240,-0.105,-0.120
-0.050,-0.070,-0.020,0.060,-0.015,-0.045,0.045,-0.145,-0.280,-0.240,-0.105,-0.120
-0.050,-0.070,-0.020,0.060,-0.015,-0.045,0.045,-0.145,-0.280,-0.241,-0.105,-0.117
-0.050,-0.070,-0.020,0.060,-0.015,-0.045,0.045,-0.145,-0.280,-0.238,-0.105,-0.114
-0.050,-0.070,-0.020,0.060,-0.015,-0.045,0.045,-0.145,-0.280,-0.235,-0.104,-0.115
-0.050,-0.070,-0.020,0.060,-0.015,-0.045,0.045,-0.145,-0.280,-0.235,-0.100,-0.115
-0.050,-0.070,-0.020,0.060,-0.015,-0.045,0.045,-0.145,-0.280,-0.235,-0.100,-0.115
-0.047,-0.067,-0.020,0.057,-0.013,-0.043,0.045,-0.142,-0.280,-0.235,-0.100,-0.112
-0.044,-0.064,-0.020,0.054,-0.012,-0.042,0.045,-0.139,-0.280,-0.233,-0.100,-0.109
-0.045,-0.065,-0.020,0.055,-0.012,-0.042,0.045,-0.140,-0.280,-0.230,-0.099,-0.110
-0.045,-0.065,-0.020,0.055,-0.012,-0.042,0.045,-0.140,-0.280,-0.230,-0.095,-0.110
-0.045,-0.065,-0.020,0.055,-0.012,-0.042,0.041,-0.140,-0.280,-0.230,-0.095,-0.110
-0.045,-0.065,-0.020,0.055,-0.012,-0.042,0.039,-0.140,-0.280,-0.227,-0.095,-0.110
-0.045,-0.065,-0.020,0.055,-0.012,-0.042,0.041,-0.140,-0.280,-0.225,-0.095,-0.110
-0.045,-0.065,-0.020,0.055,-0.012,-0.042,0.039,-0.140,-0.280,-0.225,-0.095,-0.110
-0.045,-0.065,-0.020,0.055,-0.012,-0.042,0.035,-0.140,-0.280,-0.225,-0.095,-0.110
-0.045,-0.065,-0.020,0.055,-0.012,-0.042,0.035,-0.140,-0.280,-0.225,-0.099,-0.110
-0.048,-0.068,-0.020,0.058,-0.014,-0.044,0.035,-0.140,-0.280,-0.222,-0.100,-0.110
-0.051,-0.071,-0.020,0.061,-0.015,-0.045,0.035,-0.140,-0.280,-0.219,-0.102,-0.110
-0.050,-0.070,-0.020,0.060,-0.015,-0.045,0.034,-0.140,-0.279,-0.220,-0.105,-0.110
-0.050,-0.070,-0.020,0.060,-0.015,-0.045,0.030,-0.140,-0.275,-0.220,-0.105,-0.110
-0.050,-0.070,-0.020,0.060,-0.015,-0.045,0.030,-0.136,-0.275,-0.220,-0.109,-0.110
-0.053,-0.070,-0.017,0.062,-0.018,-0.043,0.030,-0.135,-0.275,-0.217,-0.110,-0.110
-0.056,-0.070,-0.014,0.063,-0.021,-0.042,0.030,-0.135,-0.275,-0.214,-0.110,-0.110
-0.055,-0.070,-0.015,0.063,-0.020,-0.042,0.029,-0.135,-0.275,-0.215,-0.110,-0.109
-0.055,-0.070,-0.015,0.063,-0.020,-0.042,0.025,-0.135,-0.275,-0.215,-0.110,-0.110
-0.055,-0.070,-0.015,0.063,-0.020,-0.042,0.025,-0.135,-0.275,-0.215,-0.110,-0.127
-0.055,-0.070,-0.015,0.063,-0.020,-0.042,0.026,-0.135,-0.275,-0.215,-0.110,-0.129
-0.055,-0.070,-0.015,0.063,-0.020,-0.042,0.023,-0.135,-0.275,-0.215,-0.110,-0.124
-0.055,-0.070,-0.015,0.063,-0.020,-0.042,0.020,-0.135,-0.275,-0.215,-0.111,-0.125
-0.055,-0.070,-0.015,0.063,-0.020,-0.042,0.020,-0.135,-0.275,-0.215,-0.115,-0.125
-0.055,-0.070,-0.015,0.063,-0.020,-0.042,0.020,-0.135,-0.275,-0.211,-0.115,-0.125
-0.055,-0.070,-0.015,0.063,-0.020,-0.042,0.021,-0.135,-0.276,-0.210,-0.115,-0.125
-0.055,-0.070,-0.015,0.063,-0.020,-0.042,0.018,-0.135,-0.273,-0.210,-0.115,-0.125
-0.055,-0.070,-0.015,0.063,-0.020,-0.042,0.015,-0.134,-0.270,-0.210,-0.115,-0.124
-0.055,-0.070,-0.015,0.063,-0.020,-0.042,0.015,-0.130,-0.270,-0.210,-0.115,-0.120
-0.055,-0.070,-0.015,0.063,-0.020,-0.042,0.015,-0.130,-0.270,-0.210,-0.115,-0.120
-0.055,-0.070,-0.015,0.063,-0.020,-0.042,0.015,-0.130,-0.270,-0.210,-0.116,-0.120
-0.055,-0.070,-0.015,0.063,-0.020,-0.042,0.017,-0.130,-0.270,-0.210,-0.113,-0.120
-0.055,-0.070,-0.015,0.063,-0.020,-0.042,0.021,-0.130,-0.270,-0.209,-0.110,-0.120
-0.055,-0.070,-0.015,0.063,-0.020,-0.042,0.025,-0.130,-0.270,-0.205,-0.110,-0.120
-0.055,-0.070,-0.015,0.063,-0.020,-0.042,0.029,-0.130,-0.270,-0.205,-0.106,-0.120
-0.055,-0.070,-0.015,0.063,-0.020,-0.042,0.031,-0.130,-0.270,-0.205,-0.104,-0.117
-0.056,-0.071,-0.015,0.064,-0.020,-0.042,0.028,-0.130,-0.270,-0.205,-0.106,-0.114
-0.053,-0.068,-0.015,0.061,-0.019,-0.041,0.025,-0.130,-0.270,-0.205,-0.104,-0.115
-0.045,-0.060,-0.015,0.053,-0.015,-0.037,0.025,-0.130,-0.270,-0.205,-0.100,-0.115
-0.041,-0.056,-0.015,0.049,-0.013,-0.036,0.025,-0.130,-0.271,-0.205,-0.100,-0.115
-0.034,-0.049,-0.015,0.042,-0.009,-0.032,0.025,-0.130,-0.264,-0.205,-0.097,-0.115
-0.027,-0.043,-0.016,0.035,-0.005,-0.029,0.025,-0.128,-0.257,-0.205,-0.094,-0.115
-0.025,-0.038,-0.014,0.032,-0.006,-0.025,0.025,-0.124,-0.254,-0.204,-0.095,-0.114
-0.025,-0.030,-0.005,0.028,-0.010,-0.017,0.025,-0.120,-0.250,-0.200,-0.095,-0.110
-0.025,-0.025,-0.001,0.025,-0.012,-0.012,0.033,-0.116,-0.242,-0.196,-0.091,-0.106
-0.027,-0.025,0.002,0.026,-0.014,-0.011,0.041,-0.115,-0.237,-0.195,-0.087,-0.101
-0.034,-0.025,0.009,0.029,-0.021,-0.008,0.048,-0.114,-0.233,-0.194,-0.083,-0.100
-0.041,-0.025,0.016,0.033,-0.028,-0.004,0.050,-0.109,-0.229,-0.189,-0.079,-0.099
-0.045,-0.025,0.020,0.035,-0.032,-0.002,0.050,-0.105,-0.225,-0.185,-0.075,-0.095
-0.050,-0.025,0.025,0.037,-0.037,0.000,0.054,-0.105,-0.225,-0.186,-0.071,-0.091
-0.047,-0.025,0.022,0.036,-0.034,-0.001,0.055,-0.103,-0.226,-0.179,-0.070,-0.090
-0.044,-0.025,0.019,0.035,-0.031,-0.002,0.057,-0.097,-0.223,-0.172,-0.070,-0.089
-0.045,-0.025,0.020,0.035,-0.032,-0.002,0.060,-0.095,-0.220,-0.169,-0.070,-0.084
-0.045,-0.025,0.020,0.035,-0.032,-0.002,0.060,-0.095,-0.220,-0.165,-0.070,-0.080
-0.041,-0.025,0.016,0.032,-0.028,-0.005,0.063,-0.091,-0.220,-0.161,-0.070,-0.080
-0.040,-0.025,0.015,0.032,-0.027,-0.005,0.075,-0.090,-0.223,-0.157,-0.070,-0.080
-0.040,-0.025,0.015,0.032,-0.027,-0.005,0.080,-0.090,-0.226,-0.153,-0.070,-0.080
-0.040,-0.025,0.015,0.032,-0.027,-0.005,0.074,-0.090,-0.225,-0.150,-0.070,-0.080
-0.040,-0.025,0.015,0.032,-0.027,-0.005,0.070,-0.090,-0.225,-0.150,-0.070,-0.080
-0.036,-0.025,0.011,0.030,-0.023,-0.007,0.066,-0.090,-0.225,-0.150,-0.070,-0.080
-0.034,-0.025,0.009,0.030,-0.021,-0.007,0.062,-0.090,-0.225,-0.150,-0.070,-0.080
-0.036,-0.025,0.011,0.030,-0.023,-0.007,0.057,-0.090,-0.225,-0.150,-0.070,-0.080
-0.034,-0.025,0.009,0.029,-0.021,-0.008,0.056,-0.090,-0.225,-0.150,-0.070,-0.080
-0.030,-0.025,0.005,0.027,-0.017,-0.010,0.055,-0.090,-0.225,-0.150,-0.070,-0.080
-0.030,-0.025,0.005,0.027,-0.017,-0.010,0.036,-0.091,-0.225,-0.150,-0.070,-0.080
-0.030,-0.025,0.005,0.027,-0.017,-0.010,0.016,-0.087,-0.225,-0.149,-0.070,-0.080
-0.031,-0.025,0.006,0.027,-0.018,-0.010,0.005,-0.100,-0.224,-0.154,-0.070,-0.080
-0.029,-0.025,0.004,0.027,-0.016,-0.011,-0.002,-0.126,-0.227,-0.169,-0.070,-0.080
-0.020,-0.025,-0.005,0.023,-0.007,-0.015,-0.010,-0.140,-0.240,-0.180,-0.070,-0.080
-0.012,-0.025,-0.013,0.019,0.001,-0.019,-0.018,-0.136,-0.245,-0.180,-0.070,-0.080
-0.004,-0.025,-0.021,0.015,0.009,-0.023,-0.024,-0.134,-0.245,-0.180,-0.070,-0.080
0.004,-0.025,-0.029,0.011,0.017,-0.027,-0.023,-0.135,-0.247,-0.180,-0.070,-0.080
0.011,-0.026,-0.037,0.008,0.024,-0.031,-0.019,-0.135,-0.251,-0.180,-0.070,-0.080
0.015,-0.030,-0.045,0.008,0.030,-0.037,-0.020,-0.135,-0.250,-0.180,-0.070,-0.080
0.019,-0.035,-0.054,0.008,0.037,-0.044,-0.021,-0.135,-0.246,-0.180,-0.070,-0.080
0.021,-0.032,-0.053,0.006,0.037,-0.043,-0.017,-0.135,-0.245,-0.180,-0.070,-0.080
0.018,-0.029,-0.047,0.005,0.033,-0.038,-0.015,-0.135,-0.245,-0.180,-0.070,-0.080
0.023,-0.030,-0.054,0.004,0.038,-0.042,-0.015,-0.135,-0.245,-0.180,-0.070,-0.080
0.040,-0.030,-0.070,-0.005,0.055,-0.050,-0.015,-0.135,-0.245,-0.180,-0.070,-0.080
0.041,-0.026,-0.067,-0.007,0.054,-0.046,-0.015,-0.135,-0.245,-0.180,-0.079,-0.080
0.040,-0.024,-0.064,-0.007,0.052,-0.044,-0.012,-0.135,-0.245,-0.180,-0.078,-0.080
0.040,-0.025,-0.065,-0.007,0.053,-0.045,-0.009,-0.135,-0.245,-0.180,-0.074,-0.080
0.040,-0.024,-0.065,-0.007,0.053,-0.045,-0.010,-0.134,-0.245,-0.180,-0.075,-0.079
0.045,-0.020,-0.065,-0.012,0.055,-0.042,-0.010,-0.130,-0.245,-0.180,-0.075,-0.075
0.051,-0.015,-0.065,-0.017,0.059,-0.040,-0.010,-0.130,-0.245,-0.180,-0.071,-0.075
0.040,-0.022,-0.062,-0.009,0.051,-0.042,-0.007,-0.130,-0.245,-0.180,-0.070,-0.075
0.021,-0.039,-0.059,0.009,0.040,-0.049,-0.004,-0.130,-0.245,-0.180,-0.070,-0.075
0.007,-0.053,-0.060,0.023,0.034,-0.056,-0.005,-0.130,-0.245,-0.180,-0.071,-0.075
0.000,-0.060,-0.060,0.030,0.030,-0.060,-0.005,-0.130,-0.245,-0.180,-0.075,-0.075
-0.005,-0.065,-0.060,0.035,0.028,-0.062,-0.001,-0.130,-0.245,-0.180,-0.079,-0.075
-0.004,-0.064,-0.060,0.034,0.029,-0.061,0.000,-0.130,-0.245,-0.180,-0.083,-0.078
-0.010,-0.070,-0.060,0.040,0.026,-0.065,0.000,-0.130,-0.245,-0.180,-0.087,-0.082
-0.023,-0.082,-0.059,0.053,0.018,-0.071,0.000,-0.130,-0.245,-0.180,-0.091,-0.086
-0.030,-0.085,-0.055,0.058,0.013,-0.070,0.000,-0.130,-0.245,-0.180,-0.095,-0.090
-0.030,-0.085,-0.055,0.058,0.013,-0.070,0.004,-0.130,-0.245,-0.180,-0.091,-0.090
-0.030,-0.085,-0.055,0.058,0.013,-0.070,0.005,-0.131,-0.245,-0.181,-0.089,-0.090
-0.030,-0.085,-0.055,0.058,0.013,-0.070,0.005,-0.128,-0.245,-0.178,-0.090,-0.090
-0.030,-0.085,-0.055,0.058,0.013,-0.070,0.005,-0.125,-0.245,-0.175,-0.090,-0.090
-0.030,-0.085,-0.055,0.058,0.013,-0.070,0.005,-0.125,-0.245,-0.175,-0.090,-0.090
-0.034,-0.085,-0.051,0.060,0.009,-0.067,0.009,-0.125,-0.245,-0.175,-0.090,-0.090
-0.035,-0.085,-0.050,0.060,0.008,-0.067,0.010,-0.125,-0.246,-0.175,-0.090,-0.089
-0.035,-0.085,-0.050,0.060,0.008,-0.067,0.010,-0.125,-0.243,-0.175,-0.090,-0.092
-0.035,-0.085,-0.050,0.060,0.008,-0.067,0.010,-0.124,-0.240,-0.175,-0.090,-0.095
-0.035,-0.085,-0.050,0.060,0.008,-0.067,0.010,-0.120,-0.240,-0.175,-0.090,-0.095
-0.035,-0.085,-0.050,0.060,0.008,-0.067,0.014,-0.120,-0.240,-0.175,-0.090,-0.095
-0.034,-0.085,-0.051,0.060,0.009,-0.067,0.015,-0.120,-0.237,-0.172,-0.090,-0.095
-0.037,-0.085,-0.048,0.061,0.006,-0.066,0.015,-0.120,-0.235,-0.169,-0.090,-0.095
-0.040,-0.085,-0.045,0.063,0.003,-0.065,0.015,-0.120,-0.235,-0.170,-0.089,-0.095
-0.040,-0.085,-0.045,0.063,0.003,-0.065,0.015,-0.120,-0.235,-0.170,-0.085,-0.095
-0.040,-0.085,-0.045,0.063,0.003,-0.065,0.015,-0.120,-0.235,-0.170,-0.085,-0.095
-0.040,-0.085,-0.046,0.063,0.003,-0.066,0.018,-0.117,-0.232,-0.170,-0.085,-0.092
-0.041,-0.084,-0.043,0.063,0.002,-0.063,0.021,-0.114,-0.229,-0.170,-0.085,-0.089
-0.048,-0.087,-0.040,0.067,-0.004,-0.063,0.020,-0.115,-0.230,-0.170,-0.085,-0.090
-0.060,-0.100,-0.040,0.080,-0.010,-0.070,0.020,-0.115,-0.230,-0.170,-0.085,-0.090
-0.065,-0.105,-0.040,0.085,-0.012,-0.072,0.020,-0.115,-0.230,-0.166,-0.085,-0.090
-0.065,-0.105,-0.040,0.085,-0.012,-0.072,0.021,-0.116,-0.227,-0.165,-0.085,-0.087
-0.065,-0.105,-0.040,0.085,-0.012,-0.072,0.018,-0.113,-0.224,-0.165,-0.085,-0.084
-0.066,-0.105,-0.039,0.086,-0.013,-0.072,0.015,-0.110,-0.225,-0.165,-0.085,-0.085
-0.070,-0.105,-0.035,0.088,-0.017,-0.070,0.015,-0.110,-0.225,-0.165,-0.085,-0.085
-0.070,-0.105,-0.035,0.088,-0.017,-0.070,0.011,-0.110,-0.221,-0.165,-0.085,-0.085
-0.070,-0.105,-0.035,0.088,-0.017,-0.070,0.009,-0.110,-0.220,-0.165,-0.084,-0.086
-0.070,-0.105,-0.035,0.088,-0.017,-0.070,0.011,-0.110,-0.220,-0.165,-0.087,-0.083
-0.071,-0.105,-0.034,0.088,-0.018,-0.070,0.009,-0.110,-0.220,-0.165,-0.090,-0.080
-0.075,-0.105,-0.030,0.090,-0.022,-0.067,0.005,-0.110,-0.220,-0.165,-0.090,-0.080
-0.075,-0.105,-0.030,0.090,-0.022,-0.067,0.005,-0.106,-0.216,-0.161,-0.090,-0.080
-0.075,-0.105,-0.030,0.090,-0.022,-0.067,0.006,-0.105,-0.215,-0.160,-0.091,-0.081
-0.075,-0.105,-0.030,0.090,-0.022,-0.067,0.003,-0.105,-0.215,-0.158,-0.088,-0.078
-0.075,-0.105,-0.030,0.090,-0.022,-0.067,0.000,-0.105,-0.215,-0.155,-0.085,-0.075
-0.075,-0.105,-0.030,0.090,-0.022,-0.067,0.000,-0.105,-0.215,-0.155,-0.085,-0.075
-0.083,-0.105,-0.022,0.094,-0.030,-0.063,0.001,-0.105,-0.211,-0.151,-0.085,-0.075
-0.088,-0.105,-0.017,0.097,-0.035,-0.061,-0.003,-0.105,-0.209,-0.149,-0.085,-0.075
-0.093,-0.105,-0.012,0.100,-0.040,-0.058,-0.005,-0.105,-0.211,-0.151,-0.085,-0.075
-0.102,-0.105,-0.003,0.104,-0.049,-0.054,-0.006,-0.105,-0.209,-0.149,-0.085,-0.074
-0.105,-0.105,0.000,0.105,-0.052,-0.052,-0.010,-0.105,-0.205,-0.145,-0.085,-0.070
-0.093,-0.105,-0.012,0.099,-0.040,-0.058,-0.010,-0.105,-0.205,-0.145,-0.085,-0.070
-0.085,-0.106,-0.022,0.096,-0.031,-0.064,-0.009,-0.105,-0.206,-0.142,-0.085,-0.071
-0.072,-0.100,-0.028,0.086,-0.021,-0.064,-0.012,-0.105,-0.203,-0.140,-0.085,-0.068
-0.049,-0.087,-0.038,0.069,-0.006,-0.062,-0.015,-0.105,-0.200,-0.139,-0.086,-0.064
-0.035,-0.080,-0.045,0.058,0.005,-0.062,-0.015,-0.105,-0.200,-0.135,-0.085,-0.065
-0.042,-0.072,-0.030,0.058,-0.006,-0.050,-0.015,-0.108,-0.200,-0.134,-0.073,-0.066
-0.049,-0.064,-0.015,0.057,-0.017,-0.039,-0.018,-0.119,-0.202,-0.137,-0.064,-0.058
-0.051,-0.055,-0.005,0.053,-0.023,-0.030,-0.021,-0.130,-0.193,-0.128,-0.055,-0.055
-0.058,-0.049,0.009,0.053,-0.033,-0.020,-0.018,-0.135,-0.177,-0.113,-0.049,-0.045
-0.060,-0.040,0.020,0.050,-0.040,-0.010,-0.020,-0.140,-0.165,-0.100,-0.040,-0.015
-0.028,-0.005,0.023,0.016,-0.026,0.009,-0.054,-0.155,-0.147,-0.060,-0.001,0.008
-0.006,0.029,0.035,-0.012,-0.021,0.032,-0.094,-0.138,-0.145,-0.027,0.037,0.044
0.024,0.063,0.039,-0.044,-0.008,0.051,-0.123,-0.103,-0.090,0.030,0.092,0.101
0.053,0.088,0.035,-0.071,0.009,0.061,-0.145,-0.081,-0.013,0.107,0.161,0.157
0.055,0.090,0.035,-0.073,0.010,0.062,-0.170,-0.100,0.000,0.160,0.215,0.200
0.086,0.116,0.030,-0.101,0.027,0.072,-0.212,-0.213,0.021,0.214,0.277,0.265
0.122,0.156,0.033,-0.139,0.044,0.094,-0.267,-0.437,-0.018,0.280,0.356,0.347
0.192,0.208,0.016,-0.200,0.088,0.112,-0.323,-0.683,-0.103,0.335,0.430,0.418
0.269,0.253,-0.016,-0.261,0.142,0.118,-0.398,-0.860,-0.138,0.403,0.516,0.501
0.315,0.270,-0.045,-0.292,0.180,0.112,-0.500,-0.960,-0.090,0.515,0.635,0.620
0.421,0.299,-0.122,-0.359,0.272,0.088,-0.596,-1.043,-0.048,0.624,0.751,0.729
0.563,0.355,-0.209,-0.459,0.386,0.073,-0.731,-1.134,-0.017,0.762,0.910,0.872
0.702,0.427,-0.276,-0.564,0.489,0.075,-0.888,-1.241,0.018,0.916,1.086,1.039
0.824,0.506,-0.318,-0.665,0.571,0.093,-1.037,-1.361,0.036,1.059,1.260,1.207
0.935,0.600,-0.335,-0.767,0.635,0.132,-1.180,-1.470,0.035,1.190,1.435,1.370
1.031,0.688,-0.343,-0.859,0.687,0.172,-1.295,-1.516,0.079,1.298,1.554,1.501
1.088,0.658,-0.431,-0.873,0.759,0.114,-1.275,-1.448,0.171,1.294,1.535,1.490
1.102,0.498,-0.604,-0.800,0.853,-0.053,-1.203,-1.370,0.194,1.174,1.377,1.334
1.091,0.333,-0.758,-0.712,0.924,-0.212,-1.162,-1.346,0.127,1.019,1.189,1.159
1.075,0.250,-0.825,-0.662,0.950,-0.287,-1.135,-1.305,0.090,0.895,1.055,1.045
1.056,0.150,-0.906,-0.603,0.981,-0.378,-1.110,-1.193,0.122,0.770,0.904,0.906
1.024,0.024,-0.999,-0.524,1.012,-0.487,-1.054,-1.071,0.093,0.619,0.719,0.735
0.954,-0.085,-1.039,-0.434,0.997,-0.562,-0.958,-0.992,0.034,0.465,0.555,0.587
0.846,-0.189,-1.035,-0.328,0.941,-0.612,-0.840,-0.915,-0.015,0.299,0.394,0.444
0.730,-0.305,-1.035,-0.212,0.883,-0.670,-0.720,-0.805,-0.090,0.100,0.190,0.265
0.614,-0.376,-0.990,-0.119,0.802,-0.683,-0.604,-0.746,-0.193,-0.085,0.015,0.115
0.466,-0.428,-0.894,-0.019,0.680,-0.661,-0.491,-0.697,-0.363,-0.260,-0.139,-0.021
0.373,-0.434,-0.807,0.031,0.590,-0.620,-0.396,-0.628,-0.466,-0.360,-0.225,-0.094
0.322,-0.403,-0.725,0.041,0.524,-0.565,-0.323,-0.543,-0.452,-0.359,-0.233,-0.099
0.230,-0.380,-0.610,0.075,0.420,-0.495,-0.260,-0.465,-0.415,-0.315,-0.215,-0.095
0.168,-0.337,-0.506,0.085,0.337,-0.421,-0.197,-0.419,-0.379,-0.274,-0.199,-0.091
0.113,-0.290,-0.403,0.089,0.258,-0.346,-0.159,-0.381,-0.340,-0.241,-0.183,-0.090
0.077,-0.254,-0.331,0.089,0.204,-0.293,-0.129,-0.338,-0.302,-0.208,-0.167,-0.089
0.059,-0.229,-0.288,0.085,0.174,-0.258,-0.099,-0.294,-0.265,-0.179,-0.152,-0.084
0.035,-0.205,-0.240,0.085,0.138,-0.222,-0.080,-0.250,-0.225,-0.160,-0.140,-0.080
0.026,-0.185,-0.211,0.080,0.118,-0.197,-0.064,-0.198,-0.188,-0.140,-0.132,-0.080
0.022,-0.164,-0.186,0.072,0.104,-0.175,-0.051,-0.147,-0.156,-0.125,-0.124,-0.077
0.018,-0.148,-0.166,0.065,0.093,-0.157,-0.039,-0.107,-0.124,-0.116,-0.116,-0.075
0.013,-0.138,-0.151,0.063,0.082,-0.144,-0.027,-0.078,-0.101,-0.108,-0.108,-0.074
0.005,-0.130,-0.135,0.063,0.070,-0.132,-0.015,-0.050,-0.090,-0.100,-0.100,-0.070
0.001,-0.118,-0.119,0.059,0.060,-0.118,-0.003,-0.022,-0.082,-0.088,-0.092,-0.070
-0.004,-0.109,-0.105,0.057,0.051,-0.107,0.007,0.004,-0.075,-0.079,-0.086,-0.067
-0.004,-0.099,-0.095,0.052,0.046,-0.097,0.012,0.023,-0.064,-0.071,-0.085,-0.065
0.002,-0.087,-0.089,0.043,0.045,-0.088,0.016,0.031,-0.053,-0.063,-0.085,-0.064
0.005,-0.080,-0.085,0.038,0.045,-0.082,0.020,0.035,-0.045,-0.060,-0.085,-0.060
0.001,-0.076,-0.077,0.038,0.039,-0.076,0.028,0.048,-0.037,-0.060,-0.085,-0.060
-0.002,-0.075,-0.072,0.039,0.035,-0.073,0.033,0.052,-0.031,-0.061,-0.085,-0.057
-0.009,-0.076,-0.066,0.042,0.029,-0.070,0.037,0.048,-0.030,-0.058,-0.085,-0.055
-0.016,-0.074,-0.059,0.045,0.022,-0.066,0.041,0.053,-0.029,-0.055,-0.085,-0.054
-0.015,-0.070,-0.055,0.043,0.020,-0.062,0.045,0.070,-0.025,-0.055,-0.085,-0.050
-0.019,-0.070,-0.051,0.045,0.016,-0.060,0.045,0.075,-0.025,-0.055,-0.081,-0.050
-0.020,-0.070,-0.050,0.045,0.015,-0.060,0.048,0.075,-0.022,-0.052,-0.080,-0.047
-0.022,-0.070,-0.048,0.046,0.013,-0.059,0.050,0.077,-0.020,-0.049,-0.080,-0.045
-0.025,-0.069,-0.044,0.047,0.010,-0.056,0.051,0.081,-0.019,-0.050,-0.080,-0.044
-0.020,-0.065,-0.045,0.043,0.013,-0.055,0.055,0.085,-0.015,-0.050,-0.080,-0.040
-0.019,-0.065,-0.046,0.043,0.014,-0.055,0.055,0.090,-0.015,-0.046,-0.080,-0.040
-0.023,-0.065,-0.042,0.044,0.010,-0.053,0.055,0.089,-0.012,-0.044,-0.080,-0.041
-0.025,-0.065,-0.040,0.045,0.008,-0.052,0.055,0.093,-0.010,-0.046,-0.080,-0.038
-0.025,-0.064,-0.039,0.045,0.008,-0.051,0.055,0.102,-0.009,-0.044,-0.079,-0.035
-0.025,-0.060,-0.035,0.043,0.005,-0.047,0.055,0.105,-0.005,-0.040,-0.075,-0.035
-0.025,-0.060,-0.035,0.043,0.005,-0.047,0.055,0.105,-0.005,-0.040,-0.075,-0.035
-0.025,-0.061,-0.036,0.043,0.005,-0.048,0.055,0.108,-0.002,-0.041,-0.075,-0.032
-0.025,-0.058,-0.033,0.042,0.004,-0.045,0.055,0.110,0.000,-0.038,-0.075,-0.029
-0.025,-0.055,-0.030,0.040,0.003,-0.042,0.055,0.111,0.001,-0.035,-0.075,-0.030
-0.025,-0.055,-0.030,0.040,0.003,-0.042,0.055,0.115,0.010,-0.035,-0.075,-0.030
-0.029,-0.055,-0.026,0.042,-0.001,-0.040,0.055,0.115,0.014,-0.036,-0.075,-0.026
-0.031,-0.056,-0.024,0.044,-0.003,-0.040,0.054,0.118,0.018,-0.032,-0.075,-0.024
-0.028,-0.053,-0.026,0.041,-0.001,-0.039,0.057,0.120,0.022,-0.030,-0.075,-0.026
-0.025,-0.050,-0.024,0.038,-0.001,-0.036,0.060,0.121,0.026,-0.029,-0.074,-0.024
-0.030,-0.050,-0.020,0.040,-0.005,-0.035,0.060,0.130,0.030,-0.025,-0.070,-0.020
-0.030,-0.050,-0.020,0.040,-0.005,-0.035,0.060,0.134,0.034,-0.025,-0.070,-0.020
-0.031,-0.050,-0.020,0.041,-0.006,-0.035,0.060,0.138,0.039,-0.022,-0.071,-0.021
-0.026,-0.048,-0.022,0.037,-0.002,-0.035,0.060,0.142,0.040,-0.020,-0.068,-0.018
-0.019,-0.045,-0.025,0.032,0.004,-0.035,0.060,0.145,0.041,-0.019,-0.065,-0.015
-0.020,-0.045,-0.025,0.033,0.003,-0.035,0.060,0.145,0.045,-0.015,-0.065,-0.015
-0.021,-0.045,-0.025,0.034,0.003,-0.035,0.060,0.145,0.045,-0.015,-0.065,-0.015
-0.017,-0.042,-0.025,0.030,0.004,-0.033,0.060,0.144,0.048,-0.012,-0.062,-0.012
-0.015,-0.040,-0.025,0.028,0.005,-0.031,0.060,0.148,0.052,-0.010,-0.059,-0.010
-0.014,-0.040,-0.026,0.028,0.006,-0.033,0.060,0.157,0.056,-0.009,-0.060,-0.010
-0.010,-0.040,-0.030,0.025,0.010,-0.035,0.060,0.165,0.060,-0.005,-0.060,-0.010
-0.010,-0.040,-0.030,0.025,0.010,-0.035,0.060,0.169,0.064,-0.005,-0.056,-0.010
-0.007,-0.037,-0.030,0.022,0.012,-0.033,0.063,0.173,0.068,-0.002,-0.054,-0.007
-0.005,-0.034,-0.030,0.020,0.013,-0.032,0.066,0.177,0.072,0.000,-0.056,-0.004
-0.005,-0.035,-0.030,0.020,0.013,-0.032,0.065,0.180,0.075,0.001,-0.054,-0.005
-0.005,-0.035,-0.030,0.020,0.013,-0.032,0.065,0.180,0.075,0.005,-0.050,-0.005
-0.010,-0.035,-0.026,0.023,0.009,-0.031,0.065,0.184,0.079,0.005,-0.050,-0.005
-0.007,-0.032,-0.025,0.020,0.009,-0.028,0.065,0.188,0.083,0.008,-0.051,-0.006
-0.004,-0.029,-0.025,0.017,0.010,-0.027,0.065,0.191,0.086,0.010,-0.048,-0.003
-0.005,-0.030,-0.025,0.018,0.010,-0.027,0.065,0.198,0.093,0.011,-0.045,0.000
-0.005,-0.030,-0.025,0.018,0.010,-0.027,0.065,0.210,0.105,0.015,-0.045,0.000
-0.001,-0.026,-0.025,0.014,0.013,-0.025,0.065,0.211,0.106,0.015,-0.045,0.000
0.000,-0.025,-0.025,0.013,0.013,-0.025,0.065,0.209,0.104,0.018,-0.042,0.000
0.000,-0.025,-0.025,0.013,0.013,-0.025,0.065,0.211,0.109,0.020,-0.040,0.000
0.000,-0.025,-0.025,0.013,0.013,-0.025,0.065,0.217,0.117,0.021,-0.040,0.000
0.000,-0.025,-0.025,0.013,0.013,-0.025,0.065,0.225,0.120,0.025,-0.040,0.000
0.004,-0.021,-0.025,0.009,0.015,-0.022,0.069,0.228,0.123,0.025,-0.040,0.004
0.005,-0.020,-0.025,0.008,0.015,-0.022,0.070,0.239,0.137,0.028,-0.037,0.005
0.005,-0.020,-0.025,0.008,0.015,-0.022,0.070,0.248,0.149,0.030,-0.034,0.005
0.005,-0.020,-0.025,0.008,0.015,-0.022,0.070,0.251,0.150,0.031,-0.035,0.005
0.005,-0.020,-0.025,0.008,0.015,-0.022,0.070,0.255,0.150,0.035,-0.035,0.005
0.002,-0.023,-0.025,0.011,0.014,-0.024,0.070,0.259,0.154,0.035,-0.031,0.005
-0.010,-0.035,-0.025,0.023,0.008,-0.030,0.070,0.265,0.158,0.038,-0.030,0.008
-0.014,-0.039,-0.025,0.027,0.005,-0.032,0.070,0.275,0.164,0.042,-0.030,0.011
-0.009,-0.034,-0.025,0.022,0.008,-0.030,0.070,0.281,0.171,0.046,-0.030,0.010
-0.010,-0.035,-0.025,0.023,0.008,-0.030,0.070,0.285,0.175,0.050,-0.030,0.010
-0.006,-0.031,-0.025,0.019,0.010,-0.027,0.070,0.298,0.183,0.055,-0.026,0.010
-0.005,-0.030,-0.025,0.018,0.010,-0.027,0.070,0.299,0.191,0.050,-0.024,0.010
-0.003,-0.028,-0.025,0.016,0.011,-0.026,0.070,0.307,0.199,0.057,-0.026,0.010
0.000,-0.025,-0.025,0.013,0.013,-0.025,0.071,0.322,0.207,0.073,-0.024,0.011
0.000,-0.025,-0.025,0.013,0.013,-0.025,0.075,0.325,0.215,0.075,-0.020,0.015
0.004,-0.021,-0.025,0.009,0.015,-0.022,0.075,0.341,0.223,0.075,-0.020,0.015
0.005,-0.020,-0.026,0.008,0.015,-0.022,0.075,0.349,0.228,0.074,-0.020,0.018
0.005,-0.018,-0.023,0.007,0.014,-0.020,0.075,0.352,0.235,0.080,-0.020,0.020
0.005,-0.015,-0.020,0.005,0.013,-0.017,0.075,0.363,0.249,0.092,-0.019,0.020
0.005,-0.015,-0.020,0.005,0.013,-0.017,0.075,0.380,0.265,0.095,-0.015,0.020
0.009,-0.011,-0.020,0.001,0.014,-0.016,0.075,0.396,0.277,0.098,-0.011,0.019
0.014,-0.006,-0.020,-0.004,0.017,-0.013,0.078,0.409,0.289,0.112,-0.007,0.029
0.015,-0.005,-0.020,-0.005,0.018,-0.012,0.080,0.421,0.299,0.124,-0.003,0.038
0.016,-0.004,-0.020,-0.006,0.018,-0.012,0.080,0.433,0.308,0.125,0.001,0.041
0.020,0.000,-0.020,-0.010,0.020,-0.010,0.085,0.445,0.320,0.125,0.005,0.045
0.020,0.000,-0.020,-0.010,0.020,-0.010,0.090,0.462,0.329,0.130,0.009,0.046
0.022,0.002,-0.020,-0.012,0.021,-0.008,0.090,0.467,0.335,0.128,0.013,0.043
0.028,0.008,-0.020,-0.018,0.023,-0.006,0.092,0.478,0.349,0.137,0.017,0.050
0.030,0.010,-0.020,-0.020,0.025,-0.005,0.095,0.501,0.370,0.152,0.020,0.062
0.030,0.010,-0.020,-0.020,0.025,-0.005,0.095,0.520,0.385,0.155,0.020,0.065
0.035,0.014,-0.020,-0.024,0.027,-0.003,0.099,0.536,0.397,0.159,0.024,0.065
0.032,0.015,-0.017,-0.023,0.024,-0.001,0.103,0.555,0.412,0.163,0.029,0.065
0.031,0.016,-0.014,-0.023,0.022,0.001,0.107,0.574,0.426,0.166,0.029,0.065
0.036,0.021,-0.015,-0.028,0.026,0.003,0.111,0.589,0.439,0.173,0.033,0.065
0.040,0.025,-0.015,-0.032,0.027,0.005,0.115,0.605,0.455,0.190,0.045,0.070
0.044,0.029,-0.015,-0.036,0.030,0.007,0.119,0.622,0.467,0.203,0.044,0.078
0.045,0.030,-0.015,-0.037,0.030,0.007,0.120,0.627,0.484,0.211,0.054,0.083
0.047,0.032,-0.015,-0.039,0.031,0.008,0.122,0.638,0.507,0.218,0.061,0.087
0.050,0.035,-0.015,-0.042,0.032,0.010,0.125,0.660,0.531,0.228,0.062,0.091
0.050,0.035,-0.015,-0.042,0.032,0.010,0.125,0.680,0.550,0.240,0.075,0.095
0.053,0.038,-0.015,-0.045,0.034,0.011,0.129,0.704,0.561,0.244,0.080,0.094
0.061,0.046,-0.015,-0.053,0.038,0.015,0.131,0.726,0.580,0.247,0.079,0.105
0.067,0.052,-0.015,-0.059,0.041,0.018,0.129,0.743,0.598,0.254,0.083,0.110
0.072,0.057,-0.015,-0.064,0.043,0.021,0.131,0.760,0.615,0.262,0.092,0.112
0.080,0.065,-0.015,-0.072,0.047,0.025,0.135,0.780,0.635,0.270,0.095,0.125
0.083,0.072,-0.011,-0.078,0.047,0.030,0.135,0.788,0.651,0.277,0.099,0.130
0.094,0.088,-0.006,-0.091,0.050,0.040,0.135,0.801,0.668,0.292,0.105,0.129
0.103,0.098,-0.005,-0.100,0.054,0.047,0.133,0.818,0.695,0.306,0.116,0.132
0.106,0.101,-0.004,-0.103,0.055,0.048,0.130,0.835,0.720,0.318,0.127,0.135
0.105,0.105,0.000,-0.105,0.052,0.052,0.130,0.860,0.735,0.330,0.130,0.135
0.099,0.103,0.004,-0.102,0.047,0.054,0.126,0.881,0.759,0.334,0.130,0.140
0.111,0.117,0.006,-0.115,0.052,0.062,0.124,0.897,0.782,0.344,0.132,0.138
0.126,0.127,0.001,-0.127,0.062,0.064,0.126,0.912,0.795,0.354,0.139,0.147
0.131,0.125,-0.006,-0.127,0.068,0.059,0.124,0.930,0.811,0.364,0.155,0.171
0.135,0.125,-0.010,-0.130,0.072,0.057,0.120,0.950,0.840,0.385,0.175,0.190
0.143,0.125,-0.018,-0.134,0.080,0.053,0.120,0.962,0.860,0.406,0.187,0.199
0.148,0.125,-0.023,-0.136,0.085,0.051,0.121,0.974,0.882,0.420,0.200,0.203
0.154,0.125,-0.029,-0.139,0.091,0.048,0.118,0.986,0.908,0.430,0.208,0.209
0.161,0.125,-0.036,-0.143,0.098,0.044,0.115,0.997,0.929,0.436,0.210,0.216
0.165,0.125,-0.040,-0.145,0.102,0.042,0.115,1.005,0.945,0.440,0.215,0.220
0.173,0.129,-0.044,-0.151,0.109,0.042,0.115,1.017,0.965,0.452,0.227,0.224
0.179,0.134,-0.045,-0.156,0.112,0.044,0.112,1.030,0.980,0.465,0.237,0.231
0.196,0.149,-0.047,-0.172,0.121,0.051,0.109,1.037,0.992,0.474,0.242,0.239
0.211,0.161,-0.050,-0.186,0.131,0.055,0.110,1.042,1.010,0.482,0.247,0.248
0.205,0.155,-0.050,-0.180,0.127,0.052,0.110,1.050,1.030,0.495,0.260,0.260
0.208,0.155,-0.054,-0.181,0.131,0.050,0.102,1.042,1.043,0.508,0.268,0.273
0.213,0.155,-0.058,-0.184,0.135,0.049,0.093,1.036,1.048,0.514,0.274,0.279
0.219,0.155,-0.064,-0.187,0.141,0.045,0.088,1.034,1.053,0.517,0.275,0.280
0.227,0.155,-0.072,-0.191,0.149,0.041,0.083,1.028,1.064,0.521,0.275,0.280
0.230,0.155,-0.075,-0.192,0.152,0.040,0.075,1.020,1.075,0.525,0.280,0.280
0.225,0.151,-0.075,-0.188,0.150,0.038,0.067,1.016,1.068,0.525,0.285,0.280
0.228,0.150,-0.078,-0.188,0.153,0.036,0.062,1.013,1.059,0.528,0.283,0.280
0.231,0.150,-0.081,-0.190,0.156,0.035,0.057,1.003,1.051,0.531,0.277,0.279
0.238,0.150,-0.089,-0.194,0.164,0.030,0.048,0.986,1.043,0.528,0.275,0.282
0.255,0.150,-0.105,-0.202,0.180,0.022,0.040,0.970,1.035,0.520,0.275,0.290
0.256,0.151,-0.106,-0.203,0.181,0.022,0.036,0.942,1.026,0.516,0.271,0.286
0.249,0.144,-0.105,-0.196,0.177,0.019,0.030,0.916,1.024,0.512,0.270,0.285
0.241,0.138,-0.103,-0.189,0.172,0.017,0.020,0.893,1.011,0.508,0.269,0.283
0.243,0.133,-0.109,-0.188,0.175,0.012,0.014,0.869,0.991,0.504,0.264,0.280
0.255,0.125,-0.130,-0.190,0.192,-0.002,0.010,0.845,0.975,0.500,0.260,0.280
0.248,0.121,-0.127,-0.184,0.187,-0.002,0.002,0.813,0.943,0.497,0.260,0.276
0.238,0.114,-0.125,-0.176,0.182,-0.005,-0.003,0.782,0.915,0.487,0.257,0.275
0.231,0.108,-0.123,-0.169,0.177,-0.007,-0.007,0.746,0.882,0.474,0.255,0.272
0.223,0.103,-0.120,-0.163,0.171,-0.008,-0.011,0.705,0.840,0.462,0.253,0.263
0.215,0.095,-0.120,-0.155,0.167,-0.012,-0.015,0.665,0.800,0.450,0.240,0.255
0.207,0.091,-0.116,-0.149,0.161,-0.012,-0.019,0.625,0.763,0.443,0.228,0.247
0.199,0.084,-0.115,-0.141,0.157,-0.015,-0.023,0.588,0.732,0.426,0.216,0.239
0.190,0.078,-0.112,-0.133,0.151,-0.017,-0.028,0.552,0.694,0.405,0.206,0.231
0.176,0.073,-0.103,-0.124,0.139,-0.015,-0.030,0.516,0.649,0.385,0.197,0.223
0.160,0.065,-0.095,-0.112,0.127,-0.015,-0.030,0.480,0.610,0.360,0.185,0.215
0.148,0.061,-0.087,-0.104,0.118,-0.013,-0.038,0.444,0.570,0.335,0.173,0.203
0.133,0.054,-0.079,-0.093,0.106,-0.012,-0.044,0.411,0.530,0.320,0.160,0.193
0.118,0.047,-0.071,-0.082,0.094,-0.012,-0.045,0.379,0.490,0.309,0.151,0.187
0.107,0.044,-0.063,-0.075,0.085,-0.009,-0.045,0.347,0.450,0.297,0.142,0.177
0.095,0.040,-0.055,-0.067,0.075,-0.007,-0.045,0.315,0.410,0.285,0.125,0.165
0.082,0.032,-0.050,-0.057,0.066,-0.009,-0.049,0.283,0.374,0.274,0.109,0.157
0.076,0.026,-0.050,-0.051,0.063,-0.011,-0.050,0.253,0.340,0.255,0.093,0.149
0.074,0.024,-0.050,-0.049,0.061,-0.013,-0.050,0.228,0.311,0.236,0.078,0.141
0.068,0.018,-0.050,-0.043,0.059,-0.016,-0.049,0.204,0.283,0.222,0.068,0.133
0.060,0.010,-0.050,-0.035,0.055,-0.020,-0.045,0.180,0.255,0.210,0.060,0.125
0.051,0.006,-0.046,-0.028,0.048,-0.020,-0.045,0.164,0.235,0.198,0.052,0.117
0.047,0.003,-0.045,-0.024,0.046,-0.021,-0.045,0.148,0.216,0.189,0.044,0.109
0.041,-0.004,-0.045,-0.018,0.043,-0.024,-0.045,0.132,0.194,0.180,0.036,0.101
0.034,-0.011,-0.045,-0.011,0.040,-0.028,-0.045,0.116,0.168,0.167,0.028,0.093
0.030,-0.015,-0.045,-0.007,0.038,-0.030,-0.045,0.100,0.145,0.155,0.020,0.085
0.021,-0.020,-0.041,-0.001,0.031,-0.030,-0.045,0.088,0.133,0.147,0.012,0.077
0.021,-0.018,-0.040,-0.002,0.030,-0.029,-0.045,0.076,0.121,0.139,0.004,0.068
0.013,-0.028,-0.040,0.007,0.026,-0.034,-0.045,0.064,0.109,0.131,-0.004,0.063
-0.002,-0.042,-0.040,0.022,0.019,-0.041,-0.045,0.052,0.097,0.123,-0.012,0.058
0.000,-0.040,-0.040,0.020,0.020,-0.040,-0.045,0.040,0.085,0.115,-0.020,0.050
0.001,-0.040,-0.040,0.020,0.021,-0.040,-0.045,0.032,0.069,0.107,-0.028,0.042
-0.003,-0.040,-0.037,0.022,0.017,-0.038,-0.045,0.024,0.053,0.099,-0.036,0.037
-0.005,-0.040,-0.034,0.023,0.015,-0.037,-0.045,0.016,0.037,0.091,-0.044,0.033
-0.005,-0.040,-0.035,0.023,0.015,-0.037,-0.045,0.008,0.021,0.083,-0.051,0.030
-0.005,-0.040,-0.035,0.023,0.015,-0.037,-0.045,0.000,0.010,0.080,-0.055,0.030
-0.004,-0.040,-0.035,0.023,0.015,-0.037,-0.045,-0.008,0.005,0.080,-0.059,0.030
-0.010,-0.042,-0.032,0.026,0.011,-0.037,-0.045,-0.016,0.005,0.077,-0.064,0.027
-0.019,-0.049,-0.029,0.034,0.006,-0.039,-0.045,-0.023,0.005,0.075,-0.065,0.025
-0.026,-0.057,-0.030,0.042,0.002,-0.043,-0.045,-0.025,0.004,0.074,-0.066,0.025
-0.030,-0.060,-0.030,0.045,0.000,-0.045,-0.045,-0.025,0.000,0.070,-0.070,0.025
-0.030,-0.060,-0.030,0.045,0.000,-0.045,-0.045,-0.029,0.000,0.070,-0.069,0.025
-0.030,-0.060,-0.029,0.045,0.000,-0.045,-0.045,-0.031,0.001,0.067,-0.079,0.022
-0.028,-0.060,-0.032,0.044,0.002,-0.046,-0.045,-0.028,-0.002,0.064,-0.089,0.019
-0.025,-0.060,-0.035,0.043,0.005,-0.047,-0.045,-0.025,-0.005,0.065,-0.090,0.020
-0.025,-0.060,-0.035,0.043,0.005,-0.047,-0.045,-0.025,-0.005,0.065,-0.090,0.020
-0.025,-0.060,-0.035,0.043,0.005,-0.047,-0.045,-0.025,-0.005,0.061,-0.090,0.020
-0.025,-0.060,-0.035,0.043,0.005,-0.047,-0.048,-0.025,-0.008,0.060,-0.090,0.017
-0.025,-0.060,-0.035,0.043,0.005,-0.047,-0.051,-0.025,-0.011,0.058,-0.090,0.014
-0.025,-0.060,-0.035,0.043,0.005,-0.047,-0.050,-0.025,-0.010,0.055,-0.090,0.015
-0.025,-0.060,-0.035,0.043,0.005,-0.047,-0.050,-0.025,-0.010,0.055,-0.090,0.015
-0.025,-0.060,-0.035,0.043,0.005,-0.047,-0.050,-0.025,-0.014,0.051,-0.090,0.011
-0.028,-0.063,-0.035,0.046,0.004,-0.049,-0.050,-0.025,-0.016,0.050,-0.090,0.010
-0.031,-0.066,-0.035,0.049,0.002,-0.050,-0.050,-0.025,-0.014,0.048,-0.090,0.010
-0.038,-0.073,-0.035,0.056,-0.001,-0.054,-0.050,-0.025,-0.016,0.045,-0.090,0.010
-0.050,-0.085,-0.035,0.068,-0.007,-0.060,-0.050,-0.025,-0.020,0.045,-0.090,0.010
-0.046,-0.081,-0.035,0.064,-0.006,-0.058,-0.050,-0.025,-0.020,0.045,-0.090,0.006
-0.044,-0.079,-0.035,0.062,-0.005,-0.057,-0.050,-0.022,-0.019,0.048,-0.090,0.005
-0.045,-0.080,-0.035,0.063,-0.005,-0.057,-0.050,-0.019,-0.022,0.051,-0.090,0.005
-0.045,-0.080,-0.035,0.063,-0.005,-0.057,-0.050,-0.020,-0.025,0.050,-0.090,0.005
-0.045,-0.080,-0.035,0.063,-0.005,-0.057,-0.050,-0.020,-0.025,0.050,-0.090,0.005
-0.041,-0.076,-0.035,0.059,-0.002,-0.055,-0.050,-0.020,-0.025,0.050,-0.090,0.009
-0.040,-0.075,-0.035,0.058,-0.002,-0.055,-0.050,-0.020,-0.026,0.050,-0.090,0.010
-0.040,-0.075,-0.035,0.058,-0.002,-0.055,-0.050,-0.020,-0.023,0.050,-0.090,0.010
-0.040,-0.075,-0.035,0.058,-0.002,-0.055,-0.050,-0.020,-0.020,0.050,-0.090,0.010
-0.040,-0.075,-0.035,0.058,-0.002,-0.055,-0.050,-0.020,-0.020,0.050,-0.090,0.010
-0.036,-0.071,-0.035,0.054,0.000,-0.052,-0.050,-0.020,-0.020,0.050,-0.090,0.014
-0.035,-0.070,-0.035,0.053,0.000,-0.052,-0.050,-0.020,-0.020,0.050,-0.090,0.015
-0.035,-0.070,-0.035,0.053,0.000,-0.052,-0.050,-0.020,-0.020,0.050,-0.090,0.015
-0.035,-0.070,-0.035,0.053,0.000,-0.052,-0.050,-0.020,-0.019,0.050,-0.090,0.015
-0.035,-0.070,-0.035,0.053,0.000,-0.052,-0.050,-0.020,-0.015,0.050,-0.090,0.015
-0.040,-0.070,-0.031,0.055,-0.004,-0.051,-0.050,-0.020,-0.015,0.050,-0.086,0.019
-0.037,-0.067,-0.030,0.052,-0.004,-0.048,-0.050,-0.020,-0.015,0.050,-0.085,0.020
-0.034,-0.064,-0.030,0.049,-0.002,-0.047,-0.050,-0.020,-0.015,0.050,-0.085,0.020
-0.035,-0.065,-0.030,0.050,-0.002,-0.047,-0.051,-0.020,-0.015,0.050,-0.085,0.020
-0.035,-0.065,-0.030,0.050,-0.002,-0.047,-0.055,-0.020,-0.015,0.050,-0.085,0.020
-0.035,-0.065,-0.030,0.050,-0.002,-0.047,-0.055,-0.020,-0.015,0.050,-0.085,0.020
-0.032,-0.062,-0.030,0.047,-0.001,-0.046,-0.055,-0.020,-0.012,0.050,-0.082,0.023
-0.029,-0.059,-0.030,0.044,0.000,-0.045,-0.055,-0.020,-0.009,0.050,-0.079,0.026
-0.030,-0.060,-0.030,0.045,0.000,-0.045,-0.055,-0.020,-0.010,0.050,-0.080,0.025
-0.030,-0.060,-0.030,0.045,0.000,-0.045,-0.055,-0.020,-0.010,0.050,-0.080,0.025
-0.030,-0.060,-0.030,0.045,0.000,-0.045,-0.055,-0.020,-0.010,0.050,-0.080,0.025
-0.030,-0.060,-0.030,0.045,0.000,-0.045,-0.055,-0.020,-0.011,0.050,-0.080,0.028
-0.031,-0.062,-0.030,0.047,0.000,-0.046,-0.055,-0.020,-0.008,0.050,-0.080,0.031
-0.036,-0.066,-0.029,0.051,-0.003,-0.047,-0.055,-0.020,-0.005,0.051,-0.079,0.030
-0.040,-0.065,-0.025,0.053,-0.007,-0.045,-0.055,-0.020,-0.005,0.055,-0.075,0.030
-0.036,-0.061,-0.025,0.049,-0.006,-0.042,-0.055,-0.020,-0.005,0.055,-0.075,0.030
-0.035,-0.060,-0.025,0.048,-0.005,-0.042,-0.055,-0.020,-0.005,0.055,-0.075,0.029
-0.035,-0.060,-0.025,0.048,-0.005,-0.042,-0.055,-0.020,-0.005,0.055,-0.075,0.032
-0.035,-0.060,-0.025,0.048,-0.005,-0.042,-0.055,-0.020,-0.005,0.055,-0.075,0.035
-0.035,-0.060,-0.025,0.048,-0.005,-0.042,-0.055,-0.020,-0.005,0.055,-0.075,0.035
-0.031,-0.056,-0.025,0.044,-0.002,-0.040,-0.055,-0.020,-0.009,0.059,-0.071,0.035
-0.030,-0.055,-0.025,0.043,-0.002,-0.040,-0.055,-0.020,-0.010,0.060,-0.070,0.035
-0.030,-0.055,-0.025,0.043,-0.002,-0.040,-0.055,-0.020,-0.012,0.060,-0.070,0.035
-0.030,-0.055,-0.025,0.043,-0.002,-0.040,-0.055,-0.020,-0.015,0.060,-0.070,0.035
-0.030,-0.055,-0.025,0.043,-0.002,-0.040,-0.055,-0.020,-0.015,0.060,-0.070,0.035
-0.026,-0.051,-0.025,0.039,0.000,-0.038,-0.053,-0.020,-0.019,0.060,-0.070,0.039
-0.025,-0.050,-0.024,0.038,0.000,-0.036,-0.067,-0.019,-0.020,0.063,-0.071,0.040
-0.023,-0.050,-0.027,0.037,0.002,-0.038,-0.079,-0.022,-0.022,0.066,-0.068,0.040
-0.020,-0.050,-0.030,0.035,0.005,-0.040,-0.080,-0.025,-0.025,0.065,-0.065,0.040
-0.020,-0.050,-0.030,0.035,0.005,-0.040,-0.080,-0.025,-0.025,0.065,-0.065,0.040
-0.016,-0.050,-0.034,0.034,0.009,-0.042,-0.080,-0.025,-0.025,0.065,-0.065,0.040
-0.011,-0.047,-0.035,0.030,0.012,-0.041,-0.080,-0.025,-0.025,0.062,-0.065,0.040
-0.010,-0.044,-0.035,0.028,0.013,-0.040,-0.080,-0.025,-0.025,0.059,-0.065,0.040
-0.010,-0.045,-0.035,0.028,0.013,-0.040,-0.080,-0.025,-0.025,0.060,-0.065,0.040
-0.010,-0.045,-0.035,0.028,0.013,-0.040,-0.080,-0.025,-0.025,0.060,-0.065,0.040
-0.010,-0.045,-0.035,0.028,0.013,-0.040,-0.080,-0.025,-0.025,0.060,-0.065,0.040
-0.007,-0.042,-0.035,0.025,0.014,-0.038,-0.080,-0.025,-0.025,0.060,-0.065,0.041
-0.004,-0.039,-0.035,0.022,0.015,-0.037,-0.080,-0.025,-0.025,0.060,-0.065,0.038
-0.005,-0.040,-0.035,0.023,0.015,-0.037,-0.080,-0.026,-0.026,0.060,-0.065,0.035
-0.005,-0.040,-0.035,0.023,0.015,-0.037,-0.080,-0.030,-0.030,0.060,-0.065,0.035
-0.005,-0.040,-0.035,0.023,0.015,-0.037,-0.080,-0.030,-0.030,0.060,-0.065,0.035
-0.003,-0.038,-0.035,0.021,0.016,-0.036,-0.080,-0.030,-0.030,0.060,-0.065,0.035
-0.011,-0.046,-0.035,0.029,0.012,-0.040,-0.080,-0.030,-0.030,0.060,-0.065,0.035
-0.021,-0.056,-0.035,0.039,0.007,-0.046,-0.080,-0.030,-0.030,0.060,-0.065,0.035
-0.020,-0.055,-0.035,0.038,0.008,-0.045,-0.080,-0.030,-0.030,0.060,-0.065,0.035
-0.020,-0.055,-0.035,0.038,0.008,-0.045,-0.080,-0.030,-0.030,0.056,-0.065,0.035
-0.020,-0.055,-0.035,0.038,0.008,-0.045,-0.080,-0.030,-0.030,0.055,-0.065,0.032
-0.020,-0.055,-0.035,0.038,0.008,-0.045,-0.080,-0.030,-0.030,0.055,-0.065,0.029
-0.020,-0.055,-0.035,0.038,0.008,-0.045,-0.080,-0.030,-0.029,0.055,-0.065,0.030
-0.020,-0.055,-0.035,0.038,0.008,-0.045,-0.080,-0.030,-0.030,0.055,-0.065,0.030
-0.020,-0.055,-0.035,0.038,0.008,-0.045,-0.080,-0.034,-0.043,0.055,-0.069,0.030
-0.020,-0.055,-0.035,0.038,0.008,-0.045,-0.080,-0.035,-0.043,0.055,-0.073,0.030
-0.020,-0.055,-0.035,0.038,0.008,-0.045,-0.080,-0.037,-0.039,0.055,-0.077,0.030
-0.020,-0.055,-0.035,0.038,0.008,-0.045,-0.080,-0.041,-0.040,0.055,-0.080,0.030
-0.020,-0.055,-0.035,0.038,0.008,-0.045,-0.080,-0.040,-0.040,0.055,-0.080,0.030
-0.020,-0.055,-0.035,0.038,0.008,-0.045,-0.080,-0.040,-0.040,0.055,-0.080,0.026
-0.019,-0.055,-0.036,0.038,0.009,-0.045,-0.080,-0.043,-0.040,0.055,-0.080,0.025
-0.022,-0.055,-0.033,0.039,0.006,-0.044,-0.080,-0.046,-0.039,0.055,-0.080,0.025
-0.025,-0.055,-0.030,0.040,0.003,-0.042,-0.080,-0.045,-0.041,0.054,-0.080,0.025
-0.025,-0.055,-0.030,0.040,0.003,-0.042,-0.080,-0.045,-0.050,0.050,-0.080,0.025
-0.025,-0.055,-0.030,0.040,0.003,-0.042,-0.080,-0.049,-0.054,0.050,-0.080,0.025
-0.025,-0.055,-0.030,0.040,0.003,-0.042,-0.080,-0.050,-0.058,0.050,-0.080,0.025
-0.025,-0.055,-0.030,0.040,0.003,-0.042,-0.080,-0.050,-0.062,0.050,-0.080,0.025
-0.025,-0.055,-0.030,0.040,0.003,-0.042,-0.080,-0.050,-0.065,0.050,-0.080,0.025
-0.025,-0.055,-0.030,0.040,0.003,-0.042,-0.080,-0.050,-0.065,0.050,-0.080,0.025
-0.025,-0.055,-0.030,0.040,0.003,-0.042,-0.080,-0.054,-0.065,0.050,-0.080,0.029
-0.025,-0.055,-0.030,0.040,0.003,-0.042,-0.080,-0.055,-0.065,0.050,-0.080,0.030
-0.025,-0.055,-0.030,0.040,0.003,-0.042,-0.080,-0.055,-0.065,0.050,-0.080,0.030
-0.025,-0.055,-0.030,0.040,0.003,-0.042,-0.080,-0.055,-0.065,0.050,-0.080,0.030
-0.025,-0.055,-0.030,0.040,0.003,-0.042,-0.080,-0.055,-0.065,0.050,-0.080,0.030
-0.025,-0.055,-0.030,0.040,0.003,-0.042,-0.080,-0.055,-0.069,0.050,-0.084,0.030
-0.023,-0.053,-0.030,0.038,0.004,-0.041,-0.080,-0.055,-0.073,0.050,-0.085,0.030
-0.033,-0.063,-0.030,0.048,-0.001,-0.046,-0.080,-0.055,-0.077,0.050,-0.085,0.030
-0.046,-0.076,-0.030,0.061,-0.008,-0.053,-0.080,-0.056,-0.080,0.050,-0.085,0.030
-0.040,-0.070,-0.030,0.055,-0.005,-0.050,-0.080,-0.060,-0.080,0.050,-0.085,0.030
-0.040,-0.070,-0.030,0.055,-0.005,-0.050,-0.080,-0.060,-0.080,0.050,-0.085,0.030
-0.040,-0.070,-0.030,0.055,-0.005,-0.050,-0.080,-0.060,-0.080,0.050,-0.084,0.030
-0.040,-0.070,-0.030,0.055,-0.005,-0.050,-0.080,-0.060,-0.080,0.050,-0.087,0.030
-0.040,-0.070,-0.030,0.055,-0.005,-0.050,-0.080,-0.060,-0.081,0.050,-0.090,0.030
-0.040,-0.070,-0.030,0.055,-0.005,-0.050,-0.080,-0.060,-0.085,0.050,-0.090,0.030
-0.040,-0.070,-0.030,0.055,-0.005,-0.050,-0.080,-0.060,-0.085,0.050,-0.090,0.030
-0.040,-0.070,-0.030,0.055,-0.005,-0.050,-0.080,-0.059,-0.085,0.050,-0.090,0.030
-0.040,-0.070,-0.030,0.055,-0.005,-0.050,-0.080,-0.062,-0.085,0.050,-0.090,0.030
-0.040,-0.070,-0.030,0.055,-0.005,-0.050,-0.080,-0.065,-0.085,0.050,-0.090,0.030
-0.040,-0.070,-0.030,0.055,-0.005,-0.050,-0.080,-0.065,-0.085,0.050,-0.090,0.030
-0.045,-0.070,-0.026,0.058,-0.010,-0.048,-0.080,-0.065,-0.089,0.050,-0.090,0.030
-0.042,-0.067,-0.025,0.055,-0.008,-0.046,-0.080,-0.068,-0.090,0.047,-0.090,0.030
-0.041,-0.064,-0.023,0.053,-0.009,-0.044,-0.080,-0.071,-0.090,0.044,-0.090,0.030
-0.046,-0.065,-0.020,0.055,-0.012,-0.042,-0.080,-0.070,-0.090,0.045,-0.090,0.030
-0.045,-0.065,-0.020,0.055,-0.012,-0.042,-0.080,-0.070,-0.090,0.045,-0.090,0.030
-0.045,-0.061,-0.016,0.053,-0.015,-0.038,-0.080,-0.070,-0.090,0.045,-0.090,0.030
-0.044,-0.059,-0.015,0.052,-0.015,-0.037,-0.080,-0.070,-0.089,0.046,-0.090,0.031
-0.048,-0.061,-0.013,0.055,-0.018,-0.037,-0.080,-0.070,-0.092,0.043,-0.090,0.028
-0.048,-0.058,-0.010,0.053,-0.019,-0.034,-0.080,-0.070,-0.095,0.040,-0.090,0.025
-0.035,-0.045,-0.010,0.040,-0.012,-0.027,-0.080,-0.070,-0.095,0.040,-0.090,0.025
-0.028,-0.033,-0.005,0.031,-0.011,-0.018,-0.083,-0.073,-0.099,0.040,-0.094,0.025
-0.013,-0.022,-0.009,0.019,-0.002,-0.016,-0.092,-0.082,-0.103,0.040,-0.097,0.025
-0.016,-0.005,0.011,0.010,-0.013,0.003,-0.096,-0.084,-0.107,0.040,-0.107,0.025
-0.042,-0.005,0.036,0.023,-0.039,0.015,-0.095,-0.079,-0.110,0.040,-0.115,0.025
-0.070,-0.050,0.020,0.060,-0.045,-0.015,-0.095,-0.080,-0.110,0.040,-0.110,0.025
-0.102,-0.091,0.012,0.096,-0.057,-0.039,-0.095,-0.080,-0.110,0.036,-0.110,0.025
-0.093,-0.092,0.001,0.093,-0.047,-0.045,-0.095,-0.080,-0.110,0.035,-0.111,0.022
-0.072,-0.081,-0.009,0.077,-0.031,-0.045,-0.095,-0.080,-0.110,0.035,-0.108,0.019
-0.062,-0.079,-0.018,0.071,-0.022,-0.048,-0.095,-0.080,-0.110,0.035,-0.105,0.020
-0.045,-0.075,-0.030,0.060,-0.007,-0.052,-0.095,-0.080,-0.110,0.035,-0.105,0.020
-0.032,-0.071,-0.039,0.051,0.004,-0.055,-0.095,-0.080,-0.110,0.035,-0.105,0.020
-0.030,-0.067,-0.037,0.049,0.004,-0.052,-0.095,-0.080,-0.110,0.032,-0.106,0.020
-0.028,-0.062,-0.034,0.046,0.004,-0.048,-0.095,-0.080,-0.110,0.029,-0.103,0.020
-0.025,-0.060,-0.035,0.043,0.005,-0.047,-0.095,-0.080,-0.110,0.030,-0.100,0.020
-0.030,-0.065,-0.035,0.048,0.003,-0.050,-0.095,-0.080,-0.110,0.030,-0.100,0.020
-0.030,-0.065,-0.035,0.048,0.003,-0.050,-0.095,-0.080,-0.110,0.030,-0.100,0.016
-0.030,-0.065,-0.035,0.048,0.003,-0.050,-0.095,-0.080,-0.110,0.030,-0.100,0.015
-0.030,-0.065,-0.035,0.048,0.003,-0.050,-0.095,-0.080,-0.110,0.030,-0.098,0.015
-0.030,-0.065,-0.035,0.048,0.003,-0.050,-0.095,-0.080,-0.110,0.031,-0.095,0.015
-0.030,-0.065,-0.035,0.048,0.003,-0.050,-0.095,-0.080,-0.110,0.035,-0.095,0.015
-0.031,-0.066,-0.035,0.049,0.003,-0.051,-0.095,-0.080,-0.110,0.035,-0.095,0.015
-0.022,-0.057,-0.035,0.040,0.006,-0.045,-0.095,-0.080,-0.110,0.034,-0.092,0.015
-0.009,-0.045,-0.036,0.027,0.014,-0.040,-0.095,-0.080,-0.110,0.037,-0.090,0.015
-0.006,-0.038,-0.032,0.023,0.013,-0.035,-0.095,-0.080,-0.110,0.040,-0.090,0.015
-0.015,-0.030,-0.015,0.023,0.000,-0.022,-0.095,-0.080,-0.110,0.040,-0.090,0.015
-0.015,-0.017,-0.002,0.016,-0.006,-0.009,-0.099,-0.080,-0.114,0.041,-0.090,0.011
-0.017,-0.010,0.007,0.013,-0.012,-0.001,-0.104,-0.080,-0.115,0.034,-0.087,0.009
-0.022,0.003,0.026,0.009,-0.024,0.014,-0.105,-0.080,-0.117,0.027,-0.084,0.011
-0.026,-0.002,0.024,0.014,-0.025,0.011,-0.105,-0.080,-0.120,0.024,-0.085,0.009
-0.030,-0.055,-0.025,0.043,-0.002,-0.040,-0.105,-0.080,-0.120,0.030,-0.085,0.010
-0.038,-0.108,-0.070,0.074,0.016,-0.089,-0.105,-0.076,-0.120,0.056,-0.085,0.031
-0.041,-0.114,-0.072,0.078,0.016,-0.093,-0.105,-0.075,-0.120,0.059,-0.087,0.034
-0.038,-0.099,-0.061,0.069,0.012,-0.080,-0.105,-0.075,-0.120,0.054,-0.096,0.029
-0.035,-0.094,-0.060,0.064,0.013,-0.076,-0.105,-0.075,-0.120,0.055,-0.107,0.030
-0.035,-0.090,-0.055,0.063,0.010,-0.072,-0.105,-0.075,-0.120,0.055,-0.110,0.030
-0.035,-0.082,-0.047,0.059,0.006,-0.064,-0.105,-0.075,-0.120,0.055,-0.110,0.030
-0.032,-0.073,-0.042,0.053,0.005,-0.057,-0.105,-0.072,-0.120,0.052,-0.113,0.027
-0.029,-0.068,-0.038,0.049,0.005,-0.053,-0.105,-0.069,-0.120,0.049,-0.116,0.024
-0.030,-0.064,-0.034,0.047,0.002,-0.049,-0.105,-0.070,-0.120,0.050,-0.115,0.025
-0.030,-0.060,-0.030,0.045,0.000,-0.045,-0.105,-0.070,-0.120,0.050,-0.115,0.025
-0.030,-0.060,-0.030,0.045,0.000,-0.045,-0.105,-0.070,-0.120,0.050,-0.115,0.025
-0.030,-0.060,-0.030,0.045,0.000,-0.045,-0.105,-0.070,-0.120,0.047,-0.115,0.022
-0.030,-0.060,-0.030,0.045,0.000,-0.045,-0.105,-0.070,-0.120,0.044,-0.115,0.019
-0.030,-0.060,-0.030,0.045,0.000,-0.045,-0.105,-0.069,-0.120,0.045,-0.115,0.020
-0.030,-0.060,-0.030,0.045,0.000,-0.045,-0.105,-0.065,-0.120,0.045,-0.115,0.020
-0.030,-0.060,-0.030,0.045,0.000,-0.045,-0.105,-0.065,-0.120,0.045,-0.115,0.020
-0.029,-0.060,-0.031,0.045,0.001,-0.045,-0.105,-0.065,-0.120,0.046,-0.115,0.021
-0.032,-0.060,-0.028,0.046,-0.002,-0.044,-0.105,-0.065,-0.120,0.043,-0.115,0.018
-0.035,-0.060,-0.025,0.048,-0.005,-0.042,-0.105,-0.065,-0.120,0.040,-0.115,0.015
-0.035,-0.060,-0.025,0.048,-0.005,-0.042,-0.105,-0.065,-0.120,0.040,-0.115,0.015
-0.035,-0.060,-0.025,0.048,-0.005,-0.042,-0.105,-0.061,-0.120,0.040,-0.115,0.015
-0.035,-0.060,-0.025,0.048,-0.005,-0.042,-0.105,-0.060,-0.120,0.041,-0.115,0.016
-0.035,-0.060,-0.025,0.048,-0.005,-0.042,-0.105,-0.060,-0.120,0.038,-0.115,0.013
-0.035,-0.060,-0.025,0.048,-0.005,-0.042,-0.105,-0.060,-0.120,0.035,-0.115,0.010
-0.035,-0.060,-0.025,0.048,-0.005,-0.042,-0.105,-0.060,-0.120,0.035,-0.115,0.010
-0.035,-0.060,-0.025,0.048,-0.005,-0.042,-0.109,-0.060,-0.116,0.035,-0.115,0.010
-0.038,-0.060,-0.022,0.049,-0.008,-0.041,-0.110,-0.060,-0.115,0.035,-0.115,0.010
-0.041,-0.060,-0.019,0.050,-0.011,-0.040,-0.110,-0.060,-0.115,0.035,-0.115,0.010
-0.040,-0.060,-0.020,0.050,-0.010,-0.040,-0.110,-0.060,-0.115,0.036,-0.115,0.009
-0.040,-0.060,-0.020,0.050,-0.010,-0.040,-0.110,-0.060,-0.115,0.040,-0.115,0.005
-0.040,-0.060,-0.020,0.050,-0.010,-0.040,-0.110,-0.069,-0.115,0.040,-0.115,0.005
-0.040,-0.060,-0.020,0.050,-0.010,-0.040,-0.110,-0.068,-0.115,0.039,-0.115,0.005
-0.040,-0.060,-0.020,0.050,-0.010,-0.040,-0.110,-0.064,-0.115,0.042,-0.115,0.005
-0.040,-0.060,-0.020,0.050,-0.010,-0.040,-0.111,-0.065,-0.115,0.045,-0.114,0.005
-0.040,-0.060,-0.020,0.050,-0.010,-0.040,-0.115,-0.065,-0.115,0.045,-0.110,0.005
-0.040,-0.060,-0.020,0.050,-0.010,-0.040,-0.115,-0.061,-0.115,0.045,-0.110,0.005
-0.040,-0.057,-0.017,0.049,-0.011,-0.037,-0.115,-0.059,-0.115,0.048,-0.111,0.005
-0.040,-0.054,-0.014,0.048,-0.012,-0.034,-0.115,-0.061,-0.115,0.051,-0.108,0.005
-0.040,-0.055,-0.015,0.048,-0.012,-0.035,-0.115,-0.059,-0.114,0.050,-0.105,0.005
-0.040,-0.055,-0.015,0.048,-0.012,-0.035,-0.115,-0.055,-0.110,0.050,-0.105,0.005
-0.045,-0.055,-0.011,0.050,-0.016,-0.033,-0.115,-0.055,-0.110,0.050,-0.105,0.005
-0.042,-0.052,-0.009,0.047,-0.016,-0.030,-0.116,-0.056,-0.110,0.050,-0.106,0.005
-0.039,-0.049,-0.011,0.044,-0.014,-0.030,-0.113,-0.053,-0.110,0.050,-0.103,0.005
-0.041,-0.050,-0.009,0.046,-0.016,-0.030,-0.110,-0.050,-0.110,0.050,-0.100,0.005
-0.045,-0.050,-0.005,0.048,-0.020,-0.027,-0.110,-0.050,-0.110,0.050,-0.100,0.005
-0.045,-0.050,-0.005,0.048,-0.020,-0.027,-0.110,-0.050,-0.110,0.050,-0.100,0.005
-0.045,-0.051,-0.006,0.048,-0.020,-0.028,-0.107,-0.047,-0.110,0.050,-0.100,0.008
-0.045,-0.048,-0.003,0.047,-0.021,-0.025,-0.104,-0.044,-0.110,0.050,-0.098,0.013
-0.045,-0.045,0.000,0.045,-0.022,-0.022,-0.105,-0.045,-0.110,0.050,-0.095,0.015
-0.045,-0.045,0.000,0.045,-0.022,-0.022,-0.105,-0.045,-0.110,0.050,-0.095,0.015
-0.045,-0.045,0.000,0.045,-0.022,-0.022,-0.101,-0.041,-0.110,0.050,-0.095,0.019
-0.048,-0.045,0.003,0.046,-0.025,-0.021,-0.099,-0.039,-0.110,0.050,-0.092,0.020
-0.051,-0.046,0.006,0.048,-0.028,-0.020,-0.101,-0.041,-0.109,0.050,-0.090,0.021
-0.048,-0.044,0.005,0.045,-0.026,-0.019,-0.099,-0.039,-0.104,0.049,-0.090,0.026
-0.040,-0.035,0.005,0.037,-0.022,-0.015,-0.095,-0.035,-0.100,0.050,-0.090,0.030
-0.040,-0.031,0.009,0.035,-0.024,-0.011,-0.095,-0.035,-0.100,0.062,-0.090,0.030
-0.038,-0.028,0.011,0.033,-0.024,-0.008,-0.096,-0.035,-0.097,0.069,-0.087,0.033
-0.030,-0.021,0.009,0.026,-0.019,-0.005,-0.093,-0.035,-0.095,0.072,-0.084,0.035
-0.024,-0.014,0.011,0.019,-0.017,-0.001,-0.090,-0.034,-0.095,0.076,-0.085,0.036
-0.025,-0.010,0.015,0.017,-0.020,0.002,-0.090,-0.030,-0.090,0.080,-0.085,0.040
-0.021,-0.006,0.015,0.013,-0.018,0.004,-0.090,-0.026,-0.085,0.084,-0.085,0.040
-0.016,-0.002,0.015,0.008,-0.015,0.006,-0.087,-0.022,-0.085,0.088,-0.085,0.040
-0.015,0.001,0.015,0.007,-0.015,0.007,-0.084,-0.018,-0.083,0.090,-0.085,0.040
-0.014,0.000,0.014,0.007,-0.014,0.007,-0.085,-0.014,-0.080,0.090,-0.085,0.040
-0.010,0.000,0.010,0.005,-0.010,0.005,-0.085,-0.010,-0.080,0.090,-0.085,0.040
-0.006,0.004,0.010,0.001,-0.009,0.007,-0.081,-0.011,-0.072,0.090,-0.085,0.044
-0.001,0.005,0.007,-0.002,-0.005,0.006,-0.076,-0.004,-0.066,0.090,-0.085,0.045
0.000,0.005,0.005,-0.003,-0.003,0.005,-0.075,0.003,-0.063,0.090,-0.085,0.045
0.001,0.005,0.004,-0.003,-0.002,0.004,-0.074,0.006,-0.059,0.091,-0.085,0.045
0.005,0.005,0.000,-0.005,0.002,0.002,-0.070,0.010,-0.055,0.095,-0.085,0.045
0.009,0.009,0.000,-0.009,0.004,0.005,-0.066,0.018,-0.051,0.100,-0.085,0.045
0.014,0.011,-0.003,-0.012,0.008,0.003,-0.064,0.023,-0.047,0.099,-0.085,0.045
0.015,0.009,-0.005,-0.011,0.010,0.002,-0.067,0.028,-0.043,0.106,-0.085,0.045
0.017,0.011,-0.006,-0.013,0.011,0.002,-0.070,0.029,-0.040,0.116,-0.085,0.045
0.025,0.015,-0.010,-0.020,0.017,0.002,-0.070,0.020,-0.040,0.110,-0.085,0.045
0.025,0.015,-0.010,-0.020,0.017,0.002,-0.072,0.012,-0.040,0.105,-0.085,0.045
0.028,0.015,-0.013,-0.021,0.020,0.001,-0.092,0.004,-0.040,0.105,-0.085,0.045
0.031,0.016,-0.015,-0.023,0.023,0.000,-0.115,-0.003,-0.042,0.103,-0.085,0.045
0.029,0.013,-0.016,-0.021,0.022,-0.001,-0.137,-0.015,-0.054,0.100,-0.085,0.045
0.025,0.005,-0.020,-0.015,0.022,-0.007,-0.165,-0.040,-0.075,0.100,-0.085,0.045
0.021,0.001,-0.020,-0.011,0.021,-0.009,-0.162,-0.062,-0.088,0.096,-0.085,0.045
0.016,-0.006,-0.022,-0.005,0.019,-0.014,-0.159,-0.066,-0.094,0.091,-0.085,0.045
0.017,-0.012,-0.029,-0.002,0.023,-0.020,-0.161,-0.064,-0.095,0.090,-0.085,0.045
0.020,-0.017,-0.037,-0.001,0.029,-0.027,-0.159,-0.065,-0.095,0.089,-0.085,0.045
0.015,-0.025,-0.040,0.005,0.028,-0.032,-0.155,-0.065,-0.095,0.085,-0.085,0.045
0.010,-0.030,-0.040,0.010,0.025,-0.035,-0.155,-0.065,-0.095,0.084,-0.085,0.045
0.012,-0.027,-0.039,0.008,0.026,-0.033,-0.156,-0.065,-0.095,0.088,-0.085,0.045
0.020,-0.024,-0.044,0.002,0.033,-0.034,-0.153,-0.065,-0.095,0.090,-0.085,0.045
0.034,-0.025,-0.059,-0.004,0.047,-0.042,-0.150,-0.065,-0.095,0.090,-0.084,0.045
0.045,-0.025,-0.070,-0.010,0.058,-0.047,-0.150,-0.065,-0.095,0.090,-0.080,0.045
0.041,-0.025,-0.066,-0.008,0.054,-0.045,-0.150,-0.065,-0.095,0.090,-0.076,0.045
0.039,-0.026,-0.064,-0.006,0.052,-0.045,-0.147,-0.065,-0.095,0.090,-0.075,0.045
0.042,-0.023,-0.065,-0.009,0.054,-0.044,-0.144,-0.065,-0.095,0.089,-0.074,0.044
0.046,-0.020,-0.065,-0.012,0.055,-0.042,-0.145,-0.065,-0.095,0.091,-0.069,0.046
0.045,-0.020,-0.065,-0.012,0.055,-0.042,-0.145,-0.065,-0.095,0.095,-0.065,0.050
0.041,-0.020,-0.061,-0.010,0.051,-0.040,-0.141,-0.065,-0.095,0.091,-0.065,0.046
0.039,-0.021,-0.060,-0.009,0.049,-0.040,-0.139,-0.065,-0.095,0.090,-0.067,0.042
0.042,-0.018,-0.060,-0.012,0.051,-0.039,-0.141,-0.065,-0.095,0.088,-0.076,0.038
0.037,-0.023,-0.060,-0.007,0.049,-0.042,-0.139,-0.065,-0.095,0.085,-0.087,0.034
0.020,-0.040,-0.060,0.010,0.040,-0.050,-0.135,-0.065,-0.095,0.085,-0.090,0.030
0.011,-0.045,-0.056,0.017,0.034,-0.050,-0.135,-0.065,-0.095,0.081,-0.098,0.026
0.007,-0.048,-0.055,0.021,0.031,-0.051,-0.136,-0.065,-0.095,0.080,-0.104,0.022
0.003,-0.052,-0.055,0.025,0.029,-0.053,-0.133,-0.065,-0.094,0.078,-0.107,0.018
-0.001,-0.056,-0.055,0.029,0.027,-0.056,-0.130,-0.065,-0.098,0.075,-0.111,0.015
-0.005,-0.060,-0.055,0.033,0.025,-0.057,-0.130,-0.065,-0.110,0.075,-0.115,0.015
-0.005,-0.060,-0.055,0.033,0.025,-0.057,-0.130,-0.065,-0.106,0.071,-0.115,0.015
-0.008,-0.060,-0.052,0.034,0.022,-0.056,-0.131,-0.065,-0.104,0.070,-0.115,0.012
-0.010,-0.060,-0.049,0.035,0.020,-0.055,-0.128,-0.065,-0.105,0.068,-0.115,0.009
-0.010,-0.061,-0.050,0.036,0.020,-0.055,-0.125,-0.064,-0.105,0.065,-0.115,0.010
-0.015,-0.065,-0.050,0.040,0.018,-0.057,-0.125,-0.060,-0.105,0.065,-0.115,0.010
-0.019,-0.070,-0.050,0.045,0.016,-0.060,-0.125,-0.060,-0.105,0.061,-0.115,0.006
-0.020,-0.067,-0.047,0.044,0.014,-0.057,-0.126,-0.060,-0.102,0.060,-0.114,0.004
-0.020,-0.064,-0.044,0.043,0.013,-0.054,-0.123,-0.060,-0.099,0.058,-0.117,0.006
-0.020,-0.065,-0.045,0.043,0.013,-0.055,-0.120,-0.059,-0.100,0.055,-0.120,0.004
-0.020,-0.065,-0.045,0.043,0.013,-0.055,-0.120,-0.055,-0.100,0.055,-0.120,0.000
-0.020,-0.065,-0.045,0.043,0.013,-0.055,-0.120,-0.055,-0.100,0.055,-0.120,0.000
-0.019,-0.065,-0.046,0.043,0.014,-0.055,-0.121,-0.055,-0.100,0.055,-0.120,0.001
-0.022,-0.065,-0.043,0.044,0.011,-0.054,-0.118,-0.055,-0.100,0.055,-0.120,-0.002
-0.025,-0.065,-0.040,0.045,0.008,-0.052,-0.115,-0.054,-0.099,0.055,-0.120,-0.005
-0.025,-0.065,-0.040,0.045,0.008,-0.052,-0.115,-0.050,-0.095,0.055,-0.120,-0.005
-0.025,-0.065,-0.040,0.045,0.008,-0.052,-0.115,-0.050,-0.095,0.055,-0.120,-0.005
-0.028,-0.065,-0.037,0.047,0.005,-0.051,-0.115,-0.050,-0.095,0.055,-0.123,-0.008
-0.030,-0.065,-0.035,0.048,0.003,-0.050,-0.115,-0.050,-0.095,0.055,-0.126,-0.011
-0.030,-0.065,-0.035,0.048,0.003,-0.050,-0.114,-0.050,-0.095,0.055,-0.125,-0.010
-0.030,-0.065,-0.035,0.048,0.003,-0.050,-0.110,-0.050,-0.095,0.055,-0.125,-0.010
-0.030,-0.065,-0.035,0.048,0.003,-0.050,-0.110,-0.046,-0.091,0.055,-0.125,-0.014
-0.033,-0.065,-0.032,0.049,0.000,-0.048,-0.110,-0.045,-0.090,0.055,-0.122,-0.015
-0.036,-0.065,-0.029,0.050,-0.003,-0.047,-0.110,-0.045,-0.090,0.055,-0.119,-0.015
-0.035,-0.065,-0.030,0.050,-0.002,-0.047,-0.109,-0.045,-0.090,0.055,-0.120,-0.015
-0.035,-0.065,-0.030,0.050,-0.002,-0.047,-0.105,-0.045,-0.090,0.055,-0.120,-0.015
-0.035,-0.065,-0.030,0.050,-0.002,-0.047,-0.105,-0.041,-0.090,0.055,-0.120,-0.011
-0.038,-0.065,-0.027,0.052,-0.005,-0.046,-0.105,-0.040,-0.090,0.055,-0.120,-0.010
-0.041,-0.065,-0.024,0.053,-0.008,-0.045,-0.105,-0.040,-0.090,0.055,-0.120,-0.010
-0.040,-0.065,-0.025,0.053,-0.007,-0.045,-0.105,-0.040,-0.090,0.055,-0.120,-0.010
-0.040,-0.065,-0.025,0.053,-0.007,-0.045,-0.105,-0.040,-0.090,0.055,-0.120,-0.010
-0.044,-0.065,-0.021,0.055,-0.011,-0.042,-0.105,-0.040,-0.090,0.055,-0.116,-0.006
-0.045,-0.065,-0.020,0.055,-0.012,-0.042,-0.105,-0.037,-0.090,0.055,-0.115,-0.005
-0.045,-0.065,-0.020,0.055,-0.012,-0.042,-0.105,-0.034,-0.090,0.055,-0.115,-0.005
-0.044,-0.064,-0.020,0.054,-0.011,-0.042,-0.105,-0.035,-0.090,0.055,-0.115,-0.005
-0.040,-0.060,-0.020,0.050,-0.010,-0.040,-0.105,-0.035,-0.090,0.055,-0.115,-0.005
-0.044,-0.060,-0.016,0.052,-0.014,-0.037,-0.105,-0.035,-0.090,0.059,-0.115,-0.005
-0.046,-0.060,-0.015,0.053,-0.015,-0.037,-0.105,-0.035,-0.090,0.060,-0.115,-0.002
-0.045,-0.060,-0.015,0.053,-0.015,-0.037,-0.105,-0.035,-0.090,0.062,-0.115,0.001
-0.045,-0.060,-0.015,0.053,-0.015,-0.037,-0.105,-0.035,-0.090,0.065,-0.114,0.000
-0.045,-0.060,-0.015,0.053,-0.015,-0.037,-0.105,-0.035,-0.090,0.065,-0.110,0.000
-0.049,-0.060,-0.011,0.055,-0.019,-0.035,-0.105,-0.035,-0.090,0.065,-0.110,0.000
-0.050,-0.060,-0.010,0.055,-0.020,-0.035,-0.105,-0.035,-0.090,0.065,-0.110,0.003
-0.050,-0.060,-0.010,0.055,-0.020,-0.035,-0.105,-0.035,-0.090,0.065,-0.110,0.006
-0.050,-0.060,-0.010,0.055,-0.020,-0.035,-0.105,-0.035,-0.090,0.065,-0.110,0.005
-0.050,-0.060,-0.010,0.055,-0.020,-0.035,-0.105,-0.035,-0.090,0.065,-0.110,0.005
-0.051,-0.061,-0.010,0.056,-0.021,-0.035,-0.105,-0.034,-0.090,0.065,-0.110,0.005
-0.040,-0.052,-0.011,0.046,-0.014,-0.031,-0.105,-0.040,-0.090,0.063,-0.109,0.004
-0.034,-0.039,-0.005,0.036,-0.014,-0.021,-0.106,-0.051,-0.089,0.071,-0.112,0.009
-0.034,-0.027,0.007,0.030,-0.021,-0.009,-0.113,-0.063,-0.091,0.081,-0.107,0.016
-0.030,-0.015,0.015,0.022,-0.022,0.000,-0.130,-0.075,-0.090,0.080,-0.090,0.020
-0.036,-0.009,0.027,0.023,-0.031,0.009,-0.149,-0.088,-0.070,0.098,-0.081,0.034
-0.017,0.019,0.036,-0.001,-0.026,0.027,-0.175,-0.094,-0.056,0.131,-0.039,0.067
0.014,0.060,0.045,-0.037,-0.016,0.053,-0.204,-0.094,-0.024,0.185,0.016,0.115
0.034,0.092,0.058,-0.064,-0.013,0.075,-0.232,-0.097,0.044,0.252,0.069,0.169
0.050,0.115,0.065,-0.083,-0.008,0.090,-0.260,-0.095,0.120,0.315,0.130,0.225
0.074,0.131,0.057,-0.103,0.008,0.094,-0.286,-0.080,0.158,0.375,0.189,0.279
0.101,0.152,0.052,-0.127,0.024,0.102,-0.331,-0.218,0.113,0.437,0.262,0.353
0.146,0.193,0.047,-0.170,0.049,0.120,-0.390,-0.455,0.042,0.489,0.334,0.420
0.195,0.240,0.046,-0.218,0.074,0.142,-0.451,-0.676,-0.013,0.539,0.404,0.484
0.235,0.275,0.040,-0.255,0.097,0.157,-0.525,-0.840,-0.040,0.620,0.500,0.580
0.322,0.316,-0.007,-0.318,0.164,0.154,-0.629,-0.931,0.010,0.740,0.635,0.699
0.440,0.350,-0.090,-0.394,0.265,0.130,-0.726,-1.014,0.058,0.853,0.770,0.824
0.574,0.398,-0.176,-0.485,0.375,0.110,-0.847,-1.092,0.124,1.007,0.935,0.979
0.706,0.469,-0.237,-0.587,0.471,0.116,-1.007,-1.191,0.182,1.176,1.117,1.151
0.820,0.560,-0.260,-0.690,0.540,0.150,-1.170,-1.335,0.170,1.300,1.275,1.310
0.926,0.671,-0.255,-0.798,0.590,0.208,-1.307,-1.428,0.161,1.449,1.453,1.483
1.013,0.740,-0.273,-0.876,0.642,0.233,-1.394,-1.418,0.194,1.533,1.553,1.590
1.068,0.693,-0.374,-0.881,0.721,0.159,-1.389,-1.377,0.243,1.513,1.524,1.563
1.078,0.534,-0.543,-0.806,0.810,-0.004,-1.324,-1.346,0.250,1.389,1.371,1.407
1.060,0.375,-0.685,-0.717,0.872,-0.155,-1.275,-1.315,0.195,1.220,1.175,1.225
1.065,0.313,-0.752,-0.689,0.908,-0.219,-1.237,-1.295,0.142,1.133,1.070,1.131
1.049,0.201,-0.848,-0.625,0.948,-0.323,-1.210,-1.164,0.165,1.006,0.910,0.991
1.007,0.071,-0.936,-0.539,0.971,-0.432,-1.157,-1.033,0.157,0.848,0.734,0.829
0.931,-0.032,-0.962,-0.449,0.947,-0.497,-1.056,-0.961,0.090,0.696,0.578,0.690
0.815,-0.150,-0.965,-0.332,0.890,-0.557,-0.935,-0.865,0.040,0.520,0.390,0.535
0.708,-0.266,-0.974,-0.221,0.841,-0.620,-0.832,-0.757,-0.026,0.313,0.189,0.355
0.589,-0.344,-0.933,-0.122,0.761,-0.638,-0.713,-0.687,-0.142,0.107,0.003,0.186
0.463,-0.392,-0.855,-0.035,0.659,-0.623,-0.607,-0.645,-0.304,-0.080,-0.156,0.086
0.375,-0.401,-0.776,0.013,0.576,-0.588,-0.524,-0.577,-0.395,-0.171,-0.248,0.029
0.330,-0.360,-0.690,0.015,0.510,-0.525,-0.440,-0.475,-0.345,-0.135,-0.250,-0.035
0.251,-0.324,-0.575,0.037,0.413,-0.449,-0.379,-0.413,-0.311,-0.114,-0.234,-0.047
0.176,-0.286,-0.462,0.055,0.320,-0.374,-0.321,-0.354,-0.282,-0.086,-0.218,-0.041
0.115,-0.244,-0.359,0.065,0.237,-0.301,-0.276,-0.301,-0.250,-0.045,-0.202,-0.040
0.073,-0.207,-0.280,0.067,0.177,-0.244,-0.248,-0.259,-0.215,-0.013,-0.187,-0.040
0.060,-0.180,-0.240,0.060,0.150,-0.210,-0.220,-0.215,-0.170,0.015,-0.175,-0.040
0.043,-0.151,-0.194,0.054,0.119,-0.172,-0.203,-0.178,-0.129,0.042,-0.163,-0.036
0.036,-0.135,-0.170,0.050,0.103,-0.152,-0.188,-0.144,-0.093,0.044,-0.154,-0.034
0.034,-0.124,-0.158,0.046,0.096,-0.141,-0.172,-0.104,-0.057,0.055,-0.146,-0.036
0.029,-0.112,-0.141,0.042,0.085,-0.126,-0.157,-0.058,-0.030,0.079,-0.138,-0.034
0.025,-0.100,-0.125,0.038,0.075,-0.112,-0.145,-0.015,-0.020,0.085,-0.130,-0.030
0.025,-0.088,-0.113,0.031,0.069,-0.100,-0.137,0.013,-0.012,0.094,-0.122,-0.030
0.022,-0.078,-0.101,0.028,0.062,-0.089,-0.129,0.042,-0.005,0.093,-0.113,-0.031
0.018,-0.073,-0.091,0.028,0.054,-0.081,-0.121,0.064,0.006,0.089,-0.111,-0.028
0.014,-0.069,-0.083,0.028,0.049,-0.076,-0.113,0.071,0.017,0.090,-0.116,-0.025
0.010,-0.065,-0.075,0.028,0.043,-0.070,-0.105,0.075,0.025,0.090,-0.120,-0.025
0.006,-0.061,-0.067,0.028,0.037,-0.064,-0.097,0.083,0.033,0.090,-0.124,-0.025
0.002,-0.057,-0.059,0.028,0.031,-0.058,-0.089,0.088,0.038,0.090,-0.129,-0.022
-0.002,-0.053,-0.051,0.028,0.025,-0.052,-0.082,0.092,0.042,0.090,-0.129,-0.019
-0.006,-0.049,-0.043,0.028,0.019,-0.046,-0.080,0.096,0.046,0.090,-0.124,-0.020
-0.010,-0.045,-0.035,0.028,0.013,-0.040,-0.080,0.100,0.050,0.090,-0.125,-0.020
-0.014,-0.041,-0.027,0.028,0.007,-0.034,-0.080,0.104,0.050,0.090,-0.125,-0.016
-0.018,-0.037,-0.019,0.028,0.001,-0.028,-0.080,0.108,0.049,0.090,-0.125,-0.014
-0.022,-0.033,-0.011,0.028,-0.005,-0.022,-0.080,0.112,0.052,0.090,-0.125,-0.016
-0.026,-0.029,-0.003,0.028,-0.011,-0.015,-0.080,0.116,0.056,0.091,-0.124,-0.014
-0.030,-0.025,0.005,0.027,-0.017,-0.010,-0.080,0.120,0.055,0.095,-0.120,-0.010
-0.031,-0.021,0.010,0.026,-0.021,-0.006,-0.080,0.124,0.054,0.099,-0.120,-0.010
-0.022,-0.017,0.005,0.019,-0.013,-0.005,-0.077,0.127,0.061,0.103,-0.120,-0.010
-0.009,-0.015,-0.005,0.012,-0.001,-0.009,-0.074,0.136,0.068,0.105,-0.120,-0.009
-0.005,-0.015,-0.010,0.010,0.003,-0.012,-0.075,0.146,0.070,0.105,-0.120,-0.011
-0.010,-0.015,-0.005,0.013,-0.002,-0.010,-0.075,0.145,0.070,0.105,-0.120,-0.020
-0.010,-0.015,-0.005,0.013,-0.002,-0.010,-0.075,0.144,0.069,0.105,-0.120,-0.025
-0.010,-0.015,-0.005,0.013,-0.002,-0.010,-0.075,0.151,0.079,0.105,-0.117,-0.022
-0.010,-0.015,-0.005,0.013,-0.002,-0.010,-0.075,0.158,0.087,0.105,-0.114,-0.019
-0.010,-0.015,-0.005,0.013,-0.002,-0.010,-0.075,0.160,0.085,0.105,-0.115,-0.020
-0.010,-0.015,-0.005,0.013,-0.002,-0.010,-0.075,0.160,0.085,0.105,-0.115,-0.020
-0.010,-0.015,-0.005,0.013,-0.002,-0.010,-0.071,0.160,0.085,0.105,-0.115,-0.016
-0.009,-0.015,-0.006,0.013,-0.001,-0.010,-0.070,0.159,0.084,0.105,-0.116,-0.015
-0.012,-0.015,-0.003,0.014,-0.004,-0.009,-0.070,0.164,0.088,0.105,-0.113,-0.015
-0.016,-0.015,0.000,0.015,-0.008,-0.007,-0.070,0.171,0.097,0.105,-0.110,-0.015
-0.015,-0.015,0.000,0.015,-0.007,-0.007,-0.070,0.170,0.100,0.105,-0.110,-0.015
-0.011,-0.011,0.000,0.011,-0.005,-0.005,-0.070,0.169,0.100,0.105,-0.110,-0.011
-0.010,-0.010,0.000,0.010,-0.005,-0.005,-0.070,0.179,0.103,0.105,-0.110,-0.010
-0.010,-0.010,0.000,0.010,-0.005,-0.005,-0.070,0.188,0.105,0.105,-0.110,-0.010
-0.010,-0.010,0.000,0.010,-0.005,-0.005,-0.070,0.190,0.106,0.105,-0.109,-0.010
-0.010,-0.010,0.000,0.010,-0.005,-0.005,-0.070,0.190,0.110,0.105,-0.110,-0.010
-0.010,-0.010,0.000,0.010,-0.005,-0.005,-0.066,0.190,0.110,0.105,-0.123,-0.006
-0.013,-0.010,0.003,0.011,-0.008,-0.003,-0.065,0.193,0.113,0.105,-0.123,-0.004
-0.016,-0.010,0.006,0.012,-0.011,-0.002,-0.065,0.196,0.116,0.105,-0.119,-0.006
-0.015,-0.010,0.005,0.012,-0.010,-0.002,-0.065,0.194,0.114,0.106,-0.119,-0.004
-0.015,-0.010,0.005,0.012,-0.010,-0.002,-0.065,0.195,0.115,0.110,-0.115,0.000
-0.015,-0.010,0.005,0.012,-0.010,-0.002,-0.065,0.207,0.127,0.114,-0.115,0.000
-0.015,-0.010,0.005,0.012,-0.010,-0.002,-0.065,0.214,0.134,0.115,-0.116,0.000
-0.015,-0.010,0.005,0.012,-0.010,-0.002,-0.065,0.217,0.137,0.115,-0.113,0.000
-0.014,-0.009,0.005,0.011,-0.010,-0.002,-0.064,0.221,0.141,0.115,-0.110,0.001
-0.010,-0.005,0.005,0.007,-0.007,0.000,-0.060,0.225,0.145,0.115,-0.110,0.005
-0.009,-0.005,0.005,0.006,-0.006,0.000,-0.060,0.225,0.145,0.114,-0.110,0.005
-0.014,-0.006,0.008,0.009,-0.010,0.001,-0.060,0.227,0.148,0.121,-0.107,0.005
-0.014,-0.003,0.011,0.008,-0.012,0.003,-0.060,0.234,0.150,0.128,-0.104,0.005
-0.009,0.000,0.010,0.004,-0.010,0.005,-0.060,0.242,0.151,0.130,-0.105,0.006
-0.010,0.000,0.010,0.005,-0.010,0.005,-0.060,0.250,0.160,0.130,-0.105,0.010
-0.011,0.000,0.010,0.006,-0.010,0.005,-0.060,0.254,0.164,0.130,-0.101,0.010
-0.006,0.003,0.009,0.002,-0.008,0.006,-0.061,0.258,0.168,0.133,-0.099,0.010
-0.006,0.006,0.012,0.000,-0.010,0.008,-0.058,0.262,0.173,0.136,-0.101,0.010
-0.011,0.005,0.015,0.002,-0.014,0.010,-0.055,0.266,0.175,0.135,-0.099,0.011
-0.010,0.005,0.015,0.002,-0.013,0.010,-0.055,0.270,0.175,0.135,-0.095,0.015
-0.006,0.009,0.015,-0.002,-0.010,0.012,-0.055,0.275,0.179,0.139,-0.095,0.015
-0.004,0.011,0.015,-0.004,-0.010,0.012,-0.055,0.275,0.179,0.143,-0.092,0.015
-0.006,0.009,0.015,-0.002,-0.010,0.012,-0.055,0.278,0.185,0.147,-0.089,0.015
-0.004,0.011,0.015,-0.004,-0.009,0.012,-0.055,0.287,0.197,0.150,-0.090,0.016
0.000,0.015,0.015,-0.008,-0.008,0.015,-0.055,0.295,0.200,0.150,-0.090,0.020
-0.004,0.015,0.019,-0.006,-0.012,0.017,-0.055,0.299,0.200,0.154,-0.086,0.020
-0.006,0.014,0.020,-0.004,-0.014,0.017,-0.056,0.303,0.203,0.155,-0.085,0.020
-0.003,0.017,0.020,-0.007,-0.012,0.018,-0.053,0.307,0.207,0.157,-0.083,0.020
0.000,0.020,0.020,-0.010,-0.010,0.020,-0.050,0.312,0.212,0.160,-0.079,0.020
0.000,0.020,0.020,-0.010,-0.010,0.020,-0.050,0.320,0.220,0.160,-0.080,0.020
0.000,0.020,0.020,-0.010,-0.010,0.020,-0.046,0.328,0.229,0.164,-0.081,0.024
0.000,0.023,0.023,-0.012,-0.012,0.023,-0.044,0.337,0.233,0.165,-0.077,0.025
0.000,0.026,0.026,-0.013,-0.013,0.026,-0.046,0.342,0.239,0.167,-0.075,0.025
0.000,0.025,0.025,-0.013,-0.013,0.025,-0.044,0.347,0.246,0.170,-0.074,0.025
0.000,0.025,0.025,-0.013,-0.013,0.025,-0.040,0.355,0.250,0.170,-0.070,0.025
0.000,0.025,0.025,-0.013,-0.013,0.025,-0.040,0.362,0.257,0.174,-0.070,0.029
0.003,0.028,0.025,-0.016,-0.011,0.026,-0.041,0.381,0.270,0.175,-0.071,0.030
0.007,0.032,0.025,-0.020,-0.009,0.028,-0.038,0.393,0.275,0.176,-0.068,0.030
0.011,0.036,0.025,-0.024,-0.007,0.030,-0.035,0.397,0.276,0.181,-0.065,0.030
0.015,0.040,0.025,-0.028,-0.005,0.032,-0.035,0.410,0.290,0.185,-0.065,0.030
0.019,0.044,0.025,-0.032,-0.003,0.034,-0.035,0.422,0.307,0.189,-0.065,0.029
0.024,0.049,0.025,-0.037,-0.001,0.037,-0.032,0.434,0.316,0.193,-0.062,0.039
0.025,0.050,0.025,-0.038,0.000,0.037,-0.029,0.445,0.327,0.197,-0.058,0.048
0.026,0.051,0.025,-0.039,0.000,0.037,-0.030,0.451,0.335,0.200,-0.054,0.050
0.030,0.055,0.025,-0.043,0.002,0.040,-0.030,0.460,0.335,0.200,-0.050,0.050
0.030,0.055,0.025,-0.043,0.002,0.040,-0.026,0.480,0.356,0.204,-0.046,0.050
0.033,0.058,0.025,-0.046,0.004,0.041,-0.022,0.495,0.364,0.204,-0.041,0.053
0.035,0.060,0.025,-0.048,0.005,0.042,-0.018,0.507,0.369,0.209,-0.040,0.056
0.036,0.061,0.025,-0.049,0.005,0.042,-0.015,0.524,0.384,0.216,-0.039,0.055
0.040,0.065,0.025,-0.053,0.007,0.045,-0.015,0.540,0.400,0.220,-0.030,0.055
0.044,0.069,0.025,-0.057,0.009,0.047,-0.011,0.556,0.416,0.232,-0.026,0.059
0.049,0.074,0.025,-0.062,0.012,0.049,-0.006,0.573,0.432,0.242,-0.022,0.063
0.050,0.075,0.025,-0.063,0.012,0.050,-0.005,0.586,0.446,0.249,-0.018,0.067
0.051,0.076,0.025,-0.064,0.012,0.050,-0.004,0.598,0.458,0.257,-0.014,0.070
0.055,0.080,0.025,-0.068,0.015,0.052,0.000,0.615,0.470,0.260,-0.010,0.070
0.055,0.080,0.025,-0.068,0.015,0.052,0.005,0.635,0.482,0.258,-0.006,0.070
0.055,0.083,0.028,-0.069,0.013,0.055,0.005,0.655,0.494,0.273,0.001,0.070
0.054,0.086,0.032,-0.071,0.011,0.059,0.007,0.673,0.507,0.281,0.008,0.070
0.057,0.092,0.036,-0.075,0.010,0.064,0.010,0.689,0.525,0.282,0.011,0.071
0.065,0.105,0.040,-0.085,0.012,0.072,0.010,0.705,0.545,0.295,0.015,0.075
0.069,0.114,0.045,-0.092,0.011,0.079,0.013,0.721,0.565,0.299,0.019,0.079
0.076,0.118,0.042,-0.098,0.017,0.080,0.021,0.740,0.585,0.308,0.023,0.083
0.082,0.122,0.040,-0.102,0.021,0.080,0.028,0.758,0.606,0.320,0.027,0.087
0.087,0.127,0.039,-0.107,0.023,0.083,0.030,0.774,0.624,0.326,0.031,0.091
0.100,0.135,0.035,-0.118,0.032,0.085,0.030,0.790,0.635,0.330,0.035,0.095
0.105,0.140,0.035,-0.123,0.035,0.087,0.030,0.805,0.651,0.342,0.039,0.099
0.104,0.140,0.036,-0.123,0.034,0.087,0.031,0.828,0.667,0.352,0.046,0.103
0.107,0.140,0.033,-0.124,0.037,0.086,0.028,0.851,0.682,0.356,0.052,0.108
0.109,0.139,0.030,-0.124,0.040,0.085,0.025,0.869,0.700,0.363,0.058,0.118
0.110,0.140,0.030,-0.125,0.040,0.085,0.025,0.885,0.725,0.380,0.070,0.130
0.130,0.156,0.026,-0.143,0.052,0.091,0.021,0.900,0.749,0.397,0.074,0.134
0.143,0.167,0.024,-0.156,0.059,0.095,0.020,0.922,0.773,0.407,0.084,0.138
0.146,0.172,0.026,-0.160,0.060,0.099,0.018,0.934,0.796,0.414,0.093,0.141
0.152,0.176,0.024,-0.164,0.063,0.100,0.015,0.945,0.814,0.422,0.097,0.148
0.160,0.180,0.020,-0.170,0.070,0.100,0.015,0.970,0.830,0.430,0.105,0.165
0.164,0.184,0.020,-0.174,0.071,0.102,0.011,0.978,0.845,0.438,0.109,0.170
0.171,0.188,0.017,-0.180,0.077,0.102,0.009,0.994,0.866,0.446,0.118,0.172
0.178,0.193,0.014,-0.186,0.082,0.103,0.011,1.014,0.882,0.455,0.132,0.179
0.179,0.195,0.015,-0.188,0.081,0.105,0.009,1.028,0.901,0.469,0.142,0.186
0.180,0.195,0.015,-0.188,0.082,0.105,0.005,1.040,0.930,0.485,0.150,0.190
0.196,0.207,0.011,-0.202,0.093,0.109,0.005,1.048,0.947,0.493,0.158,0.198
0.205,0.214,0.009,-0.210,0.098,0.111,0.002,1.059,0.961,0.501,0.164,0.204
0.205,0.216,0.011,-0.210,0.096,0.113,0.000,1.068,0.979,0.507,0.164,0.205
0.206,0.214,0.009,-0.210,0.098,0.111,-0.001,1.070,0.992,0.511,0.167,0.206
0.210,0.210,0.000,-0.210,0.105,0.105,-0.005,1.070,1.000,0.515,0.180,0.215
0.215,0.210,-0.004,-0.212,0.110,0.103,-0.005,1.070,1.012,0.519,0.185,0.220
0.214,0.207,-0.007,-0.210,0.111,0.099,-0.008,1.073,1.022,0.522,0.185,0.220
0.218,0.204,-0.014,-0.211,0.116,0.095,-0.011,1.075,1.027,0.529,0.185,0.221
0.227,0.205,-0.021,-0.216,0.124,0.092,-0.010,1.076,1.032,0.536,0.193,0.228
0.230,0.205,-0.025,-0.217,0.127,0.090,-0.010,1.075,1.040,0.540,0.205,0.240
0.230,0.201,-0.029,-0.215,0.129,0.086,-0.018,1.059,1.032,0.545,0.201,0.245
0.233,0.199,-0.033,-0.216,0.133,0.083,-0.026,1.046,1.026,0.543,0.199,0.246
0.237,0.201,-0.037,-0.218,0.137,0.082,-0.034,1.032,1.023,0.537,0.201,0.243
0.241,0.199,-0.042,-0.220,0.141,0.079,-0.042,1.017,1.019,0.535,0.199,0.240
0.245,0.195,-0.050,-0.220,0.147,0.072,-0.050,1.005,1.015,0.535,0.195,0.240
0.249,0.195,-0.055,-0.222,0.151,0.070,-0.059,0.985,1.011,0.531,0.195,0.236
0.250,0.196,-0.055,-0.222,0.152,0.071,-0.062,0.966,1.009,0.526,0.196,0.235
0.250,0.193,-0.057,-0.221,0.153,0.068,-0.071,0.942,0.995,0.526,0.193,0.233
0.250,0.189,-0.061,-0.220,0.155,0.064,-0.082,0.913,0.970,0.523,0.190,0.230
0.250,0.190,-0.060,-0.220,0.155,0.065,-0.085,0.885,0.950,0.510,0.190,0.230
0.247,0.191,-0.056,-0.219,0.151,0.067,-0.093,0.849,0.922,0.502,0.190,0.226
0.237,0.182,-0.055,-0.209,0.146,0.063,-0.099,0.816,0.895,0.491,0.191,0.225
0.223,0.170,-0.053,-0.196,0.138,0.058,-0.102,0.781,0.863,0.481,0.185,0.223
0.213,0.163,-0.050,-0.188,0.131,0.056,-0.107,0.740,0.826,0.472,0.172,0.220
0.205,0.155,-0.050,-0.180,0.127,0.052,-0.115,0.705,0.790,0.455,0.160,0.220
0.193,0.147,-0.046,-0.169,0.119,0.051,-0.123,0.669,0.746,0.439,0.148,0.209
0.184,0.139,-0.045,-0.161,0.114,0.047,-0.129,0.633,0.704,0.423,0.136,0.195
0.174,0.131,-0.043,-0.152,0.108,0.044,-0.130,0.597,0.665,0.407,0.124,0.186
0.163,0.123,-0.040,-0.143,0.101,0.041,-0.131,0.561,0.625,0.391,0.112,0.177
0.155,0.115,-0.040,-0.135,0.097,0.037,-0.135,0.525,0.585,0.375,0.100,0.165
0.147,0.111,-0.036,-0.128,0.091,0.037,-0.135,0.489,0.545,0.359,0.088,0.152
0.142,0.107,-0.035,-0.124,0.088,0.036,-0.138,0.453,0.505,0.340,0.076,0.144
0.137,0.103,-0.034,-0.120,0.085,0.035,-0.140,0.419,0.467,0.321,0.064,0.134
0.128,0.099,-0.029,-0.113,0.078,0.035,-0.141,0.387,0.431,0.306,0.052,0.123
0.120,0.095,-0.025,-0.107,0.072,0.035,-0.145,0.355,0.395,0.290,0.040,0.115
0.112,0.091,-0.021,-0.102,0.067,0.035,-0.145,0.327,0.359,0.274,0.032,0.107
0.101,0.084,-0.017,-0.092,0.059,0.033,-0.148,0.299,0.325,0.258,0.022,0.099
0.090,0.077,-0.013,-0.083,0.051,0.032,-0.151,0.273,0.295,0.242,0.008,0.091
0.084,0.074,-0.010,-0.079,0.046,0.032,-0.150,0.249,0.269,0.227,-0.002,0.083
0.080,0.070,-0.010,-0.075,0.045,0.030,-0.150,0.225,0.245,0.215,-0.010,0.075
0.072,0.066,-0.006,-0.069,0.039,0.030,-0.150,0.205,0.221,0.203,-0.022,0.067
0.064,0.062,-0.002,-0.063,0.033,0.030,-0.150,0.185,0.197,0.194,-0.031,0.059
0.056,0.058,0.002,-0.057,0.027,0.030,-0.150,0.167,0.173,0.185,-0.039,0.051
0.048,0.054,0.006,-0.051,0.021,0.030,-0.150,0.151,0.150,0.172,-0.047,0.043
0.040,0.050,0.010,-0.045,0.015,0.030,-0.150,0.135,0.130,0.160,-0.055,0.035
0.032,0.046,0.014,-0.039,0.008,0.030,-0.150,0.119,0.110,0.152,-0.063,0.027
0.027,0.045,0.018,-0.036,0.004,0.031,-0.150,0.106,0.093,0.144,-0.071,0.019
0.021,0.043,0.022,-0.032,-0.001,0.032,-0.150,0.094,0.077,0.136,-0.079,0.011
0.014,0.040,0.025,-0.028,-0.005,0.032,-0.150,0.083,0.062,0.128,-0.086,0.004
0.015,0.040,0.025,-0.028,-0.005,0.032,-0.150,0.075,0.050,0.120,-0.090,0.000
0.011,0.036,0.025,-0.024,-0.007,0.030,-0.154,0.067,0.038,0.112,-0.094,-0.004
0.010,0.035,0.025,-0.023,-0.008,0.030,-0.155,0.056,0.026,0.104,-0.099,-0.008
0.009,0.034,0.025,-0.022,-0.008,0.029,-0.155,0.046,0.016,0.096,-0.100,-0.012
0.004,0.029,0.025,-0.017,-0.011,0.026,-0.155,0.038,0.008,0.089,-0.101,-0.016
0.000,0.025,0.025,-0.013,-0.013,0.025,-0.155,0.030,0.000,0.085,-0.110,-0.020
0.000,0.025,0.025,-0.013,-0.013,0.025,-0.155,0.026,-0.008,0.081,-0.118,-0.024
-0.003,0.022,0.025,-0.010,-0.014,0.023,-0.155,0.022,-0.016,0.077,-0.123,-0.028
-0.005,0.020,0.025,-0.008,-0.015,0.022,-0.155,0.018,-0.024,0.073,-0.127,-0.032
-0.006,0.019,0.025,-0.007,-0.015,0.022,-0.155,0.014,-0.032,0.069,-0.130,-0.035
-0.010,0.015,0.025,-0.003,-0.018,0.020,-0.155,0.010,-0.040,0.065,-0.130,-0.035
-0.014,0.015,0.029,-0.001,-0.022,0.022,-0.155,0.010,-0.045,0.061,-0.130,-0.035
-0.018,0.012,0.030,0.003,-0.025,0.021,-0.155,0.007,-0.045,0.057,-0.133,-0.035
-0.020,0.009,0.030,0.005,-0.025,0.020,-0.155,0.003,-0.047,0.054,-0.136,-0.037
-0.020,0.010,0.030,0.005,-0.025,0.020,-0.154,-0.001,-0.050,0.055,-0.135,-0.041
-0.020,0.010,0.030,0.005,-0.025,0.020,-0.150,-0.005,-0.050,0.055,-0.135,-0.045
-0.020,0.010,0.030,0.005,-0.025,0.020,-0.150,-0.009,-0.057,0.051,-0.143,-0.049
-0.023,0.010,0.033,0.006,-0.028,0.021,-0.150,-0.011,-0.070,0.050,-0.149,-0.050
-0.026,0.010,0.036,0.007,-0.031,0.022,-0.150,-0.008,-0.078,0.050,-0.150,-0.050
-0.025,0.010,0.035,0.007,-0.030,0.022,-0.150,-0.005,-0.080,0.050,-0.150,-0.050
-0.025,0.010,0.035,0.007,-0.030,0.022,-0.150,-0.005,-0.080,0.050,-0.150,-0.050
-0.025,0.010,0.035,0.007,-0.030,0.022,-0.146,-0.005,-0.080,0.046,-0.150,-0.050
-0.025,0.010,0.036,0.007,-0.031,0.022,-0.145,-0.005,-0.080,0.045,-0.150,-0.050
-0.023,0.010,0.033,0.006,-0.028,0.021,-0.145,-0.005,-0.080,0.045,-0.150,-0.050
-0.019,0.010,0.030,0.005,-0.024,0.020,-0.145,-0.005,-0.081,0.045,-0.151,-0.049
-0.020,0.010,0.030,0.005,-0.025,0.020,-0.145,-0.005,-0.085,0.045,-0.155,-0.050
-0.024,0.006,0.030,0.009,-0.028,0.018,-0.145,-0.005,-0.085,0.041,-0.155,-0.063
-0.025,0.005,0.030,0.010,-0.028,0.017,-0.146,-0.002,-0.085,0.039,-0.157,-0.066
-0.025,0.005,0.030,0.010,-0.028,0.017,-0.143,0.001,-0.085,0.041,-0.163,-0.065
-0.025,0.005,0.030,0.010,-0.028,0.017,-0.140,0.000,-0.085,0.039,-0.164,-0.065
-0.025,0.005,0.030,0.010,-0.028,0.017,-0.140,0.000,-0.085,0.035,-0.160,-0.065
-0.025,0.005,0.030,0.010,-0.028,0.017,-0.140,0.000,-0.081,0.035,-0.160,-0.065
-0.025,0.005,0.030,0.010,-0.028,0.017,-0.140,0.000,-0.080,0.035,-0.160,-0.065
-0.025,0.005,0.030,0.010,-0.028,0.017,-0.140,0.000,-0.080,0.035,-0.160,-0.065
-0.025,0.005,0.030,0.010,-0.028,0.017,-0.139,0.000,-0.080,0.034,-0.160,-0.065
-0.025,0.005,0.030,0.010,-0.028,0.017,-0.135,0.000,-0.080,0.030,-0.160,-0.065
-0.025,0.005,0.030,0.010,-0.028,0.017,-0.135,0.004,-0.080,0.030,-0.160,-0.065
-0.025,0.005,0.030,0.010,-0.028,0.017,-0.135,0.005,-0.080,0.030,-0.160,-0.065
-0.025,0.005,0.030,0.010,-0.028,0.017,-0.135,0.005,-0.080,0.030,-0.160,-0.065
-0.024,0.006,0.030,0.009,-0.028,0.017,-0.135,0.005,-0.080,0.029,-0.160,-0.065
-0.020,0.010,0.030,0.005,-0.025,0.020,-0.135,0.005,-0.080,0.025,-0.160,-0.065
-0.020,0.010,0.030,0.005,-0.025,0.020,-0.135,0.005,-0.080,0.025,-0.160,-0.065
-0.020,0.010,0.030,0.005,-0.025,0.020,-0.138,0.005,-0.080,0.025,-0.161,-0.065
-0.020,0.010,0.030,0.005,-0.025,0.020,-0.141,0.005,-0.080,0.025,-0.158,-0.065
-0.020,0.010,0.030,0.005,-0.025,0.020,-0.140,0.005,-0.079,0.025,-0.155,-0.065
-0.020,0.010,0.030,0.005,-0.025,0.020,-0.140,0.005,-0.075,0.025,-0.155,-0.065
-0.016,0.014,0.030,0.001,-0.023,0.022,-0.140,0.009,-0.075,0.025,-0.155,-0.065
-0.015,0.015,0.030,0.000,-0.023,0.022,-0.140,0.011,-0.075,0.025,-0.155,-0.065
-0.015,0.015,0.030,0.000,-0.023,0.022,-0.140,0.009,-0.075,0.025,-0.155,-0.064
-0.015,0.015,0.030,0.000,-0.023,0.022,-0.141,0.011,-0.075,0.025,-0.155,-0.066
-0.015,0.015,0.030,0.000,-0.023,0.022,-0.145,0.015,-0.075,0.025,-0.155,-0.070
-0.019,0.015,0.034,0.002,-0.027,0.025,-0.145,0.015,-0.075,0.025,-0.155,-0.066
-0.021,0.014,0.035,0.003,-0.029,0.025,-0.145,0.014,-0.075,0.026,-0.155,-0.064
-0.018,0.017,0.035,0.000,-0.027,0.026,-0.145,0.017,-0.075,0.023,-0.155,-0.065
-0.015,0.020,0.035,-0.003,-0.025,0.027,-0.145,0.020,-0.075,0.020,-0.155,-0.065
-0.015,0.020,0.035,-0.003,-0.025,0.027,-0.145,0.020,-0.075,0.020,-0.155,-0.065
-0.015,0.020,0.035,-0.003,-0.025,0.027,-0.145,0.020,-0.075,0.020,-0.155,-0.065
-0.015,0.020,0.035,-0.003,-0.025,0.027,-0.144,0.021,-0.075,0.020,-0.152,-0.065
-0.015,0.020,0.035,-0.003,-0.025,0.027,-0.147,0.018,-0.075,0.020,-0.149,-0.065
-0.014,0.021,0.035,-0.004,-0.025,0.027,-0.150,0.015,-0.075,0.020,-0.150,-0.064
-0.010,0.025,0.035,-0.008,-0.023,0.030,-0.150,0.015,-0.075,0.020,-0.150,-0.060
-0.010,0.025,0.035,-0.008,-0.023,0.030,-0.150,0.015,-0.075,0.020,-0.150,-0.060
-0.010,0.025,0.035,-0.008,-0.023,0.030,-0.150,0.016,-0.075,0.020,-0.150,-0.060
-0.010,0.025,0.035,-0.008,-0.023,0.030,-0.150,0.013,-0.075,0.020,-0.150,-0.060
-0.010,0.025,0.035,-0.008,-0.023,0.030,-0.150,0.010,-0.075,0.020,-0.150,-0.060
-0.010,0.025,0.035,-0.008,-0.023,0.030,-0.150,0.010,-0.075,0.020,-0.150,-0.060
-0.010,0.025,0.035,-0.008,-0.023,0.030,-0.150,0.010,-0.075,0.020,-0.150,-0.060
-0.007,0.028,0.035,-0.011,-0.021,0.031,-0.153,0.011,-0.075,0.017,-0.150,-0.061
-0.004,0.031,0.035,-0.014,-0.020,0.032,-0.156,0.008,-0.075,0.014,-0.150,-0.058
-0.005,0.030,0.035,-0.013,-0.020,0.032,-0.155,0.005,-0.075,0.015,-0.150,-0.055
-0.005,0.030,0.035,-0.013,-0.020,0.032,-0.155,0.005,-0.075,0.015,-0.150,-0.055
-0.005,0.030,0.035,-0.013,-0.020,0.032,-0.155,0.005,-0.075,0.015,-0.146,-0.055
-0.006,0.029,0.035,-0.012,-0.020,0.032,-0.154,0.005,-0.075,0.015,-0.145,-0.055
-0.003,0.032,0.035,-0.015,-0.019,0.033,-0.157,0.005,-0.075,0.015,-0.145,-0.055
0.000,0.035,0.035,-0.018,-0.018,0.035,-0.160,0.004,-0.075,0.015,-0.145,-0.055
0.000,0.035,0.035,-0.018,-0.018,0.035,-0.160,0.000,-0.075,0.015,-0.145,-0.055
0.000,0.035,0.035,-0.018,-0.018,0.035,-0.160,0.000,-0.075,0.015,-0.145,-0.055
0.000,0.035,0.034,-0.018,-0.018,0.035,-0.160,0.000,-0.075,0.015,-0.145,-0.054
-0.001,0.035,0.037,-0.017,-0.020,0.036,-0.160,0.000,-0.075,0.015,-0.145,-0.058
-0.006,0.034,0.040,-0.014,-0.024,0.037,-0.161,-0.001,-0.075,0.015,-0.145,-0.067
-0.010,0.030,0.040,-0.010,-0.025,0.035,-0.165,-0.005,-0.075,0.015,-0.145,-0.070
-0.010,0.030,0.040,-0.010,-0.025,0.035,-0.165,-0.005,-0.075,0.015,-0.145,-0.070
-0.010,0.030,0.040,-0.010,-0.025,0.035,-0.165,-0.005,-0.075,0.015,-0.145,-0.070
-0.010,0.030,0.040,-0.010,-0.025,0.035,-0.165,-0.005,-0.075,0.015,-0.145,-0.070
-0.010,0.030,0.040,-0.010,-0.025,0.035,-0.165,-0.005,-0.075,0.015,-0.146,-0.070
-0.010,0.030,0.040,-0.010,-0.025,0.035,-0.165,-0.005,-0.075,0.015,-0.150,-0.070
-0.010,0.030,0.040,-0.010,-0.025,0.035,-0.165,-0.009,-0.079,0.015,-0.150,-0.070
-0.010,0.030,0.040,-0.010,-0.025,0.035,-0.165,-0.010,-0.080,0.015,-0.150,-0.069
-0.010,0.030,0.040,-0.010,-0.025,0.035,-0.165,-0.012,-0.082,0.015,-0.150,-0.072
-0.010,0.030,0.040,-0.010,-0.025,0.035,-0.165,-0.016,-0.085,0.015,-0.150,-0.075
-0.010,0.030,0.040,-0.010,-0.025,0.035,-0.165,-0.015,-0.085,0.015,-0.150,-0.075
-0.010,0.030,0.040,-0.010,-0.025,0.035,-0.165,-0.015,-0.089,0.015,-0.150,-0.075
-0.010,0.030,0.040,-0.010,-0.025,0.035,-0.165,-0.018,-0.093,0.015,-0.150,-0.075
-0.010,0.030,0.040,-0.010,-0.025,0.035,-0.165,-0.021,-0.097,0.015,-0.150,-0.075
-0.010,0.030,0.040,-0.010,-0.025,0.035,-0.165,-0.020,-0.100,0.014,-0.150,-0.075
-0.010,0.030,0.040,-0.010,-0.025,0.035,-0.165,-0.020,-0.100,0.010,-0.150,-0.075
-0.014,0.030,0.044,-0.008,-0.029,0.037,-0.165,-0.024,-0.100,0.010,-0.150,-0.075
-0.015,0.030,0.045,-0.008,-0.030,0.037,-0.165,-0.026,-0.100,0.007,-0.153,-0.078
-0.015,0.030,0.045,-0.008,-0.030,0.037,-0.165,-0.024,-0.100,0.005,-0.156,-0.081
-0.015,0.030,0.045,-0.008,-0.030,0.037,-0.165,-0.026,-0.100,0.004,-0.155,-0.080
-0.015,0.030,0.045,-0.008,-0.030,0.037,-0.165,-0.030,-0.100,0.000,-0.155,-0.080
-0.015,0.030,0.045,-0.008,-0.030,0.037,-0.165,-0.030,-0.104,0.000,-0.159,-0.080
-0.018,0.030,0.048,-0.006,-0.033,0.039,-0.165,-0.033,-0.106,-0.003,-0.161,-0.080
-0.021,0.030,0.051,-0.005,-0.036,0.040,-0.165,-0.036,-0.104,-0.006,-0.159,-0.080
-0.020,0.030,0.050,-0.005,-0.035,0.040,-0.165,-0.035,-0.106,-0.005,-0.161,-0.081
-0.020,0.030,0.050,-0.005,-0.035,0.040,-0.165,-0.035,-0.110,-0.005,-0.165,-0.085
-0.020,0.030,0.050,-0.005,-0.035,0.040,-0.165,-0.039,-0.110,-0.009,-0.165,-0.085
-0.017,0.033,0.050,-0.008,-0.034,0.041,-0.165,-0.041,-0.109,-0.010,-0.165,-0.085
-0.014,0.036,0.050,-0.011,-0.033,0.042,-0.165,-0.039,-0.112,-0.012,-0.165,-0.085
-0.015,0.035,0.050,-0.010,-0.033,0.042,-0.165,-0.041,-0.115,-0.015,-0.165,-0.085
-0.015,0.035,0.050,-0.010,-0.033,0.042,-0.165,-0.045,-0.115,-0.015,-0.165,-0.085
-0.015,0.035,0.050,-0.010,-0.033,0.042,-0.165,-0.045,-0.119,-0.019,-0.169,-0.089
-0.015,0.035,0.050,-0.010,-0.033,0.042,-0.165,-0.044,-0.120,-0.020,-0.170,-0.090
-0.015,0.035,0.050,-0.010,-0.033,0.042,-0.165,-0.047,-0.122,-0.022,-0.170,-0.090
-0.015,0.035,0.050,-0.010,-0.033,0.042,-0.165,-0.050,-0.125,-0.026,-0.170,-0.090
-0.015,0.035,0.050,-0.010,-0.033,0.042,-0.165,-0.050,-0.125,-0.025,-0.170,-0.090
-0.019,0.035,0.054,-0.008,-0.037,0.045,-0.165,-0.054,-0.129,-0.025,-0.170,-0.090
-0.020,0.035,0.055,-0.008,-0.038,0.045,-0.165,-0.055,-0.131,-0.028,-0.173,-0.093
-0.022,0.035,0.057,-0.006,-0.040,0.045,-0.165,-0.057,-0.128,-0.031,-0.176,-0.095
-0.025,0.036,0.060,-0.006,-0.043,0.048,-0.165,-0.060,-0.125,-0.030,-0.175,-0.096
-0.020,0.040,0.060,-0.010,-0.040,0.050,-0.165,-0.060,-0.125,-0.030,-0.175,-0.100
-0.020,0.040,0.060,-0.010,-0.040,0.050,-0.165,-0.060,-0.125,-0.030,-0.175,-0.100
-0.020,0.040,0.060,-0.010,-0.040,0.050,-0.165,-0.060,-0.125,-0.030,-0.175,-0.100
-0.020,0.040,0.060,-0.010,-0.040,0.050,-0.165,-0.060,-0.125,-0.030,-0.175,-0.100
-0.020,0.040,0.060,-0.010,-0.040,0.050,-0.165,-0.060,-0.125,-0.031,-0.175,-0.100
-0.020,0.040,0.060,-0.010,-0.040,0.050,-0.165,-0.060,-0.125,-0.035,-0.175,-0.100
-0.020,0.040,0.060,-0.010,-0.040,0.050,-0.165,-0.060,-0.125,-0.035,-0.179,-0.100
-0.020,0.040,0.060,-0.010,-0.040,0.050,-0.165,-0.060,-0.125,-0.034,-0.180,-0.100
-0.020,0.040,0.060,-0.010,-0.040,0.050,-0.165,-0.060,-0.125,-0.037,-0.180,-0.100
-0.020,0.040,0.060,-0.010,-0.040,0.050,-0.165,-0.060,-0.125,-0.040,-0.180,-0.100
-0.020,0.040,0.060,-0.010,-0.040,0.050,-0.165,-0.060,-0.125,-0.040,-0.180,-0.100
-0.020,0.040,0.060,-0.010,-0.040,0.050,-0.165,-0.064,-0.133,-0.040,-0.180,-0.104
-0.020,0.040,0.060,-0.010,-0.040,0.050,-0.165,-0.066,-0.139,-0.043,-0.180,-0.105
-0.020,0.040,0.060,-0.010,-0.040,0.050,-0.165,-0.064,-0.140,-0.046,-0.180,-0.105
-0.020,0.040,0.060,-0.010,-0.040,0.050,-0.166,-0.066,-0.140,-0.045,-0.181,-0.105
-0.020,0.040,0.060,-0.010,-0.040,0.050,-0.170,-0.070,-0.140,-0.045,-0.185,-0.105
-0.020,0.040,0.060,-0.010,-0.040,0.050,-0.170,-0.070,-0.140,-0.045,-0.185,-0.105
-0.020,0.040,0.060,-0.010,-0.040,0.050,-0.170,-0.070,-0.140,-0.044,-0.184,-0.105
-0.020,0.040,0.060,-0.010,-0.040,0.050,-0.170,-0.070,-0.140,-0.047,-0.187,-0.105
-0.020,0.040,0.060,-0.010,-0.040,0.050,-0.170,-0.070,-0.141,-0.050,-0.190,-0.105
-0.020,0.040,0.060,-0.010,-0.040,0.050,-0.170,-0.070,-0.145,-0.050,-0.190,-0.105
-0.020,0.040,0.060,-0.010,-0.040,0.050,-0.170,-0.070,-0.145,-0.050,-0.190,-0.105
-0.020,0.040,0.060,-0.010,-0.040,0.050,-0.170,-0.070,-0.145,-0.050,-0.187,-0.108
-0.020,0.040,0.060,-0.010,-0.040,0.050,-0.170,-0.070,-0.145,-0.050,-0.184,-0.112
-0.020,0.040,0.060,-0.010,-0.040,0.050,-0.170,-0.070,-0.145,-0.051,-0.185,-0.116
-0.020,0.040,0.060,-0.010,-0.040,0.050,-0.170,-0.070,-0.145,-0.055,-0.185,-0.120
-0.020,0.040,0.060,-0.010,-0.040,0.050,-0.170,-0.070,-0.149,-0.055,-0.185,-0.120
-0.023,0.037,0.060,-0.007,-0.042,0.048,-0.170,-0.070,-0.150,-0.055,-0.185,-0.120
-0.026,0.034,0.060,-0.004,-0.043,0.047,-0.170,-0.070,-0.150,-0.055,-0.185,-0.120
-0.025,0.035,0.060,-0.005,-0.043,0.047,-0.170,-0.070,-0.150,-0.055,-0.185,-0.120
-0.025,0.035,0.060,-0.005,-0.043,0.047,-0.170,-0.070,-0.150,-0.055,-0.185,-0.120
-0.029,0.031,0.060,-0.001,-0.045,0.045,-0.170,-0.070,-0.150,-0.059,-0.185,-0.120
-0.031,0.029,0.060,0.001,-0.045,0.045,-0.170,-0.070,-0.153,-0.060,-0.185,-0.120
-0.029,0.031,0.060,-0.001,-0.045,0.046,-0.170,-0.070,-0.155,-0.060,-0.185,-0.120
-0.031,0.028,0.059,0.001,-0.045,0.044,-0.170,-0.070,-0.156,-0.060,-0.185,-0.120
-0.035,0.025,0.060,0.005,-0.048,0.042,-0.170,-0.070,-0.160,-0.060,-0.185,-0.120
-0.029,0.048,0.077,-0.010,-0.053,0.062,-0.169,-0.074,-0.161,-0.060,-0.185,-0.120
-0.011,0.067,0.079,-0.028,-0.045,0.072,-0.180,-0.079,-0.157,-0.063,-0.185,-0.120
-0.005,0.069,0.074,-0.032,-0.040,0.071,-0.185,-0.080,-0.155,-0.066,-0.185,-0.120
-0.011,0.064,0.075,-0.027,-0.044,0.070,-0.179,-0.080,-0.155,-0.065,-0.185,-0.120
-0.010,0.065,0.075,-0.028,-0.043,0.070,-0.180,-0.080,-0.155,-0.065,-0.185,-0.120
-0.009,0.066,0.075,-0.029,-0.043,0.070,-0.180,-0.080,-0.155,-0.065,-0.185,-0.120
-0.013,0.062,0.075,-0.025,-0.044,0.068,-0.180,-0.080,-0.155,-0.065,-0.185,-0.120
-0.016,0.059,0.075,-0.022,-0.045,0.067,-0.180,-0.080,-0.155,-0.065,-0.185,-0.120
-0.015,0.060,0.075,-0.023,-0.045,0.067,-0.180,-0.080,-0.155,-0.065,-0.185,-0.120
-0.015,0.060,0.075,-0.023,-0.045,0.067,-0.180,-0.080,-0.155,-0.065,-0.185,-0.120
-0.019,0.056,0.075,-0.019,-0.047,0.065,-0.180,-0.080,-0.155,-0.065,-0.185,-0.120
-0.021,0.054,0.075,-0.017,-0.048,0.065,-0.177,-0.080,-0.155,-0.065,-0.185,-0.120
-0.019,0.056,0.075,-0.019,-0.048,0.065,-0.174,-0.080,-0.155,-0.065,-0.185,-0.120
-0.021,0.054,0.075,-0.017,-0.048,0.064,-0.175,-0.080,-0.155,-0.065,-0.186,-0.120
-0.025,0.050,0.075,-0.013,-0.050,0.062,-0.175,-0.080,-0.155,-0.065,-0.190,-0.120
-0.025,0.050,0.075,-0.013,-0.050,0.062,-0.175,-0.084,-0.155,-0.065,-0.190,-0.120
-0.024,0.051,0.075,-0.014,-0.050,0.062,-0.175,-0.085,-0.155,-0.065,-0.190,-0.123
-0.027,0.048,0.075,-0.011,-0.051,0.061,-0.175,-0.085,-0.155,-0.065,-0.190,-0.126
-0.030,0.045,0.075,-0.008,-0.053,0.060,-0.175,-0.085,-0.155,-0.066,-0.190,-0.125
-0.030,0.045,0.075,-0.008,-0.053,0.060,-0.175,-0.085,-0.155,-0.070,-0.190,-0.125
-0.030,0.045,0.075,-0.008,-0.053,0.060,-0.171,-0.085,-0.155,-0.070,-0.190,-0.125
-0.033,0.042,0.075,-0.005,-0.054,0.058,-0.170,-0.085,-0.155,-0.070,-0.193,-0.125
-0.036,0.039,0.075,-0.002,-0.055,0.057,-0.170,-0.085,-0.155,-0.070,-0.196,-0.125
-0.035,0.040,0.075,-0.003,-0.055,0.057,-0.170,-0.085,-0.155,-0.070,-0.195,-0.126
-0.035,0.040,0.075,-0.003,-0.055,0.057,-0.170,-0.085,-0.155,-0.070,-0.195,-0.130
-0.039,0.036,0.075,0.001,-0.057,0.055,-0.170,-0.085,-0.155,-0.070,-0.195,-0.130
-0.041,0.034,0.075,0.003,-0.058,0.055,-0.170,-0.085,-0.155,-0.070,-0.195,-0.130
-0.039,0.036,0.075,0.001,-0.057,0.055,-0.170,-0.085,-0.155,-0.070,-0.195,-0.130
-0.042,0.034,0.076,0.003,-0.059,0.055,-0.170,-0.084,-0.155,-0.070,-0.195,-0.130
-0.045,0.035,0.080,0.005,-0.063,0.057,-0.170,-0.080,-0.155,-0.070,-0.195,-0.130
-0.028,0.052,0.080,-0.012,-0.055,0.066,-0.166,-0.080,-0.155,-0.070,-0.195,-0.134
-0.026,0.054,0.080,-0.014,-0.053,0.067,-0.165,-0.080,-0.155,-0.070,-0.195,-0.135
-0.031,0.049,0.080,-0.009,-0.056,0.065,-0.165,-0.080,-0.155,-0.070,-0.195,-0.135
-0.030,0.050,0.080,-0.010,-0.055,0.065,-0.165,-0.080,-0.155,-0.071,-0.194,-0.135
-0.030,0.050,0.080,-0.010,-0.055,0.065,-0.165,-0.080,-0.155,-0.075,-0.190,-0.135
-0.030,0.050,0.080,-0.010,-0.055,0.065,-0.165,-0.080,-0.155,-0.079,-0.190,-0.135
-0.030,0.050,0.080,-0.010,-0.055,0.065,-0.165,-0.080,-0.155,-0.080,-0.190,-0.135
-0.030,0.050,0.080,-0.010,-0.055,0.065,-0.165,-0.080,-0.155,-0.080,-0.190,-0.135
-0.030,0.050,0.080,-0.010,-0.055,0.065,-0.165,-0.080,-0.155,-0.080,-0.190,-0.135
-0.030,0.050,0.080,-0.010,-0.055,0.065,-0.165,-0.080,-0.155,-0.080,-0.190,-0.135
-0.030,0.050,0.080,-0.010,-0.055,0.065,-0.165,-0.080,-0.154,-0.080,-0.190,-0.135
-0.030,0.050,0.080,-0.010,-0.055,0.065,-0.165,-0.080,-0.161,-0.080,-0.190,-0.135
-0.030,0.050,0.080,-0.010,-0.055,0.065,-0.165,-0.080,-0.166,-0.080,-0.190,-0.135
-0.030,0.050,0.080,-0.010,-0.055,0.065,-0.165,-0.080,-0.165,-0.080,-0.190,-0.135
-0.030,0.050,0.080,-0.010,-0.055,0.065,-0.165,-0.080,-0.165,-0.080,-0.190,-0.135
-0.034,0.046,0.080,-0.006,-0.058,0.062,-0.165,-0.080,-0.165,-0.080,-0.190,-0.135
-0.035,0.045,0.080,-0.005,-0.058,0.062,-0.165,-0.080,-0.165,-0.080,-0.190,-0.135
-0.035,0.045,0.080,-0.005,-0.058,0.062,-0.165,-0.080,-0.165,-0.080,-0.190,-0.135
-0.035,0.045,0.080,-0.005,-0.058,0.062,-0.165,-0.080,-0.165,-0.080,-0.190,-0.135
-0.035,0.045,0.080,-0.005,-0.058,0.062,-0.165,-0.080,-0.165,-0.080,-0.190,-0.135
-0.035,0.045,0.080,-0.005,-0.058,0.062,-0.165,-0.080,-0.165,-0.080,-0.190,-0.135
-0.035,0.045,0.080,-0.005,-0.058,0.062,-0.165,-0.080,-0.165,-0.080,-0.190,-0.135
-0.035,0.045,0.080,-0.005,-0.058,0.062,-0.166,-0.080,-0.165,-0.080,-0.190,-0.135
-0.035,0.045,0.080,-0.005,-0.058,0.062,-0.171,-0.080,-0.165,-0.081,-0.190,-0.136
-0.035,0.045,0.080,-0.005,-0.058,0.062,-0.175,-0.080,-0.165,-0.085,-0.190,-0.140
-0.035,0.045,0.080,-0.005,-0.058,0.062,-0.171,-0.080,-0.165,-0.090,-0.190,-0.140
-0.032,0.046,0.078,-0.008,-0.055,0.062,-0.170,-0.077,-0.165,-0.087,-0.190,-0.143
-0.030,0.042,0.072,-0.006,-0.052,0.057,-0.170,-0.074,-0.165,-0.084,-0.190,-0.146
-0.028,0.051,0.079,-0.012,-0.054,0.065,-0.170,-0.075,-0.165,-0.085,-0.190,-0.145
-0.020,0.080,0.100,-0.030,-0.060,0.090,-0.170,-0.075,-0.165,-0.085,-0.190,-0.145
-0.020,0.077,0.097,-0.029,-0.059,0.087,-0.166,-0.075,-0.165,-0.085,-0.190,-0.145
-0.020,0.074,0.094,-0.027,-0.058,0.084,-0.165,-0.076,-0.165,-0.082,-0.187,-0.145
-0.020,0.075,0.095,-0.028,-0.058,0.085,-0.165,-0.073,-0.165,-0.079,-0.184,-0.145
-0.020,0.075,0.095,-0.028,-0.058,0.085,-0.165,-0.070,-0.165,-0.080,-0.185,-0.145
-0.020,0.075,0.095,-0.028,-0.058,0.085,-0.165,-0.070,-0.165,-0.080,-0.185,-0.145
-0.020,0.071,0.091,-0.026,-0.055,0.081,-0.161,-0.070,-0.165,-0.080,-0.181,-0.145
-0.020,0.070,0.090,-0.025,-0.055,0.080,-0.160,-0.070,-0.165,-0.077,-0.180,-0.145
-0.020,0.070,0.090,-0.025,-0.055,0.080,-0.160,-0.070,-0.165,-0.074,-0.180,-0.145
-0.020,0.070,0.090,-0.025,-0.055,0.080,-0.160,-0.070,-0.165,-0.075,-0.180,-0.144
-0.020,0.070,0.090,-0.025,-0.055,0.080,-0.160,-0.070,-0.165,-0.075,-0.180,-0.140
-0.020,0.070,0.090,-0.025,-0.055,0.080,-0.160,-0.066,-0.161,-0.075,-0.176,-0.140
-0.020,0.067,0.087,-0.024,-0.054,0.077,-0.157,-0.065,-0.157,-0.076,-0.175,-0.141
-0.020,0.064,0.084,-0.023,-0.053,0.074,-0.154,-0.065,-0.153,-0.073,-0.175,-0.138
-0.020,0.065,0.085,-0.023,-0.053,0.075,-0.155,-0.065,-0.150,-0.070,-0.175,-0.135
-0.020,0.065,0.085,-0.023,-0.053,0.075,-0.155,-0.065,-0.150,-0.070,-0.175,-0.135
-0.020,0.065,0.085,-0.023,-0.053,0.075,-0.155,-0.065,-0.146,-0.070,-0.171,-0.135
-0.020,0.064,0.085,-0.023,-0.053,0.075,-0.152,-0.062,-0.141,-0.071,-0.169,-0.136
-0.020,0.067,0.087,-0.024,-0.054,0.077,-0.149,-0.059,-0.140,-0.068,-0.171,-0.133
-0.020,0.070,0.091,-0.025,-0.056,0.081,-0.150,-0.060,-0.139,-0.065,-0.169,-0.130
-0.020,0.075,0.095,-0.028,-0.058,0.085,-0.150,-0.060,-0.135,-0.065,-0.165,-0.130
-0.015,0.092,0.106,-0.038,-0.061,0.098,-0.150,-0.060,-0.130,-0.065,-0.165,-0.130
-0.022,0.099,0.121,-0.039,-0.072,0.110,-0.150,-0.060,-0.130,-0.065,-0.165,-0.130
-0.022,0.102,0.124,-0.040,-0.073,0.113,-0.148,-0.060,-0.128,-0.065,-0.165,-0.128
-0.014,0.105,0.120,-0.046,-0.067,0.112,-0.144,-0.059,-0.125,-0.064,-0.164,-0.125
-0.015,0.105,0.120,-0.045,-0.068,0.112,-0.140,-0.055,-0.125,-0.060,-0.160,-0.125
-0.011,0.105,0.116,-0.047,-0.064,0.110,-0.136,-0.051,-0.121,-0.060,-0.160,-0.125
-0.009,0.105,0.114,-0.048,-0.062,0.110,-0.132,-0.047,-0.120,-0.060,-0.160,-0.122
-0.011,0.105,0.116,-0.048,-0.064,0.110,-0.128,-0.043,-0.118,-0.060,-0.160,-0.120
-0.009,0.105,0.114,-0.048,-0.062,0.109,-0.125,-0.039,-0.115,-0.059,-0.160,-0.120
-0.005,0.105,0.110,-0.050,-0.058,0.107,-0.125,-0.035,-0.115,-0.055,-0.160,-0.120
-0.004,0.105,0.110,-0.050,-0.058,0.107,-0.121,-0.031,-0.111,-0.055,-0.160,-0.120
-0.007,0.104,0.111,-0.048,-0.059,0.107,-0.120,-0.027,-0.109,-0.055,-0.160,-0.117
0.002,0.110,0.108,-0.056,-0.053,0.109,-0.120,-0.023,-0.111,-0.055,-0.160,-0.114
0.018,0.122,0.105,-0.070,-0.044,0.113,-0.120,-0.019,-0.109,-0.055,-0.160,-0.115
0.020,0.125,0.105,-0.073,-0.043,0.115,-0.120,-0.015,-0.105,-0.055,-0.160,-0.115
0.020,0.125,0.105,-0.073,-0.043,0.115,-0.120,-0.011,-0.105,-0.051,-0.160,-0.115
0.020,0.125,0.105,-0.073,-0.043,0.115,-0.120,-0.010,-0.105,-0.050,-0.160,-0.115
0.020,0.125,0.105,-0.073,-0.043,0.115,-0.120,-0.010,-0.105,-0.050,-0.160,-0.115
0.020,0.125,0.105,-0.073,-0.043,0.115,-0.120,-0.010,-0.105,-0.050,-0.160,-0.115
0.020,0.125,0.105,-0.073,-0.043,0.115,-0.120,-0.010,-0.105,-0.050,-0.160,-0.115
0.020,0.125,0.105,-0.073,-0.043,0.115,-0.120,-0.010,-0.105,-0.050,-0.160,-0.115
0.020,0.125,0.105,-0.073,-0.043,0.115,-0.120,-0.010,-0.105,-0.050,-0.160,-0.115
0.020,0.125,0.105,-0.073,-0.043,0.115,-0.120,-0.010,-0.105,-0.050,-0.160,-0.115
0.020,0.125,0.105,-0.073,-0.043,0.115,-0.120,-0.010,-0.105,-0.050,-0.160,-0.115
0.020,0.125,0.105,-0.073,-0.043,0.115,-0.120,-0.010,-0.105,-0.050,-0.160,-0.115
0.020,0.125,0.105,-0.073,-0.043,0.115,-0.120,-0.010,-0.105,-0.050,-0.160,-0.115
0.020,0.125,0.105,-0.073,-0.043,0.115,-0.120,-0.010,-0.105,-0.050,-0.160,-0.115
0.020,0.125,0.105,-0.073,-0.043,0.115,-0.120,-0.010,-0.105,-0.050,-0.160,-0.115
0.020,0.125,0.105,-0.073,-0.043,0.115,-0.120,-0.010,-0.105,-0.050,-0.160,-0.115
0.020,0.125,0.105,-0.073,-0.043,0.115,-0.120,-0.010,-0.105,-0.050,-0.160,-0.115
0.020,0.125,0.105,-0.073,-0.043,0.115,-0.120,-0.010,-0.105,-0.050,-0.160,-0.115
0.020,0.125,0.105,-0.073,-0.043,0.115,-0.120,-0.010,-0.105,-0.050,-0.160,-0.115
0.020,0.125,0.105,-0.073,-0.043,0.115,-0.120,-0.010,-0.105,-0.050,-0.160,-0.115
0.020,0.125,0.105,-0.073,-0.043,0.115,-0.120,-0.010,-0.105,-0.050,-0.160,-0.115
0.020,0.125,0.105,-0.073,-0.043,0.115,-0.120,-0.010,-0.105,-0.050,-0.160,-0.115
0.020,0.125,0.105,-0.073,-0.043,0.115,-0.120,-0.010,-0.105,-0.050,-0.160,-0.115
0.020,0.125,0.105,-0.073,-0.043,0.115,-0.120,-0.010,-0.105,-0.050,-0.160,-0.115
0.020,0.125,0.105,-0.073,-0.043,0.115,-0.120,-0.010,-0.105,-0.050,-0.160,-0.115
0.020,0.125,0.105,-0.073,-0.043,0.115,-0.120,-0.010,-0.105,-0.050,-0.160,-0.115
0.020,0.125,0.105,-0.073,-0.043,0.115,-0.120,-0.010,-0.105,-0.050,-0.160,-0.115
0.020,0.125,0.105,-0.073,-0.043,0.115,-0.120,-0.010,-0.105,-0.050,-0.160,-0.115
0.020,0.125,0.105,-0.073,-0.043,0.115,-0.120,-0.010,-0.105,-0.050,-0.160,-0.115
0.020,0.125,0.105,-0.073,-0.043,0.115,-0.120,-0.010,-0.105,-0.050,-0.160,-0.115
0.020,0.125,0.105,-0.073,-0.043,0.115,-0.120,-0.010,-0.105,-0.050,-0.160,-0.115
0.020,0.125,0.105,-0.073,-0.043,0.115,-0.120,-0.010,-0.105,-0.050,-0.160,-0.115
0.020,0.125,0.105,-0.073,-0.043,0.115,-0.120,-0.010,-0.105,-0.050,-0.160,-0.115
0.020,0.125,0.105,-0.073,-0.043,0.115,-0.120,-0.010,-0.105,-0.050,-0.160,-0.115
0.020,0.125,0.105,-0.073,-0.043,0.115,-0.120,-0.010,-0.105,-0.050,-0.160,-0.115
0.020,0.125,0.105,-0.073,-0.043,0.115,-0.120,-0.010,-0.105,-0.050,-0.160,-0.115
0.020,0.125,0.105,-0.073,-0.043,0.115,-0.120,-0.010,-0.105,-0.050,-0.160,-0.115
0.020,0.125,0.105,-0.073,-0.043,0.115,-0.120,-0.010,-0.105,-0.050,-0.160,-0.115
0.020,0.125,0.105,-0.073,-0.043,0.115,-0.120,-0.010,-0.105,-0.050,-0.160,-0.115
0.020,0.125,0.105,-0.073,-0.043,0.115,-0.120,-0.010,-0.105,-0.050,-0.160,-0.115
0.020,0.125,0.105,-0.073,-0.043,0.115,-0.120,-0.010,-0.105,-0.050,-0.160,-0.115
0.020,0.125,0.105,-0.073,-0.043,0.115,-0.120,-0.010,-0.105,-0.050,-0.160,-0.115
0.020,0.125,0.105,-0.073,-0.043,0.115,-0.120,-0.010,-0.105,-0.050,-0.160,-0.115
0.020,0.125,0.105,-0.073,-0.043,0.115,-0.120,-0.010,-0.105,-0.050,-0.160,-0.115
0.020,0.125,0.105,-0.073,-0.043,0.115,-0.120,-0.010,-0.105,-0.050,-0.160,-0.115
0.020,0.125,0.105,-0.073,-0.043,0.115,-0.120,-0.010,-0.105,-0.050,-0.160,-0.115
0.020,0.125,0.105,-0.073,-0.043,0.115,-0.120,-0.010,-0.105,-0.050,-0.160,-0.115
0.020,0.125,0.105,-0.073,-0.043,0.115,-0.120,-0.010,-0.105,-0.050,-0.160,-0.115
0.020,0.125,0.105,-0.073,-0.043,0.115,-0.120,-0.010,-0.105,-0.050,-0.160,-0.115
0.020,0.125,0.105,-0.073,-0.043,0.115,-0.120,-0.010,-0.105,-0.050,-0.160,-0.115
0.020,0.125,0.105,-0.073,-0.043,0.115,-0.120,-0.010,-0.105,-0.050,-0.160,-0.115
0.020,0.125,0.105,-0.073,-0.043,0.115,-0.120,-0.010,-0.105,-0.050,-0.160,-0.115
0.020,0.125,0.105,-0.073,-0.043,0.115,-0.120,-0.010,-0.105,-0.050,-0.160,-0.115
0.020,0.125,0.105,-0.073,-0.043,0.115,-0.120,-0.010,-0.105,-0.050,-0.160,-0.115
0.020,0.125,0.105,-0.073,-0.043,0.115,-0.120,-0.010,-0.105,-0.050,-0.160,-0.115
0.020,0.125,0.105,-0.073,-0.043,0.115,-0.120,-0.010,-0.105,-0.050,-0.160,-0.115
